Sample	1	2	3	4	5	6	7	8	9	10	11	12	13	14	15	16	17	18	19	20	21	22	23	24	25	26	27	28	29	30	31	32	33	34	35	36	37	38	39	40	41	42	43	44	45	46	47	48	49	50	51	52	53	54	55	56	57	58	59	60	61	62	63	64	65	66	67	68	69	70	71	72	73	74	75
MCW_CT_ROA_082_R1_trim	0.0010871985317383829	0.0015855034250837742	0.0011325025747446035	0.0011778028111208594	0.0007134767836919592	0.0012684031710079276	0.0007134768644934161	0.0013137038793675558	0.0010419036667194792	0.002027185807434336	0.0016761093153965475	0.0006908288394539824	0.0008154046241596236	0.0006908289176907922	0.0014156335090191143	0.003306921000601814	0.0033748721965344364	0.0028199438661294504	0.002831269903827424	0.0035334388457433103	0.0027973117720619	0.0020612170127416057	0.0027407446920439237	0.00320511078131314	0.0022311268470360953	0.004813380700019582	0.0030580111510942923	0.0025371594755374217	0.004576403970506209	0.002265995463703681	0.002232549621531842	0.004851937680261388	0.002075623940496058	0.00426742984050254	0.0024303022807705514	0.002489168423386863	0.0013769316159999454	0.006117591733117155	0.005418491795319723	0.00391071807759162	0.004639561216943126	0.006488410034204677	0.002476107894766349	0.007505036693847251	0.002216764003661713	0.0031461868515567804	0.0026681927280278552	0.0035848080196030866	0.005098059350878669	0.006255443848689819	0.007014914392380092	0.007343155367391469	0.005223333486766169	0.003545686991262826	0.0025429663259386994	0.0034174589305597846	0.004950579493545457	0.003475933729134903	0.0014066750473526828	0.0025096342790169998	0.0024263816978677293	0.002933245588007536	0.0028747963193680804	0.004806993261469446	0.002099038239396247	0.004084839005440116	0.0026453964133308443	0.003542274388116378	0.005779672332202995	0.004643920224847932	0.008605319627139474	0.004229547675530736	0.0041236260227912385	0.3838824723777698	0.01541009032738594
MCW_CT_ROA_082_R2_trim	0.001030573608210342	0.008052091482631266	0.0008380518104014234	0.001234427806471618	0.0022536803789716445	0.0008380520002206114	0.0010872029642588822	0.0009399778822071814	0.0011098541572362095	0.0014609331195010449	0.0016081594841205577	0.001449608549066418	0.002400914431296418	0.0011891322822460964	0.0014382842967101228	0.0022423650019824546	0.00520953662304246	0.004518708301750507	0.0029445223673280328	0.005311485799250073	0.004530062628115834	0.0024689341826315916	0.0026161707211083867	0.002480286816290252	0.003624175287768012	0.0033976897295427654	0.0021066368234000685	0.0028656410767561396	0.0027979667504130965	0.004520713194058355	0.004669208665461966	0.0021653190484250367	0.005002228316899898	0.0030192331964916967	0.0051223084597366115	0.005354018258907364	0.006088862798459552	0.003156082283280831	0.003046274970469958	0.003739963430706198	0.009396339195439031	0.00487087664672654	0.003400694349331477	0.0031529123522249466	0.003936395013661081	0.004627504516624701	0.004145059186127901	0.007540360933559722	0.003730157717629491	0.006627199904490354	0.0046243317657093325	0.0037185967887330947	0.0035277767702358988	0.0024334443560961984	0.0021026029718139738	0.006804716012901128	0.005482946815544295	0.005942322860451187	0.002946102603450196	0.007862349049698465	0.003312946370803666	0.0034202239933412678	0.2904546968761988	0.003913134256054812	0.0051037925197155755	0.005174722547725332	0.005860917836051226	0.0036194160775554823	0.006808487786915429	0.004258203738565522	0.007210666160771108	0.00847197556732327	0.00864885175037581	0.023913215932330468	0.015937370857894498
MCW_CT_ROA_090_R1_trim	0.0006574699687020168	0.0011762135598483397	0.002901327830984203	0.0010254173207220674	0.0007479518183915079	0.0018698798843449133	0.0010073224500687754	0.001676860227607839	0.0014235221472601088	0.00281085746171971	0.001670831883670532	0.0009047826630612888	0.0007238262177697526	0.0007539857344692661	0.001538130991095609	0.002720380694055371	0.005380442850257027	0.002629903193625356	0.0021111609479136785	0.003178808650075175	0.003154684875934025	0.0020810219663630848	0.0026902514456180753	0.0032572741718244697	0.0017432482457282728	0.00507897351411825	0.00341416829171426	0.002533547944951794	0.004234902948029356	0.0035417221506302277	0.0022812893775139825	0.004473697556310631	0.00263996655639621	0.003663895286598233	0.00369082369261949	0.0027734255450901466	0.0012485920003801538	0.005131583568475311	0.004194802500078008	0.0016901328645058786	0.003688681837656174	0.005213226795642674	0.0023372299705404186	0.006609462103462556	0.0014891531461363548	0.0036815389512484947	0.0031914482836549124	0.004073354591218595	0.0048863842679241305	0.002333627908816319	0.004784399947256775	0.0049314252928506705	0.006394510280628574	0.003120240452634196	0.0026674044295601235	0.003355060937369615	0.004570530470269664	0.003958598797547244	0.0020271094783625133	0.002138462282050304	0.002325652987570124	0.002254469384305761	0.0030970356275236	0.0031289578406822308	0.0025348887373788267	0.004337349129174472	0.0031307758699967384	0.004536103267872089	0.004379414410939143	0.009118634495087425	0.005148334800892406	0.006586251468229918	0.006435882011180802	0.005965680585706405	0.00534854121477126
MCW_CT_ROA_090_R2_trim	0.0006635018032772646	0.004047381751157922	0.001676859216147937	0.0018336877759315571	0.002931488932181632	0.0007479520439689641	0.0013390755143286508	0.0010435138646499786	0.0015803510490484869	0.001200344854854481	0.001544162504766697	0.0008263682652871343	0.0007962089836259622	0.0016587690160526016	0.26677231317538674	0.0028772106040350796	0.005374412584545964	0.005959507199422482	0.005084883473833147	0.004481699856277978	0.003745812877887526	0.001978479929044954	0.0018638745464044143	0.2652990933312101	0.0037096832081340387	0.003402071463406469	0.0019363067283582438	0.003920975099455533	0.006129167253090027	0.004428693420198474	0.0026434407604322063	0.001980307053853726	0.003606689375720129	0.0042929172307418825	0.006347413740523051	0.002755460565846847	0.00239435920491999	0.002650978374810731	0.002938530792888464	0.004925119935791029	0.010720173708280049	0.0049691678757695775	0.0021590298183608216	0.0025601759412561416	0.003830859539093765	0.004161605269032985	0.33070318526105486	0.009430646877096426	0.0045775629956156345	0.0062980292321436395	0.0047101920322315	0.0035802366318263014	0.0034900063989913624	0.0027636672143160046	0.002294426305985481	0.007886831712692059	0.003055810890710288	0.0024316915140112196	0.0019482711905122005	0.009459269258703232	0.0028386688311404394	0.0033574116720383	0.0036910816194671587	0.00431080979761399	0.006631250212628722	0.00568806009268192	0.004110722954108618	0.0055095192091994035	0.0062818238148392505	0.0041298887558146955	0.00589252196314949	0.011077809963575875	0.004229716024677078	0.012578615425302735	0.006197197172044288
MCW_CT_ROA_091_R1_trim	0.00042840111300698926	0.0011075739564223982	0.002904769432881384	0.0010135346582355908	0.000626928654578716	0.001588219590166204	0.0009717396176674802	0.0016091177207537108	0.001400141393383099	0.002486818815396543	0.001682259786885897	0.0010239842181044589	0.0007000709161389229	0.0009508425875916713	0.0016195670447990006	0.002277842920370164	0.005339348511711459	0.0024450245630929187	0.0021524575213553044	0.003228687968832399	0.0030197126633688064	0.0021002199902073323	0.002267401917887659	0.003249597509658932	0.001703166677951452	0.004963231337362014	0.0033541341898182904	0.0023301637185567654	0.0039812444722353655	0.003249999921623796	0.0020901998575946837	0.004358529501130239	0.002519433351213295	0.00344018722147162	0.003315417874955197	0.002636321628309407	0.0012349513847781984	0.00472172448685272	0.00364499698502189	0.0018555835978151499	0.0032237953480108083	0.005223219442928903	0.002125165704773672	0.00631905358206969	0.001567987121599108	0.0033502533615725086	0.0027038939936213854	0.0036426142021337123	0.0046576838983760065	0.002380387673598657	0.004382505512943665	0.005058785908713937	0.006291392710801113	0.0033277247306102843	0.0022234114660668884	0.003206632643188587	0.004082701328209247	0.003980189772780082	0.0018926757123947883	0.0020068039573282125	0.0022674478154704053	0.002117292871903893	0.0025881283004965494	0.003089541708926241	0.002391422582135117	0.0038933060099590766	0.002817241518090715	0.004151184286752741	0.004170700172754792	0.008854470014250488	0.004747333339291681	0.006539843617013187	0.005559730702048376	0.006077194815009589	0.004958028245116733
MCW_CT_ROA_091_R2_trim	0.0008359046107453448	0.004054139056551688	0.001849439724251672	0.002016620716274422	0.002518163692342672	0.0008359052221402455	0.0012120625721033559	0.0009299448511356822	0.0015150786900525158	0.0011911655638632967	0.0012538584882771547	0.000909047404000937	0.0009194963208131023	0.0014210397685293398	0.26068765577234193	0.003082402761164149	0.005193066076071208	0.006196153285936069	0.0048691524978856805	0.004200429446891212	0.003751131347483701	0.001995732059074087	0.002058425642926262	0.2611277341038192	0.003458578816674947	0.0034272432822374547	0.0019539678608858474	0.00373035918865837	0.006008464934389652	0.004493612225718531	0.0025919014575787776	0.0018082730897920475	0.003209563705291797	0.004057403899395206	0.005888778237502271	0.0032120436360836167	0.0024283312570403293	0.002806195745137114	0.002545618158323831	0.004603132394895493	0.009768244717847928	0.004856189376638042	0.002073297410282286	0.002444115303583562	0.004120269162453887	0.004199099443137284	0.31719008543128047	0.008603276364229598	0.004726215910552865	0.00593991437036692	0.004278335545967475	0.0033612264529822968	0.0033015041456758744	0.002827161482751959	0.0020384944891780736	0.007715540315856731	0.003254308793697703	0.00244882457533486	0.001961808055808089	0.009074974357337217	0.0032319619339747085	0.0032752992187738356	0.0035832043717797645	0.004295662638831226	0.006228388149042819	0.005655990497018157	0.004263232728722436	0.005650526382931667	0.006124989854400076	0.004060242396471069	0.006178569741391368	0.01086199043511421	0.004404271588381845	0.012271627959957086	0.006527975148807063
MCW_CT_ROA_093_R1_trim	0.0006893996512196737	0.0010713672173556271	0.0026551276990654043	0.000940939991598617	0.0005496580661016928	0.0016676068304803126	0.0011552136702768646	0.0015651284900618531	0.0013788040551745212	0.002496754452118445	0.0017980360229530013	0.0011179498588308814	0.0007732489405092077	0.000857095370865167	0.001518549831492208	0.0025433382982774986	0.005086676596554997	0.002711030933328762	0.0020309448924530835	0.0033445414288998934	0.002906679381525705	0.002124124124870177	0.0024501985499296433	0.003251418699253646	0.0016583197903883786	0.004770018051537064	0.00366144030999822	0.0023385390205732737	0.0039225873199616275	0.003718004544165654	0.0021248320171179448	0.004091953941562983	0.0028251218788347184	0.0037403031940137243	0.0036765230766675435	0.0029316497074465676	0.0013080214978938986	0.004459364253586563	0.0035925165634660148	0.0017611627271267587	0.003408926673611611	0.0045253796015686095	0.0023984534620395915	0.005780234345580181	0.0015929723434091392	0.0033553432925964447	0.002970117617625123	0.003984411354118194	0.004757321736601076	0.002159217592915899	0.004535845027440887	0.005075892431060464	0.005916824826681409	0.0029598802142436786	0.0024711164504122966	0.0031505447020017535	0.004135438126413974	0.0038945865247306246	0.0020121388883948873	0.002209564011273053	0.002031446796408402	0.0022549980494266874	0.0029797718855738725	0.0027535477124356867	0.0027457299968591782	0.0044142184298899614	0.0031973700409826354	0.0043299891099707385	0.004266948420721115	0.009670061158312517	0.004507712114481687	0.00630547474744186	0.005931123239693445	0.005875274621617235	0.005160412310241755
MCW_CT_ROA_093_R2_trim	0.0007825617662493594	0.0037358109057357087	0.0017421364200885284	0.0017141877074667875	0.002683076661648941	0.0007918803384962379	0.0013694871736346702	0.0009409403422395666	0.0018352999923606803	0.0012017959862808932	0.0015092323094216902	0.0007825649011816171	0.0007453001836233327	0.0017514557578549065	0.2634823701488505	0.0034097502460423606	0.005151890399074933	0.006213943754399602	0.0049748833604125985	0.004220271332702995	0.003838307746012469	0.0021334406575096413	0.002301137041188676	0.26396111415756873	0.0031582604301550704	0.0035402481024503084	0.001975128474188099	0.0038292401147840345	0.005851279119430943	0.004118708637612252	0.002544242560816484	0.0021905067909905106	0.0032634793351826387	0.004384143504397016	0.006019075149039766	0.002922526620435968	0.0024854456600287827	0.0025150449239381228	0.0029847087476293087	0.004534576756752655	0.009899425964785468	0.004959931579346883	0.0023611922408757462	0.002413961590531622	0.0036287218518461987	0.003607318148967386	0.31356851617248976	0.008184983735739072	0.004331617779601072	0.005380290720555191	0.004859141015101878	0.003930441959085177	0.0037582073922854354	0.0027814676374253626	0.002401098022125518	0.007216456661403451	0.0031541793179248982	0.0023932013611231333	0.002011763737653816	0.009080878662561674	0.003133253175123439	0.003269054900856431	0.003865782106995571	0.004685873483701732	0.006948646879407753	0.005608500077948645	0.0047490256794798635	0.005706457277727623	0.00638529102755376	0.004117413183699676	0.0064354544899832365	0.011834690866474177	0.004526228488260919	0.01320988166203557	0.006560237339775702
MCW_CT_ROA_100_R1_trim	0.0904689457335604	0.0005908977488765427	0.0006116310666286004	0.0009744632573445502	0.0009951968276442457	0.00044576524571565175	0.0008085976739340246	0.0006738313949450205	0.0024050619920278414	0.00086043344490287	0.0007153000927505787	0.0008604336232994644	0.0007775005038203264	0.0007360341917945457	0.0008293345585369212	0.0019593045194624247	0.0013269370819305897	0.005390683013014456	0.0012129038036663283	0.0015239085704618002	0.0014098770804887421	0.0015446674812973425	0.0014306328134710874	0.0015446750076352558	0.0015135768360542295	0.0014928484782638668	0.001679475257286279	0.0011922542043548588	0.001721079207901288	0.0017108934347730691	0.0017215111424808698	0.001794434183784497	0.0014941352080303128	0.001723121203618845	0.0018587530446167188	0.0016206857682492075	0.0010084165354945468	0.0014770930434430747	0.001780018820315948	0.0017615244086307193	0.0018912717287268503	0.0018781563387828897	0.0015729707463334474	0.0019236352923521786	0.0016794220734251887	0.14430515615656658	0.0017380779190047054	0.0018933797813654861	0.001668759659707397	0.0015415703999376424	0.0016227090397744497	0.0010290937953307607	0.0014110576207584213	0.0015232614250166225	0.0015251942463841402	0.0018069424309270843	0.0017713345609287425	0.0008885172810915548	0.001906397917071919	0.0015669924142697879	0.0017317488863191723	0.0018659409001229794	0.0019010589245964684	0.000981671606773207	0.0015565815629281705	0.0017236698142858704	0.001567180231229667	0.0019462835355465863	0.0020117958699396856	0.001919703510847955	0.0018167726632397488	0.002381415870195005	0.0016919994495361791	0.0017671994250711206	0.002418932546373945
MCW_CT_ROA_100_R2_trim	0.0037423271925994396	0.0005908976876203825	0.0006427308847429061	0.0009122633803898827	0.0008500637807001312	0.0008396971492281784	0.09804763095443948	0.0007567643328054642	0.0005701653220267823	0.0007671331147003956	0.0005805333484272003	0.0004976001161066938	0.0007153003893618453	0.0009641015242445098	0.0007878679939616138	0.001938572143132971	0.003161843248873762	0.0015031716922706913	0.0016897724913124443	0.002177012469201753	0.0018763811097975292	0.0024984247483796004	0.002342923076444604	0.0017934837654989912	0.001855689169783326	0.0015135849955209288	0.001866087488401748	0.0017209981996907388	0.0018247683269984841	0.001814599186665537	0.0021156284272013815	0.002292370131267752	0.0017017207301959138	0.0023979665243873192	0.0014850178316371937	0.0019325147159437138	0.0022249857793257026	0.0017269552644722753	0.0021134218319182082	0.0020120348876424463	0.0017767448967444706	0.0017947719238475123	0.0019222606122780276	0.0018822198283883413	0.0016699258767003807	0.002012349584939447	0.001825902073954652	0.17644772133929182	0.002223290847872029	0.001879730700870087	0.0020710911860027372	0.0016218216541901461	0.0020195042172324405	0.002059248474486468	0.0020209577812937453	0.08567323479724095	0.002353263237162551	0.0018933168424675986	0.0023202757813500117	0.00263408916804126	0.001975146002907369	0.0027334760507706844	0.002495782707638674	0.002188838981279223	0.002468884961773628	0.002143838459390042	0.002505674333310794	0.0022879655061503524	0.0023548153679839785	0.0021304088629850535	0.00265976181165	0.0017268883248264693	0.002124421456556147	0.005003075382895542	0.002463826067958608
MCW_CT_ROA_101_R1_trim	0.07849276474896132	0.0007871068547796226	0.0006866251286375432	0.000870841918243686	0.0007871073820456786	0.0006196377262912789	0.0007536134508947987	0.000569396829564959	0.0021436123116363483	0.0006363851181675057	0.0007536143343475308	0.000887590216009314	0.000720120363932085	0.0010550600680865432	0.0008206022751784224	0.0016579515355645675	0.0014234939810487735	0.0051915688921191985	0.0010215667819976487	0.0015909665255618916	0.0014067498200951197	0.0018086922736182973	0.0015574884042476225	0.0015239983688193283	0.0015240009210994577	0.0015407533446489385	0.001591013686737109	0.0011723541474205194	0.0016413692033916045	0.0016415094181602865	0.0014406610154783948	0.0015078847292492442	0.0014914987920535624	0.0015925731774802106	0.002029122094456472	0.0016944204914154956	0.0010575374217170514	0.0016459722052399692	0.0016638663851427154	0.001615292512648077	0.0015682087329665973	0.002098280763503452	0.001496523813265119	0.0017439916069549018	0.0017532057022499818	0.1390179128395315	0.0017660447765070336	0.0013009384623150217	0.0014936483472433677	0.0014089852905414643	0.001621772063249808	0.0013131573994230863	0.0013378444509380754	0.0016472331531000486	0.0018356203737465654	0.0017734488905464965	0.0017801225047941935	0.0010455423841250614	0.002022253089668688	0.0014105938491597743	0.0017758838238547952	0.0016542873857132833	0.0016985758446077066	0.0014147283510275428	0.0016087867122353962	0.001897000321746133	0.0017186418843488514	0.0018736718009021353	0.0019714048662908728	0.0017682524567892712	0.0014902508356251442	0.002909078187275426	0.0019724670934877144	0.0014451739100801075	0.002265407750936385
MCW_CT_ROA_101_R2_trim	0.0033828757156582428	0.0006531313293031223	0.0006028904578182667	0.0008708420640832579	0.001239275660123626	0.0008206014506224011	0.09110350798746657	0.0007703605454822541	0.0005359034368994637	0.0006363856510442921	0.0006196389715399821	0.0007368679661556543	0.0005191569761551201	0.0011053019492334815	0.000720120966924844	0.0019426519107739978	0.003550364431511293	0.001791930118074797	0.00200964125391566	0.0018756673691487553	0.002076632425677493	0.002210626111279234	0.0020934008469062466	0.0014235171054839573	0.001925936842669382	0.0015240083227601765	0.0016915035775300663	0.0022609774222144214	0.0022108341929626134	0.0023450307374903914	0.0020940096414904727	0.002194849709760446	0.0021116230772917728	0.002145875618678573	0.0016099724376072789	0.001996539108510055	0.002132049761034155	0.0017301360642831213	0.0025381401786245565	0.0020362677803200274	0.001804679990602171	0.0018280991019293895	0.0017354358649259223	0.0019502988576381058	0.0021500556520404972	0.002038299298341377	0.002027393376869729	0.1503929869613117	0.002224993420624924	0.0022110258811895668	0.0021468006735718016	0.0018050475086751811	0.0017620853504805383	0.0019857472987631275	0.0024439688913086757	0.0779311974757895	0.002627858831423576	0.0023819878410347934	0.0029099968694940507	0.002534488963748842	0.0022856811148318935	0.0023476686103785513	0.0024868453196839656	0.002189246165277783	0.0022963273392399564	0.002607877653282666	0.0022080462327456626	0.0023086586524303137	0.002351178843453246	0.0024312498150648155	0.002721857879702955	0.0019433398314552797	0.002309420910749493	0.005108125912759472	0.0026421340928066235
MCW_CT_ROA_102_R1_trim	0.0942684263143102	0.0005225483504538332	0.0009005621509070884	0.0011118051245766524	0.0009339171353114737	0.00045584055720170817	0.0006448476175048556	0.0005447854801550214	0.002101317993341379	0.0007337955429925806	0.000756032191850729	0.0010006308421553767	0.000622614884676158	0.0008449773434890716	0.000967276695836174	0.0018456092289355947	0.0015565382500374125	0.005347821296491996	0.0012674670016633836	0.0017789048128047345	0.0016566067645813914	0.0015343209245684472	0.001656623157145716	0.0014676158880093447	0.001634392237904358	0.001523214850566508	0.0016232993715385364	0.0013564852000793432	0.0018235442918338018	0.001512340980403953	0.0014235249056803536	0.001701802776407808	0.0014352479541041082	0.0019031793668645343	0.0020707727790015623	0.0017374586392959015	0.0011924001097453859	0.0015832922086190413	0.001751646631511007	0.0015861071312605296	0.0017463750683017363	0.0017417579731780508	0.0014236956744283693	0.0017278741452848873	0.0014409897541053911	0.14875453835194632	0.0015216862773985667	0.0018363845999170509	0.0012837746954591502	0.0015871215627378146	0.001730945944533057	0.0012718885900274834	0.0015027590891683238	0.0013244411301881877	0.0013935718461325166	0.0015935409114071532	0.0019493789603528809	0.0009048995241796996	0.0019095896328137115	0.0015012688142882048	0.001516715294581298	0.001790144632726255	0.001481376465629189	0.000998329215944279	0.001514832256540071	0.0018248467128761184	0.0015830380736989657	0.0018407109279477661	0.002021834804976342	0.0014942105041225648	0.001676367372861822	0.0023299909911282395	0.0018665022392111898	0.0018402134752786381	0.0023396999899971253
MCW_CT_ROA_102_R2_trim	0.003813429676354334	0.0007115549632848757	0.0006003745670215362	0.0007893813751579457	0.0009561529386637896	0.0009005627516572579	0.10473211260014034	0.0007004382408593644	0.0008116198163760197	0.0006559684512529275	0.0006893232391210061	0.0006226145385609088	0.000589260253795503	0.0008449769677067592	0.0008783313216951839	0.0018789627769691198	0.0032576107459795192	0.001734427950084053	0.0016788373106582824	0.0022125111389929516	0.0019012051528218721	0.0020346420603207997	0.0021902994417293624	0.0014787336969609912	0.0019790591086028698	0.001545451735542299	0.0015454706369473776	0.0020347291575354026	0.002223839942233534	0.0016124334857286846	0.0022131676356596693	0.002035530801919049	0.0019026002203010781	0.0022260440925909683	0.0014919304377412975	0.0020494432642819463	0.0020060576253426595	0.001906806664188933	0.002477113203515492	0.002323599425311304	0.0016234851344184111	0.0017870794827764879	0.001876317873114569	0.0017740961491878393	0.0017735742922809243	0.0020807321786151084	0.002099223852350283	0.18591252681564013	0.0022449525597550827	0.0020400468144379214	0.0020806114905547214	0.001833034599286961	0.002020632063107629	0.0022482280413200647	0.0020379771682199985	0.08915918108784751	0.002407975890382195	0.0022696019057895493	0.002285552586755767	0.0027014045486564754	0.0021974374480005564	0.002510119069813235	0.002070335799891387	0.0024298611932542613	0.0021623951284966024	0.0020894248826731627	0.0024020374307857943	0.0021453524220902648	0.0019858275158284367	0.002471670536204206	0.0028477518143611618	0.001768538998399472	0.001841699604587095	0.005025208921087644	0.0026704644266512876
MCW_CT_ROA_103_R1_trim	0.0010721333459416216	0.0016939768615626357	0.001329450195150423	0.001200793724651995	0.0007076108912037534	0.0013723362738497034	0.0007933820784423294	0.001286565808484387	0.00107213955311508	0.002401596718732712	0.0016082127781296787	0.0005789566001266843	0.0008148279823079401	0.000536071040992066	0.0010506992403444492	0.0027017992052850623	0.003881156001242827	0.002894784862805424	0.0029162289642862735	0.003452300465074191	0.0028519022187799264	0.001629669593067214	0.002851923622483365	0.0032164614206895664	0.0022729675328031027	0.004910482335879994	0.0024445452759805845	0.0023373815065517445	0.003860064098508836	0.0026379016714645734	0.0021877487357707857	0.004633500811506184	0.0018452536000683173	0.003455683859445103	0.002791105904863652	0.002426996795505116	0.0014612201833186674	0.006062746850005278	0.005765062516510021	0.003359397375793819	0.004401993498859797	0.006409021130282842	0.0023281752284766725	0.007220914920554619	0.002442200162725337	0.003160298517819995	0.0027940424805331745	0.003332635701593133	0.005117059408392289	0.006217278507781848	0.0063232126925423845	0.006216121297396522	0.00471785212671293	0.003657648631732714	0.00203520772153236	0.0035646048991929734	0.004318632891724253	0.003497159426465854	0.0014152331051327954	0.002277660795879758	0.002003253656636733	0.0025716671019018413	0.0028207431812059523	0.004735098467556408	0.0020762132543067705	0.004446374678448999	0.0026099211803803524	0.0032742012586029637	0.0045468039979780096	0.0037525975772840165	0.0074301268669721325	0.004312238601336498	0.0037185338048872666	0.37992285180681534	0.014874135219549067
MCW_CT_ROA_103_R2_trim	0.0009005920105909621	0.007762273720071824	0.0006861678426582828	0.0012651225024551953	0.0023158184552718964	0.0006647256677169332	0.0010292528674877674	0.0009005964521646051	0.000750498009035996	0.0014152272447541172	0.0013508996026425312	0.0012865710501357439	0.0019298569890199716	0.001522442735782422	0.001157914689991929	0.0024659310186889694	0.004738876131567498	0.0044815615904869105	0.002444489188603277	0.00441723484958136	0.00480320991656996	0.0024873936317576697	0.002723268333707157	0.00265894429190062	0.003838318036170679	0.003259363647845486	0.0019942372975125426	0.0028520379848571793	0.0027449444770644878	0.004182070626808745	0.004568612516668465	0.0019735755396763765	0.004484583974371354	0.0028763463017914058	0.005002920159406349	0.005047814618471135	0.005222357449520972	0.002472741253000349	0.002732393863172473	0.0037908207859319197	0.009237875288683603	0.004396965876945603	0.0034833852321447664	0.0026057758883834513	0.003369291528279807	0.005176428843680919	0.004328487351272065	0.006761165820705448	0.00342977382200632	0.006179137892035069	0.004160219444865686	0.0033696938273723824	0.0033671814160511956	0.002410399098419779	0.00224289962062955	0.006099155232476782	0.0050612725980621566	0.005261382955668793	0.0026932505979132414	0.007745155091497495	0.0033567364689137064	0.0030649505127475036	0.2929632362074612	0.0038865626126421823	0.005280095949616894	0.005270460034149693	0.005469275979181903	0.0033763038848384037	0.006015361333257349	0.0037591094328016474	0.006366979473103062	0.007185497443839535	0.007579619594355998	0.023093757359392356	0.015083189493785346
MCW_CT_ROA_105_R1_trim	0.0011046745407867933	0.001700240329450862	0.001210340689771238	0.0011334936618492546	0.0007684703530381619	0.00116231140897022	0.0007588645465207982	0.0011334942062596353	0.0012007356186694215	0.0021805365118831555	0.0018347249065346946	0.0008645301437166094	0.0009413772676025301	0.0009221655752132652	0.0012871895723812151	0.002814526453042508	0.003448516009423382	0.0027664980543737902	0.0025359570370454333	0.003362067160269357	0.002593596908739874	0.0016042029733661961	0.002949048888506356	0.0034005486026290853	0.0019596432603929776	0.004217117983145553	0.0027185920959096237	0.0023920645707569818	0.004217673049251757	0.0024024508842941214	0.0021727633348302324	0.0044733879593327665	0.0021380006207906304	0.003973256511897396	0.0026847250155916853	0.0026593208810068983	0.0017235149014323764	0.006077029989706849	0.005471661064358376	0.003255206119165614	0.004434258751764932	0.006199549695267158	0.0022881733393877875	0.007346139141640919	0.0024545930344861307	0.0031452973117486634	0.0025723894702984213	0.003189251612654219	0.004874330301106412	0.006067676518397807	0.006405816891054451	0.006688983172679394	0.004574727235778641	0.003454480571216158	0.002314242663031791	0.0033239849807017107	0.005038879241758028	0.0035964618998471504	0.001511473922432454	0.0022833039082912608	0.00242019698884083	0.0025188584533489423	0.002723469155009651	0.004666603336831992	0.0017587914929159912	0.004479545276381722	0.002975310734727337	0.003404220591660416	0.005590885246505121	0.00396933275054913	0.007864846948804247	0.0044765833780602065	0.003803145803342941	0.3981508527411113	0.014971877782780437
MCW_CT_ROA_105_R2_trim	0.0012007331965073842	0.007655883685897824	0.0008261054708066334	0.0012103405735073931	0.0021517167818155343	0.0007012291297880982	0.0011046761324923578	0.0009701941002977054	0.0009221648665560197	0.00120073584935203	0.0013928539866362864	0.0014312776823752753	0.0021036904205334788	0.001316007375789076	0.0012871896960272714	0.0022381731281668226	0.004870188347570069	0.004476347546313146	0.00272807499439736	0.00510073568746534	0.0044475384027650436	0.0024879555095918848	0.0027953527980184695	0.0023150636387939726	0.0034101648271949404	0.0033045294916769084	0.0021230002970279147	0.0029492528687488327	0.0025940155293141527	0.004362877638772182	0.004364819287348071	0.002241554318777693	0.004372480225843419	0.003172949266952277	0.004877102803918834	0.0048256261443334145	0.0054224547336383724	0.0026751483083806288	0.0024545800814998204	0.0038092221072869347	0.009239278903519806	0.004476100366511326	0.0031369228345589856	0.0031616673878184735	0.0032667324088213397	0.004809091178553994	0.003939584397139274	0.006825124665167712	0.003164480648183318	0.00585274971154305	0.004378927862483659	0.0037552166646844607	0.0029350041769361564	0.0024170797762935116	0.0021438149197056827	0.0060998133861628985	0.0047236675883352616	0.005314462330251878	0.003127900386079981	0.007621656228060712	0.0027864207417256856	0.003376976579795941	0.29389996298273574	0.0037657270328585154	0.004690766533944469	0.005325076713326473	0.004853226358806544	0.003264444767198126	0.006000909793105414	0.003805239538099269	0.006806841292244091	0.006904240289992112	0.007507483119893423	0.02340072863492421	0.014786373003764449
MCW_CT_ROA_106_R1_trim	0.0011253289153933925	0.0015754620148808775	0.0014355561216675178	0.0011009986179121769	0.0007238609697875638	0.0013625619083652786	0.000827269730078919	0.0013382304457158986	0.0012652360577677586	0.0020134292690813784	0.0019343521042739875	0.000839435972021234	0.000967176522793583	0.0007360274614887317	0.0014842209369923271	0.002968442596250991	0.003546315858370242	0.002852868334043509	0.0027555435087545993	0.0035341694574034035	0.0029502167648957052	0.001678924028687702	0.00299287422196676	0.003376153503905936	0.002171705764163339	0.0044773339228489665	0.0029202034335386946	0.002348600881869209	0.004181075248399689	0.0023443093898968302	0.0021386867037847626	0.0051774221462677255	0.0023756991746796637	0.003946496520658533	0.002635698799451456	0.0023841111526692	0.0017203623194035783	0.005932723044403741	0.00557054870153118	0.0038534546220686844	0.0045566274720654654	0.006696101450729159	0.002663431209646347	0.007823135545869813	0.002535897957180613	0.004028116694760763	0.0028799012365921897	0.0036320711885952962	0.0053872247078575195	0.007383943560773439	0.007699981161287189	0.008244555700411167	0.00575241409922523	0.004321505800059547	0.002763023534075599	0.0045765128100070575	0.00601731789886463	0.004925486047651374	0.002108314665963895	0.003036851794291704	0.0031321142097390183	0.0036416165187899063	0.0036037186924241203	0.006567565150133638	0.0028278297731666405	0.006490861176552043	0.004049587906525291	0.004417444304587751	0.008341054444542133	0.006549908287862027	0.011377869526594885	0.00623952824709646	0.00554657225493334	0.42453961620939645	0.020839891533047692
MCW_CT_ROA_106_R2_trim	0.0012409032364337949	0.008309192978452121	0.0008211867145615201	0.001186158659852398	0.002402731644316396	0.0007238609697875638	0.0011496615402508366	0.0010949157526198446	0.0010766671567428471	0.0013747280578042733	0.0014781368954283234	0.001362562654310981	0.0023723196285847727	0.0014538062197966435	0.0013625637317895487	0.002585221995141729	0.0047385601334534256	0.004580405923724015	0.003217842981914871	0.00500623437376631	0.0044101191857520905	0.0025731343483324353	0.0029137936802917444	0.0026279242500834915	0.0034674262073912626	0.003668247582013469	0.002220570955637616	0.0028414418266808103	0.0031282065638781	0.004317204565593012	0.004588171681219438	0.0022685891211272303	0.0047759566372452674	0.0033530951791363563	0.005136703431691805	0.005118614835232833	0.005475636408616407	0.002820966262604492	0.002949781247327731	0.004510142252764135	0.009397468893459127	0.004953184314786842	0.0035973251651582705	0.0031404479410705637	0.0035984154120703273	0.004992380571590188	0.004684973280708206	0.008321098572444119	0.0037189835438788616	0.007688959055023085	0.005130570276181883	0.004163296188281741	0.004121430299176786	0.003124859067557635	0.002393321098796295	0.008250949491358465	0.007063291324392143	0.0071600057554300715	0.003804022694561644	0.009504827530948279	0.004185785904162774	0.004342506584143805	0.2927368527765273	0.005347359783146063	0.006874386131443913	0.007759354264324678	0.007513972365109893	0.004463566496339745	0.009813542688910697	0.00558927170051452	0.010322385320130266	0.011345586566825504	0.011906598505407788	0.03333847581514181	0.023316480017951936
MCW_CT_ROA_107_R1_trim	0.08962384096337399	0.0004895545032735233	0.000716594272907621	0.0008797791697523974	0.0009578245718045251	0.0005746947430827151	0.0007307849843977406	0.0005746952731526633	0.0025258233510098396	0.0008088322781974364	0.0006456468185611115	0.0010571579776440178	0.0007591671921711841	0.0008514025189169224	0.0008868776238717942	0.0019582257935089214	0.0013551494900168053	0.005065847503516294	0.0012203446494520973	0.0015183385856732835	0.0015609109305909738	0.0017454069898867146	0.0015467461817186947	0.0014190449742180814	0.0017880049136077888	0.0015751654030103253	0.001525557884100884	0.0014618011490608565	0.0016252299274522911	0.0014695060457750424	0.0014203220963840517	0.0016340863013550697	0.0015287270204776184	0.0017794143961457599	0.0020589990870583286	0.0016122755521597893	0.0011434797675905959	0.0016035027371934893	0.0016425532909918003	0.0017995445568671918	0.0018688962067202031	0.0020345783171768542	0.0012544913946715293	0.0016743370662250841	0.0016082559589903921	0.14541584645116107	0.0019471027697263211	0.0017922881144020648	0.0016493283327381808	0.0015935733170181026	0.0019167225577640282	0.0012116193324688295	0.0015173558442231638	0.0015369175531437273	0.001769388607332091	0.0019864561691037316	0.0019128968114455868	0.0010912258664179375	0.0022022517980413046	0.0015552765734999712	0.0018780268091009894	0.0019139298523042	0.0017391944307699012	0.001266853223223916	0.0020229973964118486	0.002019775632885581	0.001664969214229532	0.002234043320867833	0.00234768942098319	0.0020105535053800312	0.0019535720511106814	0.0029175307896409292	0.0021152332541742543	0.0018931337624859574	0.0025911607363634614
MCW_CT_ROA_107_R2_trim	0.0037390566963028888	0.0005959794375742048	0.0006669293706187529	0.0008230193401030931	0.0010855346687490958	0.0009365397142149063	0.09820900183909517	0.0006811204203875234	0.0007095011426515903	0.0006669321151085099	0.0007378823401200535	0.0006527420701062011	0.000652742209042821	0.0010429686036651192	0.0008514029417674444	0.0018588964228589205	0.00350494335365893	0.0015467161123900687	0.0018234225940080774	0.002483264922932228	0.0017737633020718194	0.0021569272414518276	0.0019227912060186345	0.0015112831120001273	0.0020434354918634373	0.001525499107831359	0.001766811907120188	0.002057880222997578	0.0017955677297728763	0.0016895949913021354	0.0021447210921601567	0.0022238298214584374	0.0019269755890590167	0.0022208274034157182	0.0015746254172757357	0.0021046760265057904	0.002172807372907208	0.0018470796989832827	0.0023457596663770215	0.0019006138766842842	0.001717134978401775	0.002005906589615451	0.0021091661315152718	0.0017206477121724658	0.001701472118275305	0.0018077845530473815	0.0019644780111906374	0.1734127286673822	0.002029997197498032	0.002174342080986624	0.00226232063414686	0.0018758792173120364	0.001995311428700461	0.002592263031410786	0.002077890756937281	0.08609198916505037	0.002544623381311289	0.0022378186237433082	0.002859980828388577	0.002829394454422459	0.0023188625862623595	0.0029736873859163818	0.0025753226897659975	0.0026211229301057516	0.0025112062579259946	0.0025362391793581885	0.0026298268484714377	0.002704205128123852	0.002213243410516376	0.0025464606252523277	0.003129538461724836	0.00196402057516138	0.002354728374126881	0.006300489433474628	0.002980534563647088
MCW_CT_ROA_108_R1_trim	0.0010952979297992888	0.0015553251897455658	0.0014019832696298058	0.001106252544860047	0.0007940924777098242	0.0013253129627984652	0.0009036225736090949	0.0013581721106367	0.0010569647597543745	0.0020263090490416627	0.0018729672554939826	0.0008817185033173426	0.0008543363154051953	0.0006955173849773064	0.0014019881067596418	0.0030613724674946868	0.00345020548438092	0.0031435210689023125	0.002787548191998433	0.003450215498817096	0.00286970823610645	0.0018018179850570687	0.0029354931406671337	0.0033298510466713126	0.0023440510503648943	0.0045841233461077205	0.0028590382414439173	0.0027333109592568502	0.004618471772344295	0.002351305933950775	0.00239118753063709	0.0050664372955654124	0.002281468696297869	0.004021275743670223	0.0026546622215515964	0.0028428392198541234	0.0017410808696576956	0.0060682349682818024	0.00547035072691324	0.0036815862108594373	0.004783108587394613	0.0064143538833338785	0.0028968053599175746	0.007832324174596622	0.0025680581038359605	0.003620210353405553	0.002705697183632286	0.003374729595848691	0.0049825086056037625	0.006350030513299233	0.007251814996740544	0.0074765769292425245	0.0052803400538994705	0.003950982702884327	0.0027414385642918395	0.004082909035570489	0.0054581868816501265	0.004124374128057494	0.0018800063463116192	0.0030634327893230536	0.0028480747239124204	0.0032252874651019733	0.0034036221176781123	0.004980212168123095	0.0024049694658554665	0.005357193828211368	0.0033915414102934733	0.00394179041145188	0.006575650453811696	0.005585545313529256	0.009473759330786438	0.00525450824619231	0.004958858846364692	0.40389341796953326	0.018126131767961844
MCW_CT_ROA_108_R2_trim	0.0009583856885743777	0.008592624494204386	0.0007009916732046918	0.001193876574191981	0.0021194055565775314	0.0008105220216368854	0.0010898235887770295	0.0010460115852081037	0.0009583877355285779	0.0014348459457387266	0.0014950879788080862	0.001391034236693238	0.002124887875198106	0.0014403234824152112	0.0013143639220685153	0.002645157393162887	0.0048576705273737945	0.004572892397706039	0.0028313603443284674	0.005257468357023066	0.0045126682481816385	0.0026561732670564247	0.0029026305993455717	0.0028369425120435875	0.003548931856400797	0.0036201920180516686	0.002147014283615	0.002892156100181658	0.00312280906865945	0.004587521273465212	0.004744029707168871	0.0024207274873441513	0.004947854560783898	0.003332737480268679	0.0051106073967929115	0.0051269361927073175	0.005483570828135076	0.002906056204460557	0.0031582004429055845	0.004117358593626664	0.009575259424398337	0.004817729243616509	0.0036880705657826524	0.0031965981052923705	0.0038736675982117643	0.005304470091784025	0.004053657665982737	0.007912237661444926	0.0037409928949619716	0.006441750692154018	0.005119155243039442	0.004202853287774838	0.0035516746378705224	0.002884194816476099	0.002389377565750899	0.007396961078270862	0.0060222394451058085	0.006420511120784389	0.00337310047696374	0.008807540198601917	0.0036196041327406204	0.0038684236233943597	0.2956291102210373	0.004924745018573212	0.005887381915274663	0.006259609706268854	0.00624984682787201	0.0037737626700428233	0.00757319387784048	0.005094812004495669	0.008287165446469716	0.00886634707217099	0.009681182539209255	0.02886650963086648	0.018905793428349933
MCW_CT_ROA_109_R1_trim	0.09644051091701909	0.0005844001253246068	0.0008692951864203528	0.0009350402005193709	0.0009131253959311716	0.0005113503337839303	0.0006501455668619197	0.0006647556281608308	0.0022280275936469216	0.0007305015440976388	0.0007670266213025207	0.0008400767757122847	0.000752416590420568	0.000767026677333938	0.001103057412165949	0.0017824238978045798	0.0014610031949217866	0.005500677028880527	0.0012345478800767494	0.0019431372301221628	0.0017532080602863968	0.0015705944970459673	0.0017093933428772028	0.0014464159857310332	0.0016582710909436775	0.00151948350418026	0.001862884674727186	0.0013661779061709014	0.0015928128775852428	0.0015127374687239701	0.0013888793454197026	0.001828061593683623	0.00166815483637596	0.0018232261437449067	0.0021691226851393844	0.0016946816122423213	0.0010728441325750235	0.0014865691786374122	0.0017989872144356632	0.0017160099661716745	0.001822915445964359	0.00191557843031644	0.0013782292921239222	0.0017866918835151143	0.0013748113660604954	0.14894819360337438	0.0018792445629599933	0.0017525297201177732	0.0018409415175051236	0.001752236954595873	0.001675824279637897	0.001422203947040119	0.0014889723409005557	0.0015801740142887453	0.0017279999379330635	0.0021269349386756195	0.001937000028918592	0.0008898928266289695	0.0020483448128297247	0.0016237949237943763	0.0018037103349611585	0.0018998862053232542	0.0018642961532459126	0.0011876376150548478	0.0018998841472762044	0.0017774382265728246	0.0016927489323142846	0.002166981231299877	0.0022583111709918655	0.002037192705563466	0.0019560181220215976	0.00308164179346727	0.002391731987524726	0.001674212391267308	0.002733407985742544
MCW_CT_ROA_109_R2_trim	0.0036890212098996088	0.0007889401691882192	0.0006720601441232979	0.0008181601754544495	0.0011688005067918997	0.0010007856532628352	0.10601024468628398	0.0007743306751389157	0.000540570589789542	0.0006574513896878749	0.0007670266213025207	0.0007305015440976388	0.0006282313279239694	0.001000787188521424	0.0007962467993983296	0.0018335591435686307	0.0033749178733459067	0.0016874589366729534	0.0018773896540489523	0.002081933202816819	0.0016436333969942986	0.002301104910221844	0.002147700583363692	0.0017678422769107235	0.0020746654565425523	0.0018409127069876224	0.0017679152458508964	0.0020163947504769943	0.0018485468741072358	0.0017173717634850223	0.002375746971397761	0.002062096753140913	0.0021803803812592646	0.0025409160712721833	0.0015169992962442394	0.002017596967177586	0.0019474143738434473	0.0016853839967122502	0.002418504508888741	0.0021082031961691954	0.0017784544338022425	0.0020059726897712145	0.0020030402037586933	0.0017715681263485484	0.00201943704224293	0.0021802331942413515	0.001775019705931441	0.18370543679248771	0.002100532286235561	0.002298249361522693	0.0022424758773666336	0.0019375477630470558	0.0020299792409247874	0.002520211535508788	0.0021584195364983457	0.08843255867499819	0.002770576549712909	0.0022359203909708405	0.0025341868720457714	0.002770745120083074	0.002454496161000016	0.002774896960713877	0.002504305534486446	0.0027342703746509028	0.0026296872418615697	0.002564602069674904	0.0030456552059634763	0.0024685153525831117	0.0022746949224876447	0.0026102848002581185	0.0028466110125460065	0.0020568002904902197	0.002647059491810021	0.0056576636348557524	0.002885635669183456
MCW_CT_ROA_111_R1_trim	0.0005373525964163788	0.0010914989277702263	0.0028295013041734055	0.0010495182878981473	0.0007136727353757752	0.001729606864557761	0.0010579149671458628	0.001334988158906915	0.0015868733833727408	0.0023929071210313114	0.0015784794809422112	0.0009487670017157569	0.000680089734901861	0.0007892400718006957	0.0013349914094562226	0.0026447947458759463	0.0056758168222478585	0.002888285968522049	0.001956311451164127	0.002955468809560673	0.002812739240264858	0.0021326748797599582	0.002678442409331996	0.0029807282901593733	0.001628911328868381	0.005147062836569	0.003434316801870149	0.002183319572821769	0.004081545585573299	0.003301066320018305	0.0022264084301736983	0.004260626291896263	0.002656700787896744	0.003331176760903358	0.003122757885089917	0.002956910485137186	0.0011555421276499553	0.004678394179199387	0.004152172469912606	0.001661107887770805	0.003691981552001858	0.004988361630377976	0.002656061049390749	0.005939727506521525	0.0013327265920164415	0.0036881852866642016	0.003510294425944976	0.0038580243484005777	0.004178228436488211	0.0021702261054086856	0.004455470663549571	0.0051034393213688035	0.006633982036812421	0.0030345424441726703	0.0026359546808173346	0.0030652800296353884	0.004177921371707135	0.003789085403164328	0.002224280833928124	0.0020502753982825305	0.002312608131016454	0.002485895637719856	0.0030122140483139948	0.002971840120809657	0.0027083879655274033	0.004517956262040279	0.003019333867411118	0.004580171410170915	0.0044850793523665555	0.009167811722668975	0.004798841341937508	0.006501959185808186	0.006102627317373111	0.0060501992476362275	0.0051798932900039805
MCW_CT_ROA_111_R2_trim	0.0007556520887105326	0.0039042070475723014	0.001922717180561111	0.0019395094703476708	0.002863086610552968	0.0006716918734435115	0.0012510261142885401	0.0009151803312465822	0.0016456459189618461	0.001099897289743928	0.0013265941232384112	0.000806031872347389	0.0009235783421550458	0.0015029139738758288	0.2656128465435318	0.003081395007132548	0.00488657438037901	0.005952889720744822	0.0049033712608540616	0.004391220648510243	0.0038286825755144667	0.0021074850985690094	0.001931165373499558	0.26813962236268496	0.0033501827654843514	0.00350974180055464	0.0017213576994734492	0.0038627987622920973	0.006029947845150267	0.004199851442854763	0.0022768532577317232	0.0020001048794491406	0.0033126007127304256	0.0038024572959649366	0.005892387330188762	0.0029402898738270225	0.0022353693808718515	0.0026096782748084124	0.0029009195576698158	0.004458362370607899	0.010022516630103197	0.004698192077496036	0.002027062929004148	0.002435708601565743	0.0043152610434722205	0.004060004035290967	0.32679889237546095	0.009087286947801717	0.004134592019578006	0.006377828453029124	0.004608485818326316	0.0038684890466302623	0.004035208466230894	0.002777610734081265	0.0024411488934383027	0.007767691989590921	0.003089946661902531	0.0027348305481136106	0.0022891262546390133	0.00954721010406459	0.0034764434486849473	0.0039028513660931694	0.004439120057104533	0.004828168950306724	0.006998145491444767	0.006252506180020501	0.004537280760976447	0.0057648764231914	0.006694131618034651	0.004747007102345574	0.006620627941871491	0.012001493067103602	0.004422127487630094	0.01348644093976287	0.006989476384476949
MCW_CT_ROA_112_R1_trim	0.09545892922917736	0.0006638862070923511	0.0006873174849897281	0.0009841139022803013	0.0008903887687297964	0.00046081531193994344	0.0007107490404497433	0.0006482657095869594	0.0023978024570055273	0.0006482661652783487	0.0007498018297195358	0.000991925337233136	0.000679507961255862	0.0007888541315766514	0.0008825793749322933	0.001772969740717625	0.0014527417258743533	0.005217374325129117	0.001101272383556457	0.0016323852741665268	0.00155428326492274	0.0015464870492253857	0.0017808052160722043	0.0013434189731686428	0.0014840121126630755	0.001484019762769287	0.0017027545178646677	0.0012653973273402449	0.001827918645121703	0.0014375247074559093	0.0013283862146954992	0.0017819813084229022	0.0013917241358820025	0.0018148459719884782	0.002003559605389544	0.0016211590864557092	0.0011287886733581888	0.001553457046049645	0.0015865540642645505	0.00158968398971018	0.0016982021489286951	0.0019625755124765376	0.0014100620747781556	0.0016578002656362101	0.0013793634817027842	0.14807474062461876	0.0016776655688563124	0.0016665612283401972	0.0015128183090248922	0.0015173236678148305	0.0016418940319916351	0.0012153636140052426	0.0014241246025455843	0.0014065314141456676	0.0014929913224899674	0.0017723457975388553	0.001953899517164785	0.0008746947939950953	0.002005729222257004	0.001652923892107549	0.001948612560792652	0.00172540646489824	0.0017786160295294269	0.001215758193676591	0.0020221779307777457	0.0019226286635950927	0.0016426151624522381	0.002078362783733979	0.00232034171740432	0.0018516562187776652	0.0019884094340722283	0.0025049202375971302	0.0018206440579496685	0.0014115105617812035	0.002628682712882386
MCW_CT_ROA_112_R2_trim	0.0033897214273820135	0.000749800892716067	0.0006404549291949739	0.0007654219837785212	0.0008435262678375539	0.0009294411254891574	0.10372250543273957	0.000741990930371493	0.0006951283995879216	0.000617024422373368	0.0007263705225408003	0.00071074965108831	0.0007498018882823304	0.001085650650742124	0.0007029393251673132	0.0016323817042658585	0.0033584889361611397	0.0017182969334257568	0.001890127069650089	0.0020697706405143463	0.0018120285894372792	0.0019994984070792867	0.002140090478963965	0.0016167893656187163	0.0017261405395509178	0.0016949070464549808	0.0016168371010844994	0.0022964661213835443	0.0017498088880605073	0.0017812959240355417	0.0020316845900318365	0.0021571956269267724	0.002118953349639109	0.002182636958708968	0.0014479845972008188	0.0018249290000798895	0.0020696358781414075	0.0017576272785009071	0.002191583345914645	0.0018811188013101716	0.0016905935689820637	0.00217761640810121	0.0018193817211928157	0.001885145450298545	0.0017313237129445683	0.0021140915140037586	0.0019101098974700966	0.1854693318989332	0.00218724242205745	0.0022353977231306444	0.0021790414430215865	0.001916745201149743	0.0023207076315361302	0.002235825170557204	0.0019650138454875552	0.08950729975288259	0.0027357795643839517	0.002320919005371946	0.0027223004585106188	0.0027580987482004977	0.002183305060134266	0.002615573378185573	0.0026316206923143013	0.002153746493083364	0.002493635348645509	0.0023238951759460085	0.0024316682012767697	0.002311448877085563	0.0020979658763907645	0.002612930515645263	0.002930286619272466	0.0021794095919976833	0.0019341730305052858	0.005597844696753393	0.0028449740871982513
MCW_CT_ROA_113_R1_trim	0.09575731935848084	0.0005650666926105982	0.0009335886780261479	0.0009090208526926795	0.000843506319827787	0.00045041599602454655	0.0007124765619779267	0.0005650678032227537	0.0024813871396337965	0.0007042902330914041	0.0007943744530486208	0.0007779959169136394	0.0007943754939254842	0.0007779967451891957	0.0009581647263694466	0.001883571992824082	0.0018098671500185776	0.005192110547076473	0.0012529859761387246	0.001834440289746568	0.0015150567155339338	0.0017198367858510832	0.001539666938920184	0.0015151131719926172	0.001785383182542163	0.0014660005400451153	0.0017772702046956626	0.0013514732163809366	0.0019578134614993935	0.0016141367572041708	0.0015080736031714134	0.0017628778431427372	0.0015425819490506516	0.0017657790218717604	0.0021043316104392275	0.0016953525530898415	0.0010634575858490564	0.0017256654339305455	0.0018778204014515303	0.001602307721620536	0.001989239052540484	0.0016735963133547068	0.0014346374044162092	0.0018276964928952892	0.0016283894303110722	0.14811562903059114	0.0018389731392482297	0.0018030137053752964	0.00158027275691537	0.0017349421784376956	0.001608362742509492	0.0014867519579252959	0.0013869078955423058	0.0016870365769033184	0.001660632372785119	0.0021821340402100628	0.0019520050004031757	0.0011322496400475463	0.0021818460071701042	0.001630624329704346	0.002068156839822924	0.002055667475229207	0.0017631546833769562	0.0012397469393747435	0.00208477146524503	0.0020987325009715102	0.0017264415615538156	0.0023765500499710024	0.0022739594402207968	0.0019467136675619218	0.002051704837755871	0.002835985691918212	0.0022804415964807635	0.0019371493131395735	0.0023907855446975747
MCW_CT_ROA_113_R2_trim	0.003988182205386143	0.0006469603631953586	0.0008025585566786916	0.0009335888309363167	0.001162892017450587	0.0009581575073360469	0.10308797118646983	0.0007534236142287653	0.0008926440723438065	0.0006551535978947294	0.0005241232646196813	0.0006633437784045239	0.0006142077555276242	0.0012447945884193157	0.00081894400937134	0.0019736553858475804	0.0035132718142240824	0.001662458245068129	0.0018426267373001458	0.002235724835504293	0.0018016895097692927	0.0022112196301268356	0.0021047583262437646	0.0016297714528085753	0.0020065081295929073	0.0018263582146930764	0.0016953675188222648	0.002203311601909919	0.00196601046425453	0.001991050433143599	0.002229341544304229	0.0020744792155221554	0.0020513483676928715	0.002365394475933302	0.0014550000542542393	0.002041095818255561	0.002267170082852288	0.0019404341221789803	0.002465280495147451	0.0022251080360523963	0.0016132456663874833	0.001834370076470408	0.0018730899101200385	0.002107850764515723	0.0019490755507962907	0.0022548705429214157	0.002057634337801829	0.176852981645897	0.0021408117553902975	0.00232559319930103	0.002138240800497857	0.001928878758773105	0.0023336019844798256	0.002427511484859055	0.0026140698582836196	0.08703432847967182	0.002788105228197732	0.0025508889487982074	0.002479815592646479	0.0025529715655008443	0.002379481604885201	0.0027490436014114285	0.0023700722647844734	0.0027162749743828104	0.0029250009805401015	0.002378836070460448	0.0027072917304460428	0.0026855362664383923	0.0022833664749875165	0.0021660841530680834	0.0033499428811312594	0.0019325511204231886	0.002511166729711243	0.00489983752138779	0.002645912261549407
MCW_CT_ROA_114_R1_trim	0.09671062202075212	0.0005152383382927764	0.0006906386236690407	0.0009537390517334372	0.0009098892796296947	0.00043850085765286494	0.0005590885935074028	0.000723527128978577	0.0020061447226225374	0.0007235294291758419	0.0007454545633932916	0.0008550802344805404	0.0006358290317124115	0.0008331554656039989	0.0010195191881733144	0.0019732629448515763	0.0015347600682178925	0.0052949233962713	0.0012058833073301043	0.001743052756287131	0.0011181857677096234	0.0014909320090056679	0.001743075877737369	0.0014470936002066274	0.0017869540731973665	0.0017650435428567918	0.0017102553378329861	0.0014691142841543308	0.002105123508802322	0.0015901216815942538	0.001469965371345614	0.0018876938494215153	0.0016586380165325568	0.0018583250377630339	0.0021464239805972078	0.001994283567951797	0.0012464092658726635	0.0018104396796272436	0.0017456482260291837	0.0016157869020550929	0.0018655245510803941	0.0016982858820712519	0.0015563391384783199	0.0017660118598520332	0.0014964674734161186	0.14657540078268666	0.0018658728932400008	0.0015086445331750932	0.0017222758692279447	0.0014441481005577933	0.0015672512828187426	0.0016009806065510703	0.001567873294773225	0.0017062558357579915	0.001762712030387197	0.0017912970881045149	0.0019772305118751347	0.0009239095557468297	0.0022150176444301	0.0016303162575262609	0.0016475643527945898	0.0017062633515107257	0.0018850050143680685	0.0011066736927577859	0.0015625162762112105	0.0020790794993945007	0.0015388154251919474	0.0019337964131143938	0.0022612352954477855	0.001837921361918511	0.0018172586263247815	0.0023357194790041905	0.0020238823702817023	0.0016051480867751429	0.0025124057010393543
MCW_CT_ROA_114_R2_trim	0.0038149281867174943	0.0006358259647864233	0.0006796760313234181	0.0007454511311289101	0.0012387647870694882	0.0007893014572478155	0.10347522854114069	0.0007016019875507305	0.0006358272194343879	0.0007016042180445588	0.0006248662566959353	0.0008221924430209675	0.0007235295084932498	0.0008879680331508066	0.0009537437566782618	0.0017540115065347345	0.003168183283678364	0.001710161593826755	0.0018636378386010701	0.0023788825391117888	0.00179786672150891	0.0021048447276873577	0.0020281069310061047	0.0015457590729479884	0.0017431024394992712	0.0017650437363585963	0.0014361770589242616	0.002258491599507605	0.0018639177753505425	0.0019081612935842132	0.002172071981149048	0.0023377179263454227	0.0021420191661284155	0.0022652791428711557	0.0014640632466516158	0.0019944294813260244	0.002261387492497433	0.001987278327382907	0.0023867492982846566	0.0018373972095249345	0.0015882424742018888	0.001776972117742843	0.0020421748598120296	0.0017897795607174165	0.0015550623384175042	0.001810841998579882	0.002088981509479366	0.18201767860748047	0.002122246560963936	0.002103256251929209	0.0020284047422215986	0.0016853267148258667	0.0019405564437793845	0.0022889597295684913	0.0019478378815756222	0.08813857971151028	0.002277401999534066	0.0021741683805944225	0.0024672627423161985	0.0022842962290411115	0.002215341516922377	0.0027323721202410713	0.0024859451671887366	0.0022414861207565866	0.002516134549838759	0.002279585194555349	0.0025107910878341146	0.0024441984812044477	0.0019832748289592968	0.002001961653700942	0.0029258816207172913	0.0018091538560210069	0.0019151986389508067	0.005116516071941571	0.0024044829627703555
MCW_CT_ROA_115_R1_trim	0.08497060251283638	0.00048706109386743943	0.0007348641693304781	0.0009228528354781544	0.0009228530720497029	0.0005468759880083768	0.0008374038566378269	0.0005725108488669626	0.002452398685172507	0.0006579620846357991	0.0007775916210144905	0.0009570361683621446	0.0007434127224064423	0.0007946834481024284	0.0009826733328946909	0.0021533374508791257	0.0014355601406131158	0.004520315099287995	0.001281756587587982	0.0017859245560524811	0.0016492096824844106	0.0016834163747534373	0.0017517871433350694	0.001478353234132698	0.0016749121910192917	0.00164930974677968	0.001828959939709276	0.0015728036267483975	0.001778300780597097	0.00145383430410981	0.0013773324611938717	0.0018998675655379426	0.0014299302904702167	0.0019536948611398523	0.0022471547761302073	0.0016145927580533612	0.0011358732434301134	0.0014489348776219252	0.001875707009724547	0.0017597477891326298	0.0017500617528009043	0.0018394142324063094	0.0015000142060168924	0.0019293814385325746	0.0015226027694173949	0.1412611270736435	0.0017842457440757605	0.0017544135545445813	0.001403942013912883	0.00143539891198591	0.0019090148822394801	0.0014118048291476243	0.00148720999405116	0.0015549285051366971	0.0015202226436879505	0.0018642667339578182	0.0018756501376593225	0.0010195149590255977	0.002142848455633674	0.0016077994155939692	0.0017885373419380124	0.0018167458253427447	0.0020159002410623343	0.0011903124044340327	0.001752814143106758	0.0020217659276236103	0.0016403047951203276	0.0020506857749567177	0.0021332777100923	0.0017185213221392029	0.0018726209910825788	0.002595009659844663	0.0022231935203621865	0.0017915054581559365	0.0024498297530204673
MCW_CT_ROA_115_R2_trim	0.0034094197910922884	0.0006665046547659697	0.0007092293727259265	0.0011279312433621887	0.0011706562117667527	0.0008374038566378269	0.09302874842110895	0.0008117692527954555	0.0006152360122247396	0.0007519567966640462	0.0007946817504668542	0.0005810578226020214	0.0007177780462799358	0.001008308289404987	0.0008374087940057253	0.0018115383198887853	0.0030847460929255407	0.0017773645784911543	0.0018286404920991196	0.0021875452623195757	0.00196537924641549	0.002042317153225229	0.0021277801177662205	0.0016321704731132388	0.002025276995083704	0.001563853550498754	0.001863146902979787	0.0022224418070708523	0.0019150974053593489	0.0017873697101553386	0.0024638264508023903	0.0023620324844508085	0.0020550376765470025	0.0025193156099194538	0.0014324053490990555	0.00225882550177919	0.002203043125429744	0.0018630533322304518	0.0022648821124538173	0.0018899725598525267	0.0017241820715368367	0.0020412414883296177	0.0021094446988330798	0.0020634676395797995	0.0015680535697277132	0.0017310465727261352	0.002020622857448863	0.1577578541075882	0.002416887568670388	0.0020761772290735056	0.0021483900341511385	0.0016706883180488427	0.0021571352128613606	0.002351594259111959	0.002096384388508754	0.07806380458081487	0.0023827641748631204	0.0023082929077508055	0.002451588368660979	0.002489033242055868	0.002128570312217527	0.002285426082044257	0.0024091099361428538	0.0019243725553524933	0.0025443607799407407	0.0024872591162849243	0.0023846441147951374	0.0026665991128224753	0.002082384061721039	0.001978034291658153	0.0027685507209420563	0.001723975900498839	0.0022245958443901687	0.0050431371812146054	0.00259176214880408
MCW_CT_ROA_116_R1_trim	0.09614257447466404	0.0005308359507232064	0.0009201157293253092	0.0009997413058780188	0.0008493378217298304	0.0005839197524392585	0.0005839197524392585	0.0006546983676334821	0.002353377295482887	0.0007166315767867639	0.0007254790085745426	0.0009732035480878011	0.0007520215223251303	0.0006900903991880999	0.0009732044091114228	0.001928714704520907	0.00153943351854606	0.0049898897225524	0.0011678466341332905	0.0016279103099275808	0.0014509662329191858	0.0015571470306002394	0.0015748428585521264	0.0015660002760407264	0.0014952231160432043	0.001663333364299646	0.001911105967640729	0.0014510739451356021	0.0018139549411822899	0.0015044398231592935	0.0014692672224450216	0.00200957033527158	0.0014080584335394205	0.0014618051574966596	0.0022157642051092155	0.0016139851279251705	0.0012425608326719656	0.0015632647006836619	0.001644603057272635	0.0014601767508342818	0.001651729820928381	0.001982453937099697	0.0014899901109807845	0.0016832386822442978	0.0015307746663942438	0.14697856397434905	0.001842391976577365	0.0016705945748183668	0.001422617025824776	0.0015654239592050518	0.0015334765887214854	0.001288300613005404	0.0014499447789004794	0.0016642776948720926	0.0017662769661268615	0.001760370234065051	0.0020642946583978787	0.0009721721133509476	0.0020376460522182733	0.001460502438496318	0.001722498041895904	0.0016415555101447136	0.001773941520664765	0.0012443303302483047	0.0018398598272126308	0.001960550828105714	0.0017154213677875888	0.0018183934890644532	0.0023491120251673795	0.0019353805873333128	0.0019113069115392252	0.0025045668378298304	0.001666925295975198	0.0018314245028148556	0.0024565214888055548
MCW_CT_ROA_116_R2_trim	0.0038927701084800017	0.0007697121966471338	0.0007520177299238914	0.000752017862989954	0.0010793669106094867	0.0009466579479764566	0.10631765010124374	0.0008051021891436306	0.0006281572088161776	0.0006547006266369727	0.0006547007424837258	0.0007785630451157821	0.0006989378356726369	0.0010970670796357454	0.0007608691036183396	0.001619059390194994	0.003308898503962052	0.0016102134957301473	0.001769465536473639	0.0020525840174837693	0.0015748303186686845	0.0021941646368431916	0.002132233513720878	0.0015306121997578095	0.001831429236759386	0.0017783532996991573	0.001636829042762026	0.002043895260897036	0.0017343249542726646	0.0016991475235278834	0.00213312770336319	0.002053882182589772	0.001771209660035789	0.002117512930561701	0.0015245388713094193	0.0019067682557318564	0.002050390248734528	0.001856543547627315	0.0024004858583377277	0.0020391333736589027	0.0015448166490158715	0.001803409197045962	0.0018066644962603851	0.001793163586582039	0.0017699697757026435	0.0017340202882218424	0.001630207145605471	0.18223342071425547	0.0018139469075414518	0.002022869424431191	0.0024508364087276716	0.0017403659923830295	0.0019720124035787854	0.0025451255057838936	0.0020370511608778052	0.08749088515016837	0.0022602620299266517	0.0022000101946900988	0.0024120034681656397	0.0024871099604608735	0.0021384764483945535	0.002149186368785456	0.002365571867977835	0.0023273463192512015	0.002454035405595814	0.0022815491532923323	0.0023714435757125484	0.002530073107612478	0.002066755358797648	0.002051879727017921	0.0028208425825099097	0.0017594810703829749	0.0019418353393845457	0.005529293847739046	0.002654938712604859
MCW_CT_ROA_117_R1_trim	0.08340772303703663	0.0004977641340125852	0.0008032104888882051	0.0009729028456955725	0.0006787698111696324	0.0005090773583772243	0.000656144299254292	0.0007579602227000263	0.0025340834220262533	0.0006900917754183427	0.000644840147521325	0.0008258483753695812	0.0007127184609353921	0.0006222145293880407	0.0009276656132005458	0.0015159417109099158	0.0014593768867961349	0.004864590723315995	0.0013009951934449752	0.001787456692356643	0.0014706940454086968	0.0013915147916891044	0.0015951529072849614	0.0012670772600359306	0.0018440561995924976	0.001595171495077312	0.0015838920889794373	0.0011087684919673683	0.0016632607536879412	0.001561667711739226	0.0014827772032173323	0.0016191343179481606	0.0013254499647736182	0.0018704520383789553	0.0018603203426256333	0.0017028128424782332	0.0011931506335629864	0.0015694857398004184	0.00150281504581992	0.0015625883945989644	0.0016017940092904052	0.0018863269476181957	0.0015874275736169538	0.0016706189070600822	0.0013541492369015793	0.13796173940075912	0.0018325128475214847	0.0014078827114389278	0.001279124438126659	0.0016175364919228015	0.0015752860466934024	0.001523964154911682	0.0013165637247928332	0.0015133423272621239	0.001812874138108725	0.0017139602941706334	0.0016608212887092464	0.0009596850212740703	0.0016329514927328596	0.0014972548213508538	0.001603639804172671	0.0014321296496742353	0.001802680637613292	0.0011171782260404892	0.0016524865397758099	0.0018121817769116931	0.0016511630446274749	0.0016987421282697443	0.0020661625498377863	0.0018026179123989577	0.0016064959676951212	0.00262847452327235	0.001901345075816834	0.0017755207693289554	0.002292798473779123
MCW_CT_ROA_117_R2_trim	0.0033032761598826388	0.0007240203947494946	0.0006674564524259667	0.0007805846647015543	0.0010634057968965068	0.0007918979338591008	0.09178099130032047	0.00090502692681364	0.0006674593217482004	0.0006787786419132688	0.0006109010541663339	0.0005430234664197117	0.0006109013997221756	0.0008937261218157754	0.0008597874469675183	0.0015272543631960206	0.0032920842343669835	0.001561194938606009	0.0017535160542313868	0.0020929095730702046	0.0015951386509222333	0.002172122862056962	0.0021155597952228623	0.0014820297109623475	0.0019232520608494326	0.0015725476176469257	0.0015838953144756266	0.0016857844809396042	0.0018216737538450328	0.001652210017620933	0.002026114006152595	0.001924884659778901	0.0018353007871061283	0.002119945616026154	0.00142935627805608	0.0020775814318259814	0.001954668954083917	0.0018653783726666562	0.0024139017054671005	0.0020191092146440858	0.001968276869725705	0.0017372258390139278	0.00170396100224436	0.0015896038041089153	0.001826214376595802	0.0018967488184143961	0.0019884697332283293	0.15371405389387843	0.0019259340780278435	0.002206107248225313	0.0021660136336118145	0.0018276508320289634	0.0016958428912584058	0.002536628734216105	0.0021622951644742357	0.07854469071447245	0.0022288957571898887	0.002085391340747384	0.00277468951034332	0.00247652413868078	0.0020382248691969192	0.0022142353317468485	0.0022298489644671632	0.0024970409414572653	0.0023900328800237638	0.0025036153397704065	0.0022405553589883147	0.0025188832504312586	0.002271395164831384	0.0024527964709919084	0.0026241752278129025	0.002006041323086602	0.0020317038274637877	0.005464582708350877	0.002269903586545749
MCW_CT_ROA_118_R1_trim	0.0005111561764399245	0.0010898337415226847	0.002854785730006325	0.0009065877099498002	0.0005883178969004713	0.001764953690701414	0.0009837448698187267	0.0016009971704786152	0.001504553879521112	0.0025268857753112457	0.0015238475878505367	0.0011380633883947048	0.0006172551953839341	0.0008873047712499366	0.0015238499393594525	0.002671560476799282	0.005555305331058102	0.002806586547461645	0.001909636760083268	0.003163445995733206	0.002845177953825173	0.0020447020083120995	0.0028355797747932386	0.0027487919541605665	0.0018614653146320048	0.0048996384298317765	0.0033179287559676907	0.002189548330903449	0.004128637541894096	0.003270651316924376	0.002470392443069517	0.004440233301440875	0.002646108144701555	0.0037686726860422185	0.0035386737398889166	0.002805946633023689	0.0014818782273830755	0.005157541566682747	0.0037946958886071387	0.001711521828807752	0.003523709636564978	0.0050000058939165745	0.0024685975064785816	0.006749898050501255	0.0013752455597011795	0.0032188826993305845	0.0030313013612284063	0.004427529660339648	0.004725361768137719	0.0026214394736975184	0.004539304155764046	0.005301137480095951	0.006352651152010619	0.0030576462196785638	0.0027362277523946574	0.0031197001783338017	0.0044332941926363756	0.003870148598313539	0.0020177206592543913	0.0020012341312360695	0.002285605743216855	0.002276343402470569	0.003150934724786108	0.0030490864231690518	0.0028096304921367194	0.004702914887600916	0.0029470463902673736	0.00503030700931953	0.004741281879045869	0.010403967633316144	0.00488317161160423	0.00749863680328532	0.0061765365778092916	0.006412187571741775	0.005531597015467759
MCW_CT_ROA_118_R2_trim	0.0007136897557840456	0.004089287667306357	0.0019674874625719265	0.002073578272757522	0.0028740775946941056	0.0008197872333859025	0.0015141955349170597	0.0009258778817225725	0.0018324694686475082	0.0009548156173886006	0.0015334921928369326	0.0008005022138708517	0.0009451720179316491	0.0016010062806704822	0.2668183829523259	0.0029126757623808247	0.0050344944851549445	0.005854287648446458	0.004957338915901349	0.004262935138863183	0.003915735305166466	0.0021122157538695746	0.0020447037831842403	0.2668064017333012	0.0034818095224500517	0.0033853810757583664	0.0021026425201000087	0.0035399336344431103	0.006000038006671618	0.004003908200322377	0.0025186707324381338	0.002152588400676048	0.0036216246337692454	0.004338993481073001	0.005936758630345307	0.002835122347140702	0.0027217375882712287	0.0028212368360459057	0.0027466466889368274	0.00459009168416396	0.009829371097900733	0.0046758129234754095	0.0023794571942590834	0.002263284251777755	0.004287297032128741	0.003961805344791133	0.33967277240879984	0.008975275170743313	0.004157524914276776	0.006313398982366739	0.004391981443464064	0.0038378764195449696	0.0037374440304596425	0.0028952090782686777	0.002195047155853728	0.008011278316693647	0.003125979601125003	0.002953070441268863	0.001761308758085783	0.009007518297349438	0.0031678988611735888	0.0031970627125573275	0.004044194053911353	0.0046113039870401915	0.006748115384725922	0.0062061992259684114	0.0043952051242231475	0.005716224010922349	0.006979773798544327	0.004473720747265631	0.0063154084168665255	0.012333702582328368	0.004294497053752251	0.0141458505257603	0.007846429775443597
MCW_CT_ROA_119_R1_trim	0.08420095624415973	0.0005899995635876244	0.0006461900587311842	0.0008615871484162528	0.0007117459052134263	0.0004401586519083032	0.0006087300505114832	0.0006742857207074831	0.0025753987794295504	0.0007866690316684856	0.0007023831297686546	0.0009177806228977087	0.0007398436326434744	0.000880320354195958	0.001039527226763312	0.0018823871403551868	0.0016482596953023383	0.004130014350160973	0.0011893693233368872	0.0017231839794836215	0.0016388996483951519	0.0014422424960310236	0.0015733555975637338	0.001657651042915368	0.0014328900333694802	0.0017513228340748986	0.0017794624187839304	0.0016015848759436708	0.0016766431618155477	0.0015738487788010814	0.001602284351500708	0.0016027116005765264	0.0015472150972185572	0.0017451623817300638	0.001971434662759346	0.0017098036666269906	0.00125073504193771	0.00168481513765928	0.0015735331349802165	0.0016427712682704017	0.0017055266168747646	0.0021262072781314625	0.0015008720932749673	0.0018268778628172146	0.0014031738418566167	0.14082578038357496	0.0015416070288528168	0.0017462267532316173	0.0016903350244018365	0.0015546416937048946	0.001632369936139068	0.0014114839143637477	0.001395584043712976	0.0015489148344251624	0.0015902282893819509	0.0018312738777618298	0.0019753497818419405	0.0010143237622174757	0.002165526571065165	0.001629497290308956	0.0018437921808373916	0.0019443808218139757	0.0017092358894253128	0.0012375602691851093	0.001633195113251802	0.0018870982680374176	0.0016614693098537298	0.002356989652815424	0.002155118056064567	0.0022349423729619527	0.0017082887844270963	0.0025599007724500583	0.0018408889802146726	0.0017040661506041224	0.0023757418596013677
MCW_CT_ROA_119_R2_trim	0.0034650599277431986	0.0005993645798945961	0.0006368249257771184	0.0007585712226735252	0.0010582536810136833	0.000805396606789175	0.09200251471042854	0.0008990475434134605	0.0006930162690251696	0.0006930178266661272	0.0006368272517111221	0.0006742876782823645	0.000870954999347252	0.0008803201893100472	0.0007679388885470624	0.0017138148366355173	0.0033808047645185195	0.0017793709286939576	0.001732545540193652	0.0024817593032493536	0.0017419161977228472	0.002060346808813115	0.0019854256644924696	0.0014890770578646917	0.0018355985493526891	0.001620209121234161	0.0018731195635631418	0.0021916453355886674	0.0019201852969444795	0.001836168949652341	0.0019115250624829755	0.0021088767119743987	0.0019411151922458917	0.0022613136524606754	0.0016147922480583765	0.0021702958836721407	0.001946805377020022	0.0017414564148288496	0.0021862298428666146	0.0021906653107203796	0.0016394674592717902	0.0015926209199817658	0.0017900905208354987	0.0019150424935291978	0.002130224867322331	0.0020973320353618093	0.0017213469609619403	0.1628864797932718	0.002161314944011937	0.00201682817346408	0.0023386483821996604	0.0017980572448602482	0.0019402666829827012	0.002214930628996624	0.0019382092568663433	0.07863340592866488	0.002770213674741052	0.0021800969452416847	0.002523202908289155	0.0029444203180647574	0.002084085540909126	0.002592874056965663	0.0022311948570181515	0.0023856454363728108	0.0025590696685010854	0.002397389138993326	0.0023294783782850477	0.0026177121478823417	0.0022156752507297216	0.0022959858909882554	0.0029890512249251483	0.0016438529689555951	0.0020293577095299386	0.004930218729900955	0.002788810594691449
MCW_CT_ROA_120_R1_trim	0.0010551160877293856	0.0014976074019926575	0.0013501159170951676	0.000953023540929468	0.0006240040753138882	0.0014068455516167663	0.0007601509364775898	0.0013501205124376733	0.000964376061735498	0.0023485606670093826	0.0018606958298970026	0.0007941994395901841	0.000828237028276466	0.0008849659934798429	0.0012480289651638809	0.002870466619876926	0.0036192844096090524	0.0029839268454594785	0.0025527905745072205	0.0034831606767270636	0.002791073511543755	0.0016451832212188242	0.0030294121885165765	0.0033698173740522247	0.0020763596581699307	0.0043456480830642834	0.0024735626643628494	0.0024282908134694798	0.0042100595002829595	0.0022017999601179118	0.002213576283357743	0.004927786356617313	0.0018969674079417052	0.003875542135496454	0.0024219173284773703	0.002298443828365414	0.002004721346580441	0.006350815635138002	0.005673470645782511	0.004174450873861247	0.004842481645617553	0.0071169090145284135	0.002464107141238205	0.007945732754771484	0.0023637334271262756	0.003555383903576086	0.0025326932468840704	0.0030562596272178254	0.0045649599202525525	0.006744746745599474	0.006652150464870417	0.006965201875782444	0.004953726905092124	0.0034791602649082327	0.0022738339252001603	0.0036271231193969033	0.00491823969430777	0.003812956142531125	0.0014814404496364996	0.002416659806540567	0.0018815300446610353	0.0024024064801258967	0.002897839055072641	0.00496973723147264	0.0020504812290584487	0.00462519733834219	0.002490726516026793	0.0031700881007628422	0.005768360169181139	0.004380158106968204	0.008813949300874459	0.00459920542711901	0.004248915435232996	0.3909875265229816	0.016631884734490805
MCW_CT_ROA_120_R2_trim	0.0012479867704326066	0.008906220785326723	0.0007941853830634066	0.0011118596624348682	0.002019502036179946	0.0006920765404886333	0.001066479329361492	0.0009189886541206942	0.0009984118444320046	0.0013161008832171498	0.0013955210807641374	0.0013955210807641374	0.0023145240810913932	0.0017472403529924724	0.0010438059251643341	0.002575477663177216	0.004935387271329893	0.004413488255469492	0.002632210725714112	0.005128299967426218	0.0044248706320995776	0.0022351786945943738	0.0029613348381301472	0.002110390678699373	0.003074826992760201	0.003551403099228926	0.0019970040400753325	0.002734667366862549	0.002723496970109621	0.0040290948314998494	0.004359098443086691	0.0021914366377321333	0.004975464598206243	0.002727789147354488	0.005094256248821669	0.00538227769571606	0.005365257870696602	0.002565603917506142	0.0025687048635743724	0.00417476790863915	0.00982327740338646	0.004602371801740896	0.003231321595422031	0.0027070088325831052	0.0033325080845818915	0.004921397320215947	0.0038091958286081595	0.007654579379066271	0.00363781526981964	0.006487473579192133	0.004145503047730331	0.003771798868216998	0.002763557737906395	0.002929629553308458	0.002058014164407975	0.006359155473750749	0.0053970582587558975	0.00605249875872483	0.0028820950360544943	0.007989891689854348	0.002877168244357121	0.002790738191982444	0.29565872941213617	0.004245930129559434	0.005040883044100314	0.005126366292505552	0.0053790245008375325	0.0029487617346526987	0.006312105241424818	0.00369829194735307	0.007123457939626731	0.007338262152190458	0.008249675405881115	0.024778177014130556	0.01677628337839075
MCW_CT_ROA_121_R1_trim	0.10098897668342743	0.0006129152146974644	0.0008621224997942357	0.0009429466111711154	0.0007812988311769486	0.0005388267801220334	0.00063985723236018	0.0007408874713840633	0.0024718716830529758	0.0007139482726964492	0.0006533301551403175	0.0010035690011949206	0.0007341545042298412	0.000889067839984762	0.0008621265064229436	0.002108168722737354	0.0016232228908643264	0.005381558564019668	0.001212366379544631	0.001697314646168494	0.0015828151802617693	0.0016973320230648562	0.0015558889453618952	0.0015828340502224488	0.0017714297876628199	0.0016636683590956084	0.001825348008323048	0.0014414514419128412	0.0018187508361201762	0.00166401378854373	0.0014284407127703542	0.0017319944185300489	0.0017798266758938996	0.0018278920270250127	0.002334805587959043	0.0017082276887908936	0.0013717843819847815	0.00173797950482597	0.0016244211138466062	0.0016881828623404847	0.001849994300385207	0.0020315197470901557	0.001434486715825423	0.00183768584120139	0.0013629379377779489	0.1475445036204596	0.001814863690926009	0.0016848637905423026	0.0015312613078102126	0.0015927414610403961	0.0016722294725543176	0.0014678735881799262	0.0016749088588794523	0.0017651814167063027	0.001782170307366231	0.0019021998827053134	0.0018961678524781413	0.001007221389973266	0.001920518823106065	0.001950618607481465	0.0018969495483535576	0.0018010695035091233	0.0017260648741482948	0.0011762403982279492	0.0019218541124667377	0.001951295333489772	0.00160176618027497	0.00228111056765052	0.002155280673787107	0.001741522385416664	0.002243986873283274	0.002741528436262836	0.002287732637190102	0.0017563301742207478	0.002422834958284006
MCW_CT_ROA_121_R2_trim	0.003913204978862968	0.0007610925193495987	0.000592709218608537	0.0008217106183062578	0.0011921542510199992	0.0009429468652135586	0.1084052639360035	0.0007476226609682104	0.0006331223195015414	0.0007274188478399398	0.000680271467380579	0.0006398593010015347	0.0007813019359516961	0.0010237751574222688	0.0009025387472007828	0.0018050774944015657	0.0031454155231981132	0.00181854932434494	0.0019330510988924022	0.002000406816739835	0.0017781414286544663	0.002236168037790162	0.0022092284862231704	0.0015895703707854746	0.00212841122521386	0.0016569340872967175	0.0017108447417153185	0.0021689154008485713	0.0018928534476068942	0.0016774984334926777	0.0021494256451679633	0.0021566071501501333	0.0020023573881627777	0.002293375006205603	0.0015386039787219168	0.002032418904628844	0.0025072070375882372	0.0018327858195670377	0.002260837568568022	0.002162969221083593	0.0016937585270368415	0.0020523362153606695	0.0019245529708372283	0.001893824537574349	0.0019044411849531437	0.0021166828874895974	0.0017726584729978196	0.18821467356044447	0.002290384215530881	0.0020381391817976373	0.0022567317117310037	0.0018971737635260857	0.002094244684935584	0.0023168995622549794	0.0022356885531764187	0.09027537465808631	0.002690456157976185	0.002092236639712976	0.0023406723390774157	0.002676578486801425	0.0021715041429084905	0.002630787257951772	0.0023575413672589133	0.0021093871378496665	0.0023429706425778483	0.0022449456890676505	0.0023317591274167305	0.002351080227321245	0.0020882896194732406	0.0023127183544836317	0.00278430557207201	0.0020348198013577334	0.002165029949129915	0.005250197626640044	0.002444679650892529
MCW_CT_ROA_123_R1_trim	0.0005793480779774252	0.0013282614470701943	0.003002718696834216	0.0010032614475310514	0.0007489135278299446	0.0017875011560469433	0.001314131284682733	0.001356522616446692	0.0015896750534625382	0.0025788063800376362	0.001610871062276911	0.001003261801944392	0.0007277181190224669	0.0009750009750009749	0.001702719214324376	0.0027483725077683914	0.005736963069360025	0.002981526195215781	0.0023103298663548354	0.0036527285281560016	0.0031228378145702713	0.0021195886019829456	0.002409269796249255	0.003327787491871296	0.0015190587826997715	0.0053485914445570455	0.0038013260268738207	0.002437779562970425	0.004395645088831252	0.0033721746107771735	0.002405082873850503	0.0046092506031144235	0.0031981057003007637	0.0039009776958580356	0.0036737949205086187	0.003117521871163736	0.0014580202729142359	0.005017624675089118	0.004372537311721052	0.0018319936789752214	0.004018488220202189	0.005406338277637997	0.0026725272349981833	0.0069052236865078985	0.0013699796362312642	0.0035526727091518143	0.0035187648292172476	0.0038370484129181858	0.004924795588125351	0.002421093309867352	0.004822336688992993	0.005188078064278477	0.006625624471086206	0.003448749597544685	0.0028217001409698355	0.0032803124660387498	0.0047094322500907705	0.004228284124018211	0.002351294515883422	0.0019320678088822567	0.0026237311476502113	0.0025659304968580834	0.0032733742681104712	0.0035481495059715715	0.002756912138301999	0.004878399640535077	0.0034159604747096457	0.005194784019744729	0.005631008954640409	0.01069237956795684	0.005670038166021809	0.00806940352142901	0.00718978195084846	0.006723308086618518	0.006206130541494017
MCW_CT_ROA_123_R2_trim	0.0007913046918716052	0.0043804366871463855	0.0019711965092158736	0.0020065228950621027	0.003200545548178914	0.0008548918572398425	0.0013353269505647126	0.0011375007356662368	0.0018581533756535417	0.0012929356188007535	0.0013847836999654158	0.0008619572009988812	0.0009679356137707988	0.0017663058645452532	0.2715448559474816	0.003271199154490399	0.005595658560262487	0.00622446538483658	0.004959790371845799	0.00467012326440627	0.004090776521231907	0.0020771972702236527	0.0019924172274284916	0.26933890197395083	0.0032783412780118897	0.003080562358071568	0.0019995831257794312	0.0037167339941959598	0.006218926128556652	0.004708328920747795	0.0025112059914686904	0.001968327626009255	0.003729983250531487	0.004504969571204349	0.006300933883837977	0.0030532449537815044	0.0025728776528780675	0.002476491404320218	0.0030462914447951066	0.0050070731193591405	0.010669078162070583	0.0051439372451280805	0.002312458513393099	0.0025490002568322122	0.00468081084286503	0.0043496226702333576	0.3403053507641431	0.009525469156307559	0.004442707538957909	0.006389804105976452	0.004584875758054235	0.003634128811617067	0.003879418125517737	0.0027898778057780876	0.001979935937159955	0.008333712517252867	0.0029572485489893496	0.0025816434113530317	0.0020652451919683807	0.010515932022684246	0.0032042869914475683	0.003472173997583367	0.003819798586850146	0.004584127751970506	0.00709089657804771	0.005976145664994454	0.004596938382862613	0.006023314292284683	0.007425582808290683	0.0043944450002656775	0.0068706454995537455	0.013299709689682549	0.004260787306456773	0.014674920651691972	0.007641079373812027
MCW_CT_ROA_124_R1_trim	0.0009551500753971591	0.00040935010213285046	0.0006822501702214175	0.0010574877638431972	0.0008869253725640893	0.0005969690007642909	0.0006140253626587298	0.0011598256850220453	0.0005969691025848763	0.0007845880972186523	0.0007163630452865955	0.000767531834235638	0.0007845880972186523	0.0008187006231846806	0.000852813149150709	0.0011598260806679505	0.001142769814775775	0.0017738522578921927	0.0016544589202966975	0.0016032903611718553	0.0009380955840941289	0.0016374104626435038	0.002268496518966507	0.0012962848306190663	0.001620357972894652	0.0015350778071242961	0.0015180322617674364	0.0014157142576924028	0.0016033792411513082	0.0015352383252801552	0.0014841748576343652	0.0014501991379333877	0.0015528437859628381	0.012801345814019658	0.0015535980220477753	0.0014174593765535484	0.001708468622692393	0.0012134995155402286	0.0011969791665776058	0.0014376762223071897	0.0034978152371690193	0.0015822335806719848	0.001519805133349084	0.0020826149035046418	0.0015343381388338892	0.00155739363001507	0.0023155022701570175	0.0014580288819711566	0.0016002574480114163	0.0017784226271704239	0.00222313421696449	0.0016461187970305431	0.001848999664513234	0.0012328876533806048	0.0014365259344107399	0.0013702675735914821	0.0015368570874786285	0.0014309929895834578	0.002031129600032498	0.00172476523221876	0.0019455040673762606	0.001822377926192236	0.0014261206428586187	0.0012116959502367487	0.0016780998746035258	0.0017773239019146778	0.001169699871722914	0.001971785608122864	0.001415656490207569	0.0012871369317826755	0.0021317635575019847	0.0020912378828307674	0.002075296811083404	0.002094692108383249	0.0017843673515857304
MCW_CT_ROA_124_R2_trim	0.0006140250484696023	0.003991163495795292	0.001023375255332126	0.0009722064925655199	0.01963175199656282	0.000631081515093679	0.0005799128425110227	0.0006822504029541442	0.0007163629231018515	0.0008357570287166115	0.0006310819456495172	0.0006310819456495172	0.0009210385152722683	0.0007675320960602236	0.0007845883648615619	0.0022343715940757428	0.0019103024315762077	0.0022514282497959645	0.0023537667004437874	0.0019103037348825896	0.0017056292074674492	0.0014839039910706504	0.007931213692310868	0.0015521313150850449	0.0023367287537202175	0.0018079823786532544	0.020757836722984025	0.0020979894097588234	0.0017739584603746292	0.0023199346870152234	0.022228886907680344	0.0013478650244552193	0.001945396475214625	0.002679894763775811	0.002117138182365161	0.001878718795761747	0.002152890785559092	0.18784149794577742	0.0017273109582146378	0.0025505968225383747	0.0015778175319195059	0.0018408082765492722	0.00252273092880214	0.0015282044015065316	0.002285827156219884	0.0025569839638575572	0.0025282843027606403	0.0019868861994225373	0.0025346967420169816	0.002009288553224115	0.001978121272256955	0.00248069004291771	0.0016375989879638254	0.002075245540905594	0.0019418121602390588	0.003953854367086311	0.001991618184343093	0.0020316667921341843	0.0016526818304159565	0.005545532182905107	0.002385438409892249	0.002664769934532443	0.002490613956484945	0.0026116268154484715	0.0020508920548996086	0.0019480139997272781	0.003219113121309766	0.0021999980983067285	0.0025579645025477884	0.002431088914645964	0.0019875221111834867	0.0022672031121141385	0.0022958663510045	0.0023542358345046144	0.0017510845050034323
MCW_CT_ROA_125_R1_trim	0.0008891014241347389	0.0008523617584957873	0.0009478850590168668	0.0009478850590168668	0.0011095398752833093	0.00037474525589038923	0.0007127507808111324	0.001021364520956159	0.000661315157453628	0.0006172275256435993	0.0006686632019135818	0.0008523619463890788	0.0008523619463890788	0.0008376660507616809	0.0008891017507883063	0.0018663790189606473	0.0012638472096898872	0.0019398589355156355	0.0017635082527777458	0.0017414677266351243	0.0011315873723960722	0.001785572048787413	0.0024395487892857367	0.0016386230657726398	0.0018517224435593898	0.0019178770908258827	0.001565215589341514	0.001697581262700627	0.0019035551648816857	0.0018231645107501277	0.0015149108408784718	0.0019055245349894768	0.0016198861941591175	0.013738858644318125	0.0017337419455697987	0.0016324683024146792	0.0020346820809248553	0.0011559538887029811	0.0014103890743839198	0.001750492409790422	0.00374280241843541	0.0017899685761914915	0.0019492334851192972	0.0022589133544369177	0.0018600225278264956	0.0018292494395293032	0.0024750983055133917	0.001617860390310051	0.002201012267799388	0.0018881185420445493	0.0022357389884849433	0.0017637190336507464	0.002178641388937065	0.001537819794431939	0.0015492504032057729	0.0015742256913089984	0.0015828110742977923	0.0017235445587882616	0.0021293403942260806	0.0020083211439397234	0.0021040321391376814	0.0020282831347408297	0.0016629877045952746	0.0016033288605316698	0.002147542716307034	0.002132556278109883	0.0015067503944784521	0.0026886531448621688	0.001856732651850559	0.0019478851613942008	0.002438505375445418	0.002604882372159861	0.002048731769300094	0.002103510693612931	0.002234980111963739
MCW_CT_ROA_125_R2_trim	0.0008450137502107023	0.004541030747848246	0.0010360604894731845	0.0009111453949976943	0.02155152777038901	0.0008450138743930228	0.0007127508331836801	0.000631923419111304	0.000609879578909747	0.0007641865726246914	0.0006980550935941248	0.0008744059183319568	0.0010874968357883453	0.0007494910625027785	0.0007862308782404653	0.002219081707249777	0.0022337776125958015	0.002307257647934527	0.002740787152600636	0.0020574312838158118	0.002035389022360769	0.002182367601378874	0.008354726552445233	0.001484314251959258	0.0027334964417518363	0.001815003524560488	0.02256705339536787	0.002300190768856769	0.0018227166945561921	0.0023010317002771677	0.02370951374390651	0.0019865080785765477	0.0020838546037944415	0.002491422834627387	0.0024126671666618096	0.0024082897766547627	0.002086700326672196	0.17956526530415934	0.0019005769587412953	0.0023840134613320094	0.001935563442518117	0.0020711773368589374	0.0026747244474978954	0.0018521295840893909	0.00202112547450514	0.002762143854557979	0.0026241822729211692	0.0019314931436513914	0.0026813124075462857	0.0021796986678477375	0.0023210240023938274	0.0027448234740681744	0.0018801092935862777	0.0022649674338784736	0.0027713086680921234	0.004717430016563521	0.0022250226782918455	0.002315375337562814	0.0023535040988960955	0.006067323656076178	0.002798431418354547	0.002861025812779192	0.0027839225507006347	0.002976849450411331	0.002665657218282643	0.002558840744401025	0.0030897940025160914	0.0031352976538516256	0.0026248533724870515	0.003218160891642343	0.0026944851721332165	0.0028754335746829915	0.0029114992133458728	0.0027796577395339844	0.002021569265115625
MCW_CT_ROA_126_R1_trim	0.0013649723048137989	0.0015788858749711853	0.0014260904677159095	0.0009880769669174515	0.0008352815596621754	0.0011510587346564125	0.0008760270015969158	0.0015992585959385556	0.0012325497440778533	0.0020474588743437817	0.002108577049697328	0.0009677044430978073	0.001028822618451353	0.0008047226421550187	0.001375159085533469	0.0031068408969459854	0.003514295440807754	0.002933672715804734	0.002892927261418557	0.003870830389889391	0.002709589829218424	0.0017419096953267517	0.002984686622165974	0.0031884776363947705	0.002485604630966661	0.004614834032536719	0.002821997850187775	0.0026388853511296775	0.0045964448791986	0.002264248856860307	0.0022877639354442043	0.004770106947640297	0.002312507065993813	0.003948405299049323	0.003097500587277796	0.0025390459289376423	0.001900392551805121	0.006491471407913735	0.005921093186058829	0.004051479523758684	0.004343531170426831	0.006540706751302171	0.0025794059999686867	0.008182461451773223	0.002308299068517169	0.003822089525211133	0.0030310619439185343	0.004183954266692922	0.005547850923826846	0.0071334818954702775	0.008200895257796001	0.008490609021380246	0.005546883491914436	0.00435147220672355	0.002507372669423859	0.004943904229876874	0.00619546017769107	0.005108468120461388	0.0021707423921888827	0.0030081692541244335	0.003383456998978827	0.003994768465548525	0.004130346321204253	0.006904709768476935	0.00307007696273602	0.007200769749350691	0.003930984491479984	0.005019702912237319	0.008488870265774738	0.007321010270707513	0.012579318919732775	0.007063281530961298	0.006526506659788935	0.4446674115795955	0.022043341770612426
MCW_CT_ROA_126_R2_trim	0.0011510587346564125	0.008597288248230197	0.0006722997919232144	0.0012121768975585229	0.002577149202372322	0.0008658406411132306	0.0012529223394932632	0.0009778906064337664	0.0011001270443008937	0.0013445998577780059	0.001415904395690476	0.0013955316705726274	0.0024854724643775263	0.0014057180331315516	0.001456649845926173	0.0026077088150846177	0.0048079631278122635	0.004543117701280232	0.0031985178435022265	0.004624623205259114	0.004461654978590677	0.00279113015508497	0.0029439394473420913	0.0024550249113720725	0.003820084414697362	0.0036775979275054786	0.002200542800557471	0.002812091176962045	0.0032307615791718	0.004548903775386147	0.004636848462787708	0.002415778143124414	0.005159515889407524	0.0031318557795917733	0.0048644856170257	0.005370381302296569	0.005511676775956743	0.00280280457476713	0.003129274009486986	0.00462477351899336	0.0099639567033298	0.0052787139037819685	0.0034677858457591907	0.0032400546001459065	0.003818948686659944	0.005372705839167866	0.004639714213777102	0.0076501429963707155	0.003953151421409032	0.0072999887512628855	0.004993332780860805	0.004220443044042413	0.0037847042365364734	0.003054824498877861	0.0024046389442234865	0.008154788677536016	0.0068813055081737625	0.007626513381011055	0.0035506905243622394	0.010927072784956925	0.003901755877237522	0.004324200432206502	0.28882773349498664	0.005101779539207272	0.007289797471557098	0.007952883016297638	0.007085812532128478	0.005370436162038452	0.010436210186209133	0.005651187794194188	0.011259005094518985	0.011509159537450336	0.012824172000297146	0.034406315122748436	0.02400622441519039
MCW_CT_ROA_127_R1_trim	0.0008820518112823688	0.0007607696872310431	0.0009261544018464873	0.000992308287692665	0.0007717955901584597	0.0005182056105349657	0.0008158982852684714	0.0008600008952829834	0.000771795760349478	0.0006394880567336163	0.0006725650251853551	0.0005953854977764557	0.0007166678078223299	0.0008158988250174867	0.0008048732539625399	0.0016317978299514508	0.0013120538052316768	0.0018412859982438322	0.001598721728260086	0.0018853917750390227	0.0008489780509404471	0.0017310417574682598	0.0023925895437662513	0.0013120707309766558	0.0017751586286160863	0.0015656787344111597	0.0016098201676506417	0.0014113985206117663	0.0018635859495764366	0.0016101187804475117	0.001500015165594505	0.0017208588276913983	0.0014675193284984641	0.01269337249220351	0.0015458431945247117	0.0015024455062462516	0.002012095123897521	0.0011616501450513815	0.0014504620164411531	0.0013193143068993376	0.0030892008981796048	0.0015500411262710336	0.0016246531365553456	0.0018136012206324736	0.0018006205685906769	0.0014894687735714119	0.0024626340881458825	0.001541873515661209	0.001772662547151394	0.001786869532866487	0.002112784089082326	0.0016251082685162933	0.0019236122007073792	0.0013990597618870238	0.0013959008140917008	0.0016034303978570623	0.00155002474123461	0.0016485799262978028	0.0017817433313207552	0.0016059170071607246	0.0020500925819426177	0.0018408459571735557	0.001692540732913351	0.0015204979413543944	0.0018570027756729722	0.0019397470643026152	0.0011509956969903423	0.0021234252592358567	0.0016474966902529178	0.0016379802545790786	0.00216109519858983	0.0021528128802421305	0.001653307980902114	0.002024981868081659	0.0019993491862072077
MCW_CT_ROA_127_R2_trim	0.0008379492207182504	0.003792822788514186	0.0010584621735388426	0.0008269235730772208	0.01939412061555329	0.0005512825643988996	0.0006725648768759736	0.0006064109545603041	0.0005071801829266612	0.0008379500522230318	0.0005182059533484539	0.0006064112888643482	0.0008048732539625399	0.0007938476804763085	0.0007276938675694187	0.002094876285427114	0.0018633375330094654	0.002271287671263084	0.0024035962209734054	0.0018302639659615004	0.0019515480241237798	0.0018413010214038564	0.007453419984118482	0.0016318217591964731	0.002359531520529523	0.0016979926088807437	0.020674117361285767	0.002039920696704591	0.0018635991016790697	0.0018086529042885145	0.021497114654844465	0.0014120412479311664	0.0020965852695022428	0.002395389107779374	0.0019877189886574127	0.0023202520103050126	0.0021340612878075773	0.18177227022909478	0.0017830282730695616	0.002317734830065124	0.0016340766566480354	0.002008187155902709	0.002354615129747703	0.0014092996186773463	0.001961265349452138	0.002219704028079825	0.002134560404977475	0.002012642827598502	0.002278749980819567	0.002075882568355315	0.0023915424022767483	0.0022621992847526038	0.0015784982539023727	0.0018802748424598295	0.001927255052933705	0.004063516063586938	0.0020984507742572017	0.001830260674282294	0.002035425691428751	0.005197530600759436	0.002580109102780199	0.002156499311537595	0.0026832894240493726	0.0026013790696911873	0.002227580859359309	0.0021416447097092383	0.0027889393368836	0.0025251237495402426	0.0024063637585328736	0.003189761902819082	0.0023809275796234266	0.0023500540512431784	0.002498688188700932	0.0022926108123132263	0.0018804560595378148
MCW_CT_ROA_130_R1_trim	0.0009166332975613868	0.0006476213515379363	0.0009166332975613868	0.0008767796759282829	0.0009066698921531109	0.0005878409190882807	0.0007372920002124199	0.0011856452435848373	0.0007273285948041438	0.0006077677299048325	0.0007871090272537995	0.0006476213515379363	0.0008668162705200071	0.0010361941624606982	0.0005579507028634528	0.0016539252977738068	0.0013550231355255284	0.0020723883249213963	0.0016439618923655306	0.0016240355669767212	0.0008967071121427893	0.0016539315597142524	0.002421116680786526	0.0014845559847483294	0.0017734976482225568	0.0016439776167963898	0.001514461613878048	0.0014447335129253334	0.001743676730703776	0.001853368277628988	0.0015445789911148842	0.0017739335022091453	0.0016446519208836705	0.013758486518627346	0.0014559261729753974	0.0014862254332671315	0.0017561994088592875	0.0011778545379591075	0.0016077517199947593	0.0016190727570320478	0.003263363548809758	0.0014655765186534764	0.0016930558307331155	0.001964053965318654	0.0018203669981904128	0.0013472799947905174	0.0022612033674127034	0.0016088330467834303	0.0018158252556466521	0.0018081677815322372	0.0019668245103405028	0.0017777448872005365	0.0017867642323042819	0.0013584361181831063	0.0013769507897758776	0.0014892075229694418	0.0014095472343517471	0.0015401593905642402	0.0017019212563582713	0.001768163512944661	0.0018141836291057378	0.0018943610116958062	0.0016552468961971026	0.0015345375779075002	0.0019349883063656114	0.0020760332991370586	0.0014586463345259504	0.002187832332006085	0.0016849889947091346	0.0014782999903138255	0.002201617248288215	0.0022193656718332163	0.0018371550368246243	0.0020323527594872407	0.0019864238835666254
MCW_CT_ROA_130_R2_trim	0.0009166332975613868	0.004613056704031762	0.0013251329193007006	0.0009166332975613868	0.021720223790041557	0.0007372920002124199	0.0006177311353131085	0.0006177311353131085	0.0005579507028634528	0.0008369260542951792	0.0005978043244965565	0.000697438378579316	0.0008269628136742186	0.0008967066654298756	0.0008269628136742186	0.0021222057748507056	0.0021321691822443712	0.0023314373301176767	0.0027000834036832923	0.0017934136882299754	0.0018631581107855732	0.0017734932306859366	0.008080353989248846	0.0019329120116532675	0.0025406858456897014	0.0016340152557243839	0.023354622506502977	0.0019229943393224145	0.0016041893054976263	0.0021224208351975095	0.023806738313422636	0.0016842707844994468	0.0020434171317101953	0.0024427360358501926	0.0021341449732658452	0.0021447053658632934	0.0021854551275168163	0.18158734291297243	0.0018276479997890714	0.002418940987635613	0.0018121905759682301	0.0019981027060937515	0.0025909702770342043	0.0016105002183291334	0.0018723378967499269	0.002328645640290227	0.002058004393071467	0.0018355950804411088	0.0024126071556901598	0.0024778092136256064	0.0022775155829471176	0.0020377998423342886	0.0017156054381989015	0.001579379289296055	0.002325277736538878	0.003763944834102017	0.0018036134440497361	0.002137368799051816	0.0016825454228694557	0.0054171885687084	0.0023184337815246895	0.0024431213489801685	0.0025505770276952845	0.0028568494426275915	0.0021882447925217333	0.00217784024567789	0.0023619529154024267	0.002092555491542937	0.002427316490184208	0.0027743899271297093	0.002172998388544307	0.0026045020102731394	0.0022562618460941633	0.002509515726778202	0.0018994041051302905
MCW_CT_ROA_132_R1_trim	0.0007303386224152062	0.0011776711361568592	0.0028209331866082907	0.0009129233613619064	0.0006299171193397154	0.0018075882554965746	0.0011594126689296212	0.001287221939520288	0.0013511266981631343	0.002693124407740861	0.0017802008796931116	0.000958569704450137	0.0007029511807708343	0.0008672774308211593	0.0013146100004025993	0.002811804979779653	0.005011951084087758	0.002884839138722146	0.002181888028792888	0.0031130720726395655	0.0026657408390492326	0.002318839732935394	0.002711399957877443	0.0036243431334537003	0.0017528347766071419	0.00531331000589394	0.0035422218696230462	0.002519763251809254	0.0043275984740924305	0.003332891382804764	0.002319917118677552	0.004331221086357969	0.0026336150417459988	0.0036432820442217546	0.003692774706014357	0.002852495530020268	0.0013127480967677113	0.004868545594572509	0.003961371207963625	0.0016191465552105057	0.003824188332152596	0.0050920298919713385	0.002598138656350324	0.006051389255380749	0.001583507683151169	0.003499919793504732	0.0031421096954842792	0.0038475271319199835	0.004543045354736125	0.0023218534266055027	0.0044249417825792505	0.0044297560719095165	0.006039154778655885	0.0031090780072484834	0.0028079919323486966	0.0031149027264548886	0.004241625257881531	0.004008219495979628	0.0020025337942302292	0.0019463279426930277	0.0020480738062782127	0.0023395717635997975	0.0029333804524085284	0.0031880419733621157	0.0026157748461277963	0.004082086835360669	0.0031280467453685926	0.004498726596339621	0.004518505416812788	0.009105529105675936	0.004917947974449574	0.006265199936647287	0.005723444436695419	0.006062611514425518	0.00502391233887709
MCW_CT_ROA_132_R2_trim	0.0008125017174369168	0.003761244248811054	0.0018167174891101938	0.0016615205176786696	0.002948742457198958	0.0008125017916120967	0.0011959296033840973	0.0010589910991798115	0.0017162959193603839	0.0012598343536926522	0.0015063236837629538	0.0008216311002343383	0.0009403111480459649	0.0014241605737395197	0.26954977628354526	0.0029122257886083766	0.00518540516592338	0.006134846108480877	0.004938916737623655	0.004162933948205981	0.0038068956299850817	0.0018897622268300772	0.0021819001794361843	0.2678178623084245	0.0035147969757408715	0.003231805346720676	0.0019354404619713794	0.0037796455678451857	0.006135337884561061	0.0038990430908180276	0.002466078406496856	0.002010305557306958	0.0033469794379324155	0.004128608252566099	0.00632291802116858	0.0029994254311651127	0.002221732992129006	0.0027560063483687567	0.0027575886541772415	0.00496836119985923	0.010322056455934819	0.004492135850691756	0.0023203802899101696	0.002313152538698902	0.00376820867327278	0.003802654290344703	0.3302642718345418	0.008587826510015127	0.004090763822307447	0.005859703341614352	0.004113744171285287	0.0035839062023118864	0.0033805415263614244	0.0026679508788827353	0.0020346914899028435	0.006701508667398183	0.0029633330083121	0.0023340756609258866	0.0018075011296882061	0.00906977638672897	0.0029758382625992017	0.003378666074972007	0.003501106766300429	0.0036196763211644068	0.006460683879440027	0.004570915175922719	0.00425704266894682	0.0050031401822932765	0.0055649505147477305	0.0035952169723656507	0.005829029941852097	0.01073044482289602	0.00402822906402344	0.011872115737504439	0.006037029309671013
MCW_CT_ROA_133_R1_trim	0.0005033496777074892	0.0010066999312355308	0.00276842481089771	0.0008579831903933338	0.0007207058799304003	0.0018875630188653345	0.0011782969148068452	0.0017502857084024008	0.0012812548976540452	0.0026654680830788652	0.0015672494737416502	0.0008923027221639303	0.0008465438018922771	0.0009151824885321914	0.0016702080415712493	0.0027569872467032267	0.004999184343607095	0.002779868398970831	0.0021621206078922205	0.003340423343747751	0.002951471966564627	0.0020362943149980282	0.0024366926096257135	0.0032946912571134726	0.0021507034516273617	0.005170866241359105	0.003821009718978463	0.0024940049497989983	0.00405006660300206	0.0035012479202758988	0.0023459121907901774	0.0047841944864333175	0.002862231741623364	0.0036536177917213374	0.0036548941266538824	0.0031866730125018456	0.001582870133534595	0.005164341393263564	0.004294920475642921	0.00169017426961476	0.0032155059765768255	0.00504408834003449	0.002349699494372586	0.0065773412233339715	0.0019780423173896057	0.0034308393654982013	0.0030264842294060804	0.003650592840818813	0.004584131190452433	0.002087049772678539	0.005033815643018534	0.005462670153170869	0.006038350530354365	0.0031976453658094143	0.0026320754012476525	0.003447566393664555	0.004104601567438542	0.0038303043765628014	0.001912019775747395	0.0020019823355523834	0.0022303520006319746	0.0022624273195223604	0.002951236159801275	0.003032223055381659	0.002861626617248283	0.004694828473738128	0.0034301835597854015	0.004444553232220821	0.004582067080171331	0.00977564380243579	0.00483716833462519	0.006981696319482423	0.006266913928991148	0.006132141586432199	0.005202212422775448
MCW_CT_ROA_133_R2_trim	0.0006749461587441333	0.004038239496887981	0.0018532430552290454	0.002013400553456357	0.0024824313642047126	0.0008465434145214228	0.0013956526563731564	0.0009952605008562672	0.0019562018978819136	0.0011782973191905625	0.0012583757777763287	0.000823664145453597	0.0009151825932270768	0.0016358888853934	0.26353826750215215	0.0032603379883714614	0.005319499431671544	0.0066579586973189026	0.005125028384992589	0.004255607821486861	0.0038895371450797353	0.0019447759143392564	0.0019562182343334372	0.2641244762097497	0.0036150121846502464	0.0033862294403821133	0.001716022525198075	0.003958378451411419	0.005983583244227902	0.004256436086065138	0.002311604253351826	0.002277675415916121	0.0035149215863356335	0.004214994982094289	0.00621019018879322	0.003358806383382873	0.0027185782822072378	0.002754503814586085	0.0027907649796894327	0.005220425570472353	0.010442886745855869	0.004813385840893299	0.0022222542826679523	0.002516846188037442	0.004098535386024324	0.004236529964810767	0.31665207390368777	0.008980502437106151	0.004359179735769392	0.0062748024689796905	0.004676387972282295	0.003398560475462213	0.0035878400490169013	0.002845698216379596	0.0020570611624281207	0.007364253592875245	0.003165494526909424	0.002628408608930861	0.0020613817392126092	0.009402373452572674	0.0032402307044261548	0.003275587148996458	0.004019738928005973	0.004335091720682583	0.0065021011584428445	0.006143834853719133	0.004486601644795876	0.005878739397158481	0.006187526489136758	0.004361658921378574	0.006309883029569592	0.011744059626829558	0.0038883540151913136	0.01248863702795821	0.006237567899369398
MCW_CT_ROA_135_R1_trim	0.0007483587557038969	0.0018133313530603638	0.0012952366807574027	0.0009930147885806753	0.0007051844150790304	0.0012952366807574027	0.0007339674524291948	0.0009498402325554286	0.001539892498233801	0.0021011617265620087	0.0016981992036597057	0.0008347080831547706	0.0008490996018298528	0.000748358971104277	0.0012808451620823203	0.003036610440442355	0.0036554457434708914	0.002403383618738736	0.002777563504024445	0.0034971420577961008	0.0029214845977317194	0.0017989543326088102	0.002705630820704178	0.003482796639648128	0.002029238009613983	0.004648562888867397	0.00238909009057242	0.0027489861854088993	0.0041597738925393665	0.0025913900489758323	0.002145832505243608	0.00537464983724033	0.002336402770454485	0.004028691794247923	0.0027468003751261903	0.00248959940898068	0.0017681274732951158	0.006122017909948889	0.005300407492423685	0.0036951173243393596	0.004421383855207413	0.006541615233339122	0.0024231119968274963	0.007314560981837544	0.002207696148921871	0.0030985222769392704	0.0026872957863961194	0.0030146011751158983	0.004942451709272177	0.006023373440745064	0.006488566011572043	0.0065689344910694865	0.004706935039636121	0.0035870253065418568	0.0022277682944016343	0.00340635345405832	0.004657161682410061	0.0037422991754574556	0.0015292594826563461	0.002709822963072049	0.002635900053138451	0.002581287838595156	0.002775550081372598	0.0048515499715403145	0.0021886365987791386	0.004292694268635137	0.0030900059969627258	0.0034890976654059843	0.005474918788704634	0.004318796996556141	0.007952643030324039	0.004079007286169611	0.003959506970676669	0.3791051160718863	0.014459270991131763
MCW_CT_ROA_135_R2_trim	0.001208887220752449	0.0074404151550175246	0.0008203165644796882	0.0013384112367826493	0.0021731193199374197	0.0007195759337541125	0.0012952366807574027	0.0010217978259308398	0.0011225384566564156	0.001482326423533472	0.001496717942208554	0.0014679349048583896	0.0024897327307892296	0.001439151867508225	0.0010649723819560865	0.00230264298801316	0.004490153826625662	0.004403804714575169	0.002935869809716779	0.005166559665632923	0.004432597320696401	0.002403402296587615	0.0032956876574626315	0.0023314585719960163	0.0035979392155513867	0.0036699175419899733	0.0020580724726474253	0.0027345947683172153	0.003022680031902229	0.004261426417474959	0.004536557524773565	0.002406405939067496	0.004456652563548764	0.0030758371475639373	0.005204758074170116	0.005370403690784604	0.0057396345244234495	0.0024809402850730963	0.002962726289112707	0.004190264792725933	0.009208912125378974	0.004870412551815982	0.0027637962204273806	0.002965593305687248	0.003891311902471404	0.005337451688880092	0.004222211658255403	0.0074630241422738745	0.0036928979925437036	0.005948982808051405	0.004342571502050982	0.0037330055692740938	0.0032171186770213337	0.003008648454001291	0.002355043515356069	0.006337550352076399	0.004899037403189977	0.005527523370658042	0.002882712726081577	0.007681376502669278	0.0030577932634064013	0.0030374361569902937	0.29172436923610756	0.003999445673537923	0.005161521603291424	0.005217289226949908	0.005398107937942947	0.0032581340244403944	0.006669265536130238	0.0037161493158976364	0.005994875063056889	0.006804140078687475	0.0074656747427179525	0.022414757422317085	0.014257488107233334
MCW_CT_ROA_136_R1_trim	0.0010913455273628772	0.0015857166109878034	0.0015484056319057375	0.0014364726946595396	0.0007555473264118358	0.0012872287783312758	0.0009700854561337152	0.001371178481265924	0.0011939513306261109	0.0021453814973345035	0.0015390780306964917	0.0007648752138735678	0.0008954636650227135	0.0007648752138735678	0.0012312626542552902	0.0030035349367546023	0.003703116055563904	0.003096812419262509	0.0029289137703533857	0.0034792582109561	0.0029475794449614627	0.0017256543518064478	0.0026957539450120295	0.0032647676166394197	0.0022387042678191763	0.004402814629844087	0.0026771856118903608	0.00262130020034756	0.004282045560218435	0.0024538787425616216	0.0023330264625859545	0.005152647653459056	0.0023440171017993553	0.004186247653178352	0.002786082526756209	0.002647718606828476	0.0016388101713736571	0.005848638912063183	0.005676392343982245	0.003713145154270371	0.004482051318827088	0.006200420375208042	0.0027298876723061997	0.007662847852898089	0.0023445628123030934	0.003189205523625221	0.0026117427714330344	0.0034828356235540895	0.004544066105920291	0.006210019882031553	0.006874676842656059	0.006957296396633957	0.004722614447483055	0.0032924650552528974	0.0025071349746157764	0.0032692036731644435	0.00475954375202714	0.003543699723760169	0.0016280427617060237	0.0025957583190081026	0.00239085532902526	0.0025830236640190674	0.0029873752233546547	0.0047687435737116075	0.0021333727770255664	0.00464372533986058	0.0027629787040919715	0.0033086639202899414	0.005830637408185612	0.0043669941240414446	0.007383109199219211	0.004411460179710867	0.003946174646214319	0.3858351768331211	0.014871340654872951
MCW_CT_ROA_136_R2_trim	0.0009980681318617767	0.00747152356118371	0.0007462195816413193	0.0010353796695273304	0.002164036786759826	0.0007835305607233852	0.0011659680963145614	0.000951429966592682	0.0008488247741170007	0.001333867626603626	0.0015484057763370763	0.0013152122580021106	0.0022759707854897535	0.001343195873403789	0.001445801113733245	0.0026584087474146975	0.004747825188248004	0.003973621866785166	0.0030688308920270558	0.00535414098031523	0.004337419929129356	0.0025278497214794656	0.0030968514162405232	0.002453239437381716	0.0035539423621441146	0.003330094653043315	0.0019216037891787961	0.00315302360504592	0.003022627163044241	0.004553235250923383	0.004348821795921552	0.002006965008705094	0.004856310640260665	0.0029249184643935096	0.004889965491616374	0.005183537944293061	0.005684826831933105	0.002858993235059581	0.002899520359277785	0.0038453217899719087	0.00970193906653756	0.0046063818238441705	0.0032771892678375874	0.0027879140826833366	0.0035875375787229893	0.005072799099622485	0.0037126000100190697	0.0071497430263193955	0.003880891267576706	0.006194964820380935	0.004486729196448834	0.0036983482088557	0.003426053315692717	0.0026592028284882965	0.0019807986974433693	0.006315285835692156	0.005038102358252622	0.005838964114972477	0.0031539638128162692	0.007446284919045519	0.003212847987608194	0.0035480028217309183	0.29268610762662456	0.0037012510771346156	0.004449102486719539	0.005094162443447615	0.00518149002752194	0.00362857544472658	0.006370674029628225	0.0037830152270291835	0.00627690575366875	0.006915766195234354	0.007744042815743369	0.023537659726758677	0.015018037509135091
MCW_CT_ROA_138_R1_trim	0.0006988249975636854	0.0008137006512094177	0.000986013730289059	0.0011008891163421534	0.0007658359070206284	0.0006605335330378291	0.0006892525802457529	0.0011296083954027618	0.0006318148652252736	0.0006030960077150338	0.0006796796277423398	0.0005648041977013809	0.0006701066752389266	0.0009285763928310839	0.0009094304878242574	0.0016465478305870767	0.001167900205416415	0.0019720282157031266	0.0017805691656348618	0.0016752686125693392	0.0010913183614027118	0.0017327125308334282	0.0022975211374337895	0.0016369878848536976	0.0016752804802445181	0.0015029722472823964	0.0018189092078066435	0.0012732656996293458	0.001838184256909227	0.0018096431575190001	0.0014364465759183563	0.0017337090022121553	0.0015714935666503002	0.012185217997960055	0.0018223918048383351	0.0014587474848602165	0.0018054504243480737	0.0010570200835737734	0.0013943715471273542	0.001511983965650806	0.003128885153111609	0.0016106715724229738	0.0018756482342872209	0.0022845648007450833	0.0018558344159034094	0.0018773754291500483	0.002386529066219363	0.001718962152976976	0.002185421206199426	0.001897671113408056	0.0019553200256076007	0.0016199197558994878	0.0020226512296282056	0.001336149674450757	0.0016716125502998663	0.0013150650804667281	0.0013635661673653797	0.0017174758575372857	0.0017101577848931673	0.0016495120956061468	0.0020163720878626137	0.001981150371562075	0.0014859104997343128	0.001159909453348767	0.002150987767430835	0.0019996730204995053	0.0015780468304708703	0.0017707247842150512	0.002007064200661178	0.001388734739332823	0.0020836871144343135	0.002146101174625219	0.0016772347881166645	0.0019895474728004567	0.002082084564558618
MCW_CT_ROA_138_R2_trim	0.0008711380106615805	0.003963200818831752	0.0010721702698288796	0.0008807112930737226	0.019844722940672032	0.0006030958345128004	0.0005839501027082075	0.0006892525802457529	0.0005935230552116206	0.0009668682028447368	0.0005073664826809015	0.0006796796277423398	0.0007754092270060291	0.0007849821804258566	0.0006892526462275814	0.0020390390784232617	0.002010320218163779	0.0022400715291216477	0.0025751249629646293	0.0017422796906477107	0.0019911777423854446	0.0017997240295514684	0.0073042047137871794	0.0018284489812954454	0.0022783821074632425	0.0016082766511544553	0.021156808327932444	0.0022784791706795347	0.001847764324840798	0.0022022255883293535	0.02246628262028104	0.0017912093575075715	0.0021943981901293673	0.002435227269023008	0.0023116758719646186	0.002188249751470494	0.0022089541975267974	0.1786604931686939	0.0017503524267289973	0.002523494018259695	0.0018448030016007288	0.0019021905276734752	0.002237907773182086	0.0015762714402470963	0.0016979820228387517	0.0022682378060484808	0.00253860918533021	0.0016094851790054328	0.002116403182868825	0.0021515577480119806	0.0021190081622369425	0.002314551647384684	0.0014900887517413485	0.0018350092393233566	0.0022379150495813217	0.004170295490710034	0.001819943084454353	0.002281797054210616	0.0017332581616787467	0.005113707548769855	0.0023923955997009506	0.0027231474610080663	0.002673550916537454	0.002387968200512914	0.0021212321340863633	0.002068760083142147	0.0029070702490762317	0.002128511781146419	0.002210664065711156	0.0026603296649353745	0.0023226889412536135	0.0023762508257753165	0.002319317350685538	0.0023425105241923934	0.0017742777732744366
MCW_CT_ROA_139_R1_trim	0.0008920129992311034	0.0007247607639052786	0.0008827214432179675	0.0008548460292216106	0.0009013050525488721	0.00039954760061444846	0.000836262419890706	0.0010778493411924656	0.0007247610332787967	0.000650427293564598	0.000650427293564598	0.0006039682011671268	0.0006875947591527458	0.0008269720751972213	0.0007433456855705359	0.0015796095818373889	0.0013844813393751232	0.002034909192409584	0.0019512829685518229	0.0018397829650778532	0.0009198919953879031	0.0016260833431827526	0.00237873183301637	0.0015982180240710219	0.0019048599574835257	0.0016725674225866107	0.0015146502923367986	0.0015425870653331159	0.0015427120748167029	0.0018590605311968019	0.0015991999537347734	0.0017113962714813949	0.0016473624331375608	0.013133583635219465	0.001538065011677642	0.0014741883613388692	0.0019897277734796754	0.0012249942210196291	0.0012733274048707395	0.0014828853908853041	0.003338394679164711	0.0015971107505992732	0.0017594155894412374	0.0021233331226233644	0.0017756133708421793	0.0014543847658575009	0.0024060666564676174	0.0015193869243573723	0.0015536301526925872	0.0015690023442919542	0.0021376900406446134	0.0018488512727543518	0.0018416106622806505	0.001530991598973961	0.0013715960041122163	0.0015507556355056238	0.0015305880923963554	0.0016373608380650133	0.001807734435874975	0.0016915232133368977	0.0020762051677079706	0.0020903862910902037	0.0014569761713241337	0.0014190638641681224	0.0018225610302554417	0.0019631616824695303	0.0015891804797878181	0.002063245757495635	0.0017713345881084565	0.0013206751819800355	0.0026171310888399016	0.0023400000585000014	0.0016154409907802492	0.002120266300399077	0.002132886933139548
MCW_CT_ROA_139_R2_trim	0.0008362621867791595	0.004209187513449887	0.0011707673878469885	0.0010406821225306564	0.019754376718751566	0.0007712197872325401	0.0006597181312471126	0.0005946754985889465	0.00046459049228566077	0.0007340538645009043	0.000613260247578737	0.0008269722288787808	0.0009198908842158432	0.0006968871630039516	0.0006225527636696791	0.0018119074656069766	0.0019327018353977315	0.0021742899688853533	0.002425170256708453	0.0016539495292655219	0.0018397886064307487	0.0018676770334821527	0.008111866071139857	0.0013752145636709012	0.0023880508255268696	0.0014123943364102158	0.02106579348162834	0.001970059555272065	0.0018865801051670826	0.001979915845210737	0.022054441929176046	0.0015440106756246569	0.0018894146984177686	0.002393971513974599	0.002050873788760932	0.0020434756441497113	0.002027265127788704	0.17917478224591976	0.0017791118411504075	0.002374795478952601	0.0019335915982898373	0.0019017363328152686	0.0021158671958642875	0.0015687575216320458	0.0018751146040438917	0.002332036793959666	0.0022366094044510934	0.0021844455197777383	0.0025333069304212617	0.0020962494451774566	0.0021080183212251274	0.002538065849964344	0.0017071493541250247	0.0017322557857343244	0.002229519611411882	0.004425644614663028	0.0018698634113984906	0.0021762558397572266	0.002127762315058317	0.005982189881783746	0.0026095523385142386	0.002906870141613769	0.00283540112397108	0.002690074358234112	0.0022180694388121737	0.0022580669441580044	0.0031205046342460078	0.0024459857734308436	0.0025506248132685177	0.0028951435468631843	0.002305430701529285	0.0025741121661446665	0.0024889079354218093	0.0025647122380234887	0.001642426556369722
MCW_CT_ROA_140_R1_trim	0.0007797745740510058	0.0008485784075554668	0.0010320548199998923	0.0008256438559999138	0.000791242028666584	0.0003898873764444037	0.0006651019951110416	0.0007568402013332544	0.0005274946857777227	0.0005733644463816518	0.0005618971574540187	0.0005389625795987527	0.0007912429360066794	0.0011352616038356705	0.0007339066596869086	0.001708626442083584	0.001295803946009698	0.0017086266380167822	0.0016168882950360153	0.0018118341437850934	0.0010091230456984812	0.0012499426631805881	0.002259070684830971	0.001318750022218071	0.0017201108944026214	0.0016283772486800397	0.0017774674918397042	0.0015940034279101054	0.0017431306603724358	0.0017546934034537872	0.001399274969115593	0.0019270638452310793	0.0016635416940338397	0.013231156217151619	0.0017102185096834525	0.001549992066336905	0.001711377455553862	0.0010570269485573709	0.0013792968689386367	0.001668108525990281	0.003076659996344882	0.0014792442956930761	0.0019148166539843911	0.0022271561699397117	0.001651715517422143	0.001692853185308997	0.0026040307332184653	0.0015101753372557779	0.0016886599868945814	0.001631513462823483	0.0020137401040961488	0.0019010677228048398	0.0019334543214255622	0.0014152704563851425	0.0016873963305879397	0.0015125865350756717	0.001334572949395299	0.001591995978934126	0.00182460531354261	0.0018263236798327963	0.0021945915023953966	0.0019182842670021993	0.001409672708319594	0.0012924346292718966	0.001978171373436966	0.0019114473603532554	0.0015184664186172945	0.0022193763776810036	0.0016103383220948777	0.001512451979649646	0.0021798802068130024	0.0019435816120015408	0.0013765173669092756	0.001610265599025945	0.0018829718698287262
MCW_CT_ROA_140_R2_trim	0.0006880363888685345	0.0037612664551107183	0.0011696621293332112	0.0008371111317776904	0.02021680719622011	0.0006995038224443714	0.0006651019951110416	0.0006995038224443714	0.0007568402013332544	0.0008829812474277438	0.0005848317353092849	0.0006192336020921839	0.0008715140584391458	0.0006880374934564768	0.0006077664525532212	0.0022590564368487652	0.0018691685238900952	0.0021787856457932122	0.0026948138250600254	0.0016742264872950862	0.0021902557014592035	0.0015939637624379343	0.0076143304910704195	0.001628369966114997	0.002098535531818787	0.001869194031055684	0.021696585861027632	0.0019724383845225054	0.0020413066426755795	0.0018464575368095898	0.022595223094566057	0.0017321088356248217	0.0021340149943236348	0.0023870284284757343	0.0019399221046662587	0.0019749915546146022	0.0022514745435192798	0.18205184599399757	0.0017703935251420595	0.0022552838654460827	0.0018902903163193372	0.0017688033039858421	0.002322278898728901	0.0015052624675989338	0.0017000320426729147	0.002729934948709582	0.002724538860003404	0.0020077435124197245	0.002186891253699836	0.0023196501588842013	0.002537695449983208	0.002509889679048155	0.0015057176040973684	0.0016092836934165646	0.0022690367962938424	0.0042170419389668005	0.0019440287395488711	0.0019473658651349337	0.001985762690637787	0.0051582107374192705	0.0024666956401643014	0.002435448379508945	0.002750594846834231	0.002700833484612895	0.0021186073192307597	0.002251695520506788	0.0026697825773981197	0.001987243397196337	0.00205230833379844	0.0028947132636137672	0.002248633546848835	0.0027715533835351506	0.002422811000030871	0.0024618885968055626	0.0015240262742129676
MCW_CT_ROA_141_R1_trim	0.000713493666021488	0.0007709033519287797	0.0008857187447692363	0.0010087354025530848	0.0008447134551535885	0.0005002672329145003	0.0008119091157136972	0.000959529033626326	0.0007216970509326212	0.0006724907647335345	0.0007545018336034778	0.0005494742064915867	0.0007873065194228519	0.0010005354504882163	0.0007380999830237004	0.0015336082455964532	0.0010825469968916137	0.001886256130947509	0.001976468704873365	0.0016894330066002702	0.0009103267466135846	0.0016812517304590983	0.0023947632760099175	0.0015008442864211237	0.0018207033655947753	0.0018207336785783384	0.0018617625708136157	0.0015337523949502639	0.0017635367853267177	0.001567075336941709	0.0014774391350480327	0.0018316412828289872	0.0015952226207172383	0.014395906028335063	0.0018475403134945994	0.0017015072297950767	0.0020014872207935667	0.0012500668496013942	0.0013920285485169179	0.001535367183061829	0.0036627981413630303	0.0015229126390369034	0.0016523779531302993	0.0024327640580375847	0.0018883808953534843	0.0016515085276637188	0.0025635611079102808	0.0016561424624206022	0.0019911655130133146	0.0017416862270866515	0.002388781998700924	0.0018457978116609734	0.002083243193002867	0.0014290005139009395	0.0016972740236204271	0.0014739031711530235	0.0013449524946197295	0.0017853102452942274	0.001632013427019559	0.0017282785583629446	0.002086804159112482	0.0018335552777158017	0.0014686026866768175	0.0013574141772513331	0.001954965641478851	0.002165603297440392	0.0014891970434474696	0.001828457089241026	0.0019025367679940753	0.0015828419149909682	0.0022787885723192297	0.002020293097753225	0.0015266626508949777	0.0020901958441783587	0.002161918250596244
MCW_CT_ROA_141_R2_trim	0.0008857162750611575	0.004362984927937349	0.001041539635052713	0.000910322341860812	0.021060432122670128	0.0007052949030715675	0.0006806915924993035	0.0006806916483235303	0.0006396861798015152	0.0007380997408941865	0.0006314853338761373	0.0007873064548549868	0.0008611166468609838	0.0008857200522673245	0.000746301216356167	0.0020502787394951916	0.0021322900639465588	0.0022143012202521955	0.002517742911549067	0.0018288525352734807	0.002214308665770774	0.002099514700457481	0.00825865415922062	0.0013696231527002695	0.0024686121298578556	0.0017059134752483848	0.02230836275727099	0.0019602523164605093	0.0018209582948874629	0.0022398597732917317	0.023245242728105023	0.0016345366589610721	0.0020475193891452033	0.0024789993342116076	0.002292995879123485	0.0020897856152539483	0.0020760075149817855	0.1795540671090777	0.002088156844443667	0.0026310409883816715	0.001914799577511961	0.0021590946464244013	0.0024874831114652988	0.0018292613408672808	0.001931853979657835	0.0026206923990406365	0.002581676373740857	0.0019356266381984233	0.002419785423562036	0.002013570590313237	0.002099562667245759	0.0025177165529969175	0.0019058109065105348	0.0016901111149168577	0.0022333161749285746	0.003928149116569336	0.0019532768799460747	0.002100182206997289	0.001975416360732173	0.005408691209176114	0.0023759699431416415	0.002732077594371995	0.0025799902920803242	0.002696569725934516	0.0021377664922453718	0.002253508921332325	0.0028431925742041617	0.0021127690479334476	0.0024134647788662898	0.0029605048004929585	0.0020925379504459374	0.0026392187912377936	0.0024405768252053752	0.002266249909119277	0.0014356334265913972
MCW_CT_ROA_142_R1_trim	0.0006500833122394842	0.0006907138934390983	0.0008532348095424157	0.0008126045805165864	0.0008532348095424157	0.00047401933863467537	0.0005959100257121633	0.000839691399867139	0.0005959100257121633	0.0006229968450627161	0.0005688232063616104	0.0005281929773357811	0.0008803216288929685	0.0010970161836973914	0.0007042573031143748	0.0014762320544694416	0.001300167681000609	0.002004425174875939	0.0016522968754930651	0.0015304073659996302	0.0010157583394436842	0.0013543514227732567	0.0022211393415513684	0.001354359493599568	0.001787758163452291	0.0015033490146630704	0.0018284085937912663	0.001273132754428132	0.0019503727649947094	0.0017608295078183538	0.001354570286281657	0.0018965599923920849	0.0012735969398988249	0.012047324165983668	0.0016129570056144457	0.0015049388432172338	0.0020615449842000208	0.001126086554811449	0.0014794308887253523	0.0015756435926792883	0.0034007386948563417	0.0012544211528130393	0.0017510911486720163	0.0022382131644008763	0.0018469302778306895	0.0013542301174145148	0.002325368622832269	0.0014686981625754649	0.0014974528742568024	0.0018455366320982393	0.00186215805775247	0.001337115885605279	0.0018306720578794222	0.0015430135362966579	0.0014221944855183288	0.0016810438293330847	0.0015573349129428548	0.0015878085789013982	0.0016459221356804562	0.0013632426885815503	0.001890749642427967	0.0017800831199132345	0.001470572068239684	0.0013607145384184143	0.002012499635234441	0.001961277177929806	0.0014020973931540355	0.0018963550752614112	0.0015795361670308777	0.0013927849387718684	0.002166368681927498	0.002020628863629076	0.0014449122682383298	0.0017007821490722006	0.0020620102161317834
MCW_CT_ROA_142_R2_trim	0.0005823663005478713	0.003643177202649362	0.0011376464127232208	0.0006500836644132691	0.019339989016294752	0.000839691399867139	0.0008261479901918627	0.0006771704837638218	0.0006229968450627161	0.0007448876330233879	0.0005146496373616134	0.0007448876330233879	0.0007855178675519362	0.0006229970138127919	0.0006771707588998521	0.002112773340050869	0.0017471010311959111	0.002194033853129749	0.002505532486598787	0.0021398619166066012	0.0020992347544430304	0.0017606578034249942	0.007042638844270462	0.0016252322727789848	0.002451395663521702	0.00196383483038494	0.020776161643413348	0.0018148950604651253	0.0015305074837752663	0.0021130148712903045	0.02153804974178723	0.0017069488533096927	0.001774986216757794	0.002276803156950206	0.0023315069410452713	0.0019660952967746276	0.002007525780089929	0.1819476060368232	0.0017918740953241725	0.0023095648317943934	0.0017280009491759546	0.002018661709124487	0.0024226324789881114	0.0013464958339006706	0.0017931410424053028	0.0025307895441052312	0.002562714471496243	0.0021216601533086666	0.002192549107549252	0.001860980067098053	0.002294943974158653	0.0019378069907990414	0.001468865918002029	0.0017834313331191345	0.0020018433876152434	0.0034086233645149295	0.00198454971346646	0.002001551273213736	0.002187982350654576	0.004692441727694478	0.0024769938519304327	0.0023815645795461824	0.00271682050781951	0.0026542141460144894	0.001987376129222076	0.002153000603707149	0.0025782162741066843	0.002132528369155458	0.0022656273827211058	0.002690269687175441	0.0022884706121746342	0.002510694309753607	0.00252151212213178	0.0024158199972520045	0.001962853747767254
MCW_CT_ROA_144_R1_trim	0.0005782355371189563	0.0010085508979330354	0.0025953376440143445	0.0008068408268451005	0.0008068408268451005	0.0018153918604014757	0.0011699191989253956	0.0014657608354352657	0.0015329975710056908	0.0021650228853676862	0.0015195502238916057	0.0010488930748986307	0.0006454726614760804	0.0007396040912746754	0.001411971636851653	0.0024474175038761985	0.005231018730812314	0.0024877602197189825	0.002057445491814191	0.0036307895797414854	0.0033080567318282124	0.0024070968206957614	0.0024877816303280212	0.0034963539751796517	0.0015061243453570019	0.005204224108682488	0.0034560648761202454	0.002649261689766346	0.0034428227165511954	0.003617944520636473	0.0024885034503436625	0.004090019719545733	0.0027186204912116557	0.003460316631089585	0.0037042619621731544	0.0028030146422477376	0.0012539174809040503	0.004559272771712761	0.0038598184130882937	0.001729186204444387	0.0031672923196951167	0.00457645456225669	0.002387618546966299	0.006116580376254722	0.0015712974133825746	0.0034312764445224167	0.0031764768710177004	0.003667453641093818	0.004811409437037285	0.00236677229896288	0.004366069087114935	0.004813339667165957	0.005972952503503313	0.0030785751224580923	0.0026680854826204746	0.00294990631553566	0.004258889001633527	0.0039086912541959375	0.0018633283085579947	0.0021378625793412455	0.0023275999183328525	0.001900799847936012	0.0027739006576600615	0.0030903411170756147	0.0025216589367374077	0.00427364875495586	0.0029064962539960652	0.004206375364877325	0.004138297483797313	0.008671483075786844	0.0047743809379515246	0.006119766055191356	0.005373795718600498	0.005970884131778331	0.005343175799975994
MCW_CT_ROA_144_R2_trim	0.0007261562559168287	0.00388628279336863	0.0019095230334198806	0.0018557339017437312	0.0026894694228170014	0.0008606302153014404	0.0009682089922141205	0.0009413142979859505	0.001976760025770496	0.0011295771575831406	0.0012774979758380755	0.0008740775624155254	0.0009278669508718656	0.0013985240998648407	0.26220982137754356	0.0029449690179846164	0.0045855453659029875	0.005284808837168585	0.004383837517231103	0.003590447473299913	0.0036980308994014567	0.002299517383746285	0.0015061168515380276	0.2635847826282823	0.00301224747549456	0.003039158889916286	0.0019095777291597495	0.003846140398110496	0.005285287159199842	0.004182853367721499	0.002555796398264103	0.0020046888191508324	0.0033378299825154237	0.003972150779612014	0.005873282317500212	0.003059276514796723	0.002373210552049227	0.0030353107820984115	0.0028749373891276348	0.0044451205951759765	0.009273402514269872	0.004373778788667023	0.0021018668399114485	0.0025657215755780626	0.004068262970311885	0.003973159714098626	0.306111671147653	0.008201302783897479	0.004076961909209259	0.005140529396514387	0.004145568352535783	0.003430400602182323	0.004036450696864381	0.0027698897159930324	0.0025279986502191477	0.0075014485924729665	0.0030464101274686652	0.0022209883398112158	0.0018648275450520817	0.008802612121297411	0.0029047653970541076	0.0032284774774060626	0.004049183699027647	0.0038781088598229233	0.006231856286096787	0.005041862851070846	0.004219406181062511	0.00522972487227686	0.005458466162156867	0.0039447679301891315	0.005954466990775316	0.010566353566308495	0.0040375823693669394	0.01217415520497332	0.006616722438011981
MCW_CT_ROA_145_R1_trim	0.0009343237807556272	0.0007224159206598527	0.0008668991047918233	0.0010113822889237939	0.0010017500766483292	0.0004045529155695176	0.0007320481329353175	0.0009343245907200762	0.0007224159206598527	0.0007802093446154815	0.0006453585332676545	0.000654990750182097	0.0007416807738523815	0.0010113828734350657	0.0007416807738523815	0.001146234033634167	0.001309981752724762	0.002003501504167283	0.001859018222616758	0.0015218936441001626	0.0010306510815527232	0.0018879456117545806	0.0023117723636283077	0.0013774488126054097	0.0018976108886261346	0.0019843311051028906	0.0014931032117709705	0.001522090249932999	0.0017149277524060535	0.0016478212767261434	0.0015133068347201939	0.0018609753091967083	0.0014955534782907388	0.01239903333891483	0.001671762482171088	0.0016637098737602096	0.0021598004383135815	0.0012412392027947275	0.0014178988952625279	0.0013341738303848253	0.003190781733694616	0.0015788174795224907	0.0016365094889111015	0.001980910090735789	0.0018724999439784853	0.0017458576685919999	0.0023915487243219152	0.0012422952898321889	0.0018531341943462446	0.0017861182261072277	0.002408266692298511	0.0017142756142057868	0.0019272519454477876	0.0014387358482072642	0.0014455462719361646	0.001672443658718025	0.001403852868582413	0.0018171163785164024	0.0019360371809713586	0.0016806403966674718	0.0018353769476655373	0.0018003241042068873	0.0018620823817629732	0.001543135187760974	0.0022351786368958217	0.0021862913795964536	0.0014442706505428291	0.0020322085704041724	0.0020391613657574554	0.001607225697103706	0.002543756276840909	0.002075535661161885	0.001775086797274744	0.0019411021092500794	0.0021965102815198266
MCW_CT_ROA_145_R2_trim	0.0008380017415024697	0.0039492070329405285	0.0011751298976066939	0.0006549904347315998	0.019524494282366956	0.0006357260101806704	0.000616461585629741	0.0005586683119769529	0.000520139462875094	0.0008668992717949794	0.0005971974486954414	0.0006935196178398676	0.0009535895663816333	0.0007513129916946202	0.0007127841203256653	0.0020227659417073533	0.001830121566306653	0.0023406291611185086	0.0028126078808502243	0.0017434344522104872	0.0018975529465433327	0.0016375038469299934	0.0075228925666404505	0.0017049542889232875	0.002215484367012517	0.0017820449244856057	0.0207396972447317	0.0019652313958817033	0.0016474902653557655	0.0021007451863544074	0.02165887512651212	0.0016295891738195025	0.002035945142181821	0.002404596893956118	0.002193714881234016	0.0018573019438986472	0.002150315583027075	0.1802708543401217	0.0018357351191571783	0.0022499567540779737	0.0017328090655871168	0.0018754364708233905	0.0024958897687288573	0.0016180576855768056	0.0018943856451033355	0.002491731535261258	0.002154293407893394	0.0015360066606264337	0.002190196679661834	0.0020717304596644067	0.002135670475772404	0.0022062444177752957	0.001799985212097539	0.0018985570420917734	0.0020325870093608365	0.004453598691914442	0.002214928822643903	0.00220342070329573	0.0020516417497987746	0.005354805915571196	0.002373961748400001	0.002743938106859512	0.002744580640237706	0.0027393979154586683	0.0020135936522999915	0.0026088251048436545	0.002857729561596552	0.002290739437358033	0.002396165454129913	0.0029897066231397923	0.002464214940351287	0.002626253091267126	0.0027415083061296283	0.0025493465089710095	0.001755077747382052
MCW_CT_ROA_146_R1_trim	0.0009075601770625811	0.0008513401137486769	0.000843308603241614	0.000811182561213362	0.000827245582227488	0.00045779609890259044	0.0007629936207308099	0.001116380229468342	0.0005220483087441887	0.0006746473702526611	0.0007148049518153195	0.0007148050666346906	0.0008995299714953408	0.0010039397003296215	0.0008674039010847929	0.0017589023549774967	0.0013011060606243142	0.002088195079826879	0.0017669345821384437	0.0017428464586002484	0.001148514488871698	0.0019356565281100698	0.002497885030303522	0.0015742607721202916	0.0019758698104201107	0.0018554331621167455	0.0015984926936834958	0.0013496152632488838	0.0018319948254181247	0.0016800817307510666	0.0014719090974679705	0.0017466817273024144	0.0017570197978250513	0.013158523558762252	0.001754424687358691	0.00174161172961729	0.0019248569940897144	0.0011642772386730887	0.0016496235510057885	0.0016750011659321842	0.0034171372418526987	0.001761451732893459	0.0018782067364555447	0.002304703732542752	0.0019893796065441186	0.0017594025326921863	0.002658047008820426	0.0015880492994400385	0.002078541468555683	0.00172130690750001	0.0022088150350774234	0.001890932568954708	0.002248408107162712	0.0016390925820574543	0.001625520166453265	0.0018055014052642262	0.0013667893225557152	0.0018892633273684006	0.0018345301822802293	0.0018664284957519539	0.0021449599301583354	0.001921595335260291	0.001644287721774724	0.0018715272771634855	0.0019685443121682205	0.0021715672500784047	0.001726029312110466	0.0024273421706568657	0.0020590841243134433	0.0017967842023758939	0.0027687581807762126	0.002590107633502044	0.0021547660732081776	0.0022335989783255497	0.0026014858688732873
MCW_CT_ROA_146_R2_trim	0.000779056081195313	0.004184416974179818	0.0012207895970735747	0.0009236237083122439	0.02033578460388349	0.0007388989666497951	0.0007308675735421441	0.0006826785575885545	0.0007228361197996458	0.0009878765064413966	0.0006425213050025344	0.0008754354186874299	0.0008674039010847929	0.0007629941722505123	0.0007308681018399645	0.0024496128688042767	0.0018633123831163015	0.002377329783187524	0.0026263073107239596	0.0020882021238300646	0.00204001759555334	0.001758956603006627	0.00803981192783606	0.001847345637404926	0.002248955159528831	0.0018233023990402522	0.02175234060566774	0.0021047564603973203	0.0018319967390458046	0.002098102615867717	0.022722364477182525	0.001770862185306722	0.0020391732434033756	0.0023573243561255115	0.002110265836898281	0.0021629663065746317	0.0022011457329043672	0.17825319199990683	0.0019927900203689274	0.0022663877695862093	0.0020820693679152614	0.0020230073251409405	0.002524980502496973	0.0019254531660014434	0.0018723163465699164	0.002340216210180162	0.002686500753479508	0.00195485120762813	0.002532421132562986	0.0023967812369312413	0.0020937207011159915	0.002573271468248267	0.001830605151302998	0.001974776002888466	0.0024271480572815277	0.004554455361453893	0.0021728836597212555	0.0024743632096050436	0.002193670072239411	0.00604592665841085	0.0029502671151956654	0.0029140648961135866	0.0029805367550046384	0.0030366243452062264	0.002615577602596915	0.0023625034957856297	0.0032316615356952814	0.002707878369945442	0.002932959689056979	0.003195465114810089	0.00264331340831948	0.0028549484088084003	0.0028513942660957923	0.0024177720965973537	0.0020629903215531767
MCW_CT_ROA_147_R1_trim	0.0006555115212049455	0.0007603937633552349	0.000904606373646745	0.000852165424449832	0.0008128352453752952	0.0004850790980465472	0.0007472840159095456	0.0011012606550245935	0.0005506303275122968	0.000576850970551758	0.0005899612198824797	0.0006555124665360886	0.0007997252091740281	0.00107504143170347	0.0008521671002667677	0.0014290188631800966	0.0013503572743811922	0.0020583123831219435	0.0017436684187693715	0.0015470173309205108	0.0007997308708964301	0.0014683731435076472	0.0022287870927530725	0.00123239655899148	0.0017437189408257832	0.0013504093247992707	0.0017175912814542096	0.0014030157495729654	0.0016391905545906187	0.0016525662977465423	0.0014298710558023578	0.0017713371666819087	0.0016931904735591244	0.01151636518827353	0.0013795267198559616	0.0016303879060980714	0.0019084504474789832	0.001040897659600904	0.0014641514391619357	0.0015061454698711452	0.003205696283856193	0.0013960055627497852	0.0015095515202586491	0.002202151609544555	0.0015114371257000181	0.0014898581966512592	0.00238954627811196	0.0014959652457354111	0.0016476571064880786	0.0014726056488879985	0.001953771578416535	0.0016581457162010978	0.0018445224496965004	0.0011477788819195507	0.001542082172140827	0.0012413099585834842	0.0011887701222069672	0.0018077564523242074	0.0017398712831999711	0.0016015419758532426	0.001857243538234665	0.0018191017529372148	0.001499436579632389	0.0010366387910235601	0.0017681726078692236	0.0015600387347599243	0.0012628957079197768	0.0020128584271840557	0.0017851877787196403	0.0014272922204932924	0.0017629940610221378	0.002125374378873895	0.0015256780591939153	0.0016154238273817928	0.0017949153637575477
MCW_CT_ROA_147_R2_trim	0.0008128342862941325	0.003644645969185436	0.0010881496958359395	0.0008652756617490604	0.018878754086135888	0.0006292918028711963	0.00047196885215339724	0.0006161815569780464	0.0005506303275122968	0.0005244099732288709	0.0006161817993268935	0.0007079535566734521	0.0009832688287131279	0.0006161822840251597	0.0006292926278893054	0.002123862897570419	0.0016518933647769927	0.002084532923034325	0.002713829794626014	0.0019009961219679113	0.0018485584849162217	0.0016781416154866252	0.006961686600339667	0.0015208307931525904	0.0020714870169551212	0.001809288651944913	0.01991622337008198	0.0016783779421276927	0.0018359011251844587	0.0018624333294773095	0.02133038083781433	0.00175826159888437	0.002047660075826428	0.002429461887324184	0.0019708819276171275	0.0020118441075913187	0.0022376903665718545	0.18106825394252699	0.0019524298385103064	0.0024709432925121167	0.0016296344385478764	0.0019016938639919187	0.002632760629938097	0.0015315225631561617	0.0016878915655248283	0.0021412788693180216	0.0024453059770613997	0.0017417925848895956	0.0021799841215406545	0.0023056327699994884	0.0021735576189619524	0.002536556579197055	0.0015702371195790664	0.001729691553099732	0.0019462271344377247	0.0035728965095173726	0.0019872830677604746	0.00197733913259321	0.00164282972224383	0.004541027267533145	0.0026471420229712793	0.00262497750775321	0.0026050596487869906	0.0026439803674507254	0.0018701688791050027	0.0019633602581202504	0.0025004451223428997	0.0018428328487258827	0.0027969080037847645	0.0025845023995444347	0.0021133126392741783	0.002493878694531799	0.0023233751475905326	0.001993605771803489	0.001723794464341363
MCW_CT_ROA_148_R1_trim	0.0008856930602794205	0.0008128967649013987	0.0007886311898297151	0.0010434197280823924	0.0010191541530107087	0.00048531150143367083	0.0007037016770788227	0.0011040836657616013	0.0006794362668762566	0.0006187726898485608	0.0006551710833690644	0.0006309054876887287	0.0008978273669671598	0.0008614289601982209	0.0006187729150719615	0.0018320533629826701	0.0011890147653794813	0.0020383115209734975	0.0016621945141271975	0.0016864611505474749	0.0009948913542242722	0.0017228685810405835	0.0022203184373423106	0.0015408815905295233	0.0020504684592452405	0.0019291462205477611	0.0017593024329454012	0.0016501351836849193	0.001540974325305019	0.0016745416639920515	0.0015290521733231607	0.0017719700313747928	0.0016388151051166355	0.011985029277714379	0.0016275834090949117	0.001494461925058931	0.0018597500495933347	0.0011187087377353955	0.001605877316325957	0.001838806563394744	0.003171977675621119	0.001444311627614357	0.0015126667392254779	0.002151492789778876	0.0019019742368266218	0.0016724639175270599	0.002202385183153355	0.001253298210904271	0.0019949513928211107	0.0014072296422872508	0.001889106905819205	0.001795161231394639	0.0018685990947336522	0.001496436562472901	0.0013127899721379634	0.0017463712668888654	0.0012851157889325828	0.0014310825137458729	0.0018237121661141254	0.001760752360353752	0.0020251666810170415	0.0018734768993092633	0.001486467359018437	0.0016000027504179512	0.0017819366939063616	0.0021781912807403926	0.0013946750769149893	0.00193536811306313	0.0018843866853005592	0.0015367263442210397	0.0020810926114590636	0.0018928113204823701	0.0018071463813784912	0.0019052085881199599	0.001779128608023786
MCW_CT_ROA_148_R2_trim	0.0008735602786317572	0.003797562498718474	0.0009827557904031835	0.000897826277652291	0.01891501576837732	0.0006673033144712974	0.0006794361020071391	0.0006187721643279303	0.0006794362668762566	0.0007886318596109108	0.0005459759028075536	0.0007158350725699037	0.0009706241805050377	0.0007522337398914042	0.0006794369263535264	0.002196037474833532	0.002014045418908101	0.00243869414116472	0.002584287821234256	0.0018199221049073472	0.0018199232089468394	0.0017228692081414064	0.007267602339124525	0.0016379457927299713	0.002365926580566352	0.0015894237077226944	0.01984981118413102	0.0020141399907373826	0.0019535266920301573	0.0018929736942182517	0.02110360059706564	0.0016263614253285888	0.0017845499492495846	0.002489418151331365	0.0020528313767866316	0.0020535298111773264	0.002212466837310263	0.18142132750112858	0.0018980988593155894	0.002326275624200038	0.0021476119592212417	0.0019221714023501422	0.0023621948431810204	0.0017443224161018032	0.0017041062118403041	0.0023729275444059044	0.0022914923525512326	0.0018561422065793468	0.002460878621556418	0.0018608410272194522	0.002029093162976889	0.002353162352894143	0.0015266989105476576	0.0013313528606100438	0.0020096424189138267	0.0037292313859882678	0.0016242457002967822	0.00197956593068055	0.0018647600386357418	0.005222638466508002	0.0025113241754583723	0.0023346650542612887	0.002699927668279248	0.0025554797297494118	0.0023439152227172264	0.0020879897624255803	0.002888151820603592	0.0021946258862989908	0.0022654974182769	0.002768876851703278	0.002370026077058351	0.002401972565379032	0.002316959172230528	0.0024292965866417053	0.0019799469289969967
MCW_CT_ROA_149_R1_trim	0.0009641081691040939	0.0008084141178567181	0.0009162026669042805	0.0011257915122745408	0.0009700969995199217	0.0005868488021787181	0.0007425433823485821	0.0010778859423013643	0.0007485319940239601	0.000664696609711948	0.0006287672138498374	0.0006467319913884043	0.0007964385185692635	0.000808415037645493	0.0006587086675281777	0.0016827012325037996	0.0013772999411952808	0.0019821147379752106	0.001832408296498034	0.0019521778699919002	0.000844348387007143	0.0016707479225836494	0.002371386988319362	0.0015929160508089918	0.0019582172725303077	0.0017546351712248455	0.0016589244204814045	0.0015093196897222037	0.001887008336982548	0.0017979245478189796	0.0015170608786336905	0.0018962179512913213	0.0015982889415589853	0.013733829949908233	0.0017116995326035668	0.001563982273257292	0.001955315057857046	0.0014500394665553555	0.0014174478091762408	0.0016630413994591202	0.0034138055159318847	0.0017369712576405572	0.0017436272986392528	0.0023219203820736434	0.0020650392897344602	0.0017495427597549235	0.0024997922658661744	0.0016191975440011652	0.0018341857812076972	0.0018830383537109228	0.0024023613263977955	0.001968001904555873	0.0021986152187693673	0.0015895685841076795	0.0018614692952637032	0.0016218875527338717	0.0016338881745259328	0.0021243263693643813	0.0021819720544565884	0.0018887498962683173	0.002543494400906622	0.002123438355273782	0.001781931975994169	0.0014154721147427356	0.0020457752535705583	0.0024322498253202397	0.001790035838865082	0.002374269565860853	0.002062813981215039	0.0018750592849626866	0.0027486600029851256	0.0025323892066906337	0.0022133110020589137	0.0026196193019537867	0.0027693118334940034
MCW_CT_ROA_149_R2_trim	0.0008383549296557337	0.004089976611082507	0.0011437562704491346	0.0009281791723540098	0.022000841828618473	0.0007245786664878175	0.0008084142146764907	0.0006826611376703554	0.000616790400010731	0.0008982387155617522	0.0005509198775065582	0.0008623093734885258	0.000994051142853413	0.0007185911876048769	0.0006227791411384607	0.0021797269939846124	0.002053973759557041	0.0022875165133840977	0.002640824195842085	0.0017545643524501803	0.001904274857523712	0.0019282463599409572	0.008251945674651052	0.0016048922865762737	0.0024612437940426403	0.0017905646584575766	0.02327285584891305	0.0019824808585783204	0.0016833364903380678	0.002013688165165101	0.02424931752322604	0.0016922299402042749	0.0021151014155075874	0.002551893721811806	0.002127686633830374	0.0023068754248017492	0.002173426608650504	0.18137568102345106	0.0018860880683878498	0.0022502702923168374	0.0017040646077573591	0.0021072840908706054	0.0026353840382932203	0.001737018549779004	0.0019848243302196798	0.0027286631803630514	0.002696294236950477	0.0020705502677489116	0.002493747212245659	0.002104947397007778	0.0024322028858484186	0.002769646787018717	0.0019512268621409254	0.0020714935258844755	0.0025420200714067827	0.005098173026255017	0.002185476557343902	0.002640375166099	0.0018861177401352856	0.006559707233509755	0.0028041678735373785	0.002780954206604259	0.0029872917043979445	0.0031172198055896957	0.002358204941914406	0.002637532140109943	0.003557479708890357	0.002835895174605372	0.0029874788665844895	0.0037409639880928735	0.0028796116498947875	0.003015544669633702	0.0025352172289065896	0.002664126579528959	0.0022988834194322466
MCW_CT_ROA_150_R1_trim	0.0011262931733450946	0.001804629296505585	0.0013182756391493054	0.001049500994274204	0.0006655372158812027	0.0011390925425659045	0.000755128764172903	0.0013182756391493054	0.001049501128597677	0.002099003331783825	0.0018302285149090671	0.0008831172554456337	0.0007935257513824947	0.0008703185660324135	0.001395069466140192	0.003199701019936697	0.0037244519872063155	0.0028029388109498407	0.002802939169692625	0.0032509028934827587	0.002790147859918195	0.0016254739152393428	0.003110165120330113	0.0031742163525387075	0.0023806753668831927	0.004313474115571411	0.0024960115016209993	0.002624223709822815	0.004609374109734601	0.0021266090808257495	0.0023849630388429696	0.004956736423100858	0.0022401837465656953	0.004430912578094834	0.0027733732837322868	0.002548667521510559	0.0014745149661311743	0.0061753738129086775	0.005156112794756142	0.0038092697326762583	0.005067186099790849	0.006588264518820431	0.0028979367380410083	0.007712608671717552	0.002266229361877751	0.003514603325111337	0.0028895592398773626	0.0035237569567619837	0.005118414910935761	0.006688934411230768	0.007425197734724403	0.007153763756190255	0.0056006639214780446	0.003982191108183803	0.003110189548010415	0.003991381441842393	0.005965860140051721	0.004075810812193948	0.001935216329539695	0.002988619855350799	0.002864994708186245	0.0035300266725778796	0.0036418242595086486	0.005354535968747027	0.0021779464430641653	0.0059474952578778915	0.0030292985096716848	0.00417501945229458	0.007700222995795057	0.0056116697691077355	0.010371750598179443	0.005652241170833155	0.005103284273442556	0.4166092348459881	0.01845767302637635
MCW_CT_ROA_150_R2_trim	0.0012030858897095328	0.008306414279660458	0.0009087142755301035	0.001497458735732706	0.0020862031959353084	0.000755128764172903	0.0010878973721135043	0.001023903409048004	0.0010111048752533363	0.0014590634783484579	0.0015358562929983766	0.0014334658734651516	0.00243177277515189	0.0013822708406126532	0.0012542827998151852	0.0025725599492860125	0.005145119898572025	0.004748358136785223	0.0029821228772852594	0.005298715061597562	0.0045179922963751755	0.002559802751839154	0.0027645922795944806	0.002611050271933206	0.0034302212991911976	0.0035454978896607777	0.0020992128975640427	0.0029698573559590376	0.0028040495597194052	0.004419811928675252	0.004334094022399572	0.0023115416171879044	0.004841237662408395	0.0033589938934782937	0.005015810820724035	0.005006673831195245	0.005520172511263501	0.0027216556249883054	0.0030967186591733076	0.004139282369715428	0.009510304448122352	0.0045632787022467395	0.0036157221535572355	0.0030847710654134195	0.003631313601549903	0.00523258468337971	0.004031032330834645	0.007650182648110723	0.003282685315983654	0.00706769809989546	0.004966598846724707	0.0042439993556693915	0.0036227401338958286	0.002995822824375213	0.00250559038402463	0.0077425385473480915	0.006353264164944417	0.00682666246115054	0.0028896723111599145	0.008453187231608988	0.0037586793235050413	0.0037717188936013265	0.29740674551466634	0.005169989246422368	0.005317360174984263	0.006282920546863711	0.005803337872063251	0.0033018621842346644	0.007162998707100978	0.004417918989718359	0.008963157349132634	0.009335668323479528	0.010634372741246028	0.029550593328383428	0.01920428486003797
MCW_CT_ROA_151_R1_trim	0.0011238174778460087	0.001833598022080069	0.0017153013754942583	0.0009463731726864873	0.0006802057178684127	0.0016265788905548998	0.0008872248493935819	0.0015970047289084474	0.001064669819272298	0.0024842317823741984	0.001508283582155763	0.0007985030729059922	0.0010350965759892492	0.0008280775056885968	0.0013899876527692545	0.0031644418471704714	0.003194017014646934	0.0025138096874536054	0.002809552003624618	0.003874234653816432	0.0031348880209126607	0.0016266178563010296	0.0028983449858631743	0.003253301139453937	0.002011141130350042	0.005175885460908164	0.0026030150605127053	0.002366704257819295	0.004143067213275334	0.002339513102902151	0.0021343299863877175	0.004838355873244575	0.0022017322277067173	0.003669906527779104	0.0026920098455773416	0.0021305403050213534	0.0019582377186108803	0.006077977732829637	0.0052242128903200805	0.004320422114432967	0.0050179164551194125	0.007022465154624101	0.002571051165921618	0.008518110585323365	0.002299714068884102	0.0038584683545069935	0.0032151662880130463	0.004281903223487457	0.006147819764962902	0.007463599902892948	0.007201568632585789	0.008606647116077091	0.006130439883318765	0.0045469983315300005	0.00298312869559519	0.00470350052914381	0.006540322406247907	0.005487839324672949	0.001960296375030834	0.003303471783671049	0.0034097680351575033	0.004066155781873078	0.003561503001753447	0.006224491256768357	0.0019027685282085433	0.007503393736800223	0.004557742322340628	0.004732845437646217	0.010114747005813395	0.006418863696922155	0.013389453044625459	0.006264535074822525	0.0068461833750217	0.4353846617781657	0.020783056674173017
MCW_CT_ROA_151_R2_trim	0.0011829657661536932	0.008635655200764196	0.001064669819272298	0.0012421147891510144	0.0019814688303123325	0.0006802057178684127	0.0012716889507974672	0.001094243980918751	0.0010055214959793926	0.0012716900790725062	0.0018335996488952414	0.0010646707638746562	0.002395509218717977	0.001389987241691573	0.0011238198043666313	0.0023955120525309174	0.004731877058736198	0.004791025521970401	0.002661680845539112	0.005027632756861018	0.004791055277243878	0.002040666037904928	0.0026025954975097895	0.0028688192472336596	0.004022282260700084	0.00340129414805863	0.0018930990623243706	0.0023371163061492195	0.003077700697158394	0.004797525187747594	0.005039500792980271	0.002077886302810965	0.004820183357394578	0.0034611905063124952	0.004935541823781415	0.0057017025283749734	0.005362666920539738	0.002812180794800913	0.002915820268838629	0.004167123722516134	0.009349685725897132	0.005963713687877181	0.003672633471847261	0.0036976894673408553	0.00422920697629566	0.005551254696852401	0.005373629627796897	0.007526501517452468	0.0042740945152682135	0.008326021378661046	0.0046932473149524	0.004500964973238188	0.003692953756305499	0.0036038966439405564	0.0026272514084986717	0.009606133287386538	0.008647504146871307	0.008338794531033679	0.0038942073665422685	0.010005976247015293	0.004217840354742573	0.003922088005970668	0.30518292718837126	0.004876618466334357	0.007869969885982998	0.008525614355770476	0.007338683045101853	0.004401383044429437	0.010682963307679589	0.005696260589866279	0.00952368097018563	0.01020120926515244	0.014481661685730143	0.03592099323164348	0.024999069613914043
MCW_CT_ROA_153_R1_trim	0.0005786640879851802	0.0012094086437303764	0.002725509746995733	0.0008043436408331357	0.0006365309387888125	0.0015797540571758706	0.0011515423347179424	0.0016723403755451527	0.0014408752466486196	0.0025750613009255987	0.0015276769051302806	0.0010589579159708212	0.0007754118073228965	0.0008911449128934781	0.0016723433754949038	0.002766021223136899	0.00560727026278828	0.0026792224792205463	0.0020774110481811803	0.0032173954154082803	0.003130601701068276	0.0022163491220913815	0.002847121057156881	0.0032290859395181786	0.0020080635034168907	0.005462953478668729	0.0035939199208666287	0.0024598417806615228	0.004526913775954354	0.0035326642004037544	0.002288834981835342	0.004477088528452333	0.0027877627437346776	0.003607621577719981	0.003928667292883021	0.003171316256272256	0.001434312273901892	0.004886740834838367	0.0038394773889178337	0.0020245828031346443	0.003965158208326321	0.005381783738402256	0.0026526928836256907	0.0064066516609477915	0.0016300220376442491	0.0037128059051244893	0.003302721611644928	0.004096155215230055	0.005179773300779641	0.0024249042823545333	0.004748978520030466	0.005012279409954198	0.006896294498700865	0.0033312896747833714	0.0028951512379709688	0.003657025865684082	0.004793843639468337	0.004388872297923219	0.0020644232166686484	0.002294134449107759	0.0028491073974452395	0.0028546442760238426	0.003263364411881762	0.0035167401993491574	0.003064639323976238	0.0050889651903215155	0.0036595643761757504	0.005181040165232077	0.005510129582431666	0.01058966394098916	0.0055820735106615026	0.007725299834389429	0.007535891833445391	0.007146884211790948	0.005826067635940975
MCW_CT_ROA_153_R2_trim	0.000729116750861327	0.00428790337322588	0.0017764999837105945	0.0018459398293055387	0.0032000148138117963	0.0009142899468033704	0.0013598616297391902	0.0009721563991326975	0.0017475676693500125	0.001116824404129334	0.0013425039469326706	0.0009432248104002397	0.0010415979501352342	0.0017244235723610085	0.2645890718880361	0.0030611411737549448	0.005300577155311019	0.006463696190307882	0.0051038355671486815	0.004368943696467781	0.003807643630480569	0.0020658925992782916	0.0018922938733542684	0.26494715668773694	0.003472154105310087	0.0033738336113225626	0.0021818149830154098	0.0038026290810255175	0.005968370069972916	0.004580927381239603	0.0025032851271312474	0.0020646359811883827	0.0031770752472557355	0.0043643796095486345	0.006015872810458385	0.0030197174700935534	0.0025703137428001207	0.0029570093089469245	0.002663876006627582	0.005165360607696705	0.010190433275938325	0.004714596149137109	0.0021334177082716946	0.0024469989674660592	0.004040529107603794	0.004594085224656237	0.3247479493204163	0.009800553502287986	0.004593991085948513	0.006097311237681515	0.004727882085288995	0.0038779211537024504	0.003818429554095334	0.002650362310838278	0.0022854057712871933	0.008260750743157423	0.0031358662109306386	0.0029253534864318075	0.0021165485727632624	0.01075179898346079	0.003456357635629562	0.0036753368553649056	0.003769608095498192	0.005073700461746442	0.0075269164315992275	0.0063404988410196384	0.005149225649550914	0.006487224064315322	0.006964058977481796	0.00437992892001067	0.007025099801294965	0.013266838806159415	0.004428620235629877	0.014067916847062465	0.007802374049631283
MCW_CT_ROA_154_R1_trim	0.0007869557646441378	0.0010874305618353082	0.0030333589356458593	0.0011732803430328322	0.0007154149456763969	0.0012877469022175144	0.0010015809239469558	0.0015309879837474894	0.0014022134941586361	0.0024324118594100286	0.0019173131517523313	0.0011017396469024591	0.0008298818119525016	0.000972964882978795	0.001559605474186598	0.0029045863418337555	0.0056088563842307	0.0024896454358575046	0.0021748629907857348	0.0031907570493195174	0.0027615111733174493	0.001945952875889415	0.0026184542935209997	0.003348205662245032	0.001602562497433396	0.004893579666403815	0.003448511716783606	0.0022323386595121167	0.004021430072053723	0.0034639321641846592	0.002190513701233689	0.0044969714902032614	0.0030665699311927625	0.003369888255939428	0.0034580294942653388	0.0028288632507400997	0.001264840495708238	0.005063620361968299	0.0036429893477839537	0.001774447778867452	0.0038080019876901633	0.005228697246049531	0.0025258848123098704	0.006224588488008923	0.001211424359859439	0.0036756719625467105	0.003436720067038751	0.003826768855568328	0.005052373481796009	0.002349691458047632	0.005178903537252405	0.00512057251702359	0.006039859962422109	0.003224709390762733	0.002480045963518524	0.0035282798849716607	0.004873376132979266	0.004115345019833047	0.0021927879690982572	0.0018724161674506664	0.00220512641254681	0.002068034392396724	0.0032235267862677757	0.0034864106718196595	0.0029655265958029374	0.004793070240234799	0.0032841851603067226	0.004860925987506561	0.004719375430276998	0.009618363372443407	0.005113183346621832	0.0068745449768417045	0.005906941288255122	0.005798557044433927	0.005166315622143623
MCW_CT_ROA_154_R2_trim	0.0008012640512740313	0.003992014825684881	0.002131936233071854	0.0018171537020142648	0.0028616597827055877	0.0007726481413305087	0.0011160473152551792	0.0011017390163416514	0.0016597629114530796	0.001158972709483602	0.0015596052510334889	0.0010158896589300707	0.0009586564387086583	0.0015596052510334889	0.26517585553302947	0.0031621363221292598	0.005351307622064901	0.0062241144802091765	0.00475035931746494	0.004049256703844949	0.0037917127753248495	0.0023895156637759726	0.0022321246521426895	0.26432216025022826	0.003620074212952225	0.003376854694514843	0.0020891407750340237	0.003462988877080065	0.005796022926490687	0.0043227830707218765	0.0026057452961286355	0.002463357556349304	0.0035108968206178206	0.0038719547434457125	0.005639329169509051	0.003302936741581102	0.002687973818272559	0.0027621730187774537	0.0028656752870211406	0.005309404846014996	0.009991763311635279	0.004632269877791107	0.002379642947795922	0.0024755491346102818	0.003784639360518612	0.003947601764125973	0.3076938918219749	0.008642259952496428	0.004368380172668217	0.005966764663018954	0.004536152368132059	0.003887421507252046	0.0036123713754446563	0.002879130332723629	0.002734728765785109	0.007746803040339512	0.0033566691771754887	0.002641181265890635	0.0020792442207163224	0.009639643424379115	0.0030384173570081586	0.003594824240999644	0.0035216524585350226	0.0044385182624168806	0.00672577028612	0.005578017847956498	0.004638750063975382	0.005689845653911958	0.006068249882255265	0.003923789973178216	0.006577608051964145	0.011947977594563775	0.004542571221996904	0.012939993720031021	0.006641926846505432
MCW_CT_ROA_156_R1_trim	0.0009120613079243652	0.0007781808791921043	0.0009287965332292858	0.0009455316059000837	0.0009287965332292858	0.0006108301524841249	0.0007781808791921043	0.0009622666785708816	0.000577360007142529	0.0006191977924427244	0.0008534888490426743	0.000543889952821312	0.0008451213113069617	0.000870224070146754	0.0007530785222423834	0.0017488156794295347	0.001238395999378459	0.002100253553319413	0.0019078005193735887	0.001740463140588755	0.0008535014184440484	0.001732178870982548	0.0021422187210335003	0.0015481345146464403	0.0019665665279832794	0.0015900421185419916	0.001406087774192347	0.0015402329351189433	0.0019008390068911696	0.002028065408293983	0.0014597457492035997	0.0017391485531964375	0.0015918979972407103	0.013289449706107157	0.0016011179700331712	0.001666159026548289	0.0020150569151117996	0.0011314239810798481	0.0014897012132970558	0.0014854689860136579	0.0033214306567872953	0.0018425573752398046	0.0018006686231418349	0.002233155612185671	0.0019392420087838427	0.0015477129149434228	0.002729007005317665	0.0018090760357947074	0.002089954748609406	0.0018324370407035663	0.0025675766870398953	0.001982326740853107	0.002492288725599616	0.002033202833703835	0.0016748585272059007	0.0019683223127787176	0.001611437337647688	0.0019505005667841428	0.002429272940170601	0.0021029936041437967	0.0028035265134346166	0.0022574446713018535	0.0017509404009069872	0.0017817292573307024	0.0024135630340008213	0.0027200317508108774	0.0020870463173453895	0.0027802297859918124	0.00259244730085729	0.0024688731373169086	0.003209425072762251	0.003509104633287367	0.002071832788239339	0.0025800181891282334	0.003088203590017128
MCW_CT_ROA_156_R2_trim	0.0007614456790928186	0.0039327420776375166	0.001112882332608063	0.0008702238516977899	0.01924533518177805	0.0006526678887733426	0.0006359328147022312	0.0007363432591288992	0.0005355223702755631	0.0008953266126380288	0.0006191978442543377	0.0008702239973304206	0.000995737073868462	0.0007865487446012632	0.0006443005673861412	0.0022759708354419535	0.002091885309124586	0.002259237079067524	0.0026776149880837763	0.0018994477543925357	0.0020166061238554296	0.0018325951907681387	0.008585610967892074	0.0017657095851251938	0.0024770349155644905	0.001790888045311811	0.020773248608832614	0.0019504026828165589	0.0018757212420322667	0.0021370200253023174	0.02132593094777655	0.0016299467939996787	0.0022910290881518925	0.00252613685663244	0.002016250299684262	0.0021082191388383867	0.0022285073910027213	0.17880528652002192	0.002058008632958724	0.002571242528629396	0.0020316208536164176	0.00229608767533647	0.002601641466092835	0.0015340139569703186	0.0021534549980716322	0.0029763944381462335	0.002780445526906869	0.0023657515406683097	0.0026067669903770533	0.0023435404937571986	0.002836409835807042	0.0030969116805030315	0.002149805708289723	0.00209163582553842	0.0024593037829352725	0.005845394626133874	0.002318018769807889	0.0025960794093876785	0.0024202332646598114	0.007209535542649026	0.00361112642144243	0.003290308700931038	0.0034713545959664392	0.0033414144888483065	0.002550114269797812	0.0026724445940105577	0.003768550296276097	0.003385702409166568	0.004064703635653575	0.004044311206858574	0.0033748808530239386	0.003472482710007212	0.0031324669694977486	0.0035410496176931073	0.002218020090203375
MCW_CT_ROA_157_R1_trim	0.0007650442009649568	0.000714994580341081	0.0009723926292638702	0.0009151930628365837	0.0009294929544434052	0.0004647464772217026	0.0007364444177513134	0.0010510420331013891	0.0006577950609457848	0.000664945007260413	0.0007578943093505783	0.000664945007260413	0.0008222438849722275	0.0010081425745258675	0.0007149947337062889	0.0016373380572562103	0.0015014892628502814	0.002152134610085403	0.0019018869435461325	0.0017159933728335942	0.0008508484782574966	0.001723171066627875	0.0024310363257602978	0.0013370852756522849	0.0015515985898614402	0.0017947384133010853	0.0013801422275896008	0.001494741264220693	0.0018027520297414024	0.001732193569052429	0.0014039820943573388	0.0019431160310585947	0.0016950533029621918	0.01341602807980435	0.001521669365045596	0.0018146365402298777	0.0018568363237222952	0.001098528393903473	0.0015039708480804	0.001579573745779875	0.0033669438065254496	0.001642473486352824	0.0018243211351717935	0.002300815671111182	0.001980616422071496	0.0018157253923816196	0.0026122496924844297	0.00156885164025163	0.001753877197338969	0.0016994087546706364	0.0024865033927894773	0.0019587151807771695	0.002678811358197494	0.0016410411653245685	0.0018177111381348604	0.0020143806221517326	0.0016466796121555583	0.001987860655857949	0.0020379730148775248	0.002174390440470923	0.0026584952763571484	0.002302244176462234	0.002027100050028374	0.001736464726769622	0.002290411863315491	0.0024699871610566354	0.0017572966970080496	0.002453361912847546	0.002463228173908601	0.002062589203698682	0.0032632014739058623	0.003048903467264288	0.002214843173585301	0.0025957397703165307	0.0028073489907227698
MCW_CT_ROA_157_R2_trim	0.0007650442009649568	0.004061169216337339	0.001201190894973016	0.0010152923040843349	0.021821634592009795	0.0007578942551615458	0.0006148953390933297	0.0005362459352558107	0.000664945007260413	0.0008222438261822311	0.0006363452220019006	0.0007793441482944625	0.0009795426451040493	0.0007435944698879275	0.0005648458396279682	0.00199483544967023	0.002180734249646882	0.0023094333201178455	0.0025239328536621588	0.0017302931938917218	0.0019233462850566504	0.0017517716667878609	0.0076863665022570745	0.0014014370736163456	0.0025168779187650482	0.0017017833473921137	0.022897515383597744	0.0018380355933804685	0.0017884550931445298	0.0021187417308230253	0.02401866593466923	0.001649204814387376	0.001968112554202107	0.0025265254581270874	0.0021997928300024625	0.0020607069815667955	0.002212612792471139	0.18079047042268342	0.0018548356002248002	0.0025279678489521576	0.001598540109081403	0.002142888080060116	0.0025944258372499586	0.0016068998520852684	0.0022455970874029983	0.0027766636064468072	0.00246100923938066	0.002027791092647186	0.0027378814846722964	0.0022800107511276187	0.0023470814220326224	0.0025967031312789596	0.0019536794748584354	0.0020979993883896717	0.0025910625947701154	0.004818573004315403	0.0022067511453038443	0.002396645463277959	0.0020743639038324894	0.006482556989318416	0.002883419406508963	0.002953909097404651	0.0031050745822932663	0.0030588073357258696	0.0023946159309543493	0.002703521674921795	0.0034529649267005884	0.0025043894940730963	0.0030007203039087594	0.0037398141272734073	0.0028172184654117003	0.0032342427489432655	0.0028316244930111523	0.003087751331574975	0.0018213464075649624
MCW_CT_ROA_158_R1_trim	0.0008936768302095266	0.0005687035694157256	0.0008356460611822907	0.0010097389905952677	0.0006963717176519088	0.00046424781176793926	0.0008820708423590845	0.0010097391077875605	0.0007195841917566523	0.0007311903883978888	0.0006731594051917071	0.0006267346186267618	0.0007892214632026652	0.0008936772450971358	0.0008240400571674888	0.0016364739163467032	0.0014739873155847464	0.0018453859084939283	0.0018453861226731452	0.0017641439369680656	0.0008240423525271754	0.0016829153107108504	0.002506964952165716	0.0014740092133700296	0.0018918427685993098	0.0014392014567504293	0.0014740550639652846	0.001183930992144618	0.0015670729874110645	0.0014744060523555786	0.0016256248640716352	0.0017653997445745318	0.0013943264392411797	0.01204412801094481	0.0017214464663298447	0.0016643900604022283	0.0018871221387384237	0.0012357626445040797	0.0013885748064921823	0.0016714722467813055	0.0032483196102579353	0.0016621580139357215	0.0015317670678629805	0.0020468599253554475	0.001797484101313442	0.0016385517484378837	0.0024740185397830712	0.001527278476504287	0.0016279974431871733	0.0011408849366017601	0.0018834635836624675	0.0014725171381196327	0.001994114371432716	0.0015451430500973064	0.0013548270525281642	0.0014912302279759635	0.0014084323098469136	0.0017338260995539828	0.0015700350825626113	0.0016375059520762607	0.0018484694543654256	0.0017385918210672438	0.0016306450649244595	0.0013264370862353524	0.002169383047303265	0.001743795449332825	0.001497803578038776	0.0018914510971355383	0.0018014152133010047	0.001387572977245285	0.002500243942719817	0.0020310314340963014	0.0016293441510548106	0.00195240376721223	0.0019102655564090885
MCW_CT_ROA_158_R2_trim	0.0007195839412076707	0.0037952258612029034	0.0011490133341256496	0.0007776150847112981	0.018918098329543522	0.0006731593270635119	0.000603522155298321	0.0005687036354205801	0.0007311903883978888	0.0009633143212226153	0.00048746025893192587	0.0007311903883978888	0.0009052834430854102	0.0009052834430854102	0.0006963719601187778	0.0021123287693491344	0.001926629536878881	0.002356059285415343	0.0025881833529439483	0.0019150248906810942	0.00200787784489016	0.00199628621126813	0.007068250047527888	0.0015204354062748485	0.0025185888103161397	0.0015900862186531042	0.02023055638092408	0.001683041695094595	0.0016947661211144873	0.0018110923835902956	0.020982442792943118	0.0016260570532315327	0.00201021514647148	0.002255460160958473	0.0021751819417558395	0.0019554815990345505	0.0019571571314087725	0.17743974696968495	0.00179715342567201	0.0024899513512603596	0.002333981218371036	0.0017804266963545939	0.002648892715331221	0.0017244129451679793	0.001701873726763087	0.0027688848267783226	0.0021096218021243035	0.0017726839670026496	0.0025107958095920238	0.0019025863513365056	0.002093963792163501	0.0021296058297711963	0.0015339751169281886	0.0017597552029676511	0.0022931040533337994	0.003838560598437973	0.0019472537636764152	0.002004689688814333	0.0017511959960448723	0.004837937480172519	0.0025350293196834935	0.0025575440929689348	0.0026368657326244255	0.0029177344764368626	0.0022374382735131926	0.0023450576444482224	0.0026239287576567513	0.001960703473547357	0.002409263307848532	0.002940575422050134	0.002314385285057151	0.002252762398692251	0.0025051482203314454	0.0027021823500204354	0.001688863968762772
MCW_CT_ROA_159_R1_trim	0.0008973736454882388	0.0006638106418680123	0.0008973736454882388	0.001143229438772688	0.0009957159628020185	0.0005777611142184552	0.0006761034315322348	0.0010694727007873532	0.0005531755348900103	0.0005040043762331205	0.0006638106418680123	0.0005777611142184552	0.0007498601695175694	0.0008236169075029041	0.0007375675611886049	0.0014505495370042561	0.0014505495370042561	0.0020160184962321353	0.0013522075279605785	0.0017578708668061246	0.0011432314062631381	0.001634956098970162	0.002470874717923836	0.00141369305552175	0.0018439492771350045	0.0014997553677719782	0.001364545445940213	0.001376865052841499	0.001585927390097076	0.0016968225644940125	0.0014881583794078236	0.0017840260521939585	0.0014036065794181534	0.013740739481001794	0.0017021112840357503	0.0013455640579841822	0.0018532887226145702	0.0011498490730361877	0.0013858187435697082	0.0014498414344359398	0.003554571433649388	0.0017491789791166772	0.001737303365269921	0.002108530109365392	0.0015889839331939897	0.0015875294015607866	0.002360646313831325	0.0016262893710020114	0.0018121324483695435	0.001659661024036988	0.0019808754997447165	0.0017289568464249462	0.0018238996892447697	0.001304338121016222	0.0012361646348512303	0.0014111247595950318	0.0012405976482679603	0.001660940344144071	0.0018871011226725349	0.0013072833483809992	0.0017714702896535254	0.0017794594058371035	0.0014671059332303162	0.001480298086486985	0.0018833566764131571	0.0018713136752557065	0.0014750277078843443	0.0017752842288737507	0.0018100503709058097	0.0014756048578092402	0.0021920840290978417	0.0021080714017239536	0.001619456926687185	0.001927924912722839	0.0020204653085335355
MCW_CT_ROA_159_R2_trim	0.000872788066159794	0.003982863851208074	0.0009342520144809062	0.0009219592248166837	0.02067647221522216	0.0005900539038826776	0.0007252745901891246	0.0006023466935469001	0.0005040043762331205	0.0008604952764955715	0.0005777611142184552	0.000737567379853347	0.0008850808558240165	0.0005162971658973428	0.0007498601695175694	0.0019299679772829246	0.0018930896082902575	0.0020283107932686636	0.0025569008787871637	0.0018070416355914919	0.0017578712989894454	0.001561198105221802	0.008076438263681327	0.0018070676258794703	0.0020406379525959805	0.0016841527617523745	0.02198026717826107	0.0016104421561140498	0.001905577292796746	0.0017214239323667293	0.02282688318096553	0.0012672964432771645	0.00210546586325701	0.00241550180324604	0.002257250863336782	0.0020122905273460404	0.0023353128713796164	0.18397840977070148	0.0017695650161698643	0.0021564253606032734	0.0016283944254713706	0.001887004425462763	0.002455655582592953	0.0013088148681369022	0.0016923157199591845	0.00223402222141872	0.0019726044179331024	0.0017964385215779603	0.002321900149162518	0.0018698278176245784	0.0021001741044332574	0.0022846653394477845	0.0015187279134996528	0.0019376308910034183	0.0019710202925374725	0.0044829702652945036	0.001875932448776009	0.0022438201453496825	0.0016939964764873287	0.005761547100647548	0.0023170549059659557	0.002201363022289151	0.002371754772415306	0.0022935848431935874	0.0018851804239986636	0.0023815692101438585	0.00273407441858153	0.00211523165091627	0.0020038568350377903	0.0027630664600227874	0.0025365395192857108	0.0024407621047575095	0.0024875706446886967	0.002379415399267449	0.0018077376734694256
MCW_CT_ROA_160_R1_trim	0.0009967600494729242	0.0016812832226068225	0.0015251640662219033	0.0011288615923217237	0.000720549952545781	0.001369044909836984	0.0008766691089307002	0.0012129257534520647	0.0011408707581974866	0.0021496409499155277	0.0018374025996484675	0.0008526509819717158	0.000984751838333531	0.0006725134505692406	0.0013810544074189762	0.003014301358801418	0.003662796471850328	0.0028221546586387775	0.002810145827353767	0.003939012556803443	0.002666039947125943	0.0017893796833110202	0.003170446443293503	0.0036508315849773086	0.002257754094310952	0.004635624873225867	0.002786227533188233	0.0026181641745066475	0.004443959745891979	0.002642678830677081	0.002414893041864153	0.0052394689678029824	0.002320252279948416	0.00402942369378112	0.0030804967493539386	0.002672669820176273	0.0015058762302255864	0.006413185895957632	0.0056943376085905354	0.003817919089112164	0.004737772185617917	0.006537043306268513	0.0027327322874525556	0.007763466312418917	0.0022376971411181327	0.0032751600734485897	0.0026229248146759296	0.003497628343773586	0.004852616581277421	0.006024898366153662	0.005942961759258602	0.006761394095049157	0.004986870684802467	0.0034994107173133408	0.0023545839521704644	0.003534311290357417	0.005023207349452043	0.004076643537101744	0.0014939707044243744	0.002358035967996948	0.0024304928840348096	0.0026130420662443493	0.0030563084619529813	0.004561915108158553	0.0022026548517348147	0.004981460482101366	0.002571541098452345	0.0034355172046976346	0.005130912962290417	0.004255415883041766	0.008413586899836597	0.004769127920073905	0.004017172110247965	0.37184852486694564	0.01520167287762899
MCW_CT_ROA_160_R2_trim	0.0012969889800370578	0.007986095307382406	0.0008046141136761221	0.0010207790994398566	0.002173659023513106	0.0009367149383095153	0.0011648890899490128	0.0009607332700610413	0.0010928340946944346	0.0014891367474275162	0.00150114591474548	0.0013930635761791412	0.002341787908232177	0.0014290910824596363	0.001188907707256336	0.0028942096711997677	0.00517595173563112	0.004815676672826169	0.003194439273829496	0.004623536080394285	0.0044794280166726	0.0025459639565961183	0.0028221783830503088	0.002798171268977876	0.0036508386000282944	0.003566791228143496	0.0022818272872916633	0.0028463575810572382	0.003338982379060977	0.004504586209311424	0.00437329220836719	0.0020429468282229016	0.005085467105563717	0.0034522187662612133	0.004933861585447082	0.005128938627553814	0.0052528392740817074	0.002965714174112498	0.0029318468668631447	0.004229066032516202	0.009573530714491987	0.004796877208587579	0.0035301125958830063	0.0030371180268510866	0.0037680919712903727	0.0050394231698672005	0.003828969835124559	0.007110801899603532	0.0036059339551762237	0.006152978458510858	0.003979927981048445	0.0038719150135033036	0.0032828059065372335	0.0024668438747427086	0.0019515614638428351	0.006362382453020483	0.00502363277297033	0.00539661419855793	0.002697369786787463	0.00720739054305568	0.0033605850659053234	0.003066778706315404	0.2902222091720998	0.003915314184386726	0.005005898254029749	0.004833857708756923	0.0052984871786932	0.0030796141008762813	0.0060777043500026716	0.0037469446788597795	0.006169749730996127	0.007222314647865791	0.007938343983220544	0.023076244462172126	0.015224816653950347
MCW_CT_ROA_162_R1_trim	0.0006268062158528878	0.0011245717639940512	0.0026178575122278833	0.0008480383490315678	0.0007005534187652082	0.0018804328608960851	0.0009586522234647831	0.00164077015169934	0.0014932854695396496	0.0025072484367951245	0.0017329511254319241	0.0011061390162331432	0.000718990758203408	0.0008849117024041945	0.0016039024606076023	0.0029312700142138945	0.00573349040516051	0.0024888159983304653	0.0021385381911580297	0.003631833816133712	0.0030972160820732764	0.002175471704026706	0.002802311833517604	0.003042032033150406	0.0017514775095538487	0.005586343951750213	0.003613667258312495	0.0025444448132045626	0.004259461305375532	0.003042927406817264	0.002010560422505439	0.004151526663964177	0.002621360692954853	0.0036579370675944283	0.0035680856370132867	0.0028126667707846823	0.0014449196624667668	0.005414590764488295	0.003861583041115463	0.002232993936863213	0.0038501218582258044	0.005253918688923195	0.0025312321695628655	0.006491448912585996	0.0018905485436344451	0.0036188771646884126	0.0030269086241572632	0.004109024529486915	0.004933966419583709	0.002254444147842058	0.00410832264000412	0.005167511130839162	0.006324159697680685	0.003756707373962468	0.0026729458619874523	0.003563283922462942	0.004117896654803304	0.00373045958622595	0.0018377038275310682	0.0021846449020347398	0.002406288491216295	0.0021375299739998625	0.0031547917043337915	0.0030543207652062323	0.002576670954454453	0.004731266315581293	0.0033405177035024203	0.004646376732758542	0.004885823974897318	0.009590075524692166	0.005074247439962167	0.0067576122887986695	0.0057386732044679735	0.00685783353894928	0.005381494374314366
MCW_CT_ROA_162_R2_trim	0.0009217738468424821	0.00396365457801182	0.0018251260120462002	0.001991046558595855	0.0029496986053271926	0.0010508301281478125	0.0014748495745612045	0.000977087843146798	0.0014932854695396496	0.001050832065421486	0.0010877033659625907	0.0008480399124454097	0.0012720605722060295	0.0017329520838748808	0.2620076065535086	0.0030234483165476646	0.005401648516758937	0.006360307551288967	0.005899415699746288	0.004443004820752409	0.003926828980514079	0.002230780717942667	0.002507331640515751	0.262223161257565	0.0035029550191076975	0.0032633086299026373	0.002194012668487267	0.003429471625363045	0.005955886610244937	0.0046289568359918175	0.0026192916734377814	0.002251094456292418	0.0032491046039996845	0.0040460495868318265	0.005472555135992995	0.0028683465924967755	0.002649194580007251	0.002892951342598319	0.0031006859571418356	0.005117866322448283	0.01007540101124127	0.00489698624398895	0.0028746704599625036	0.002504972852838433	0.004367737782862206	0.004505983808760538	0.3174196633534575	0.008797913127062322	0.004279462857745679	0.006207552615495408	0.004651565652839219	0.004059104601913918	0.0034085729896920266	0.002890968367024128	0.0025068012651825984	0.007782907090861117	0.0032274722437387036	0.0024950158326880766	0.0022445359977614496	0.010134679824466489	0.002901590931561142	0.0030456596218327568	0.0036788458959752988	0.004133709676816463	0.006735885485500618	0.005656145413213968	0.004135552098465009	0.005537853841057694	0.006987212036394498	0.003947428467119974	0.005565305655518573	0.012390416475185418	0.003939378456804596	0.01294026135507934	0.006971506117496618
MCW_CT_ROA_163_R1_trim	0.0007764348011881178	0.00047449114060337156	0.0008770896841456262	0.0008914682035578496	0.0008051972028599454	0.00034508451551140516	0.0007045475525024522	0.0009777396012001466	0.0009058469834648418	0.0006326559457365244	0.000647034489957809	0.0007333057552855169	0.0005895203978371215	0.000718927314435514	0.0008051988237195469	0.0016247761978626573	0.001322827019374527	0.001869212630125956	0.0015385066650409301	0.001437859590710392	0.0008770948547890386	0.001351615417675765	0.0022143540757918762	0.0014810403114728428	0.0018117676899703128	0.0016392426641374399	0.0016248923149351905	0.0013517279541079732	0.001970234219142968	0.0017116408695538356	0.0012947723279531707	0.0014965805293434113	0.001497315486100593	0.012317882626570206	0.0014848349339277285	0.0015004473930159369	0.0017040446944929465	0.0012574920145643593	0.0015192642709557186	0.0013628438317253226	0.0029408026615137593	0.0014658829665425406	0.0015987181832877106	0.0023654188932294823	0.002027826623850268	0.0012814561246966647	0.0022232154288084256	0.001583859274564773	0.0014327523804872682	0.0015907122174574641	0.0019849817521247833	0.0017954484600906937	0.001907672738584037	0.0013069824421253831	0.0016920427419665437	0.0014474383106671	0.0014891092115968552	0.0016427191075172798	0.0019920302327629705	0.0014353529409144386	0.002233830788145143	0.0017124548838797645	0.0016077953959773962	0.001454044255020426	0.0018450007995003464	0.0020855078918376323	0.0013703508462436862	0.0017242060945286415	0.0018681873362389756	0.0016799414120432549	0.0022126691111392085	0.002215484785291166	0.0014286486174619325	0.0020513928866120056	0.0017766527678693264
MCW_CT_ROA_163_R2_trim	0.0007332995344554446	0.0033933300933740914	0.0011215245141534237	0.0008627111647334028	0.019986144856702217	0.0007620616384210198	0.00047449120882818213	0.000675790606711866	0.0003594630886765245	0.0008914697417196479	0.0005895203130726704	0.000690170122621663	0.0009058484161887477	0.0005463847589709908	0.0006901704203310402	0.0018548330046396706	0.0018260764289191843	0.001941105423592339	0.002314949281042895	0.0016822959630216968	0.0018979762971517704	0.0016679519002932863	0.007002541332967533	0.0012941136378440239	0.0022719011268629587	0.0019412109302541607	0.02120991416096096	0.0020132161890766627	0.0015819439790493092	0.0017691869765975399	0.0221697271728059	0.001741260741851907	0.002015709286343886	0.0024925396702816655	0.002335536089871429	0.0018901453305330326	0.0018919565704979846	0.1775426860638532	0.001852292950549277	0.0021750469048865038	0.0016745077311293899	0.001700782257204902	0.0023989036122009423	0.0016025698630596564	0.0016200057078705782	0.0021061705302177474	0.002454201155223161	0.0019690892977381473	0.0025429868814242206	0.0017149179164581598	0.0019547021057261136	0.002311504608328039	0.0016876971608832806	0.001913307403766218	0.002079303675048356	0.0040341425096628285	0.001898497486536625	0.0021523838472628986	0.002288805419759504	0.004900952897057217	0.0022673447737702962	0.002244973504323819	0.00259666373941692	0.0028246738474273564	0.0018118230341164568	0.0021386685063815108	0.0027773698515808267	0.0020043310980684347	0.002341497646358019	0.003117699460077508	0.0021272881313320886	0.0026972415559037913	0.0025123614602284928	0.002457346245770935	0.0015037491951732586
MCW_CT_ROA_165_R1_trim	0.0010447032954356177	0.0014125634274085863	0.0014861344392527835	0.0012065645942448341	0.0007357101184419719	0.0011035651776629578	0.0006327107018600958	0.001338992415564389	0.0009858515587122423	0.0019128496854760118	0.0016774227723384155	0.0007798545615385441	0.000809283392798496	0.0009269974772425797	0.0013389963560170596	0.003163562819161185	0.0033254195215368736	0.0030752777976420123	0.0032665630195049125	0.0035902806981506813	0.002751568798857819	0.0015450160284377122	0.00301646030890025	0.0030017595608249187	0.0023101841599353734	0.004281959530626605	0.002707518012352168	0.002207277157344869	0.004032110313829152	0.0021781189117529237	0.0022667025806556067	0.004298631209829144	0.002473889058150677	0.0038889882414083563	0.002843980553067277	0.0027862023133734615	0.0016372311677484929	0.005415778301942479	0.005345153702700189	0.0033409337111446457	0.005022256447969868	0.0056360036837752835	0.00278100733468257	0.006586821754738339	0.002298967400642259	0.002931370985502624	0.002771786623601428	0.002882985564937038	0.004367296341213504	0.005458969346587364	0.005915444997012393	0.005628249506759281	0.0046210142399876605	0.002890087187404441	0.0022186473875583255	0.002903382644802678	0.004643939698049467	0.00335949745703392	0.0017527249346123068	0.002197190062630982	0.0022955409196791818	0.0029990436383064514	0.0026750365588329708	0.004350092223554438	0.001928071369489813	0.004274907871702433	0.002653136533156199	0.0027713194689568464	0.005160083476520241	0.004078151021568707	0.007441513287904822	0.004166052966606953	0.003672988756442262	0.3679222728184848	0.0140685578515105
MCW_CT_ROA_165_R2_trim	0.001015275033592361	0.006989244068375701	0.0006474247137021701	0.0012801352293656547	0.0024278426763831382	0.0006179963176247989	0.001309563625443026	0.0008975663444992059	0.0009269947492368848	0.0011329955829357916	0.0017215654768736371	0.0012801386198840253	0.002045279847254381	0.001471424567051714	0.0010594256882772342	0.002619135729352051	0.004487844929507728	0.00444370284635353	0.0027515643452586426	0.0049292788273790095	0.0041347103341125525	0.002339596388722616	0.0025308845161809597	0.002398465805897018	0.0029429097578794567	0.0031783617134548	0.0016921992557266232	0.0029724691963164337	0.0031050256532510426	0.004223807646328076	0.004165481172687455	0.001972700475317763	0.004653421008104758	0.0030200117765727522	0.004922014801706907	0.004850417688780394	0.004749858020548299	0.002818849513873905	0.0027319640532600083	0.004036311426413238	0.00894970340771811	0.004819168868883058	0.0032904935994664615	0.002873546790218146	0.003283781027190918	0.004847710467377036	0.0038856669175842424	0.00685284425087576	0.0034988947159661442	0.0055998117484050485	0.003818179225332837	0.0032621617853749903	0.0033407644720834274	0.002332507314742939	0.001860780179782639	0.005324797740149556	0.004632328611719476	0.005099351308836134	0.0027027766050818206	0.00721530403962088	0.0027574831595432213	0.003177064138570829	0.2873667206508842	0.003475217217090894	0.0043448665401827746	0.0047347069369920395	0.00448966744368709	0.0031991378891763423	0.005707671598463515	0.003582591017760369	0.0062846738515452295	0.006480340964620134	0.006947225259637754	0.022278449859373623	0.013860644070323499
MCW_CT_ROA_166_R1_trim	0.0006161041131110592	0.0009595080531510901	0.0026159219554329717	0.0009494079683810787	0.0005858049166606655	0.0016665139870518932	0.001151409663781308	0.0015958138771974763	0.0015655140880612784	0.0023432217966491524	0.0016968162979205416	0.0009393091169342889	0.0006565063720508471	0.000737307156303259	0.0014948145086696213	0.00243412362560391	0.005262151605920799	0.0021311217608843	0.0019291196982412389	0.003585540233346958	0.0027472333239402197	0.002201836715627233	0.002434143047819801	0.00294926079606205	0.0016160365773718922	0.0043330247694482365	0.0035856394634469304	0.0025857462756668148	0.00386863098846148	0.002838515442281617	0.002404351755449544	0.004334335046321817	0.0026778488244193137	0.0033456918405550414	0.0034071529587231	0.0029227943370202345	0.0013051915156076115	0.004291547927936408	0.0037973995205555265	0.0018143467186171232	0.0034934962575413563	0.004829156859776567	0.002292799738784601	0.005751812875726372	0.0014375088034486972	0.0031139516347260003	0.002934105301293597	0.0036259688135423683	0.004860257683352961	0.0020571415443911825	0.004541090380673119	0.004493001048611857	0.006171048163606829	0.0029057722742026706	0.002430732130120929	0.0031588691676700986	0.004027681232766894	0.003755771943501137	0.0017992494436332859	0.001779655752019963	0.002430465725842386	0.002209067202964655	0.0029233839745306965	0.0028496538980699545	0.002349023124705686	0.004090984825754371	0.0028987447439506684	0.004113461919487686	0.004241349672966403	0.00879505911146998	0.0049933570517793294	0.00641239733145446	0.005764804080418439	0.006042069206530749	0.0046326381487931745
MCW_CT_ROA_166_R2_trim	0.0007070047199635105	0.003575430008584062	0.001828115343372077	0.0017170144109019507	0.002363419836182685	0.0006767056795907689	0.0013534113591815377	0.0009191079925631034	0.0015756141789519964	0.0011211104285692066	0.001484714260680474	0.0009999096041317477	0.0008484081489602708	0.0017473167829777005	0.26104710735746617	0.003050229297452402	0.004848047055144717	0.006029760960883315	0.0049894504433439825	0.003949143515612399	0.0037370438205758397	0.0021109349866364683	0.0018988331973007885	0.2621912518478327	0.0035754809274353115	0.0035755040400165567	0.001747368140368002	0.003555402924621923	0.0060706328740830545	0.004081021200804122	0.0021417191741450042	0.002101540580799133	0.0031933158644134253	0.004134276864940453	0.0056923701613842545	0.0026701094896601526	0.0023980679464726947	0.0023281345750860855	0.002825502151989533	0.0045413412587847835	0.009435482879880006	0.004829797527551243	0.0021602188230001674	0.0024083390282660785	0.0039516205782193295	0.004038674513254068	0.3228865665680499	0.008597623408462667	0.004214340084935643	0.005702368331427496	0.004447550869778745	0.0036746514041945413	0.003333967420174955	0.002662117380285589	0.0020363443758993635	0.007184898820348833	0.002856785068593987	0.002421259041788348	0.0020361861522319564	0.008423417705204325	0.0032945370095325537	0.0031403467527569267	0.0036626147134732165	0.004226116680351495	0.0061708115781114944	0.005030370864091955	0.004006808475218997	0.005246645585430254	0.005865190593700585	0.0037602328674389974	0.0058224487747203105	0.010825043687987843	0.0036307088126437464	0.012383723370514181	0.006440461174020914
MCW_CT_ROA_167_R1_trim	0.0024477209231477067	0.0006046214533344385	0.0007606529444875481	0.0005266065522532665	0.0008874307718668062	0.0007509032537223103	0.0006826396544205013	0.00072164770504815	0.0009264404344635061	0.0006436333061121954	0.0005558651822140696	0.0008289219246240814	0.0005168572504637575	0.0007216498866814637	0.000828922409644288	0.001979662333969231	0.001589581085896476	0.005870723356009733	0.001618838126719528	0.0016480980947986023	0.0018528960472656228	0.001462841343056092	0.0021747600084064717	0.0015603820556453697	0.0017261783727404252	0.0014628815743726554	0.0015897141011346854	0.0014727876632282765	0.002204606613312585	0.0012099250148972017	0.0016495769518375264	0.001581935314274398	0.0017688527699794608	0.001613981895818349	0.0015761780560379268	0.0015777727297761385	0.0015017650155889097	0.0024872958660061275	0.0018815581784191978	0.0017896099006361123	0.001472679164604833	0.0016395167388624007	0.0009701665612589208	0.0018261620330744922	0.002056007109778022	0.0017302268711922994	0.0017045729160193607	0.0019547781620002855	0.001648113744733813	0.001899092958075492	0.0018383977499783488	0.001649198254048782	0.0015742819819662577	0.0018128727211114955	0.0017408810990052108	0.0020695184952386637	0.002192958410543744	0.001622908384608632	0.0015712439105019468	0.001245599297681292	0.0013810677210323557	0.00205874227113839	0.002029221303773395	0.14298047438157613	0.0016345769491958623	0.0019029847350286813	0.0021457322437501342	0.0019312300344894965	0.001962183707086362	0.0022081901918542027	0.0016159442158587018	0.002662405240560146	0.0016521463905726078	0.002156968898803127	0.002172266550567688
MCW_CT_ROA_167_R2_trim	0.013126025348831925	0.0540063432585836	0.0006631332715514169	0.0009264373626922309	0.0006826389221404475	0.0007704070840784259	0.000516855587135757	0.01974778615127253	0.0007411522030164114	0.0012775143432679089	0.0007314015555448284	0.0006241293882634809	0.000809417879338809	0.0006631376043685945	0.0007411539376728547	0.001453052223964693	0.003286433553530883	0.0017553652739598585	0.0017358622310510647	0.0018723947382587199	0.0019016557277577958	0.0012970522780333957	0.001930951891016295	0.0020479998502034398	0.001453109473854416	0.0017359511085949574	0.0015604538853204884	0.0023798634680131233	0.0016973485172538892	0.001619736903988046	0.001454363015841332	0.0019627783019448303	0.0015538663909449655	0.0016922466540468758	0.0022712785761354604	0.0018619800432978961	0.0022477404564522864	0.0024971199555473326	0.0021672011444398187	0.0017400687307375132	0.0012635762311560487	0.0014179384703199333	0.0016437786653048147	0.0020017200271985006	0.0015806491452060177	0.0023157429004605126	0.002586491187608983	0.0033083665552994554	0.0018967074902068851	0.0019841089317458854	0.013788381624366448	0.0018925747684619548	0.0016962595655093736	0.0019473510461911667	0.002018966001320947	0.0019306385137201245	0.0017599876873688961	0.0025107961171089203	0.0026000867024172426	0.0026794888478061498	0.0026128720076520895	0.0019863659384547917	0.002405595182840671	0.05459550470306718	0.0021636533649916586	0.0023590560045381654	0.002272693049240196	0.00251212382004274	0.0022343942151676088	0.0019357533500362557	0.0025599009593120377	0.0023654485830816065	0.002156689572633736	0.00533097211263691	0.0022174413915811647
MCW_CT_ROA_169_R1_trim	0.0006957197621382671	0.0009384152076332635	0.0026696294699911807	0.0010435824291783705	0.0006957218445818882	0.0017150355222687653	0.0011406604181127167	0.0015451499280817653	0.001561329634788819	0.002524017400834835	0.0018282946557329255	0.0010031351208446139	0.0007604413245496427	0.0008898785056965976	0.0014238056091145563	0.0027667131722566947	0.005403989470957521	0.0028880604748537705	0.0020305414467081968	0.0032278351678061705	0.0027262705452193226	0.002054840622030998	0.0026049575416190506	0.003163171429653171	0.0018283316328231154	0.005412210188886136	0.0036810076026155703	0.00242712614429896	0.0044985194531030155	0.0035443046988579085	0.0024362020597319513	0.00464701846809336	0.002948472606137926	0.0037123932737594184	0.0038362634113092396	0.003335646643507594	0.001462185566132663	0.0048207329562701805	0.004149900931286591	0.001883336669257953	0.0035526526036195804	0.005039062216501205	0.0026856506021945936	0.006311500744090499	0.0014850036395390924	0.0034596051936419342	0.0031867014790711214	0.004118292298836843	0.004737305523376033	0.00254122748623087	0.00481105165287279	0.004978988138490998	0.006378811508093689	0.003259756026382899	0.0030687974473520992	0.0035726617676931863	0.0045284514111315	0.004286662797921879	0.0020739218032540785	0.0021381639547938688	0.002828453436177818	0.0024744515296025115	0.0032986934628900905	0.0032338211925735548	0.003436250558010599	0.004893325504012527	0.0033075293871899286	0.004513885089322316	0.004906683653943869	0.01101111559908751	0.005260433611247127	0.008000069960125967	0.007154488551427476	0.007532797432840438	0.005630126293969367
MCW_CT_ROA_169_R2_trim	0.0009141434083909789	0.004174329379019157	0.0020386259758000532	0.0018687404778167157	0.0029446829179186626	0.0009141462185775382	0.001245827589919831	0.0009707747453920761	0.001965819018449576	0.0013429065853954702	0.0012539187996162523	0.0010354942345218085	0.000817069801625969	0.0015936912478036185	0.26636486307198953	0.0029285087903802532	0.005395898793324942	0.006463753873196197	0.004870063155496748	0.004417036526060637	0.0039882820551900575	0.0018687722255467313	0.002127651484538486	0.2660299766693879	0.003454414191218895	0.0032683598496554473	0.0019254510652274863	0.004093755413000457	0.005922516014256758	0.004750022961141656	0.0023229036846432434	0.002088748663868769	0.0035317398922171304	0.0046202806163908264	0.006042390655236031	0.002856825174473293	0.0023394881638551515	0.0026908088311207727	0.002790979781182303	0.005095438791469534	0.010411685578227529	0.0048735097450404	0.0022599552278685336	0.0023619674649104426	0.004129190776718701	0.004403956335461052	0.33962354280160084	0.00879493807469342	0.004176757596999974	0.006160192400434144	0.004420721465251638	0.0036196019588330013	0.0035572702135607624	0.0025363869250072204	0.0024170174263266333	0.007595794729152996	0.00290795284636824	0.0024027378346261766	0.0022013233558984793	0.010281485168148453	0.002944957219715609	0.0029589645590260903	0.0038841015331466102	0.0042553921720821074	0.0064360668700275195	0.005749690312439198	0.004189010655471025	0.005648252803639696	0.006317966179295246	0.004038474611051022	0.006798987715716476	0.01308017059035958	0.004073869437576863	0.014169980652441261	0.007317466571299745
MCW_CT_ROA_171_R1_trim	0.002471920609883948	0.0006113355295783732	0.0007508795091560453	0.0007375896063391242	0.0009967427775021598	0.000730944703501584	0.0008505538368018432	0.0008306190916402773	0.0010964172738215758	0.0007309450920691793	0.0006977203615201506	0.0008571993012961849	0.0005781112335185969	0.0007575250646105753	0.0009369388957025537	0.002040001709082865	0.0015416302633715826	0.006326000886969115	0.0017409792356994835	0.0014552481297735794	0.0015216995350443747	0.0015482975471710777	0.0021064869698165004	0.0015815335359866992	0.0015881874999543147	0.0014420035156976036	0.0015682827310740007	0.0014952463129219585	0.0020868682156014004	0.0013561419569514009	0.0018355308494876674	0.001630369647388311	0.00187184247319818	0.0016542321327921504	0.0014025700693951597	0.001558022565783658	0.0016000788390309975	0.002398888523918326	0.0018779752073737354	0.0017067588119319104	0.0015172644463805488	0.0015136460965103466	0.0012675810928152338	0.0018351118105926394	0.0019110932804630196	0.001709014443855627	0.0016135359602788672	0.001947851380794742	0.0017452738484876273	0.001836645321404322	0.0018100314974325677	0.0017460644616443112	0.0017748895112867508	0.001524984744545993	0.0016935167546143584	0.0018234296865893673	0.0018727990240308089	0.0016188808746899395	0.0015231431393393326	0.0014101794473041938	0.0016220985207252758	0.001984981265045301	0.002073193574810101	0.1561065513456252	0.0015355192729783573	0.0016711248375212825	0.0020455167000968267	0.0018383636135811715	0.0016131518790341878	0.0019882622456589972	0.001892509175808733	0.002608070705954003	0.0018541440348652512	0.0018174283114025728	0.002212122338626364
MCW_CT_ROA_171_R2_trim	0.015901360267344858	0.056502021826140295	0.0006113355295783732	0.0007508795091560453	0.0006844300405514832	0.0007110098479515408	0.0006578502331514255	0.022778897969142967	0.0007309448492143838	0.0010831277273388748	0.0009768085061282108	0.0007774598314081678	0.000750880107903465	0.0006379158438825898	0.000750880107903465	0.0015084051725140404	0.003568342937292453	0.0018539435372525036	0.0014751808791041425	0.001754271718083219	0.0016745339861623687	0.0013954616795258461	0.0018406845645442024	0.0019270790624720492	0.0015549620266976348	0.0017875525076936193	0.0015018302725788718	0.00211992784004872	0.0017745056572835416	0.0019345015018977726	0.0014431602682681978	0.0018300213606747841	0.0017119959221189739	0.0017543191437375042	0.002604823786342468	0.0018255330690300255	0.002236151377271744	0.002405659290026284	0.0022536476393745244	0.0017337160052226515	0.0016185137471499825	0.0015069800669302797	0.0015555880835648214	0.0018354299484264964	0.0018274999674410927	0.0026559218616486508	0.002602130419629789	0.00332562183954417	0.0018744251077383064	0.0019949042395733603	0.015536453395544544	0.0020738661646115624	0.001679450501474344	0.0022502943325178448	0.0020580667978614634	0.0020003097402697817	0.0018570527795379202	0.0026431002220595177	0.002920258571626171	0.002638781805985419	0.0025632388199671244	0.002112096029753615	0.0019839708062728318	0.05520693836279274	0.0021859384254518653	0.0025272962840178956	0.00200211330363045	0.0024623315297043883	0.00243252489806936	0.0019005071376304353	0.0024911129764627676	0.002376827163627102	0.0022395281864814737	0.004983868054341968	0.0022119930038608
MCW_CT_ROA_172_R1_trim	0.002624922488376178	0.0007730943740573979	0.0006382523320706424	0.0006652207404679936	0.0008809686412020582	0.0008360213367028289	0.0007730950690288497	0.0010248005324647819	0.0009528850482627288	0.0007551167248645914	0.0006921905177989599	0.000907938211658376	0.0005933062114485805	0.0005573483093423352	0.0009259174358523501	0.0020585931340794967	0.0016450767572139089	0.005798222921085377	0.001681035323586265	0.0012765089099422964	0.001537205082485436	0.0014203518804919524	0.0021485081173153752	0.0016450962781359784	0.001627119716726548	0.0013394568385654254	0.0014833181989928	0.0013485096406302718	0.0020498584923344734	0.0014926500472972244	0.0016908425675372437	0.001529326545762308	0.0016920635200645432	0.0015309363972473764	0.0016937594603898584	0.0014781610270767555	0.0014158765939997313	0.0026349652671872827	0.0018693388157639266	0.0017002914371876167	0.001659224786606012	0.0015942727164730826	0.0009817452273877924	0.0018589275597201288	0.0020686005721451007	0.0017625453855436778	0.0014422813157451682	0.0017400488121518955	0.0015736090220503387	0.0018631479786270309	0.0015848909103355604	0.0016826520211198788	0.0019214370952063348	0.0014123728570184337	0.0016452351660493237	0.0018303250657316738	0.001794597073133158	0.0016210202559651774	0.001820088797963534	0.0013065890879395703	0.0014353213935781465	0.0019613551105688138	0.00197022993000263	0.1280590325747129	0.0016594956824740232	0.00196228041702687	0.0019943376152784667	0.0017460151348570154	0.0016996517602393467	0.0020316452184839084	0.0015148618042071416	0.0026878534541468642	0.001720322118692927	0.001627331733898715	0.001976045676877011
MCW_CT_ROA_172_R2_trim	0.011848109039999324	0.053703085760969306	0.0006112838687221147	0.0006921890866412181	0.0007191580098021238	0.0008809686412020582	0.0007191581390992076	0.017241817934852716	0.0008360217124727159	0.0011326749854752413	0.0007011800050431024	0.0006742115433106753	0.0007551169963891024	0.0006742116645270186	0.0006022958619307754	0.0013933710238697042	0.003514891092313086	0.001645077348750195	0.0015192245733945482	0.0020316272219349576	0.0018158796880822106	0.0015192375477132733	0.0017889256512610802	0.0020046808849182823	0.001429348773416486	0.0017439917237704096	0.0014293802548827718	0.002517220258840365	0.0018700493702024355	0.0020141829048923514	0.0016638701656027492	0.0019071795504292009	0.0016200873551101874	0.001566993567941689	0.002378539519073725	0.0018567815701990525	0.002299767371766324	0.00244558196593566	0.0020410290181945997	0.0018632025811325232	0.0014417437591537127	0.0015671303519893215	0.0015692939645504753	0.0018963881945487072	0.0017429923319522372	0.002194464229529705	0.0024704775574558115	0.0031689175913993876	0.0016404008153455799	0.002243925546170052	0.012300050174272995	0.0019426753062502598	0.0016888525925779975	0.002089299607917916	0.0020020059703385966	0.0019002076927008122	0.0019354901144842402	0.002765559564885295	0.002582325082804694	0.002755676796262404	0.0025318165804465243	0.0019196910659745184	0.0019281064348103045	0.05227031776384372	0.002055395037291503	0.0022765646639221412	0.001983430791743931	0.0026634858088702474	0.0022442472000516397	0.0016746336431889355	0.0023682322852016124	0.002212032503945926	0.002127461199409147	0.005591851567845901	0.002162337612514215
MCW_CT_ROA_173_R1_trim	0.002488228301108697	0.0006942084915582687	0.0006084074894961957	0.0007488092762493142	0.0009126113054288516	0.000686408503228538	0.0007722095661321053	0.0007488094514728965	0.000990612889854923	0.0008580113652185437	0.0006318083689336549	0.000982813018341241	0.0007332097120958464	0.0006630088339297033	0.0010452140894859263	0.0021996298225811345	0.001614622142928068	0.006575490176272277	0.0020748286160362723	0.0017394248041977078	0.0016692245843396782	0.0015210290455706544	0.0021216434936916205	0.0017706433418077207	0.0018486466931181746	0.001567847060497368	0.001552263543460415	0.0015912992747965577	0.001957998360897946	0.0013496438968478872	0.0019428108274954078	0.0014827195667711933	0.0017876353245795406	0.0018899010792975159	0.001492128164590955	0.0013441988363927144	0.001501236878446883	0.0025657091408863744	0.0019331153061017648	0.0017393401366604245	0.0015388398466561794	0.001646763027254716	0.001045438313080738	0.0017127141141583702	0.001946753488133616	0.0019236866271020402	0.001453992761054707	0.001983357284733686	0.0016946741984799178	0.0019175006711252347	0.0018099453070401	0.0015006449082995258	0.0018930677924109806	0.001402385691792688	0.001694423887026943	0.0017764448680335206	0.0018987733154609155	0.0015888799701668462	0.0014554057645435941	0.0013298205346742068	0.0013693312610786915	0.0019704863003247816	0.001979819044539329	0.13894224926177193	0.0017412211553859444	0.0018528803847054308	0.001712984793115643	0.0016402233928660289	0.001842151439362236	0.0020728531310726657	0.001660322421481758	0.0027785580289042106	0.0017790637432674168	0.0017204132901926666	0.0017399634412175835
MCW_CT_ROA_173_R2_trim	0.014484764749714264	0.055817482759449116	0.0007488092178414717	0.0007566093728769112	0.0008502105324080755	0.0007176088897389261	0.0005694070538145826	0.019484645935200995	0.00074100946861899	0.001053013701814288	0.0007332095405225413	0.0005304069016546044	0.000873611367431113	0.0006786088829902784	0.0006240082656134863	0.0013650182939751758	0.0032760446721451495	0.0018486252078533342	0.00166142278475207	0.0017316248280367845	0.0016380243803548772	0.0013962275336069628	0.0018330382921699234	0.0017160430761132967	0.001614641790158813	0.0019110590020356287	0.001365056731757772	0.00241815312229201	0.0017863845978388021	0.00197376345669797	0.001552698832448503	0.0020914371646042988	0.001748637565434369	0.0016244202850107868	0.0027812239260256934	0.001883509692884757	0.002205038560025372	0.0027066421546060597	0.00209758710954453	0.0016689374924927197	0.001209193355749475	0.0015602815977315081	0.0016239262480823807	0.0018087688316142194	0.0018752791881996537	0.0022867088430251676	0.002553500275147735	0.0034742108277465216	0.0017683252232368642	0.002105175203409506	0.01371035588609394	0.002042679868011707	0.001645800698166851	0.002004231768359577	0.00200707468527298	0.0019811697047011287	0.001959331801118753	0.0023026035142712873	0.002567274657036228	0.002634708544653516	0.0023668173251374983	0.0019537670678779675	0.001962986524669679	0.05601273256352051	0.002193581094255742	0.002319959709424133	0.0016866881776246713	0.0025969583681604	0.0022815168268850218	0.0016730305696332614	0.00249812077456019	0.002563753913048102	0.001918430113401732	0.005109288363243388	0.002212067375657099
MCW_CT_ROA_174_R1_trim	0.0025716752495589133	0.0006207499688294837	0.0006739571090148681	0.0006739571090148681	0.0008690499563612772	0.0008513142429661491	0.0007626356759905086	0.0005498071152489713	0.0012237642242638393	0.0007094289132719606	0.0007094289132719606	0.0008690504187581518	0.00047886468631880047	0.0008335792687771711	0.001170558329719678	0.0018799876204588768	0.0014720657782838374	0.006225243130328924	0.0016671606073359678	0.0012415034606908966	0.0016848981514538985	0.0012769788383323508	0.0020573555248686397	0.0014011320437479539	0.001578492210052264	0.001454346812054052	0.001489831633062982	0.001436652663146099	0.002039748490142694	0.0014013087514214858	0.0018626536001812276	0.00180966317555436	0.0016680762502497678	0.0018460438481565035	0.001828748205873726	0.001314254618716975	0.0017056441898296699	0.0024882112107422476	0.002098077289966906	0.001779442703457475	0.0014256994080317845	0.0017866781347580544	0.0011655005385509027	0.0017102587621507135	0.0018255309357906547	0.0017045682247085144	0.0013089895219024854	0.001802841606160692	0.00158625941978277	0.001533771176313022	0.0016838107272287017	0.0014697652748111995	0.001773223548630379	0.0016916460199101159	0.0014969029078835889	0.0014299223288768675	0.0023997322881333994	0.001591793621682958	0.0014239807857525976	0.0011983319219646253	0.0013155807469142958	0.0015117577436919996	0.0020782819535850364	0.11916835257553063	0.0018364751711487405	0.0017706629480121554	0.0016418581244678795	0.0017274620802217506	0.0020105344040258462	0.0017959486989249651	0.0018018422034688265	0.0022223470328232575	0.0016610464468036381	0.001702572607973729	0.0019932557361643658
MCW_CT_ROA_174_R2_trim	0.010020665627591628	0.054962975811502	0.0007981071027807647	0.0009222570965466615	0.0007448999625953805	0.0005852785420392275	0.00042565712148307454	0.012681035077516596	0.0007271642492002523	0.001135086261235137	0.0006207502991129656	0.00047886451645857346	0.00072716489403966	0.0007094291649167414	0.0007094292907391987	0.0015430087073577572	0.003192431808326394	0.0017913092768182942	0.0015430098020141065	0.0021105543858827677	0.0016671611987030903	0.0011705631047022583	0.0017913169016957207	0.0017735836072633212	0.0014366042506459397	0.0016849127942345477	0.0013834143517533182	0.0022170565789291653	0.0016850111166391301	0.001614168067533954	0.001454649182966129	0.0018806410360132115	0.0018100620283413122	0.0016330680662770024	0.002112876990964876	0.0020602410943858607	0.002114360988582806	0.002399442902678951	0.0022404190081416115	0.0014414255378252306	0.0015505492419685557	0.0015545435734989988	0.0015243243611601435	0.0018005135424725841	0.0017354435603926224	0.0023033200454134913	0.002109197519438255	0.0031143887675106965	0.0015135144991953757	0.0018078582668336713	0.00876773911308553	0.0017455223218313214	0.0016810777518780962	0.001952080332009823	0.0018525639766127835	0.0016934475996509242	0.0019652535611717294	0.0021793965535212415	0.0022595287078818627	0.002491940664419862	0.0023643722658370516	0.0015884152094392434	0.0019244958686847188	0.05274069410707543	0.001700032906384073	0.002007242208604024	0.0019194279550632236	0.0022445338152923466	0.002011374822486215	0.001537232673740732	0.002303603296276035	0.0020012282285572437	0.0021187611312855023	0.0055253966757053295	0.002305710642869517
MCW_CT_ROA_175_R1_trim	0.002313438218271535	0.0013608460107479617	0.0005443384042991847	0.00013608460107479618	0.0008165076064487771	0.0009525922075235733	0.0008165076064487771	0.0005443384042991847	0.0013608460107479617	0.001360847862652347	0.0006804239313261735	0.0014969326489175816	0.0008165087175914081	0.0006804239313261735	0.0005443391450609388	0.002721695725304694	0.001360847862652347	0.005851645809405092	0.0010886782901218775	0.0016330307690214064	0.0013608774938080074	0.0013609830652877187	0.002721992062671145	0.0013610608652808345	0.0009527594636236437	0.0019056174881239194	0.0017696488880479277	0.0016339557797100817	0.0020433573178074505	0.0015000845502201035	0.0010926662969812362	0.0019162830678596896	0.001099360172379675	0.0009667640336157666	0.0009706112771164526	0.0013924880837832229	0.0020994554012689105	0.0021092240586533025	0.0019789188600861964	0.001714481655046291	0.0014596984554930642	0.0015153328959072374	0.0008008469757615655	0.002393944005649708	0.0032842639964383983	0.002118970565572507	0.003805426538243535	0.002662990374314024	0.0037429663424148785	0.0021148937160163014	0.0019558754498513534	0.0025009037356681163	0.002912981946794385	0.0010546604125304204	0.001438211555166919	0.0021708186156999803	0.004916855965621343	0.0023800376045941527	0.0034747921205613877	0.0021230520996985266	0.0003622952126310603	0.0033813611857306555	0.0035847147761943073	0.17160720060364343	0.003324815472741263	0.006210087251725887	0.001105112804389508	0.0017351069982648928	0.005349023803155924	0.0006081763224794133	0.003111136000199113	0.0051595926501602695	0.002771215385787822	0.006235234618022599	0.005542430771575644
MCW_CT_ROA_175_R2_trim	0.018643590347247076	0.058108124658937964	0.001496930611822758	0.0006804230053739809	0.0010886768085983695	0.0006804230053739809	0.0010886768085983695	0.02912210463000638	0.00013608460107479618	0.0010886782901218775	0.0005443391450609388	0.0005443391450609388	0.0005443391450609388	0.0009525935038566429	0.0010886782901218775	0.0019051870077132858	0.003538204442896102	0.0014969326489175816	0.0014969346860179496	0.0012247730767660548	0.0016330485478115789	0.0014970793343168692	0.001905391850639055	0.0016332708153560123	0.0013610830954840624	0.0023139546437666828	0.0021780175412087726	0.0027232448006448643	0.002452008740048931	0.0020455614725315187	0.001775585157747083	0.0017794178839710035	0.0016490583876606457	0.001519223704309347	0.003050526423798543	0.0034813074676830233	0.0019595163913546133	0.0035154327497714973	0.0024030204553582408	0.0018573790096169372	0.0018976467720298543	0.001970040234283246	0.0011214174716842088	0.0015393878025752245	0.001642797428474425	0.0034686558765775156	0.002604657126942974	0.004303305143269324	0.0022880724861363607	0.002961377294274177	0.022385124107040015	0.0022731199025286188	0.0016984849514233304	0.003949894274496586	0.003156737769793463	0.0030918304563850936	0.0026132176548984763	0.003048863112821486	0.004845548152634767	0.0052863063520257126	0.005410962610248363	0.004861339635623897	0.0055480480777994855	0.058743321699011225	0.0023595701806958845	0.00616506974235146	0.004936483907062463	0.004592448865952158	0.006487340838990098	0.004827594530335397	0.006793058729080467	0.005764057896759318	0.0034472535730783287	0.008962859290003653	0.007583957860772322
MCW_CT_ROA_177_R1_trim	0.0028149122166216184	0.0006525928047844598	0.0006623330604131517	0.0007207744936218275	0.0007889560183318313	0.0008571374026321132	0.000944799182446761	0.0008279168093605638	0.0008668780225674647	0.0007597359430587651	0.000623373081484115	0.0009935008486153083	0.000623373081484115	0.0005454514462986006	0.0008863587729015383	0.0019285612222247005	0.0014610316558806816	0.007188278547546957	0.001675317277819812	0.0016850602847362274	0.0014025957176609885	0.0013831352949828229	0.002172112972082699	0.0017630346950617205	0.0017727871330720257	0.0017435891441607296	0.0016267282160879527	0.0014417145492864243	0.0020946325770897856	0.001393704859312804	0.001638581253928206	0.0017088443632401603	0.0014676556578468063	0.0016381054319968486	0.0014652873428479326	0.001458665126263729	0.0015802857769045384	0.0023936547180764354	0.0016144644925277533	0.0017474956203391017	0.0015466013435475542	0.0015199925832414878	0.0012335989955037866	0.0016126219506585235	0.0022639115003455085	0.0016423313773343223	0.0017412727250779273	0.0016098187784072645	0.0014636241507885867	0.0018563191694741697	0.0016161738872941072	0.0013568714047011217	0.002005439505363332	0.001539688794055048	0.0018939916878865995	0.00178087449495151	0.001787732787930724	0.0013179815160152995	0.0016305189670118838	0.0014939229349183144	0.0014050087848769617	0.0021709515172552265	0.001783936850091782	0.1303441373811669	0.00182146502316087	0.001764064096885468	0.0017630227751430382	0.0019378505152587396	0.0019498894228248257	0.0022367139522113492	0.0016226768288798172	0.002568411178155757	0.0019268047090552614	0.0020654237528721867	0.002079285657253879
MCW_CT_ROA_177_R2_trim	0.01376287530133684	0.053658712859068494	0.0007110340207376481	0.000847397039798635	0.00084739720487493	0.0006428530519740848	0.0006525932497312679	0.019451174921094657	0.0007986966050621586	0.0009935008486153083	0.0008571379870406581	0.00069155451227144	0.0007110349210678186	0.0008863586002352258	0.0007986973052147726	0.0014902525793057877	0.003642840702764361	0.0016753177673585569	0.0016753179305382018	0.0016655804679423973	0.0017824659120439762	0.0014123568758938635	0.0018701605941967747	0.0020260303996120933	0.0015779762824320392	0.0018409965382446575	0.0014513925234582534	0.002308692441350688	0.0018803011950239631	0.002105186008777846	0.0014337741197138966	0.0019822927549543404	0.001908011348264419	0.001697030931576792	0.0023602981331910335	0.001675565727663206	0.0020149503388820524	0.0025916030281397644	0.0020503752434325342	0.001608559921835903	0.0014968113427964408	0.0016711302286619573	0.001458196861063003	0.0020162136665372843	0.002107265694857234	0.002617717538951266	0.00281000228326041	0.0035957628389395565	0.0019696327829555084	0.0020290974736333353	0.013764327808367583	0.002089696788278267	0.001772365760463438	0.0019769438918611692	0.0019494379633548983	0.002010160088456286	0.002007403115956474	0.002339009172207023	0.0027259454782582837	0.0024748872949351608	0.002734974762128543	0.0024675295274046104	0.002520786490232619	0.05347935422263349	0.0020827645462283394	0.002489838267767167	0.00192946797445747	0.0025374755048595274	0.0025927462855619174	0.0019699944721161826	0.002737382923726944	0.0024050825440452574	0.002451515057080827	0.005360092243447911	0.0021745077059982477
MCW_CT_ROA_178_R1_trim	0.000636743122602202	0.0011043521223757459	0.0029349901667880293	0.0011441498474151813	0.0007461850542914297	0.0017311493259561167	0.0011839477773569291	0.0018107436594870681	0.0016416089160257343	0.0024773407885704053	0.0014127818151500355	0.0010446633373411925	0.0007262901823774343	0.0009451728134073659	0.0016515656195375836	0.002656434386518367	0.0057705356449966475	0.002885270406050074	0.0021490304887731063	0.0032434512629660943	0.0028554369858285757	0.0021789080506772226	0.002556990543512716	0.0029848414825309664	0.0017212666373354873	0.004935037592847857	0.0034527280730871886	0.0026868465427499675	0.004130390968875264	0.003265292469658166	0.0024098806700782746	0.004562432808713331	0.0028206976213146664	0.0034512087359868204	0.003533659907394153	0.0030975798608547144	0.001180907881979666	0.005042384600818069	0.004047796135710651	0.0017728167560193172	0.0037338155790571192	0.005392080715269191	0.002707291270673849	0.006461351079956046	0.0016513009780014106	0.003471264985222708	0.0034774521467810086	0.004314659394223973	0.004929185654210492	0.002433987329792027	0.00518931644550216	0.005291008804991347	0.00639608245560193	0.003260553076445833	0.0029546239285143227	0.003558840494530838	0.004644170983409739	0.0039037315842061246	0.002084414949905966	0.0022071216296221914	0.00282229372576004	0.002581553307037722	0.003586395772567333	0.003652764619168636	0.0028678447599131615	0.004937708550160017	0.0035706230157778423	0.004878524069315923	0.005317024494171676	0.011130618920557007	0.0056253199138977085	0.007892692259677795	0.007912732361554242	0.007634836030926644	0.0058650751885087815
MCW_CT_ROA_178_R2_trim	0.0007262851242181367	0.004059239829738767	0.0017112483337714261	0.0019500291111488736	0.0025071815329763517	0.0008954219760629828	0.0013232356195130492	0.0009252700196595005	0.0018206929816165724	0.0012635429166331297	0.0014426290312278445	0.0008456795920998802	0.0009650702282600023	0.0014923776809943215	0.2675635263147579	0.003143944504205921	0.0050541922833626934	0.006506780931311376	0.005064149038403661	0.004059287889472754	0.003949854556803933	0.002059515418905436	0.0019202296793684058	0.2662477807710202	0.003163945822502042	0.0032535416342887864	0.0020397963268342766	0.0038013884023819383	0.0063498629156161935	0.004340457524043746	0.0023302270278452173	0.0019524971392430308	0.0037775940035329977	0.004418832285165701	0.0063287923416421865	0.002877832129057181	0.0022718267759105097	0.0028872064673424866	0.0029531254614258533	0.0052380824306958885	0.01085777538652618	0.004994680155972649	0.002151563548436843	0.002476444125905749	0.00404964038667439	0.004331239617763857	0.31914170814160703	0.009511393067248885	0.004431724793781577	0.006529894530795026	0.0046194892749580226	0.0037628517989751766	0.0035003049865098023	0.002780734207281626	0.002339280432706661	0.008439270236700989	0.003097677240546388	0.002524621641774615	0.0020585224696154257	0.01022584084520694	0.003149025047198759	0.003454919348609506	0.004058407498433943	0.004273760513769802	0.007317794088732811	0.00615178930227705	0.004495451518305101	0.0062208355793680606	0.006930800146466335	0.0044118188061867255	0.006303603290257781	0.012912372984087624	0.0041351435033607905	0.013793552887535641	0.007159789104758966
MCW_CT_ROA_180_R1_trim	0.002583479101350993	0.0005679502226260979	0.000775736889440524	0.0007134008893961961	0.0008727041819568826	0.0006856961429661221	0.0009627450896191006	0.0009142615872786318	0.0010458601358080554	0.0007549590594013563	0.000734180420544086	0.0008865574889588961	0.0006649181167191721	0.0007618853420740514	0.0008311476458989652	0.00201553304130499	0.0014822133018531545	0.00647602630471844	0.0015029922012020336	0.0016692232563941469	0.001627667972910618	0.0015584173793597939	0.0020709654044190244	0.0016346115418397178	0.0018493322040632114	0.0017246643346064913	0.0015307410199528284	0.0012744942733993857	0.002341297925519988	0.0012539497685735248	0.0016977518093356807	0.0016013293112932191	0.0015399250542060554	0.001555077801097774	0.0014659270613053476	0.001446200774941123	0.0014962489039976779	0.002569815586829925	0.0018748512403116712	0.0018640626386483858	0.001590216818006971	0.0016358582382173432	0.001053921020582935	0.0015694800917209926	0.0020387938786670073	0.001814169945270826	0.0015008851525638667	0.0019367358195134371	0.0016289432420388745	0.001820021640355668	0.0018521891563548349	0.0014755991519012793	0.0016175259473010046	0.00144804022936023	0.0017961253698673147	0.0019407948501249245	0.0021466531894649065	0.0016057617012140456	0.0017099051779855844	0.001165953054131916	0.0016251040128437662	0.0021128939185006902	0.002114912729937778	0.14306106297479626	0.0020087302911899097	0.002007787907235579	0.0018735437250877232	0.0017998923337131287	0.0019471830705870316	0.0020294566914860345	0.0014952851444159315	0.0028574808990008433	0.001731936955955304	0.0016260963642024794	0.0021168118350564824
MCW_CT_ROA_180_R2_trim	0.015265383215489517	0.05518120866171127	0.0006926221747422025	0.0007826630574586889	0.0007134009882196718	0.0007272534345928694	0.0006372125331670855	0.020667851420312206	0.0007826634911307604	0.0010112294957635717	0.0007480328294985916	0.0006510656108598852	0.0008796311976511215	0.0007826639790124151	0.0007895902636040169	0.0015514756056780683	0.003386926657038283	0.0018977873876928903	0.0017592627608539935	0.001877011033777333	0.0017177097747867773	0.0015584181349447424	0.0019532191545137646	0.0018493283613413077	0.0014891632550975442	0.0018008553231621024	0.0013368022775232004	0.0023481202570048787	0.0018910533021427296	0.001863615104316375	0.0015522460376494504	0.0021628691790656724	0.0018868006984214761	0.0015759530940819002	0.0023900369364923415	0.0018912678148562843	0.0020878932050977165	0.002493344928083714	0.0021607485390551812	0.0017804129440908442	0.001366156205319686	0.0015090861087354364	0.0014244694652506018	0.001958575692073882	0.0016823551748917447	0.002358024345830054	0.002513979017295954	0.003510057948607854	0.0018298351497050619	0.002178049586431646	0.013954564657324333	0.0020429200864140063	0.0018625883493489104	0.002202523687441809	0.002008791706252649	0.0020037897274357047	0.0022666087170371343	0.0025413867272168346	0.0029022718411693717	0.002363004409136491	0.0025388135547255684	0.0023024331565003717	0.002045876636669737	0.056989500731052786	0.0020946901176535073	0.0026724811332598532	0.002097570895870729	0.0024621660028661067	0.00246697204125764	0.0015787061181654189	0.0029432407553407597	0.002277674255615914	0.0020291645765950967	0.005116187463263466	0.002240736238609751
MCW_CT_ROA_181_R1_trim	0.002580488518058567	0.0006316422575448898	0.0007934042991112639	0.0007163748106902533	0.0008704340438617106	0.0007086719649139592	0.0007394837894754356	0.000677860192567756	0.0009397611558507605	0.0008242171958667434	0.0006701579069196884	0.0008319201603140962	0.0006008312731753332	0.0007086727837452648	0.0007240787138266836	0.0019950679455437346	0.0014712663227754953	0.00629332243825958	0.0014481576507555224	0.001355722995904407	0.001525189545241628	0.0014481695868210406	0.0021029284086909643	0.0014789851234894805	0.0016407512699645923	0.0016638665948739044	0.0016561800937937156	0.0012479441660536077	0.0020723076678927435	0.0012635615207301906	0.0018031816446588604	0.0016725460127427966	0.0015113125988955544	0.0016895247536591906	0.0015436316357733235	0.0013744870190511623	0.001545404088011072	0.0023580678934907893	0.0017563165693303645	0.001666094253509182	0.001640222292875294	0.0015009888936984813	0.0010249161047038524	0.0018698794643869521	0.002184602440104546	0.0016177541398732878	0.0014964450889640671	0.0018845226520438586	0.0015288113491760155	0.001983585908572919	0.0015975522206058213	0.0016679000275659894	0.0016103888871088874	0.0014438389946260313	0.0017210376893485664	0.001756643940448031	0.0017885532068715162	0.0016393753274894598	0.0015297193522054132	0.0011356126439466656	0.0013186626764646867	0.0020554233691943377	0.0019335708569295548	0.14556502017846962	0.0017241584490370152	0.0017980719531313994	0.0018778984640524007	0.0017866528680099514	0.0015812620833557426	0.001852980961061811	0.0016065303586436114	0.002513600874892698	0.001532668573484669	0.0021087050843245445	0.0022527142120345135
MCW_CT_ROA_181_R2_trim	0.014312082586724825	0.05608521069737002	0.0005238008965006403	0.0007471866305048878	0.0008550282633058766	0.0008319193913246367	0.0006624543301288774	0.02108299582823205	0.0008088109554599362	0.0010861181544033272	0.0007009698727000196	0.0006778609757978212	0.0005777224670567243	0.0006624550955583772	0.0007779997687569004	0.0015405936014988126	0.003504850443409799	0.0017408707696936582	0.0016484354075606339	0.0018333082216324824	0.0017947947255527777	0.0013942495601951457	0.001948869370752447	0.0020027942060396107	0.0013634427715694913	0.0017794153534427298	0.0012402111902483966	0.0024034517264409734	0.001702531795744256	0.0017258459765676342	0.0015643104196019961	0.0021119013270370925	0.0016347173246031204	0.0015429821200003426	0.0024235708785266914	0.0017065793886445752	0.002101815334813774	0.002543706128800908	0.001880173378292431	0.0016583884153354741	0.00135262855374001	0.0014150177475278428	0.001442874357102888	0.0018540659148283496	0.001927652007408609	0.0023779370150808117	0.002520762340331051	0.003499117268143718	0.0017900042240830273	0.0019256770598598764	0.014159174309396564	0.0019326258429732378	0.001567706125690126	0.0017229624123442872	0.0020290215421904937	0.0020414513659394525	0.0019790313744775705	0.0025088346190303822	0.002437294204282167	0.0023568171556442048	0.002242189173856501	0.002222811785204678	0.0022479882771037135	0.05545706129637987	0.0017310435525879336	0.0022230206518618558	0.001894048649168349	0.0022971070505193934	0.0022991977163900647	0.00168300403695916	0.0024198160506988843	0.002279527168330539	0.0018673345020932101	0.005191600319006397	0.0019083748208205333
MCW_CT_ROA_183_R1_trim	0.0026192298254048493	0.0006051331184478534	0.000659324143980497	0.0006593242035295883	0.0009754388119877816	0.0005961014962147555	0.000903184085173872	0.0004786876083764551	0.0010115664494839522	0.0008038347070176035	0.0006502932461266006	0.0008941532134240758	0.0007044843499704839	0.0008309304090363321	0.0008489942669404161	0.0019418485892786113	0.0014631603323866746	0.0054010486343656254	0.0016979888406005751	0.0013999396309903641	0.0016076743509285765	0.0015534941651391394	0.0021405721884939096	0.0018696206070125223	0.0015715679867988291	0.001490289005876074	0.0015174077833806454	0.001418100709718759	0.0018789069747736865	0.001165527070314893	0.0016087687658809429	0.0017179475517845903	0.00145681832145393	0.0013585179619622217	0.0016950733463675712	0.0014607324275703539	0.0016896688739556074	0.0025827378712947146	0.0015844342267660478	0.0016984782821700233	0.0012857651652786832	0.0014386327086233224	0.0010275336599759142	0.0015622683254314185	0.0020270586998192117	0.001974750250867335	0.0015055878747330946	0.0017737459741227499	0.0014982944080133209	0.0019489201164908936	0.001780856001510166	0.0014841791144459791	0.001657064085170577	0.0016166864309259481	0.001760787888054137	0.0017472728909720635	0.0022772456375808664	0.0015111936270805898	0.0014156012269609473	0.0011586652039187663	0.001570138007049227	0.0020547739696096597	0.002102103065044413	0.1307475109763792	0.0017814419838536575	0.0018852103085847253	0.0020998670861907295	0.0017963380141706156	0.00208614677072402	0.001965100348911534	0.0017641417343544684	0.0029685234848839124	0.0016815422432838504	0.0018917350236943315	0.0022000177682963704
MCW_CT_ROA_183_R2_trim	0.013204531050834103	0.05317945972270091	0.0007406106822794624	0.0006954515571476479	0.0005690059736595393	0.000614165177918233	0.0005870696553630169	0.01799142860162073	0.0006412608742264339	0.0011470450313621982	0.0007767391550956617	0.0005780384410014228	0.0007315799018924256	0.0006322296019473394	0.0007315801661933373	0.0013457462316395958	0.003269531113110964	0.0015715425792301322	0.0016437975589244978	0.001878628326752715	0.0018695988238326706	0.0013728551847321162	0.0017883259706387585	0.001815428541390777	0.001246415764377564	0.0016167377700110138	0.0013367642411230049	0.00242974074937179	0.0015808118706505656	0.001870265551506526	0.0013376354581853347	0.0019259280825903063	0.0015020832809263113	0.0015215658869275482	0.002538131114233214	0.0016240733028660811	0.0020258180057793045	0.0025191141194163768	0.001957786302798879	0.001643669298120336	0.0015061505125595503	0.0016891307130089887	0.001498836846047586	0.0019165907377302737	0.0016758841921151791	0.0024676289037519113	0.0023620578167968024	0.0034857123854572874	0.0019397483995568128	0.0018468709817310146	0.012528657269631347	0.0018948090573108684	0.0017076296999757473	0.002223541618605741	0.002313980272008381	0.002065318931324037	0.0018553155239534728	0.0028557444489484118	0.0027209474817289515	0.0029971979630951124	0.0022331780967590024	0.0022929068635198983	0.0024502510264421146	0.05351284865036771	0.0019239945204636056	0.002512665483768054	0.0020527518494132227	0.002350435888335492	0.002235214810059992	0.0015470010657118454	0.002821583677724036	0.002578028903888248	0.0020499447421357775	0.0053828480983973475	0.0022730679793750456
MCW_CT_ROA_184_R1_trim	0.0006415033715185891	0.001152846960216832	0.002910008859257003	0.0009390124434024196	0.0006972864678730839	0.0019059163455197624	0.0012458184892665766	0.0014689502955565184	0.0014410589682259513	0.0026589864724528072	0.001701379456149873	0.0011063615042723217	0.0007902582173373728	0.0008367439948278064	0.0014875448796938782	0.0025288265305885276	0.005280784813876043	0.002556717999675901	0.0022220203706274193	0.0033841680622486102	0.002817043092112939	0.0021197666285697496	0.002277822156571359	0.0031238773565749806	0.0015712397304607974	0.005039140735391001	0.003337794883485855	0.0025661857423835885	0.004398173632828192	0.00361779762988684	0.002688521649855499	0.004159942434586302	0.002756448156378519	0.0036999419752172854	0.003879648093535331	0.0031732953384104815	0.0011491449007255588	0.004768724795302488	0.003940772713453218	0.0017638628596626613	0.0038932337671005344	0.004972155454107527	0.0025700413266495576	0.006868192172797471	0.0013745179792884863	0.0034981096215605085	0.003506167580503572	0.0037031404755985806	0.004728838170126346	0.002434183348800752	0.004552197557992075	0.0051112431486792205	0.0063768832719935395	0.0032575457457470545	0.0029363555308712483	0.0032242799135892984	0.004705776374111911	0.004206524330514172	0.00208357891821262	0.002262722555534773	0.002561233782902278	0.002170268157410011	0.003397499206273892	0.0034848553200254825	0.0027176923355348263	0.005212644883602881	0.003397084873397567	0.005141692345505475	0.005846728149225863	0.011194994490985528	0.005131422432876998	0.007898206349975137	0.006843095498495933	0.006829624838065823	0.005684618701506465
MCW_CT_ROA_184_R2_trim	0.000762366325572816	0.003979181443329065	0.0018408362751849412	0.0019988878745695066	0.00304946615283162	0.0009576067492123683	0.0010784697369770363	0.0010691726834746811	0.0017199736072374258	0.0010598757267818882	0.0013108989252302301	0.0008274468393297197	0.0007344752843488524	0.0015061391906900515	0.25741964143102564	0.0031238445377858286	0.004964681497552478	0.005885099977435801	0.004788035526665778	0.004788040423333432	0.003653788904716809	0.0020082008974426674	0.0020175007498222835	0.25892869345511005	0.0033284271573251756	0.0034400076609900345	0.0020826381521272335	0.004044540525784689	0.005783670095738337	0.004631564615069549	0.0024559885000199084	0.001982301860087832	0.003725080838910555	0.0043805215542165035	0.005922441202283544	0.002846850725055544	0.002214422637416604	0.002870907448957463	0.002705539052911544	0.005226668508355726	0.010314712825289412	0.005182396094622376	0.0020701816618108873	0.002400832679041365	0.0040562388614196875	0.004139800047657698	0.3291700952068177	0.008989319109692976	0.0046602722451851465	0.00638932902568235	0.004257328966168699	0.003651629560439241	0.003443336527808944	0.002519901322808796	0.0019662456789020307	0.007872765465216126	0.002780671507501814	0.0021782516359177668	0.001903846676880955	0.010139003346212485	0.003123896123244911	0.0032926565094952708	0.0040919907664052485	0.004348156924983423	0.006807664209888827	0.005964508935145036	0.004651417245236583	0.005879489553406954	0.006041890784119658	0.004128747996399629	0.006325595065156217	0.01294559443601496	0.0038416405428346304	0.013932710419435454	0.006438805980243958
MCW_CT_ROA_185_R1_trim	0.0026032878561442416	0.0005206597298720903	0.0007424222074102028	0.000626720045216405	0.0008870499956804523	0.0009449011734611971	0.0008581245350821076	0.000848483259039625	0.0010027532325534196	0.0007231413724027654	0.0005785130979222123	0.0009159790717101695	0.0007231414421272314	0.0009159792483455004	0.0009159792483455004	0.0020055124595354116	0.0016101950997231428	0.006161167463134958	0.0018030337054492787	0.0014462856732387495	0.0014559285603816963	0.001465589972279137	0.002314092776800449	0.0017259328546553375	0.0016777266456835132	0.0015041771288131975	0.0015042009149591334	0.0014367569483590983	0.001909361638687447	0.001417744490037307	0.00202576405308698	0.0018719033387711802	0.0017569063312146843	0.001941452927348803	0.0017299392762320648	0.0016730451917551558	0.0013261594239163464	0.0023831078341763822	0.0015320053368084643	0.0018070220878333204	0.0013849301073564659	0.0017089527714204953	0.001171075700516643	0.0018568297913385014	0.0020191986216686396	0.0018113131549636733	0.001689008437730018	0.0016428640803784166	0.0017500403855473588	0.001775404112085103	0.0017214311289833917	0.0014730004282222672	0.0015971114004367142	0.0017172000480816013	0.001905670201210298	0.0018392357288603122	0.0018774874613452714	0.0018083554332712914	0.0016223434548412248	0.0015141739107835173	0.0015769719438538995	0.002125411869968216	0.00177931132332929	0.1335326044649364	0.0020493321917440985	0.002284970107392386	0.0019688618987679695	0.0017740144579714416	0.0019677582196911706	0.0019997128362684814	0.0016343722201636619	0.0029518824242523636	0.0017424493428365307	0.0017814594027507813	0.002028523115541036
MCW_CT_ROA_185_R2_trim	0.014472352118787061	0.05562381447466831	0.0005785108109689892	0.000694212973162787	0.0006845711923186099	0.0007617060479942303	0.0005688690738184758	0.01957296608920953	0.0008677672204789207	0.0010123979213638716	0.0008292021070218378	0.0006170806377836933	0.0008677697305526776	0.0005977969831307476	0.0008388441537479846	0.001407715476404664	0.003345734728167249	0.0017355401304605515	0.0015427027844242558	0.0020247999425342493	0.0019187401031819362	0.0013595275400747257	0.0018609162746770274	0.0020248374272492787	0.001513810823978802	0.0018512951062749454	0.0015138438123948324	0.0024781656251621174	0.0018804348182468137	0.0021507348810330166	0.0015048659260925616	0.002142098724119684	0.001950010232726964	0.001603423366843272	0.0023195270252442824	0.0017117811256692024	0.0022458344610907246	0.0026835226766869598	0.0020072036308083456	0.0017488134543602921	0.0015020798441270288	0.0016403687077371771	0.0014194271132614495	0.0018471660808105043	0.0016239124353936588	0.002425938999610314	0.002822571506861733	0.0038032362646845744	0.0017193541691438486	0.002294973457749279	0.013116359324385408	0.001967765061899891	0.001629142440715187	0.0020193363877505973	0.002244455101044274	0.0019823855629172078	0.002122140346076414	0.002941103504279923	0.0027247373499564827	0.002552111347037117	0.0024374960815833338	0.002066751978229908	0.0023781292457832363	0.05633053808607362	0.0021785068514040477	0.0026332414114657128	0.001832743576814132	0.0025848463505785254	0.002485428710485393	0.0018615787155528822	0.002742760141760805	0.00228164729892668	0.002182874182640303	0.005613105041075065	0.0022868205722898416
MCW_CT_ROA_186_R1_trim	0.00048621613940348803	0.001064171954041716	0.002953994562081315	0.0007339116924425627	0.0007155639001314986	0.0018989968526191296	0.0011467372298424694	0.001623780215384813	0.0014586500239897472	0.0025411713332021465	0.001697172190044755	0.0009999555065669096	0.0008256514871863935	0.0008715210942048251	0.00143112950703735	0.002770520451440712	0.0051006932814603835	0.0029173037948067586	0.0018989999884408697	0.0032750962506753164	0.0030274032283677593	0.0020182997402631714	0.002605446980484193	0.002880698002300155	0.0014587048902393377	0.005293597893349875	0.003495472491548938	0.0024955541061360996	0.0041290146409353815	0.003469184327767067	0.0023503659271858473	0.0045105692467000275	0.0028598348063781486	0.003848460514518916	0.0035856516783661224	0.0029898444948657727	0.001330356660305899	0.005094707468092199	0.004294031194841018	0.0016503004149392981	0.0035262134896180924	0.005262157996012932	0.0027215132218294086	0.006413565607483487	0.001542568776151964	0.003225875720805898	0.003097120420536195	0.0037629856076579894	0.004653733280800474	0.002184554295817779	0.00496880126237187	0.005429328636665748	0.006403034275502694	0.0031550103237821736	0.0027600316634115735	0.002920103181121057	0.0040975679943447306	0.003853957223378816	0.0021523425991857212	0.0020519695487718963	0.0023216912127470134	0.002641131906400831	0.0033252230679384773	0.0031339513485392654	0.002779160975678074	0.004469388944922193	0.0032915540285720275	0.004713067338286243	0.004673359217362104	0.009780616038764671	0.0047264100003128265	0.006978972242224795	0.006501510246651045	0.006430841657013534	0.005276588026267515
MCW_CT_ROA_186_R2_trim	0.0008256500480436589	0.004008992619967499	0.0018714748157285348	0.001972387673439387	0.00279803832743727	0.0009082158860352358	0.0013026934931010454	0.001036650645980135	0.0016879975120384495	0.0012843465221960308	0.0013393899445758605	0.0008073035282375049	0.0009449121708724127	0.001596259541893694	0.26563970262224257	0.0033209552828784208	0.005412606676514552	0.0060089124556498685	0.005054826519913402	0.00433927437791502	0.004091582083604232	0.002238478099106416	0.002110045089828748	0.26670309434671274	0.003449516916256647	0.0032752416775145665	0.0021193031914595933	0.0038259046406571824	0.00618435488507606	0.00436862253385063	0.002570741055588511	0.002177234614392458	0.003181764260695004	0.004336570538739247	0.005687486708841331	0.002740813958993178	0.002245093224031478	0.0029867142075128347	0.0030356251902471654	0.004886334313721763	0.010132850132541215	0.004785025921543554	0.0020981523217000553	0.0024436684312307316	0.004426145851052382	0.004178854993731718	0.32278991802584256	0.008860091413797143	0.004359843835107171	0.006377390968020042	0.004514953238619428	0.00315245940064885	0.0035128253252625333	0.0029011705107175934	0.0023900865365194452	0.007659936101641142	0.002574158161696735	0.0026169753982329975	0.0018994364865168344	0.0097919644047895	0.0029322435513055604	0.003381795845967362	0.003985929774756498	0.0040611961778095375	0.006332015457554281	0.005783090111822627	0.004126317968263485	0.0055741009995697735	0.006359091480539435	0.00405250877385082	0.006231243955693362	0.01183628327439398	0.0036144742858999707	0.013315864551638005	0.006263518957976497
MCW_CT_ROA_189_R1_trim	0.0029160838656849554	0.0007650608888676988	0.0007317973719604075	0.0004878649146402717	0.0009535541513423493	0.000787236566805893	0.0007650608888676988	0.0008648518231630825	0.0010644331311464776	0.0009535558430021308	0.000620920083815341	0.0007650622461296166	0.0006763593770131393	0.0007428865288504973	0.0009535558430021308	0.001740793806410867	0.0016188273613757104	0.006342255141828126	0.0013305430367471594	0.0016853578768748498	0.0015301285640630456	0.0013970858341816564	0.002239776004658734	0.0015523241341496342	0.001774091019517995	0.001618866312356707	0.0016521491910678383	0.0014636831924261047	0.002262166714368074	0.0013862903646165467	0.0019633795330218254	0.0018085819097870468	0.0015097871954947951	0.001521922403508731	0.0016452111128230197	0.001590765638839244	0.0014585725318057884	0.002428985327034462	0.0019514616838304227	0.0018317256217982498	0.0014565261671648359	0.001701639873727052	0.0011251920498248679	0.001835614313569733	0.0020031480687684204	0.0018192197063476192	0.001653237531540489	0.0017640446769011052	0.001779439111364606	0.0018192660749877848	0.001696541416431751	0.0018642422912684986	0.0017022552709247919	0.001515810514884159	0.0018700093351856745	0.0017268920260760697	0.002005443960517223	0.0017111155332533124	0.001576327025821762	0.0012110848171140818	0.0015738298958585242	0.0017898421436488674	0.0022105850092168393	0.15639952279175257	0.0017786208172989998	0.0018702304042543677	0.0018354100175856935	0.0018349451648022198	0.001912524457445915	0.0020447590807820327	0.0016904779567961336	0.002753969281802943	0.0017903458438722356	0.0015865666421306804	0.0018194571584067437
MCW_CT_ROA_189_R2_trim	0.01544526549391309	0.05757914776652116	0.0006098311433003396	0.0008870271175277667	0.0008315879226822813	0.0007539730498986016	0.0006874460160840192	0.021776525393490946	0.0008648519190565131	0.0008759408325252132	0.0007983258220482957	0.0005765686492571025	0.0006763593770131393	0.0007096229529318183	0.0007317986702109376	0.0014525094817823157	0.003337445450507458	0.0018627602514460228	0.0018849359687251423	0.0017518849672414143	0.002029083530605343	0.0015744928608391138	0.0019182227278346869	0.001995844208836268	0.0012862158465340473	0.0017186602034694094	0.001374943713241739	0.002195525762443447	0.0016411815930838832	0.00189645026653444	0.0016195244543755556	0.0020083213296374306	0.0016208266904417516	0.0017108010759383492	0.002378931295130216	0.0019467812308485398	0.0020821203868646486	0.002362172525727346	0.0019514880151872604	0.0016976984346997051	0.00162456339858663	0.0016565172120026506	0.0016366545145068965	0.0018699524905874277	0.0017714789800125069	0.0024835751729232938	0.0025203477048248483	0.003644807190287506	0.0017082723264124349	0.0020667242515092403	0.014943424904901706	0.0018515333084869509	0.0017497276458416095	0.001979039286373093	0.0020292654727161546	0.0020501909240298	0.0019149480847495551	0.002506663547263141	0.0028313731893336714	0.0023809505620443886	0.0024663052230338594	0.002173255252172837	0.002181549312948313	0.05700375227561137	0.0019765115639281297	0.0022466092103128024	0.001996683317546771	0.002148688411668866	0.0021582285923784092	0.001777368982911708	0.0022175899232713884	0.0021992538044623704	0.0016992997577844268	0.005460997512196107	0.0019171587010901226
MCW_CT_ROA_190_R1_trim	0.0010549910894535202	0.0015412060708107128	0.001366903379471368	0.0011650788262977556	0.0007339080567325606	0.001238469845736196	0.0008898635187882298	0.0014494685450188876	0.0011742541834640057	0.0023026409640561412	0.0018072525687755929	0.0008990393489340513	0.0008073010101629106	0.0008164748852783982	0.0011650821396669278	0.002898944536494088	0.0035319432155269726	0.0027888590584940255	0.002724644408676479	0.0038163453520996	0.0032475672831264934	0.0017522431005198564	0.002816434694585638	0.0033118685718442915	0.002376125207670132	0.004422047964174439	0.002467991797826516	0.002458968486575546	0.004349655000781836	0.0022397919416875674	0.002167447039441842	0.00521990264330172	0.002051765774467514	0.0043579797511492215	0.002850571124378721	0.002448651772334153	0.0017320875517461156	0.006858622081477646	0.005768043883277864	0.004057121655410335	0.004841913414695726	0.006968702654096637	0.002500573212107382	0.008038488485092749	0.002494223534183801	0.003705728621104751	0.002818053508897707	0.00371492837977593	0.005119050255042703	0.006932970758098273	0.007480980529546071	0.008230178900084598	0.005794265420224389	0.004022544343660757	0.002808288440957705	0.004225415137195424	0.0060018573460782635	0.004808412755243731	0.002041453929005681	0.002951765643174418	0.0026354379019659377	0.003292152199215174	0.003380988965964563	0.005869952439482721	0.002995919881005301	0.0058294338082153455	0.003454867908883617	0.004853693267998815	0.00810264019466593	0.0062170712364822125	0.011321039523006868	0.006274462371179806	0.006179727807669497	0.44399271226476555	0.02084917752363894
MCW_CT_ROA_190_R2_trim	0.0011650771161791048	0.008504154926437683	0.0008531678811465587	0.0014494681461027195	0.002210898020906839	0.0008623419666607587	0.001275165248572824	0.0011008621860902944	0.0009907769672977548	0.001495340683559674	0.0015595581973452098	0.0015503843255961203	0.0022017302297010106	0.001284342633992256	0.001522863688287784	0.002742989414446068	0.0048988506599137146	0.004577764942503639	0.0029539921231157866	0.0051832565584479144	0.004385132017243293	0.002743039743067999	0.0031467000748969663	0.0024311500596640922	0.0035504258171552725	0.00373396756347332	0.001926684869862988	0.0030553640218499815	0.0030007187960345363	0.004718268861646955	0.004536984644694864	0.0021964374152728863	0.004885729593545022	0.0030866284858401148	0.005341560012288356	0.005562842283441415	0.0057616273948153315	0.002793760169147792	0.002660943591066189	0.004216304458690546	0.009901376064740085	0.005269510000838898	0.0033766552624975377	0.0031337720344609787	0.0036467236940833105	0.00506227339162978	0.004780002798945205	0.0081105261129547	0.00391037122457492	0.007181132880521171	0.0048601722847278865	0.004134079386201128	0.003611984399521712	0.002906110292258232	0.002309013793566301	0.007479304202032904	0.006902863681200507	0.006734238065948639	0.003275824716400293	0.008933128792932853	0.00324800181100707	0.0035281017607809327	0.3011077445982753	0.004652941413921046	0.006250565296603052	0.007094122662604538	0.005975675342778152	0.004227210608193939	0.00835682408849117	0.005123427016416192	0.009187010678232915	0.010269697023095261	0.010870410425437713	0.03163924202294371	0.02207804161224849
MCW_CT_ROA_192_R1_trim	0.002703457253921703	0.0007070592273360742	0.0005614882099433531	0.0006238758536961213	0.0007278552383273596	0.0008214366261123057	0.0007174573063512544	0.0006862635817801594	0.0010813851503983188	0.0007174587237677854	0.0006030813087737829	0.0008110403807647424	0.0007798466821422908	0.0009566119300945435	0.0009566119300945435	0.0020483972850937507	0.001663673094891546	0.006540314854292391	0.0016428771812054019	0.0014557156230416075	0.0016324832982401415	0.001538916654665543	0.0022355902431355165	0.0016325070629326275	0.0015389272159174153	0.0014557493781870512	0.0016013351391679816	0.001590967795068374	0.0020797736707100587	0.0012687818716446179	0.0019450361896345798	0.0016333144548537318	0.0016442445820059701	0.0016865651861088246	0.0014893434869759515	0.0016879740393760583	0.0017516458172157588	0.002180311557132613	0.001691136295355075	0.0017667395699379538	0.0015727132984547463	0.0013915076289405756	0.0011905775566138231	0.0017157532961229337	0.0017413040788479793	0.0018615209148406435	0.0016299296209516623	0.002061627303841097	0.0014829827726834572	0.0018162702812720187	0.0017237140513081165	0.0014796905243956466	0.0016177154218383945	0.0015116714676443202	0.0015983722820628017	0.0017643696006082433	0.001741537181234411	0.0015959226991371224	0.0014116081004189771	0.0013088974366835605	0.001431515076515664	0.0019044000687488427	0.0021989562768185552	0.1452486546735744	0.0017766615517732132	0.001898835301896699	0.0020059525063619603	0.0016886965383117632	0.0019119552265972855	0.0017388702713276914	0.0017327100882103454	0.0026577683717266343	0.0017597923445033484	0.0017197970639464544	0.001746460584317717
MCW_CT_ROA_192_R2_trim	0.011073776828563897	0.05478668649205079	0.0008734260135381031	0.0006654675080810111	0.000613477922801186	0.0006654675772758627	0.0006966613699606688	0.01714618982859737	0.0006966615148374345	0.0009566115322223677	0.0006030812460656747	0.0005822853410289273	0.0007174588729698514	0.0007798466010541862	0.0006862650089276839	0.00154929524742765	0.0038576415876638652	0.001674070877665451	0.0014453158509037125	0.0017468585660121215	0.0017572589090167241	0.0012997609583626257	0.002017230265899024	0.0016637014654090469	0.0013517606734762824	0.0017261035520715529	0.0014453613881791484	0.002162886346873522	0.001902995877050244	0.0016639829741262088	0.0015081964757712918	0.001747771591221193	0.0016130554673578453	0.0017490753585994903	0.0021663823289859874	0.0019381082833601839	0.002022812950799246	0.002420353167084282	0.0024115549184132346	0.0015995605703928448	0.0015098991188165832	0.001792221820553685	0.001722316813798947	0.0017481478748634998	0.0016009486269647993	0.0024496645647093048	0.0027021826086870903	0.00345456555383595	0.0017796911532761202	0.001937443686162744	0.0119778357001161	0.0021916888932104594	0.00140420423240636	0.0018864037224427383	0.0023680150596561617	0.0021232577828710184	0.0018807699334744805	0.0024511758607262987	0.0028215364112220026	0.0027340432339441837	0.002317279825608141	0.001843627554881224	0.002089256144364238	0.056790287365419426	0.0014918209375958972	0.002172133327041637	0.0020797701513656716	0.002397165408979249	0.0020115962156018637	0.0014302952627471555	0.002423119793657888	0.002343776302738204	0.0021159680933304286	0.005123570540454182	0.002036120240751922
MCW_CT_ROA_193_R1_trim	0.0011386871620234166	0.0017586412863942274	0.0013411221320704181	0.0011766448894580082	0.0006073005881073591	0.0014802953708000731	0.0007338216368068738	0.0014423390792410967	0.0011133848341296987	0.0021635110824273682	0.0021129029033816315	0.000910952149960943	0.000835039470797531	0.0006199537033756858	0.0014549933854735486	0.0031883333316463846	0.0034666798923456716	0.002973247729102971	0.002884683268103222	0.0036438136710575044	0.0026949062476277234	0.0016700996492790736	0.0031504172405001953	0.0034161241566285335	0.0022015041840599205	0.004795255253081932	0.0025431564797855754	0.0027456603699100423	0.004264185121815242	0.0027840203810539314	0.002100965304962708	0.00478508330032512	0.0024567090508074026	0.003838801260191035	0.0028264258906695373	0.0024093149696191724	0.0014845458774160984	0.006690407669263822	0.005640369291746196	0.004045746451034318	0.0051165364544290765	0.007068040731412656	0.002689322136961229	0.008211279613230484	0.002260240400220242	0.0035966566431901072	0.002590332189513485	0.00316936571004645	0.004681802181719817	0.0072304724452174765	0.006747007474155138	0.007368227151917055	0.004802448622982887	0.0033096507906426147	0.002121564538755923	0.003605243701199079	0.005284239376605914	0.003864220323739866	0.0015969257624543253	0.002704994694811452	0.0025139145882605582	0.00296875711413401	0.0032785470859755836	0.004776051108682599	0.0021570803521235578	0.004665481288828098	0.002476699627659543	0.003448122841924856	0.006180393506105657	0.004402113134910597	0.008077818129891315	0.004258553740200747	0.004025554911780043	0.3902438718758287	0.01544434685998102
MCW_CT_ROA_193_R2_trim	0.0010627746845551888	0.008451599851160748	0.0007970820218909089	0.0014423388967549778	0.0022014646318891766	0.000556692276198318	0.001113384552396636	0.0011766450383282631	0.0008982991275364615	0.0014043843868388182	0.0015941662624316504	0.0015309056964621403	0.0021129029033816315	0.0015435582002415035	0.0012525595231467938	0.00251777116268901	0.0044788492039794445	0.004580066714618194	0.002909987139122057	0.005668153882280542	0.004010728508979414	0.002656977050930075	0.003213679444079004	0.002302721310496411	0.0032516473959112242	0.003960196607946102	0.0021509275495481977	0.0031632023906724496	0.003112732543897121	0.004201355266095113	0.004746193805698166	0.0022659842720436914	0.004938853198287357	0.0032561065935271644	0.005108026522191904	0.005161211781512083	0.005697373054217039	0.002920059807903231	0.003137954782706795	0.003956935311614382	0.01029749553934696	0.004605447821430753	0.00338789000012543	0.0027111698241584783	0.0033642281619539437	0.005103931111210428	0.0038120887310805172	0.0076562460054368665	0.0036542790607542565	0.006253884457346571	0.004372023821897161	0.004047483456923241	0.003032979916368639	0.002566959199350326	0.002161883199825497	0.006311681148390836	0.005265822216012453	0.005340561550887801	0.0026827556701453066	0.008051161808118316	0.0031075409234050757	0.0030657101460889306	0.29949306392508435	0.00369798941040852	0.005277178679553147	0.005089858191224196	0.0049182028350309576	0.0030998386137162316	0.006578883136955675	0.0037345213126721948	0.006316155304890487	0.007440496610457374	0.007447856011037848	0.023673542320798876	0.015193000392264183
MCW_CT_ROA_194_R1_trim	0.0027513663682721128	0.0005547717946222822	0.0006972132013496248	0.0005847594591964595	0.0008696424030438684	0.0008246609612623012	0.0007646856186250429	0.0007796794542843573	0.001034574660492705	0.000757189098156297	0.0006072507084029329	0.0007871769032400652	0.0006297415225920522	0.0007346984430240608	0.0009895939695942755	0.0018217525349349163	0.001679311230498811	0.006882177274990662	0.0016568205793009432	0.001574355222818495	0.001626834705947003	0.0014019328831004637	0.0022116055161489935	0.0015593728202516947	0.0016343463431800452	0.0015593812375249499	0.0015743912222741271	0.0014769663351389558	0.002121876221437803	0.0014547558555985341	0.0017775527044376865	0.0017329929065074334	0.001651216285916206	0.0016896728770781006	0.0016303821488031004	0.0016613965564135848	0.0015949857260062798	0.0023865881275898625	0.0018235585071415678	0.0019703164652854774	0.0016135685204144825	0.0013493523566095852	0.0009003091523119939	0.0015311988369728711	0.0019870543019529286	0.0017184123928417434	0.001681612294801459	0.0019595967933637975	0.0016038555404107042	0.0018503283850189046	0.0015777238978324259	0.0015435413411822546	0.0018436629995685994	0.0016534369330473866	0.0014916312667052048	0.0018902642071480988	0.0019431586872263895	0.0017352698594405123	0.0014691590524786252	0.0014925205731596935	0.0013491689075149152	0.0017997009810250633	0.0018863405455931683	0.1409410479999307	0.001989079204570979	0.0019446821807818499	0.002056027224503211	0.001800835217639697	0.0019178725861347403	0.0021034055807281657	0.0016300027996532934	0.002968071643852989	0.0020349487023347953	0.001747178178772299	0.002106891333225419
MCW_CT_ROA_194_R2_trim	0.014379075461433004	0.05486992925460112	0.0006447347883448143	0.000742194698210891	0.000689716388620999	0.0005247842480760097	0.0005472750015649816	0.020294156564882263	0.0009371147287071603	0.0008846367681430005	0.0008021706888779484	0.0005997538310400496	0.0005847600729420719	0.0007047108571353174	0.0006822202896812307	0.001454403694485261	0.0034111019598617506	0.0018517410639249505	0.0015743548687336647	0.0017542821915842585	0.0019492036041374396	0.001454412308346505	0.001934218575695419	0.001971707866364688	0.001266993361029758	0.0016568426890841731	0.001379466905014557	0.0022941727786503384	0.0018969470399378583	0.0018896949087569813	0.0015600620514680972	0.0019430823903694536	0.0018013767472134766	0.0015996249818164695	0.002314207286702407	0.0018344115764000845	0.002377612759413729	0.002477149052919659	0.001966932918544108	0.0016685403141234764	0.0014243800064021336	0.0014410552367146716	0.001616354179222275	0.0017104400674628662	0.00150850573314675	0.0024636883236224933	0.0026389237910699457	0.0034485708074400477	0.0018290896981576817	0.0021085585748719373	0.013743800821406594	0.0019037370849209723	0.001646142414149744	0.002141485152705527	0.0020725236583266494	0.0020383529935070685	0.001822422299194132	0.0025872842259770878	0.002570698161123261	0.0028105197932624063	0.00253158395256469	0.002240246749738003	0.0017608810650099136	0.053760554970513325	0.0021041499755439534	0.0024245087673196073	0.0018567923737668893	0.002136668539585102	0.002069914653789116	0.0018529436868730176	0.002120388316422576	0.00232615267382226	0.002113940789859024	0.005125017427121633	0.0020108217269390717
MCW_CT_ROA_195_R1_trim	0.002573083526579745	0.0006501887622481037	0.0007193577795085403	0.0007539423402882094	0.0009061145021620169	0.0008023609332121676	0.0007193581278096036	0.0006156047645872045	0.0009822013359183212	0.000850781501603066	0.0006709417878454399	0.0008092803008032626	0.0006017726562390302	0.0007055270016942331	0.000871533656450978	0.0018883230529245076	0.0015701452716389364	0.0067993604865990345	0.0016324016792709749	0.0013695618882191255	0.0013972365704122843	0.0014387707917078382	0.002241169791023368	0.0017362412907784973	0.001853853916726404	0.001563359934432961	0.00159808650241612	0.0015983336368552766	0.002062436742711985	0.0014750596498887057	0.001913341438691341	0.0015898250088637951	0.0015382073300242618	0.0016688291620285086	0.0015061253768816059	0.0017430327011911308	0.0014672322941213856	0.0026180487003758597	0.001973222238555329	0.0018911965372120038	0.0018596099705943767	0.0014749747419748164	0.0010617896034532108	0.001829045899906858	0.0020107604408735893	0.0020657040866648596	0.0016698641935174875	0.001879350244856684	0.0019003988303678667	0.0020510441048524385	0.001818952972738119	0.0016391547178750351	0.0016899040588769841	0.0016860521851047934	0.002171952926148904	0.0018881134273539778	0.002140742550164217	0.0019848125087294994	0.0019286542062888538	0.001506944932064037	0.0018146332674772677	0.002365491288885789	0.0025600710476354456	0.14273189842489864	0.0020342152540007465	0.002210509378471592	0.0025635218805890258	0.0022011760802271617	0.0019420719869613968	0.0025333345768015873	0.0022093544913503065	0.0036457638090480965	0.0021866114083005563	0.0023214025225108646	0.0026359151223349178
MCW_CT_ROA_195_R2_trim	0.01526557887946639	0.05286587257879076	0.0007055238784556663	0.0007193577297512731	0.0007055241712581073	0.0007055241712581073	0.0005118509047483509	0.02270128716713252	0.0006294387972102442	0.0010237044294168938	0.0008023632086587717	0.0006640247244072594	0.0007885295238595891	0.0008092808045994264	0.0007816133551023028	0.0015701437511564248	0.003499971156364186	0.0017430708093465117	0.001487145186180202	0.001646240260465644	0.0020266834666967143	0.0014664385478550775	0.001909142787971017	0.0019022534994201238	0.0014318918563329635	0.0017501298762388395	0.0014735573251157261	0.0021380243478766273	0.0019447747639382562	0.002174495207211734	0.0014419407746397	0.00199249571960545	0.0018444647126755515	0.0014314211036996858	0.0023327080554923925	0.0017851566752595486	0.0021372838803933617	0.0025825196391774316	0.0021150215430558415	0.0014485712948257888	0.0014125004269931137	0.0017093647142371372	0.001483030145260168	0.001758390757960146	0.0017622522381002125	0.0023983620655477246	0.002605833132570765	0.0032849831854113226	0.002007647449684601	0.0022351693960946236	0.01555338594285495	0.001961614977378973	0.0017859475662112864	0.0022728211909583042	0.0023100763875005957	0.0023021556118461087	0.0023567921979269083	0.0027166899849223707	0.0032362377671266555	0.0029445418399198235	0.0028678045227103267	0.002318858334162799	0.002622879070190495	0.05560673792281294	0.0022399818647151322	0.00299712212507437	0.0025287353899678747	0.0027062826958668736	0.003151627242447589	0.0023983975396300733	0.0029121707418246377	0.003154041243209399	0.00275629873536272	0.006134987507742828	0.002608110631310961
MCW_CT_ROA_196_R1_trim	0.001037748745201252	0.0015603569589046026	0.001306518984728734	0.001239326579799828	0.0007988430960172071	0.0014259722555073513	0.0007689798027081527	0.0015155622485837146	0.0011049419349280284	0.0019261832812666581	0.002090431624109336	0.0008809677445605655	0.0009332286126399469	0.0006271296745144728	0.001478234453509041	0.003105785750356344	0.0037179844582276985	0.002837016253266115	0.0029863337899935422	0.0031804488106017353	0.0026205131830851027	0.0017544870820475804	0.0030535570766931845	0.003643380537509125	0.0024861639006164564	0.004875292554883251	0.0026504616693593117	0.0025982774167358485	0.004315760770063136	0.0023074634569476607	0.0022704776733997035	0.005057370905191701	0.0023315745638666477	0.0038652720187052248	0.0027224902828039137	0.002499292116663963	0.00161749639863678	0.006497098150170494	0.0056778493296800086	0.0036062536043753473	0.004943003626702859	0.006704204149606929	0.0024969294258551313	0.0077337941770846295	0.002354645334460662	0.0037178221514418456	0.0025749791403065973	0.003454431308119621	0.005074403038108529	0.006476922541974078	0.006769412911862964	0.0067091542089810306	0.005252477956542647	0.003453055830199085	0.002116160944788605	0.0034158319050425923	0.00508645035671628	0.0038594417226890105	0.001778128122024346	0.0026325805024811637	0.0024468453541992823	0.0028687209542003385	0.0028448294506795866	0.004819047944142124	0.0018698731984097335	0.0051197893485858265	0.002878553814563563	0.003721747430201244	0.005797474311771966	0.004655765104274405	0.009357572016705146	0.004823078259007124	0.005030399832085874	0.3982692532355955	0.017859468808370586
MCW_CT_ROA_196_R2_trim	0.0009108298339176456	0.008466243021042198	0.0009556253145444456	0.0012915875320442494	0.002232281508168209	0.0008361723375078241	0.0010601470707688485	0.0009481597749262807	0.0009780230749239587	0.0013886439682606758	0.0015678239521840572	0.001388644279282047	0.0023741339450535815	0.0013886445903035576	0.0011422723335518831	0.002620507313791118	0.005084232897883593	0.004673612381339893	0.0028444837844266526	0.005300749600651977	0.004322728165575272	0.0026354651483998324	0.003150615549646534	0.0025832174929515867	0.003217828471973461	0.003441822412863845	0.00223982726452136	0.002650543596626388	0.0028896235485055045	0.004607476941892846	0.004511114332624327	0.002226164741718947	0.004984571369085389	0.0031625704774718814	0.005183348034445255	0.0053354836904066505	0.005436769953563544	0.0029001991994700807	0.002880296454512581	0.004245022072987783	0.009569765929553562	0.004954312001358724	0.003367511153448931	0.0028269071648308716	0.003558996505966836	0.00486778866847667	0.004267152061774505	0.007602696064601104	0.0035828176625618303	0.006347539226877677	0.004287261562068549	0.004139839083728528	0.002939119087227176	0.002432594985594321	0.0019293570124158319	0.006339432031019936	0.005379190072139392	0.0056903439002444775	0.0027800906707951736	0.00814648281261845	0.003020604726817384	0.0032261477418335815	0.2986380299976298	0.004008200413664502	0.0051899705629326175	0.005033712653015892	0.0053047299231771695	0.0032786523752240653	0.006369423029613143	0.0037931121004784614	0.007225860763388498	0.007784925522378009	0.008688800260148658	0.026592057735686285	0.017356986522052597
MCW_CT_ROA_198_R1_trim	0.0004971908323377021	0.0009470307547448411	0.0027227136347658804	0.0009943824494338767	0.0006865975681187653	0.00198876536972332	0.0012153569025761227	0.001578385587761198	0.001704656434782094	0.002525419332069203	0.0016494145012576984	0.0010496274927271863	0.0007576258594121045	0.0009075726440874167	0.001665198766332364	0.002683258675606653	0.005611167406930384	0.003006828816026824	0.0021308235704127097	0.00340143033697047	0.002912137497084903	0.0023913034213632893	0.0026122871094522255	0.0034804396529251914	0.0018309872493836202	0.004869532056121634	0.003922542956975465	0.0025099234718019177	0.004349450137935194	0.003411121646283109	0.0023069361115375165	0.004364459228083714	0.0030485919424843933	0.0033318924220787373	0.003862120394689632	0.003160008335417453	0.0014513652682071182	0.004568120175422204	0.003975537247464395	0.00187029826681948	0.0037030814327011843	0.004927341391053244	0.0029413827666646304	0.0063360229951273574	0.0018736327099326284	0.0036026115169575457	0.0032987680600735656	0.004183323679040028	0.004883244924529036	0.002487182917694864	0.004913050678491365	0.005536632386160131	0.0069468898061084946	0.00377809771268927	0.00293674134182003	0.00406854949144202	0.004678816211398536	0.005095137289581906	0.0026897948847244314	0.0020239983232298335	0.002679201697796493	0.0029118466168617644	0.003919506636259213	0.0033418181809213503	0.003517890276100265	0.005896816697318946	0.004102357833618036	0.006399551636699427	0.005721584556458771	0.01257271073692215	0.006225657388691646	0.0089543458820683	0.008613467851620513	0.00815037818217855	0.006498691694502215
MCW_CT_ROA_198_R2_trim	0.0008049756333086606	0.003748663404198329	0.0019335212768627269	0.0018388183390324866	0.0027384983464047307	0.0008681118677363699	0.0014600066686791082	0.0010338425599835848	0.0016651967950880638	0.0010969790223675602	0.0013337370847490478	0.0011127629810115283	0.0008838968359807885	0.0015547113990019225	0.2628646469620777	0.0031409910379160237	0.0051218672954962295	0.006187279805050177	0.004885109948119974	0.003898622862771395	0.003945984211327974	0.002107186832970797	0.0020440541817994414	0.26369246317977346	0.003567264320238053	0.0034410264108247746	0.001854721042457406	0.0038911660585502893	0.005588769352199272	0.003963860019520826	0.0024728703214162576	0.0021269111265046414	0.0034129122586186132	0.004529908542653849	0.006254282435129899	0.0027223020295398426	0.002504075901889987	0.0027074181820621324	0.002927744466462967	0.00508115560730004	0.01005012205278958	0.00502547909704028	0.0021871320213222747	0.0023605581801624358	0.003983669943183897	0.004263780767858546	0.31303408392553767	0.009320812771214843	0.004860712560246649	0.006253293485906305	0.004739128690666435	0.0041315410486649	0.0041440636434568546	0.0033147266676389867	0.0023441050839490413	0.00845081799762077	0.003132111483593119	0.002633163426351576	0.0022865078720248205	0.01110287930197439	0.003780839091212687	0.003962184452204456	0.004484035594274548	0.005204707259709382	0.008070881525726607	0.006634919220855719	0.005644237671724561	0.006820936304894735	0.007540040017383117	0.0048113617809976625	0.008176825952293774	0.015327483515240044	0.00465194784248321	0.01592986086850336	0.008140908724345617
MCW_CT_ROA_199_R1_trim	0.0006600278115828552	0.0013381397867836997	0.002875192244575787	0.0008860656947189038	0.0007775680654603813	0.0017811735202968792	0.0011392279398003023	0.0015189709984133083	0.00170884268222479	0.0026672421882127243	0.001844465784391172	0.001003606382683432	0.000904149894309398	0.0007504448872370662	0.0017359690527350329	0.002631078095551534	0.005804649144221119	0.0026039549917229493	0.002368876792548056	0.0036075672112827343	0.0026310838049016095	0.002332719593000105	0.0023417615652732127	0.003164546089262985	0.0017811888196676519	0.005443035513998411	0.003878870733242193	0.0023599084644853217	0.004457731034795801	0.0037798212524338248	0.0024056120577958242	0.004522400989718412	0.002858886622889513	0.003900464843101313	0.0041004971196497	0.0031417687379342953	0.0012589299113867313	0.005091818534835559	0.004006290419799414	0.0019415280696874304	0.003289270436182702	0.005040658884302569	0.002390376727951591	0.006585204160670139	0.0016479441387672656	0.0036352719559966597	0.0030613366803947705	0.004283729954037822	0.005087046580670909	0.002318245124106361	0.005008332471937805	0.005167137986621845	0.006459519960488318	0.0031606786217173973	0.002770049833777639	0.003267473742434701	0.0039750371592362594	0.003929947648960529	0.0018762624654187548	0.0017527661025730605	0.002364267220209836	0.0024164519236405187	0.003178857619168431	0.0031689285740766	0.0029988139280118283	0.004793421682389332	0.00339130759714657	0.004888129262364439	0.004590536323782162	0.010042637684987296	0.005403465699769591	0.007324698506912375	0.006459353638406702	0.00661314777265448	0.0056354564906507445
MCW_CT_ROA_199_R2_trim	0.0008679817796158096	0.004547867389250161	0.0019077535171606046	0.0017902145246614259	0.0031012310531057337	0.0008499001322137195	0.0014195143073027863	0.0010668963929679593	0.001971046056746054	0.0014195152057203027	0.0013019757300874112	0.0008589423219326672	0.0009222328088119165	0.0016455532539911449	0.2688671513092683	0.003291106805547757	0.005388736293419223	0.00640138530317883	0.004755833174052102	0.00467446382905314	0.0038878536850569076	0.0023055943211855636	0.0018987250784422102	0.26861568932984775	0.003462919456290904	0.0035804675728986816	0.0019710808087073308	0.0041230580938885425	0.006401777741127299	0.004150583532256906	0.0022337993925150897	0.0019717894812628896	0.003456057138214601	0.004543115934979142	0.005956309474270599	0.0029426842966957367	0.0024002242624631643	0.0029265845869927724	0.0029731606084138088	0.004545636420401143	0.010586482016611236	0.004685609290560467	0.002189198804532576	0.002404102338123085	0.004259236385582374	0.004332978419628875	0.3321894477605936	0.009315770673785561	0.004393713860181158	0.0061754824337557504	0.004433836289773323	0.003860851870469177	0.0033816457793679026	0.002660393644137102	0.002226736581031864	0.0075357230316652445	0.0027268512156410616	0.0023722249274773437	0.0018552526000427693	0.009282095243994915	0.002769415488556656	0.0033723541985610224	0.003919684262397333	0.004190829470684032	0.0069150993040065405	0.005628149120454	0.004307666056344272	0.005334929392683003	0.006549965992999143	0.0035730530306805446	0.006280146031490568	0.011834788500408795	0.0035086830585760384	0.013135632200544044	0.006765179522316924
MCW_CT_ROA_201_R1_trim	0.0011058689237893747	0.0015482176917932077	0.0012828089446286577	0.0011832807952973988	0.000740933080251236	0.0015039840648464846	0.0008515203896557302	0.001481866652128154	0.00119434081510443	0.002023744830327243	0.001935275110968675	0.000685640325028902	0.0008294038024293791	0.0007409340635035786	0.001437633257544257	0.003052205992940115	0.0035719657091291923	0.00299691240611149	0.0025877404359214646	0.003350793214588447	0.0029969170459996906	0.0016698748168943558	0.0030411640912614635	0.0032512844785448397	0.002267056615149556	0.004755298425387985	0.0026762578439513862	0.0026431223082176995	0.0044016854252564505	0.0022784412232397908	0.0023008503411895576	0.004845845683048502	0.002290849076096141	0.0039080261003003195	0.003034417716835448	0.002426234440940745	0.001518605915335836	0.006121606376052276	0.005692485286922897	0.003844104454761557	0.004644510606135365	0.006947668727099824	0.0027817523801157637	0.007815978514567043	0.002456904186450459	0.00346007635158514	0.002494871076382095	0.0032079518293026826	0.004560206915037427	0.006048458387536826	0.006087262129424773	0.006639039316885231	0.005147453746026772	0.00359732570716325	0.002509219860402111	0.0036176057799004345	0.005096365324330334	0.003911962407287114	0.0016745353164496852	0.0027203519558766437	0.002542767908607383	0.002548605456348728	0.0032171440194894837	0.004664890629755037	0.0022172401773950514	0.005124415592512894	0.00347433406681888	0.00343053219942446	0.006193973086434912	0.004940446350114886	0.008325090941970257	0.004637985069866441	0.004417021112360297	0.3996903796851336	0.01701053438093448
MCW_CT_ROA_201_R2_trim	0.0012938666408335686	0.00812814288191434	0.0006856392635084205	0.0012275155913832828	0.002200681835373074	0.0006635223815499197	0.0009621074532473835	0.0009731661596065489	0.001039518857590893	0.001481867799256014	0.0017251595274920758	0.001404456794817267	0.0021122150168534854	0.001669866322224483	0.0013491635186184566	0.002289154494705086	0.004622543858873073	0.004534074119947272	0.003118558986879714	0.005153364572011966	0.004268671039953323	0.00276469309971308	0.002930576306124683	0.002289169937027921	0.0031517616356957242	0.003284474290031023	0.001990606548874367	0.003052313332792174	0.0030745525917704178	0.0046011484510775705	0.0046791869763292875	0.0020578588023416663	0.005290142163163479	0.003553914038458664	0.005105626666389051	0.00500789297113415	0.00505504063487763	0.002761629760830663	0.0029297821118823863	0.0042334692747356	0.00960231917173202	0.005091394446776912	0.0033345034135852172	0.0029048610353060896	0.0037380861364787825	0.00499072116840832	0.0041826355919180385	0.007507128296359182	0.0036912332166416113	0.006097119669470954	0.004336287892114092	0.004192247521598613	0.0032587329285210013	0.002563659702459007	0.0020957729234911287	0.006265368771112539	0.005184892909013937	0.005596001588317244	0.002962777390033142	0.007461862046850209	0.002845915701710257	0.0032726198920492084	0.29855350799730784	0.004108155781267226	0.004635235981052317	0.004994064694693947	0.005197902700405206	0.003041056858626449	0.006316098103663474	0.003218516206260674	0.00714414324656677	0.007263376310637843	0.00797468181951832	0.025143196456143196	0.016121479073990273
MCW_CT_ROA_202_R1_trim	0.0032636978883874663	0.000696608535544386	0.0006708086520899947	0.0005805079367045106	0.0009804149219151115	0.000748211387777322	0.0009417146973412814	0.0007224116474429916	0.0009675172218065482	0.0006321143502599796	0.0006708154884588131	0.0009546221644174134	0.0005289122802853237	0.0009030209663407965	0.000915921502173185	0.0019221451242789375	0.0018318432406596958	0.00643725195133231	0.0017157409427261162	0.001419037340548579	0.0015351421780313414	0.0014835591331834896	0.0022704925498173156	0.0015222714767349186	0.0018963941806241923	0.0015480878663711195	0.0018706363375881926	0.0015223836192554692	0.0021289330909876327	0.0013421407015137153	0.0016910742904426546	0.002182538478217943	0.0016801335835439964	0.0016429117156163803	0.0015923482359435459	0.0015937675654565523	0.0015957235646336802	0.0021947638648363117	0.0017683799364293419	0.0018904624344905875	0.001402171662503833	0.0016939675565510557	0.0011550912864614303	0.0017476246981422065	0.001886917060560603	0.0018124287936768996	0.0017734116225992796	0.0016973516464738874	0.0014890295035446777	0.0017117885989988482	0.0016245806007379948	0.0015011576574640796	0.001756037994058288	0.0015228733266275632	0.00201945492387286	0.0022061223599196844	0.001832006927603339	0.001469564008429023	0.0017110473021518498	0.001604348318726522	0.0013642629140116875	0.0023044920182638674	0.002091623570506016	0.13258090165397585	0.0019032653381012286	0.0019765182035426047	0.002097551283672253	0.0021683524621445086	0.002347119477730113	0.0023446095022814856	0.0015556976111758083	0.0030796951183957987	0.0019804868803391957	0.002065669111751634	0.002427693595254498
MCW_CT_ROA_202_R2_trim	0.01497689030995197	0.0561156658684912	0.0004902061329689296	0.0007869104541053828	0.0007353109068666816	0.0007869116722608346	0.0006708102097313921	0.021078931698069202	0.0006837119054754101	0.0010449233174638292	0.0007869178646093624	0.0005160117810649735	0.0005418123701182221	0.0007095161989643386	0.0005160119141990869	0.0015867366361621924	0.003431479229423928	0.0018705434302773644	0.001767341490108822	0.0016641433609194123	0.001806049155239858	0.0014190565621755118	0.002051183610346325	0.0018318860143759189	0.0015738781635112344	0.0019093086148391722	0.0017029247732981395	0.0021416588644486046	0.0018321741391200792	0.0019357811070344995	0.001613623005771736	0.001782195786605042	0.0018223126284585005	0.001655869234971596	0.002537433947422556	0.0017233687375468793	0.002127657642241373	0.002792175881626288	0.0020414624933278633	0.001720991771051771	0.001716680155491909	0.0016277525726100062	0.001531142224040491	0.0017474114079480735	0.0019143707511893723	0.0023457092202665906	0.0025102323879542883	0.0037212320956695978	0.0018461572808650666	0.0020272756276754466	0.014888956221829501	0.0019121032606361481	0.001919758014502272	0.0023973404274119895	0.002142858043217665	0.0023958126982575206	0.0020413252414112058	0.002785884040956122	0.0028523299057835634	0.002619105490395807	0.0024712178766892537	0.0022318454704270256	0.0023479861583607094	0.05439533025468269	0.0020830948374089176	0.0026729548719910535	0.0020149087750052116	0.002753043538793628	0.0022621300772418204	0.002159059082052042	0.002519542072220557	0.0026014530856613436	0.0028251083737061856	0.005756423829130648	0.002485245712207697
MCW_CT_ROA_204_R1_trim	0.0010716518390144086	0.001601782139388108	0.0013794707392595093	0.0010089517390451783	0.000746738590703629	0.0013737709951112563	0.0009291483352255467	0.0012768667150089925	0.0013395701439114457	0.0018925022254002073	0.0019723065361098545	0.0008835477257139522	0.0010602576939224148	0.0007695420062199515	0.0014421788049764404	0.002992663869295491	0.0035170927859239673	0.002964162815535132	0.002867257983047608	0.0035626985349385583	0.0030154706183430566	0.0016873039328603524	0.003032589218404282	0.0033290153040647905	0.0022345510154267246	0.004486217251825397	0.0026336044045722562	0.002599453909458968	0.0044465995883816965	0.0024572971920219827	0.002149807848805896	0.004762877980713139	0.0024767599733674117	0.004014187726829444	0.0025709248170744147	0.0024465352031264433	0.001710120308965549	0.006311282524705266	0.005730512707426241	0.0035876612649440275	0.004509021028925284	0.006489656525842851	0.002491101425688122	0.007683664132421928	0.0023087121550102326	0.003498434583712922	0.002524854819362678	0.003374907390934094	0.004779484023114586	0.0061119444405150535	0.006584664448193446	0.006798866310101227	0.004975702390694697	0.0035387871238021754	0.0022937772474685364	0.003538738916374819	0.004686437107795604	0.0036497065491949456	0.0014800063063319562	0.0027705630751666955	0.0024435066612951504	0.002643899111086963	0.0028151819066093335	0.004777146747197059	0.0021384030341144184	0.004363741833158729	0.0029687787621105015	0.0032490956019471185	0.00551142637980592	0.004456134467030952	0.008263160138032973	0.004589635858696536	0.004082370735958568	0.3951582389969539	0.015574001771984555
MCW_CT_ROA_204_R2_trim	0.0008949432910918201	0.008077314204672417	0.0007524385850506414	0.0012540643084177356	0.0021148089295783446	0.000758139050226199	0.0011685605898665845	0.0011400593720119756	0.0009063473040784944	0.001436477347122756	0.0014136761193906486	0.0015048810303190776	0.0021661174988776093	0.0014877809576008079	0.0011799642750139885	0.0024910358336929753	0.004657154215420003	0.004651454434557571	0.0029527620210048544	0.0051701869350345205	0.004366446062334951	0.0024853518152302815	0.0029299813131036176	0.0024397566787341517	0.00348863477465443	0.003728062149874255	0.0021604680520074253	0.0029984935705115144	0.00282758450059556	0.004350171099128027	0.0047900591218749565	0.0022645232374308693	0.004662546352958525	0.003283353648251297	0.004747716568291047	0.005236128831634449	0.005113287632896147	0.0028037993884970753	0.0027823162164209215	0.003925872871983475	0.009960175953918045	0.004580271742792244	0.00306027297634949	0.0031400857143993217	0.0033273921225611025	0.004829522587487749	0.0038130283338295616	0.00744407836954333	0.0033541389240255956	0.006276910313810909	0.004128765546373008	0.0035000442917976103	0.0030286398481415753	0.002638360156559803	0.0020697368255707116	0.006033592538039693	0.005091604953028542	0.005101489316037201	0.0027743058943416558	0.00762254416056654	0.002911662731100652	0.003176914204494999	0.2962614544221684	0.0037492985312829203	0.004666552739607201	0.005078392025129063	0.004805656733259779	0.0027790339069993317	0.0064260063002800905	0.0037276912847444667	0.006074136034424029	0.006731917701429197	0.007267848428502385	0.023739794153233768	0.015572973036144026
MCW_CT_ROA_205_R1_trim	0.0011452987135157642	0.0016630418368767759	0.0013178824171187278	0.0010511682833347232	0.0006667861129005384	0.0015375303309235944	0.0009178115450494462	0.0013806402389637228	0.000964879636364321	0.0018120945781581104	0.002000364301639875	0.0008550576818774368	0.0007766120229895985	0.0007923012169197571	0.0012002192400478488	0.0027299104283441266	0.0036006585675121125	0.002996626520238839	0.0026828449012846435	0.0032398123199472344	0.0029024966648744403	0.00174150879144232	0.0030437185454633884	0.0034124263151255677	0.0022906454042475313	0.004424416724201081	0.0028711854418660256	0.0023534875547578105	0.004173668217383156	0.002573462750264349	0.0021029768107571974	0.004999388614798912	0.002041212872987492	0.004036801175918612	0.00284398041298838	0.0024443355627874353	0.0017064830312674875	0.006317719282883	0.005675828182840704	0.003767748123357966	0.0047098115964728255	0.006304292143121088	0.0025032450213015754	0.007361042188124212	0.0025196055793170616	0.0035562930117289	0.0026276230349588	0.0031190766348076445	0.00453281436180199	0.006306604145436565	0.006326018832657427	0.007101529476300913	0.005086912758522824	0.003474540053523171	0.00238804212300882	0.003357457833048381	0.004924648962423365	0.0035051077354152863	0.001590535926710901	0.0026540345134852543	0.002504031710706141	0.002808822281132902	0.0027074361425803556	0.004916667439585999	0.0021603753255603577	0.00471894228595334	0.003001974797538641	0.0035325478492017003	0.005982304194167216	0.004400819492771701	0.00825844730619831	0.004336287377486777	0.004110944078798262	0.38049289336485775	0.01565887052449171
MCW_CT_ROA_205_R2_trim	0.001372789553871635	0.008056336936563368	0.0007138527519455038	0.0013100376733887812	0.0022670720724961013	0.0007844540043239104	0.0011453029361566567	0.0008942780559932594	0.001153148290947943	0.0012629744145701749	0.0015532233149174392	0.0012786638386492542	0.002471037479598252	0.001514000860234893	0.0013178873794633139	0.0024945725396984153	0.004667519266852745	0.004243912809164341	0.0029024925664812	0.004808728320421022	0.0042439211320993014	0.0024632170697491294	0.002988808911012176	0.002463225185457715	0.003286921324361006	0.0035144322356276195	0.002031796915700903	0.0028084964706299523	0.0029184360665977693	0.0042368236940755945	0.0042609342792869	0.0022368177852913926	0.0048048587485368536	0.003180886157184	0.005201148935371168	0.005156221728224042	0.005379353334094098	0.00276176257103572	0.0029759381231608526	0.0040755944731470355	0.009444411733673911	0.004923359961299214	0.0035196311426562497	0.002911055325291886	0.003316706715087333	0.004733974739216451	0.003990703467412211	0.007134914568656147	0.003691876635282968	0.006165382803418544	0.004213601621930331	0.003861495159274608	0.003054016917407888	0.0026504792667741256	0.002009291648597292	0.006120554580864422	0.005117464901563394	0.00562499580955227	0.0028886388698737132	0.007364916111243821	0.0029916959819241903	0.003095751050813446	0.29503495948182407	0.0036775366798317685	0.005170266054791166	0.004896431274721455	0.005160647906350205	0.003257398307571575	0.006087344401623879	0.00346581838961359	0.006562479757437171	0.006817249163792029	0.008126364278345522	0.024006593628067778	0.01562536147126992
MCW_CT_ROA_206_R1_trim	0.0024481222783858	0.000674122859719054	0.0006741230988989442	0.0007332568775060089	0.0009816181940448653	0.0006977768710620696	0.0009224846769973123	0.0008870048118237033	0.0008042180765043195	0.0005913378000625399	0.0005558578607585521	0.0007923931206558081	0.0006977790992215861	0.000816046743157448	0.0007805665422924553	0.0018686289951849687	0.0013837319250017295	0.005759639027929046	0.0016794019342216107	0.0014665222536473237	0.0017030597123484838	0.0013127828026872073	0.0020697062885719334	0.0015375001005288528	0.001750388249123298	0.0014310670946937097	0.0014547446674737542	0.001726810735511378	0.0019871032269373604	0.0013485653394102368	0.001656392301845789	0.0015502224746757548	0.0018349364561505235	0.0017885106313928149	0.0016234254846517564	0.0014702285244964379	0.0014714337163609782	0.0026597819477511956	0.0016162184671023483	0.0017261366371667931	0.001445425223195754	0.0017310274284902353	0.0010555422702821537	0.0017164974036750701	0.0019571602397694715	0.0017483454096129775	0.0015578000998248355	0.0019532950764740227	0.0017301044616868367	0.0017851334843058282	0.0016660123434981708	0.0017173947480530638	0.0015676462685225178	0.0014563968558097573	0.0012623512767487254	0.00189292234990871	0.0020562442320320104	0.0015084604245215328	0.0015942178671763077	0.0013662583375915053	0.0014123166627862237	0.0018906064734365649	0.002104336047137127	0.12918267743593706	0.0016611714351833817	0.0019871041293329206	0.001977474080075396	0.0016509599447635972	0.0017017747735122751	0.0016328147068511273	0.0017736000966984658	0.002394410632387943	0.0020325342008789236	0.001861863390118098	0.0018463478618671136
MCW_CT_ROA_206_R2_trim	0.011649277508260935	0.054379250448616995	0.000721430068353725	0.000898831117438672	0.0008751777704846298	0.0006504700414787005	0.0007805640497744406	0.016711172631143974	0.0008633518607065742	0.0010880616807974735	0.000816046743157448	0.0006268185128600688	0.0007214327133309057	0.000839700371254005	0.0008160472257173617	0.001442866450528426	0.003311497554991261	0.001998726255516455	0.001572962082743719	0.001561137885020066	0.0018568085978043771	0.0013127829579483686	0.0017503803824935943	0.0016321164564764806	0.001525676785491263	0.0016912611119107477	0.001419263761654521	0.002270875466253904	0.0017860317414507333	0.0017980937130954574	0.001159483665359763	0.0018579224238100924	0.001965192882497566	0.0015753502459619213	0.0024055775270236416	0.0017429853141037392	0.002219089916811422	0.0024461264400381976	0.0021272883799665055	0.001559497075288233	0.0014693072467189055	0.001442476559154882	0.0015650836391615957	0.0019368904694568921	0.0016718378054788232	0.002708973931806013	0.0024737764004996274	0.0034890560780742427	0.0018302164956781645	0.0020372317386532835	0.012252386450945018	0.002305265867593213	0.0017733796811075	0.002175269310789506	0.002029684870861632	0.0022109509876385063	0.0020384458996458234	0.0025087565775190187	0.002311263261722693	0.002617322860406721	0.0025307648669098117	0.0018447774007609569	0.002182463695689495	0.053892755247748954	0.0019425771342387933	0.0020397968709516	0.0019134763951506957	0.00243973451573254	0.002463790031977634	0.0017758411900740542	0.002615296303412412	0.0021920151194993556	0.002303557202504477	0.005581101678551115	0.0019634346625373726
MCW_CT_ROA_207_R1_trim	0.00263485362570396	0.0008086309451069514	0.0006814307574584414	0.0007086883097047868	0.0010176041890403301	0.0008268034035952684	0.0008358891552831284	0.0007450316384045274	0.0010176050211539187	0.0010085216444645018	0.0005905758450663339	0.0010085221026250285	0.0006541764990000185	0.0008904069014166919	0.0009267501244525474	0.002071559289934893	0.0015627555377877925	0.006941542039941124	0.0017535570860060692	0.0015991026126883523	0.0016536192774210734	0.0016081985051204313	0.0021079213959745787	0.0014900849384758465	0.0013810589760338112	0.0015809581405897008	0.0015718845996832425	0.0013538578178519693	0.0021807977667177	0.0014267387378741974	0.00195414538768972	0.001454576265115434	0.0018735678233825811	0.0017381292596679574	0.001593380133791122	0.0017310148666845235	0.0016594096367570541	0.002682195422568941	0.0020906960374462834	0.0019568378268822154	0.0014494093748532242	0.0016979213382573052	0.0010798769126505253	0.0017488826426406549	0.002032961526203117	0.0017910016056760386	0.0016761043866252649	0.0021448531398765977	0.002052448580838301	0.0016790516948959255	0.0015990716024286778	0.0016415017244123056	0.0018387170803796662	0.001481342043490187	0.0017784428199970562	0.0015817058045811782	0.0018976242161873602	0.0016658211838393973	0.001555236265083296	0.0014754239683466756	0.0015235351262661476	0.0019922175672040508	0.0019596094347657323	0.15234047588741192	0.0019181527545893192	0.002079483712528125	0.001897160496029084	0.0017386901920600653	0.0018032713639703395	0.001982170377454794	0.0015737711595557474	0.002490886046758024	0.0018180865902869628	0.0017819656646521226	0.002107053995365685
MCW_CT_ROA_207_R2_trim	0.015427522263604566	0.05707662468721201	0.0006360020402945452	0.0007177740572651046	0.0006360026181502064	0.0005633166046473256	0.0005633166046473256	0.022650778957835207	0.0007813752841003305	0.0011629799143374436	0.00073594836077497	0.0005724044886324557	0.0005814902741663042	0.0007904633414448197	0.000835892345061448	0.0017808142882362406	0.0033799134469583913	0.001808071978346021	0.0017808146118382922	0.0017626459168716196	0.0019534499243106297	0.0012356770492613558	0.001971631762424369	0.001789919102925255	0.001371972313780426	0.001962567834658021	0.0016263996463716523	0.0022534027744839937	0.0016992087865995487	0.0019538234279786607	0.0014451751011418065	0.0020364354669964724	0.0018281321155608696	0.001547074191489927	0.0024675552900834327	0.0016946474832571562	0.0022248186544843863	0.00247251403767564	0.002109091334063268	0.001774080861508298	0.0014587094403087839	0.001661173718902828	0.0016387166167354682	0.0017397735172239458	0.0019098679169555224	0.002375668707634307	0.0023603987898572604	0.003072831617234179	0.0020140306281771214	0.002504387288545505	0.015105667999651663	0.0019563384579570084	0.001799307077897471	0.0019652972844731538	0.0018909765156049003	0.0019746181956828025	0.0019706405833096125	0.002839324412616072	0.0026586415623649005	0.002887679693509687	0.0024545729434540457	0.0022479360537834146	0.0019704007052096426	0.057306202356508774	0.0020516282831042976	0.0026535360110135236	0.0021256688610313858	0.002106595326357984	0.00228803957779576	0.0016960471256500939	0.002433395643711943	0.0025529201014469556	0.0020615752749852073	0.004918846270140144	0.0021218552537859443
MCW_CT_ROA_208_R1_trim	0.00273184437570441	0.000443925165827392	0.0007171098832596332	0.0008195541522967237	0.000870776286815269	0.0008195541522967237	0.0005805175245435126	0.0007854067331211826	0.0009049257670611801	0.0007854080741315948	0.0007000385874928716	0.0009220023569112101	0.0006317423556613847	0.0009220023569112101	0.000956151245369923	0.002117192043319115	0.0016903390973896555	0.006027169729880351	0.0016049695320438143	0.001297637156405743	0.0014171568521155846	0.0014854591477391568	0.002202581869882732	0.0013147225534165796	0.001434243520207296	0.0016391418887319752	0.001468408472307097	0.0013318391691509166	0.002185649028479007	0.001417370057903836	0.0018786713080095273	0.0016056176119170987	0.0016915477969896599	0.0016237689694673322	0.0017781811361312217	0.0016420425846639722	0.0017799161111845137	0.0025513711736495754	0.0018161597439283294	0.002058785885924733	0.00142805059566055	0.0015564953328487444	0.0010284027406410122	0.0020043445046236184	0.0014716494708267656	0.0015349421549909626	0.0016501511054129083	0.0018702536693387917	0.001279097209586383	0.0016970734690185698	0.0016492651074043122	0.0015876361466428339	0.0016216212231888888	0.0014355071385719277	0.001508963336529192	0.0017517156341001151	0.001821263500594978	0.0017135720101682207	0.0014092253295318999	0.0011998856625081596	0.0015536644438259998	0.0018947836411021938	0.002030846788186229	0.121421538368168	0.001497520086499998	0.0015772712347309388	0.001922939343049484	0.0018098173228641296	0.0015033979926713525	0.001864038693254421	0.0017031917181987298	0.0024647084557985347	0.0017736549181370668	0.0015327882008591936	0.0018174488667330436
MCW_CT_ROA_208_R2_trim	0.009595603369661742	0.05516623887647322	0.0008024801074572086	0.0008366281971362387	0.0006488137039015729	0.0006829617935806031	0.0005122213451854523	0.011422545749088502	0.0006488147009117896	0.0009732230483804543	0.0007341868112730116	0.0007341870619848525	0.0006829647088231186	0.000529297649337917	0.0007854099515538654	0.001639117260229159	0.003568495477913745	0.001673266107875466	0.0017244894230746247	0.0017074181856427985	0.0018952348332551903	0.0013488656637366686	0.0016903532394339264	0.0018952490715840697	0.0013317975544782034	0.002151373728960717	0.0013830361228545866	0.0021514325040130193	0.0017929167494111975	0.0015539864277216151	0.0016224996639717802	0.0019472546783647706	0.0015036216778504224	0.0015725275337606277	0.0022398894212758377	0.001744731424255051	0.0021394064636090383	0.0026713577535388213	0.0020903926922612977	0.0016642729160515006	0.001290499087617145	0.0015220457955906334	0.0011854653579129115	0.0018639587917397083	0.001844315968921148	0.0026419489728977093	0.002439675437060679	0.003597082837760233	0.0019098455601586036	0.002022215846625039	0.008156166297343373	0.0022445710122960517	0.001916370688741783	0.0021061476025516818	0.00218703113163401	0.0022835803342628777	0.001954222903262518	0.0025783233048101506	0.002662202911176757	0.002224060349007286	0.0020182598175726	0.0021080541723076636	0.002009502187205224	0.054319800594665166	0.0019008754137942888	0.002661036731722874	0.002376105715629321	0.0020995542085148356	0.002274378046284219	0.001674421680914251	0.0019334331573278693	0.002314460430264564	0.0023186995682843896	0.005271760339212622	0.002274950519826194
MCW_CT_ROA_209_R1_trim	0.0028058500468762836	0.0007346568249796066	0.0007789133291631967	0.0006284415472797376	0.000902831918188558	0.000725806051877076	0.0008851293315574098	0.0007081034652459279	0.0009559396780820027	0.0008320223817561214	0.0006726989469517577	0.0008231711526839097	0.0006284425485345738	0.0008231712255452867	0.0010267512060564868	0.001894178949104208	0.001531275505584243	0.006647330105616428	0.0014781679462555837	0.0014958709536026856	0.0015401285812636453	0.0014604697313222517	0.0021243214895034176	0.001610946362832741	0.0016375037574072704	0.0016906181227358662	0.0013896841708157296	0.001557901810759897	0.002106812564321961	0.0013988014927159625	0.0017886698919395451	0.001833413563628972	0.001701343653872976	0.0016491357331804778	0.0014725522035280044	0.0014201543512508586	0.0015723208984365978	0.002355551786672697	0.0020016205119664883	0.0017647599890763138	0.001404449905597708	0.0016388892941087692	0.0010646348943823037	0.001602586980638631	0.0017527200957283507	0.0021267938000008283	0.0014786990557369068	0.0019506665951105069	0.001669545440018241	0.002115359452694293	0.0016758147854827052	0.0017140358991184694	0.001612893809545343	0.0017068138229700783	0.0017213439016290097	0.0017506468745030442	0.0020810403842874657	0.0015615995399912807	0.0016441521698295283	0.001446605260072637	0.0012819593553699974	0.0017681549149709676	0.002212122678067217	0.15214627534280353	0.00195825424096893	0.001945110424639218	0.0021148110116864702	0.002040514981460994	0.0019179916584799142	0.002216565458120876	0.001752123441256154	0.0028643395101621396	0.0018282041828516832	0.0021726484491860583	0.001881195608441587
MCW_CT_ROA_209_R2_trim	0.0166757775656622	0.05722357076497779	0.0007081030265119969	0.0006815492836695746	0.0007612112251393725	0.0006638469986680574	0.000619590532090187	0.022880593220759044	0.0007877651050860947	0.0010887101378298182	0.000663847645018182	0.000734658060486788	0.0006638477037773465	0.0006904016119284404	0.0007612120336646907	0.0014339110401590685	0.004089301855268454	0.0017260043353688383	0.001619788683961525	0.001770261326862202	0.0017879652061970875	0.0013896592006857303	0.0018676329734761599	0.001752568331355793	0.0014693279559470694	0.0019561611019931775	0.001407388275057132	0.002301448097698242	0.001602244204147157	0.0018768845204303304	0.0014876227133777838	0.0019043020042291449	0.0017988641280706188	0.0013388617387628935	0.002324240201885988	0.0019528001112030901	0.0021409614338223047	0.002346803511386975	0.0022063748753687338	0.0016222580941319717	0.0014761258120816693	0.0016839766559411462	0.0013468306390502077	0.001980192001258481	0.0017713188242433134	0.0024747053124677724	0.0025493536867160858	0.003082402611061392	0.0018122734598560923	0.0019330361816525775	0.015531013836275	0.0019472078840110573	0.0017805579101235697	0.0019483674548334605	0.002214778506182374	0.0020008875140847815	0.0023447609128992406	0.0026934368639160264	0.0026308284124314267	0.00262139117769181	0.0024207978450339826	0.0020740513135658317	0.0027238952595291677	0.05831890306998474	0.0019454493654026206	0.0024122626471570225	0.0019558797534906954	0.0020659705211985894	0.002429961045855234	0.0017168743813142913	0.0026117649285392094	0.002560445394597281	0.0020558515171189428	0.005477849526258861	0.0022680684479183177
MCW_CT_ROA_210_R1_trim	0.0024997490116870696	0.0007431751523306378	0.0006215647568458939	0.0005675156475549467	0.0009188352304127975	0.0006350773774222966	0.0007702006399691703	0.0005945411662330345	0.000972886333500841	0.0009728905402204435	0.0006891307993228141	0.0008918174130863125	0.0005404956940059298	0.0005945455044184865	0.0009593805050368151	0.0020268602219087645	0.0015133889656918774	0.0057427729567011135	0.0015674392070054804	0.0015133903971595824	0.0015404158501224024	0.0012701736340870282	0.0020538997340199846	0.0015809646451714029	0.0015809652860560752	0.0015404312531881183	0.0014999061545203321	0.0012972368180132142	0.0021891409689219006	0.0014730412504255265	0.0016489311952372378	0.0016627207464561743	0.0014604059604035264	0.0016367984762894186	0.0015831550141496172	0.001407774080415575	0.0015168212086275165	0.002642051955748475	0.0015047405427395795	0.0018593629442537202	0.0013876310648150226	0.0014212581961500301	0.0009083753445460801	0.001623241263181378	0.0018313571684701808	0.0018561020338659878	0.0015253291497885936	0.0018117401041835486	0.0016017906034427158	0.0019029690293210604	0.001453198668357126	0.0016480886471055265	0.0013436162839936725	0.0013717256980551556	0.0018272578238685555	0.0016931586587688242	0.0018970765751225144	0.0017537798076987937	0.001441904972754755	0.0011438816479842698	0.0012979006457055713	0.0018349483659178209	0.0016654809664556852	0.12979956625427377	0.0017481395970631879	0.001859997367630844	0.0017950880037922428	0.0017082634129410692	0.0018415616442743448	0.0017657903798134844	0.0015621552589071034	0.0026647675323423973	0.001683092370608941	0.0015664424043291137	0.0018830637413743598
MCW_CT_ROA_210_R2_trim	0.0127014274107343	0.052049264115018604	0.0005134663301210159	0.0007161504078003643	0.0007026384207823149	0.0007837121906161005	0.0006891266090430707	0.017809203169227426	0.000797225977892248	0.0008512788776090683	0.0007161552462425496	0.00043239608778829674	0.0006215697121510663	0.0005945451830692449	0.0007837188622077658	0.0015674377244155316	0.0031619002371830554	0.0016350003580785906	0.0015269011608502543	0.00175661314176341	0.001851200753668418	0.0013512483643138551	0.001837699513698766	0.001891751544378667	0.0014458394618234198	0.0015539425481766107	0.0014863930847588633	0.002135035884818327	0.0015675351577190363	0.0016892729679971966	0.0013651080016684053	0.0015951496635653623	0.0017849768236986505	0.0013798217838417188	0.0023680511737211815	0.0018951659190688344	0.0020722042646234644	0.002276390376559683	0.0021149505447285604	0.001655949596151899	0.0013198065408523663	0.001558235781850271	0.0014180743349059273	0.0020263972946208174	0.001510567045888929	0.0021525357152102397	0.002472969384780329	0.003568875833852968	0.0018721781700905072	0.002102969335865233	0.01225943705805442	0.0019358194129993286	0.0017491739489885944	0.0018834195423611717	0.001651051454428916	0.0020206168289449793	0.0020321443396263067	0.0023541417976076823	0.002584197512018772	0.0027401253110493897	0.002324775342164662	0.0019264818134049155	0.0023079089901308614	0.05217769694532706	0.001998880938999307	0.002160809322456944	0.0019076027188425684	0.0023486157386652133	0.0020032709407921253	0.0013977192435093613	0.002627518891941432	0.002146823538749108	0.002068435178744493	0.00533789723546966	0.002018392392161965
MCW_CT_ROA_211_R1_trim	0.0026627830311801823	0.0006824811344313299	0.0008503043642095258	0.0007048578805124922	0.0008950580266118652	0.0008167404492833271	0.0010740698722729535	0.0008726818688594105	0.000928623118195598	0.0007943666648840034	0.0006041661958272703	0.0008503081695818811	0.0006601078795287457	0.0008055553784079608	0.0007943671092634058	0.002081018060887232	0.001655864203919229	0.005840278453735932	0.0016111118383490936	0.0016334907675325584	0.0017341890903842573	0.001644708502829682	0.002293642392508449	0.0017454133390529185	0.0017454201741034247	0.0017006785595565883	0.0016000214828059231	0.0017119856112644627	0.0020254791852918432	0.001578170300692929	0.0017241904366098028	0.0015456447371412717	0.0015356007169125682	0.0015370979142591077	0.0016282540938799654	0.0015623403588819445	0.0014293412470068245	0.00244492909874618	0.0019180355705337836	0.0020478958718492387	0.0013996670840633223	0.0014256413086467445	0.0012374632423801742	0.0018292345413645755	0.0019457124473872104	0.0020333451455170804	0.0016822414184659643	0.001927485508106942	0.0015601788439249505	0.002206570615650754	0.002009414676461489	0.001588763852034835	0.001972396378001014	0.0016045691711718288	0.0015197198020037847	0.002246437234264614	0.002193737290476859	0.0016840502035345931	0.0016353677834555005	0.0013697208076450607	0.001451925652695028	0.0023804401874728894	0.0024248981355676725	0.1306932248472689	0.002002189796557022	0.0022776489622805176	0.0021561351261404882	0.0019493927641539661	0.0019974982593229454	0.0019924260793039612	0.001955514926190364	0.002917302417062732	0.002004867173074634	0.0018079605757190895	0.002201773770430178
MCW_CT_ROA_211_R2_trim	0.010561626812748286	0.05531453653489336	0.0007048575650684226	0.0008055518634428481	0.0008167404492833271	0.0005929759426303607	0.0005817878474811831	0.01855008382780644	0.0008167408147985379	0.0011523909482935607	0.0007608017911064285	0.0005706014710105923	0.0007719904846019225	0.0007272374943960757	0.0007272374943960757	0.0012866509516238263	0.0030879629748764	0.0016894292078814671	0.0018013125414875284	0.0020810224846647663	0.0021705336850045436	0.0014321261703156046	0.0017789702223880606	0.0018349202783081765	0.0014992700009610993	0.001890884125949442	0.0013874304396643985	0.0029092556177166503	0.0016338106596969347	0.0018020202101603272	0.0016458172227047092	0.002206461145451263	0.0015692194467089153	0.0015034250041119797	0.0029645051045072267	0.0020231295408721056	0.002138314992030275	0.0026476134637566503	0.0022225436323673655	0.0016177934654719882	0.001365310265051095	0.0017010616348650512	0.001645288995011974	0.0018396571448782222	0.0020644123203644375	0.002581205205079812	0.002593639013863865	0.0037122294619663463	0.001968764185537832	0.0020149320229517027	0.013054655744313404	0.0022755510828618916	0.0015112797490858712	0.002012471995319337	0.002250081718876972	0.0024031816458043643	0.001957726625870836	0.0030104609257082145	0.002897073128405131	0.0029545309165844133	0.002671420736636326	0.002337733873836886	0.0026036428385241544	0.05287772821792757	0.0021922105123383874	0.0026303650625930652	0.002678259830070946	0.0024787410771518075	0.0020971646334156224	0.0018749257144387696	0.0027142028672771656	0.002618098039044569	0.002518534283991345	0.006083501826824164	0.0027313681671455427
MCW_CT_ROA_213_R1_trim	0.0241563052956977	0.0011630008681764443	0.0007778031283982589	0.000844472030530775	0.0007037267442385891	0.000585204345208932	0.0006815038449039476	0.0008741028223446756	0.000807434142449013	0.0010000339270769334	0.0006592816748362037	0.0005555744862417534	0.0008370656212778822	0.0007778043383555543	0.0006444664995202058	0.0017926540739878706	0.0015926476864051519	0.001563017610689796	0.0017259863993753263	0.004222408320959331	0.0015408157271061265	0.0012816019520649755	0.0021039144068354105	0.4872739654216472	0.0015335792740094984	0.0017633452823438089	0.0016745221017653018	0.0019490278093661087	0.00185331652103429	0.0019217640220695678	0.0013148586530662243	0.001733961488789753	0.0024331443218061754	0.016463260103173758	0.0017076369133627778	0.0020465776916385897	0.002032735999701461	0.0016300631169579426	0.0018900746365221955	0.0016802719882473452	0.004509955902913035	0.0015835588585074326	0.48842884564430566	0.0018949189327916304	0.0014521772407949047	0.0019409905644251926	0.002226630158244824	0.0017260509526626458	0.0014897452517340453	0.0019529062669780208	0.0022729719032495424	0.0019068884572783682	0.002133600770849311	0.0027536231150462726	0.0022374124638511513	0.002054753699578657	0.0018179003691439508	0.0018542303028205316	0.0025543267672691306	0.0018966769064089407	0.0023587864384096804	0.002616920482063042	0.00235050569538548	0.001916831940876832	0.06292243983425246	0.0019969303941576293	0.0023015307536501097	0.0020556077333380588	0.0018744623537306558	0.0020815953111919024	0.0033673525337986837	0.002608159298438704	0.0023359566446446755	0.002831947439055531	0.002319956941599164
MCW_CT_ROA_213_R2_trim	0.008763234947810603	0.007422464139571957	0.0006889113422956008	0.0008963255762651209	0.0010518862913882069	0.0008074338433895391	0.0008370644431469535	0.0007778033012490706	0.0004370514759228342	0.0007407658170354359	0.0006666892847179556	0.0009555880455491043	0.0010000340011560394	0.0008963267714065242	0.0008815115181702488	0.001992660638263277	0.0018519156400572316	0.08936607422628788	0.0024074914021074366	0.0014519157361442422	0.09161926004557999	0.0016594140149811007	0.48435167245822786	0.0016520745759798726	0.002229982958040537	0.001785569280977182	0.003593548742746959	0.0018749163976260446	0.0020757112721204105	0.0016620628515003233	0.0021988593417164846	0.0017935094604275162	0.0016494879832561298	0.00274269620375625	0.0030392145947297612	0.0020541912260206214	0.002040394192021725	0.002932702104118542	0.0021350594204637566	0.0023201435868263633	0.0020019743985644363	0.0019083281896894058	0.002251553430132313	0.0017705754794248736	0.0017174298192810973	0.0022476198405536737	0.004525755602961163	0.002070047702396202	0.0022672310243505183	0.0033050555128974002	0.00308150081114872	0.0027028037275688855	0.00236025727984479	0.002004501218848102	0.0019862025824187828	0.18543266294940966	0.002400798827264837	0.003167605060305247	0.004433413210750787	0.01660892263224031	0.00262688253073863	0.005564178440098097	0.0072413537074691265	0.0027340780273110454	0.002621986281141631	0.0029248850432566234	0.0032829436119111845	0.003526848737990124	0.002550108552502197	0.003149465579637167	0.002918993608446495	0.2061418092820072	0.17295747195322084	0.0028804908356383926	0.0028324826550444196
MCW_CT_ROA_214_R1_trim	0.0003186172521046263	0.0010833069410024667	0.00350481657383151	0.001019589500522221	0.0008284212203281823	0.0026127147444414494	0.0014019462837908882	0.001911748587217794	0.001274501494671628	0.0017843100519106773	0.001465683256926628	0.0010196057439489585	0.0010833311029457685	0.0007009825225939412	0.001274514489636604	0.0016568688365275854	0.005544138029919227	0.002931383326164189	0.0025490322280517174	0.0035686678608958756	0.0031226002976029264	0.002485425211643516	0.002804074830560592	0.0038875293157948406	0.0017207283396947172	0.00541722511884436	0.003887992667628254	0.0035701079957668716	0.0053568456342026945	0.004020226204727786	0.002299014999795643	0.005049849687069125	0.0026252096966282064	0.003401078976262394	0.003920442020197346	0.0029608517469347138	0.0016127149023243094	0.004720809392470633	0.003308409978164494	0.0016957100492342892	0.004143090508771515	0.00506273798199264	0.0028503698354861544	0.006095824983323069	0.0016963024846590642	0.004669832094390957	0.003792096832651121	0.004719064504450299	0.005130573085013596	0.0023256581612596363	0.0058434132211398	0.005860512100800809	0.00748000869255747	0.0027360067337953964	0.003295351659333136	0.00395668524063802	0.005234811323669242	0.0037481749438863345	0.002469669373012688	0.0021420825505062903	0.0027115482126829956	0.0030331858102052916	0.0029154162509063652	0.003581232021247353	0.0038969486891763747	0.0064796215900991385	0.0032666859155256094	0.007963205685298414	0.0056810236330583136	0.011753161434107453	0.005852415584532516	0.008860443413411028	0.00963712606445069	0.008552949382199986	0.006866452320921116
MCW_CT_ROA_214_R2_trim	0.000764681405051103	0.004906740076596125	0.0026126797810446896	0.0015293832761938747	0.002612711414553822	0.0005097976740481121	0.0013382205999306674	0.0014019480705689679	0.0020392010919921847	0.001210781049364818	0.000828429139039086	0.001083330412589574	0.0011470557309771958	0.001911769297877235	0.2712804091191512	0.003313739784759856	0.0059902219186043545	0.005862770388421283	0.004014728317599422	0.004588287249723269	0.0048432167881188246	0.0023579690111888815	0.0020393297487864394	0.2652445513976642	0.003823845628802735	0.003823933361587952	0.0021033456580890533	0.004143872710430638	0.006185877323211453	0.005615586315071404	0.002299044363892742	0.0017898430243744657	0.0033936463257055265	0.00449210352373435	0.0060415349097883144	0.003669001954226304	0.0024513978128370673	0.002328120068912354	0.0029840676734651512	0.0047608643903647935	0.009601207910869226	0.005129072783541138	0.0019002749290620584	0.0025627918638977433	0.004310914458029714	0.004740456419763107	0.3209462045177388	0.009653982120235556	0.004978329406397376	0.007270225279547657	0.005306157720232076	0.004927993544328457	0.003301199042652278	0.0025690698441778854	0.0029574059606517133	0.009062820450422176	0.003506005530937506	0.002518677294905845	0.002635944441320362	0.009867806946580494	0.004140399134476563	0.0026539861040948257	0.005055138454625452	0.006165121212062831	0.006661688628696367	0.008186379297465395	0.005032559612241282	0.007709101343632121	0.007935153490869682	0.005185445887665589	0.006832682174988351	0.014774330688460905	0.005277152448538768	0.01703081017482966	0.0104343696141562
MCW_CT_ROA_215_R1_trim	0.02422810998434284	0.0010704518279108955	0.0009315382319224588	0.0008579957399285805	0.0009233669193750326	0.0005883399840265694	0.000653711093362855	0.001037766445513462	0.0009151956054921868	0.0012093666097637886	0.000702740171872269	0.0009070254020226667	0.000841654201876889	0.0007926259313048265	0.0006863977137072725	0.001707823162020693	0.0015689093163060912	0.0016669666934334669	0.0018712521332478603	0.003824231770671607	0.0016669782717553738	0.0011522060987821426	0.002075610570676052	0.47838510928796524	0.0017406123179946706	0.0016098922238446448	0.0016508532091564817	0.0015121009351077388	0.0019375391339984897	0.0018812722537126293	0.001325877970611178	0.0020643421027732715	0.002354845323995127	0.018698474355790688	0.002117128616716765	0.002039088248519783	0.002202101235064207	0.0016936455829100535	0.001916653090373943	0.001737514010280543	0.0044367110813743815	0.00183094621912209	0.4737872169481906	0.002308957332130951	0.0017659664848198476	0.0019779418359765297	0.001985411713530032	0.0018087008818982993	0.001765039925611219	0.002065410091820904	0.002235582539281704	0.0022368876976983933	0.0022342044248140746	0.003100702637660535	0.002097160360984812	0.0020399107928465647	0.001798351595467141	0.0019202181574024734	0.002033663121357413	0.002308095691800905	0.0024596385347291604	0.003284267378067145	0.002072912164268765	0.002533788430693068	0.06416058374400017	0.0020042374862946667	0.0027717254691941827	0.0020916058506593423	0.0019689703400871204	0.001808819405147336	0.00288937522972213	0.002074890515229611	0.0025886621272798427	0.002876291252533159	0.0029302217135181554
MCW_CT_ROA_215_R2_trim	0.010148840674723039	0.007321563647390553	0.0007681104719360624	0.0009397096199217786	0.0009560524740431754	0.0007762819233683902	0.0006700538706969263	0.0007762819868014086	0.0006782253147843885	0.0009233677493466765	0.0006373689930934532	0.000841654201876889	0.0008171400018222222	0.0011276533868048047	0.0009151971011785532	0.0021000508343044363	0.0020183372888386113	0.09154429164999699	0.002247137942973196	0.0012910876383751776	0.0939882263852947	0.0016179932617935162	0.48741753935001625	0.001609845784128506	0.0021655538988387237	0.001511829823204986	0.003743028507248358	0.0019779939185677886	0.0020601695405077975	0.0017095048963001243	0.002373493220566761	0.0021462718684214107	0.0016246103191637229	0.0025244061560645444	0.0029409404781656177	0.002047364793845225	0.0021193424938601158	0.002939007377655723	0.002050018621002474	0.0021656395267825816	0.0019039611401531296	0.0018917814246155475	0.0025826353962245265	0.0018382780858407508	0.0018714717148534032	0.0025172273357959717	0.005069783372547642	0.0019002089117978614	0.0021226924394185617	0.003656592272918131	0.0026139174623543396	0.0027533667437179142	0.0022343149423646787	0.002154994089323698	0.0023595951078526608	0.1984944712612324	0.002302878357536543	0.0029227398819444846	0.00510507866769949	0.0182738136645439	0.0027238471617312293	0.00639700609226361	0.008168391959728709	0.0028481218082421753	0.003258428518487152	0.0028694084148426276	0.0029261807298276415	0.0030917485278582728	0.0029159199399779174	0.003379991016514073	0.003354786634731334	0.20254167799794906	0.1822033129605937	0.002945716021839251	0.0030534861201992236
MCW_CT_ROA_217_R1_trim	0.01973930217092387	0.0009096830435006734	0.0009096830435006734	0.0008800999201845519	0.0008505169182976438	0.0006138514772298821	0.0005694767558817335	0.0011093704677594017	0.0007321846711740152	0.0009540600134810899	0.0007469772751023377	0.0007173940166824432	0.0007765605335222323	0.0007099982020774695	0.0005620819515485358	0.0015974960728221542	0.0013608300886040908	0.0014791635773719035	0.0015753092099010774	0.004629798432924168	0.0013756337252434927	0.0012277528956478084	0.002019140714360151	0.48474329662422994	0.0016345956775816978	0.0016642255559659823	0.001619963872586513	0.0017089582035431366	0.001724221501042118	0.0019399276954888093	0.0014373925521282635	0.0018762325754169483	0.002480970989649671	0.017418547447974372	0.0021104373206454535	0.002070005648051512	0.0023760699622931937	0.001917526219727149	0.0018503501731059232	0.0017808949697403875	0.004841116185632138	0.0018011802213737012	0.47100421491642464	0.002149779468456194	0.0014357148776856896	0.002070877409609065	0.0022262813955049943	0.0017196633863556814	0.0016733236446055495	0.0017968327703567653	0.0024594619189213783	0.002099387520621403	0.0023519722483220274	0.003314922132273217	0.002367086746372093	0.0021395039993364244	0.0017737624386494303	0.0019315056109095092	0.0023255491072668205	0.0023896693189653295	0.0026485630061071352	0.002843057881754924	0.0019983055361999873	0.0020487610245751445	0.06627198255337942	0.0022760306957016886	0.00271519694322284	0.0024092003921260445	0.002079311029741709	0.0020927211033533056	0.0028397397363585626	0.002490999544895911	0.0029016784686960997	0.002757396113899056	0.002292486303997471
MCW_CT_ROA_217_R2_trim	0.008860128887510975	0.0077803785509163274	0.0008727040579925158	0.0009984326825623066	0.001087182495563075	0.0008948919125881414	0.0008283298267370668	0.000709997099366017	0.0006730182330993474	0.0007321855917413016	0.0007321856458923905	0.0011389554491659409	0.0007691647189172588	0.0010132266008813888	0.0010354145041603325	0.00214478718718926	0.0021078082536446223	0.09197443205455394	0.0023296836681557164	0.0015235445693364763	0.09287748470198812	0.0017085002695880296	0.4971748286835876	0.0016419694491614087	0.0021449440783493337	0.0013683629312700885	0.003779915982305851	0.0018273276029227477	0.0020646295654953776	0.0015326948240229404	0.0021709193717581615	0.0019800709933319068	0.0016638959827311366	0.002545792441542241	0.003184294670900163	0.0019504217731037734	0.0021436722094334767	0.0029100302124299496	0.001971121930883856	0.0023286622094347044	0.0017805238439891132	0.001871547662971697	0.0026434846268838666	0.0018570426886647116	0.0018813266049992432	0.0025794351582822408	0.004994347958284551	0.0019174150264816825	0.0021484669632346803	0.0033465291937262993	0.003295857513185791	0.0028774888830437884	0.002088384613617521	0.0019303913211249088	0.0021578470426599984	0.19846918938587824	0.0026504629810841936	0.002948272613905488	0.004850503674688585	0.01752973494410954	0.002932167150553068	0.005791654791366172	0.007928598157156672	0.002687573868477268	0.0029840333092057956	0.0027532285352783303	0.002739750537326585	0.003275735926121046	0.0025698816511749486	0.003276973293838003	0.003204326077562196	0.20870660133945848	0.18262634824140214	0.0028475711093389356	0.00260894783202003
MCW_CT_ROA_218_R1_trim	0.025028882404942852	0.001166198201468852	0.0008112683140652883	0.0008366206609810265	0.0007225360711872959	0.0005387330696794817	0.0008556348753732945	0.0008429589099996222	0.0007098602697101419	0.0011218333164847067	0.0006845084642957532	0.0006274660922711072	0.0009126780680861642	0.0008239455303553576	0.0005830999507470683	0.0017176096375266904	0.001419721979140608	0.0015845113382877832	0.0016542302565559015	0.004183122128975923	0.0016352259616079366	0.0012169345570624416	0.0020725975789398225	0.47955854753213695	0.0016733513036896192	0.001768476731124791	0.001432656401070765	0.001768924448285779	0.0018647042873927914	0.0018026644777411243	0.001385051935000148	0.0017622172229823155	0.002276468489563157	0.017413753795868982	0.0020001366760061937	0.001902728654309301	0.002393727067239793	0.0018004428053074982	0.001919659078959287	0.0018112607260596123	0.004606342747579606	0.0017345656140937062	0.47619291222954246	0.002026740524951854	0.0018119980175843177	0.0019308440881092622	0.0019716195189075562	0.0018501349242792408	0.0017835900035026158	0.0017682817409847102	0.0022355332843796033	0.0022958632741460353	0.0023788839607920866	0.003046634276943672	0.0021666869853757295	0.002064712477815562	0.0018981250628433298	0.002170220568847312	0.002630278380357635	0.00232549964441488	0.0025879389929173062	0.003192484597953945	0.0021819346082365583	0.0023091053492856053	0.06330883565879722	0.0021910124668609366	0.0030726083413360607	0.002403521454099557	0.002417551826803726	0.002372153997326888	0.003689374246567548	0.0028030048211682927	0.0029457262019931137	0.003154985440386067	0.003058404253435473
MCW_CT_ROA_218_R2_trim	0.009240848454395208	0.007700710949916604	0.000874648651101639	0.0007985923985031843	0.0009380292259484235	0.0008049305354454964	0.000817606606869835	0.0007288741992920794	0.0005640854286466158	0.0007795791337468779	0.0007605650085335394	0.0009697204473415495	0.0008619738402347965	0.0009380304150024021	0.0008049317088332572	0.0018823993505785622	0.0018824000664227362	0.09283338559053715	0.0023514163163573963	0.0015274737707084405	0.0926691543231387	0.001628918332943428	0.49060368198684473	0.0015528928619283025	0.002129720246033396	0.001667059027707789	0.0035055754180176816	0.0019908380870404556	0.0019915675507683234	0.0014726191540907424	0.002395306368579578	0.002042208440390226	0.0018429717888209412	0.002743718467623642	0.002981259036340394	0.001915808940360289	0.0022198566695335515	0.0029019716565464723	0.002011212542468152	0.0020020353807569348	0.0019175846104247092	0.0020819601014799064	0.002404512969403168	0.001824657245015192	0.001925170639784393	0.00257041493962103	0.004746463040258887	0.0019148255286773447	0.0020428070623635087	0.0032515277880724625	0.002779137672805195	0.002888551538830833	0.0022296797558047626	0.002014166054871427	0.0022745961917091354	0.19490460397602996	0.002547236079380504	0.0030231450092442105	0.004552763975546006	0.01764285213762811	0.0029554079665006713	0.005671376922195713	0.007269487134176501	0.002788407482040038	0.0034981350726980137	0.003155090678903626	0.003250018556779683	0.0035455893574685795	0.00256089830557732	0.0029001423852733697	0.0038208367841509306	0.2140229587706246	0.18799388637767878	0.0033982634711066306	0.0029592533576143863
MCW_CT_ROA_219_R1_trim	0.0006540633275434055	0.0010880146631673264	0.002943299967548231	0.001025123706646072	0.0007232467868975354	0.0019370435683864426	0.0010502801166251167	0.0014527830417578901	0.0017546608099149531	0.0026602972149455373	0.0016980620520928962	0.0010628611290805221	0.0007735616988094131	0.0009496570448798486	0.0015408343750212257	0.0027672129291734992	0.00517594632713465	0.002716900479432309	0.0022011926564942637	0.0035533627987819954	0.0029559021536011286	0.002220118385768903	0.002849053736801271	0.0030880712900439827	0.0015786404785934779	0.00506932299191443	0.0037423360731007175	0.0023964971137620324	0.00434678950907699	0.003718422897934954	0.0023662518614567087	0.0044948423572539736	0.002796734120030285	0.003624642373872216	0.0038541304356328045	0.0030868865775606448	0.0013965004835303936	0.0050351078588418904	0.00430075462092015	0.0019049057100247123	0.003927517911968256	0.005307588214587011	0.002577183572203068	0.006689821864365072	0.0015850870780795404	0.003874505950562103	0.003214951883891477	0.0038679676312324057	0.004481586416797526	0.002405730436345965	0.005006996170158848	0.005354198783278919	0.006618601068914469	0.003543245911559882	0.002994130866452632	0.003606138032538219	0.004343524771790562	0.004150116810604864	0.0021699667458039266	0.002054407260887211	0.002656187871363236	0.002547197508516916	0.0032589776668719055	0.0033668531433398356	0.0028590509134023053	0.004794335270775785	0.0031411153398258466	0.004711680107503929	0.004965533971462913	0.010270949527364095	0.005114507528791137	0.007368002943381909	0.007006277558983329	0.00676808054935787	0.0054785312213855575
MCW_CT_ROA_219_R2_trim	0.0006666414684577017	0.004043892141157872	0.0017735266804448308	0.0018552850025929965	0.0029747451058525	0.0008364505265927747	0.0012515312390373096	0.001113171281589694	0.0018301298618641879	0.0012075107166576104	0.001496810159190163	0.0009748135228899107	0.0009748135841971021	0.0016225929336958214	0.26823099739039225	0.003245186479672649	0.004792310567887544	0.006219941535065219	0.005201104118305937	0.004553336838061015	0.00379864991956799	0.0020691760132311543	0.002106916516357565	0.2677943391802508	0.003276781287553659	0.0034151901367799374	0.0018806035617876702	0.004050775336640502	0.006120737940825235	0.004662190921437049	0.002511003576386522	0.002027094829384716	0.0034329534429153067	0.004393740690880107	0.006118731911104539	0.0030237894584008006	0.0023696477319596035	0.0026757025711793814	0.0029326328626784848	0.0050987422552137025	0.009939737393285698	0.005134150869847093	0.002214519607887575	0.0026222040259136535	0.004167284714835547	0.004207010757100179	0.33042302035665383	0.008999280057595392	0.004575297348777143	0.00625358836049342	0.004399652141435332	0.0036781667248471208	0.003789663294997922	0.002554684956251195	0.0022424758744612485	0.007956371965741218	0.0028167052754087475	0.0022756019852207235	0.0017474884928607845	0.00973128338305119	0.0030995826455829743	0.0032286757001923822	0.003648796512699814	0.004382322833362736	0.006644406515852024	0.005516502644439982	0.004147851636435407	0.005637141176966842	0.006439663969457148	0.003941326781972371	0.006233772930929795	0.012226096292511817	0.004012866118641003	0.013105413479488098	0.006450128362478175
MCW_CT_ROA_220_R1_trim	0.0005643674337416034	0.0012150527910559368	0.0031471859178170162	0.0010623413086172546	0.0006573237719947007	0.0020450072906501803	0.0011884944968389034	0.001606791442653713	0.0016001519148373918	0.0026624955564210698	0.0017927029817829507	0.0010557029371448415	0.0009162706562596025	0.0008631535167662923	0.0014806403616852502	0.0026890553653924946	0.005344912516397428	0.0028085694966246706	0.0022508396827152642	0.003193673525296351	0.002974569094160715	0.0022973506036554304	0.0025762253968814658	0.0033796560904457056	0.0018724295178022565	0.005650537182825421	0.003572324023865781	0.0027822983670365508	0.004515772097748137	0.0036198919505425788	0.002624115515292249	0.004585218173651782	0.003138159951879774	0.003625886246434656	0.003940738744730926	0.0030707408092261307	0.0013467585155974304	0.005138486207302015	0.0045299441333615555	0.0019886546249276854	0.0038171014342960248	0.0053594769474906425	0.0028062476062605747	0.006876978548292499	0.0014901544111862773	0.00392995109968129	0.003052836172529457	0.004184814365439125	0.004875807184579617	0.0023476306165643992	0.004781812522163096	0.0053743500283319375	0.006586701218619344	0.003485991248188764	0.0026502341323137142	0.003401953286938234	0.004496373225356428	0.004383458964874033	0.002494376503759441	0.0022454498159413887	0.0024377416030466896	0.002481990439893737	0.0033190406181875243	0.0033801304870557745	0.002895321082453552	0.0047383919516864985	0.003499902594035111	0.005043321570133771	0.005166751879113804	0.01052689751778022	0.0055113258559219115	0.007590950929267125	0.007056278266408812	0.006641203074267117	0.0057941108454065155
MCW_CT_ROA_220_R2_trim	0.0008963482771190171	0.004136491195780593	0.0019653312904511326	0.00199852958683621	0.003353015200579029	0.0009561073047195648	0.0013544853483527166	0.0009096298662956971	0.0017395843548688344	0.0010756217176523533	0.001420883198421359	0.0009893065916900638	0.0009162707779338094	0.001613433326361708	0.2721523399762965	0.003226866652723416	0.0056503364639251576	0.006706041532573501	0.005603860821078484	0.004767271815829268	0.003970518831281101	0.002131357770512127	0.002323915433646936	0.26950936745905785	0.0038444576267067498	0.003519137367800783	0.0020185640161349662	0.003904519880181706	0.006620936823379437	0.004124702578058668	0.00235175631021393	0.0022261803191438814	0.003583686765298503	0.0045773785552609015	0.0062907065295536736	0.0030042188291646635	0.0023535790469858386	0.0030632098354796042	0.0030000863276511205	0.00557126528858652	0.011122852272996867	0.0048394763929868415	0.002329773911109997	0.0027965746838668148	0.004180219161334346	0.00439858404692214	0.33914466807779226	0.009964197946191359	0.004841654570776366	0.006654462089962226	0.0046904181457878905	0.0038829284860031196	0.003612973107605779	0.002741414037443476	0.0021711084542520125	0.008213643494809245	0.0029461519881578183	0.002471331797691957	0.002079433293178846	0.010761066975727344	0.003216022927347527	0.0032570264406172806	0.0038919162351517414	0.004667503128941371	0.007069123352345182	0.005908738579615488	0.004262910400101734	0.005386879234529285	0.006328090677019337	0.0035659381265971245	0.006376877361246519	0.012556045245894296	0.0036272834577610485	0.013430293083653904	0.007203598061314682
MCW_CT_ROA_221_R1_trim	0.02089119132639536	0.0010535552994473973	0.0008822456457965321	0.0009593354820163997	0.0010364260056929767	0.0005139302947775688	0.0005910198389942042	0.0008479850590171905	0.0007280684165034437	0.0009507735699337645	0.0005738903530230831	0.0006424147943844382	0.000745201289146837	0.0008137258941198711	0.0005824566290373987	0.0015589281700718683	0.0014475769018804966	0.001627453600441297	0.0017473733295667732	0.003982999700718259	0.001567511566822033	0.0010279006499758444	0.0022185609779622373	0.4809113519389314	0.001533333339044072	0.0016275912001454894	0.0014821252270735788	0.0017052241555712843	0.0019628924188380414	0.0018096497212839251	0.0011328957037333549	0.0020187468564460517	0.0022629550303511314	0.01709205208367379	0.0018318090003861488	0.0019228317387110724	0.002085559740771876	0.001857033851373124	0.0019168196548411732	0.0018232796343716573	0.004440155161622538	0.0015733001915538194	0.4813235050981289	0.002019560917115798	0.0018096823258348595	0.0021068884120342283	0.0019210802051996766	0.0015670564984296659	0.0017697662449275757	0.0018447486765762512	0.002099935840031365	0.002042168039851763	0.0022126181549383603	0.0023082124441239768	0.002184142757522938	0.0019182069005726477	0.001802530805121781	0.00165623371922254	0.002381037578153859	0.0018710944318141777	0.0024167697150420165	0.002870627089908893	0.0019676717406655634	0.0018814200591500112	0.0648050610827803	0.0021242395807721196	0.002403541055766648	0.002429575991107397	0.0022030655838177968	0.0020396170811866825	0.0027131436278360305	0.002710811234293877	0.0026618084936480308	0.002478936154389769	0.002824361684099819
MCW_CT_ROA_221_R2_trim	0.00986742616154467	0.00743484552780765	0.0006938048282477583	0.0008565495375146428	0.0009935985699032997	0.0007623300025508075	0.0007537644969041693	0.0008908126635529909	0.00043684108731973666	0.0008565528390743645	0.0007366354416039534	0.0008822497265239986	0.0008736843448699355	0.0008908157919712143	0.0007537673377194597	0.0018672874283846021	0.0017473707851425172	0.09003244628546564	0.0019615122179940736	0.0014904125359112331	0.08921106326824622	0.0015932439603419306	0.4888880208815163	0.0017303256618517071	0.0021672216210252364	0.0016704196856647067	0.0032126936868769945	0.0019280134614756775	0.0019371733537862268	0.0015523502239329521	0.0022314641073718734	0.002156198452038501	0.0018155366571478624	0.002483616967277743	0.002894598342509786	0.0021566864772899616	0.0019725807795726137	0.0028683334677410566	0.0018905284263267639	0.0019377146294195637	0.0019396355175734983	0.001889513543382146	0.002265189528870164	0.0018201124127969449	0.0018385185392707562	0.002463953502812931	0.004174289208502209	0.0021397581499958177	0.002151703140276252	0.003278908687002395	0.002556716494230343	0.0027826410340686925	0.002244602829936595	0.0023171979506139582	0.002132083680507626	0.19117303603591573	0.0025106969927803226	0.002803176051356301	0.003919373125798052	0.016610419706743654	0.0030066987030182546	0.005443026958008464	0.006531320905469527	0.002653926194007496	0.0030225907472899837	0.002534290450360086	0.0032576506960772197	0.003322926211241954	0.0024115592152066444	0.0034792525759745154	0.003189006245976444	0.21131099240664	0.1834557824342507	0.003262967407414313	0.002918430476196653
MCW_CT_ROA_222_R1_trim	0.0005889943318334583	0.0011196730461399186	0.002700044897722824	0.0009738823417170024	0.00063564779303961	0.0017553210721337822	0.0011546630308388337	0.0015337190763162285	0.0015278878012504886	0.0026533941751758004	0.0018427971561441102	0.0011313374945948018	0.0008455873026610632	0.0009039036683618261	0.0016211953446500934	0.002810849646369455	0.005306792992444001	0.0027991886551682996	0.002064401753575162	0.0032074231201088986	0.0028692008319282803	0.002134471593769699	0.002542713207960465	0.003400083048340666	0.0016155144442446597	0.005155820381716178	0.003552044598282128	0.0024091675299516982	0.004341052958570543	0.003532528839302694	0.002513530245630944	0.004298337410117021	0.00281393713100487	0.003510235226467103	0.00385668099483886	0.002967441634764191	0.001384993180998013	0.004809177467751859	0.004116298595458827	0.0017529271011415364	0.00351137232735712	0.0051367534835977625	0.002704742138476052	0.006896780518728194	0.0015765987469274012	0.003952316712864398	0.0036254313894486874	0.004554016290143209	0.005298451430646502	0.002531238860101184	0.00557385400679216	0.006000449996199965	0.007365179689495784	0.003834523116210466	0.0034930316928587215	0.0036776305885377536	0.004887328119771651	0.004805854719011845	0.0025165295416405857	0.0024077937238504146	0.0032246721630035326	0.0029809921275140813	0.0039559080752715305	0.003929207259591149	0.0037745779629535774	0.005662114789940508	0.004253922447230263	0.0059734579740345125	0.005956977779046063	0.012574678748334338	0.006613212316446618	0.009711477638288935	0.009550103200391066	0.00878609494435978	0.007165870539327917
MCW_CT_ROA_222_R2_trim	0.0007347850080298588	0.00399466662436791	0.001901111415392611	0.0019069430455011774	0.0031315855509225846	0.0008572497259425111	0.0012712955119419552	0.0009563874493508287	0.0016270253695826033	0.0012304749575019608	0.001440414064809419	0.0008980719270471682	0.0008105973886984179	0.001702837878462279	0.2727924386494016	0.0032365603725811667	0.005178498408078271	0.006129058255911451	0.004863591706491454	0.004297948484801124	0.0038430978050896262	0.0019128609045114418	0.0018895402748511287	0.27158095199659266	0.0038375756040303177	0.0032078049276666235	0.0019247522202308488	0.003715826861601549	0.005828902628269116	0.004244869532154069	0.0024550882522390407	0.002026202784131459	0.0033250494953591184	0.004707844614225761	0.0062618769054811445	0.0029971022659460857	0.002328127342118492	0.002832635385149481	0.002679946703911917	0.005282410413432022	0.010422802478489918	0.00489954443551473	0.0024240140004940917	0.002622643063053506	0.004140917510162586	0.004334444646351007	0.32903065890626376	0.010140884386029855	0.0049325187699187185	0.006633135538928141	0.005116429979783862	0.003769980239457452	0.003813349068415805	0.0030095297517960186	0.00248653170104131	0.009217451228385846	0.0033549808643133323	0.002472288645073853	0.0023952702123379824	0.011628839742840187	0.0035330123746547645	0.00383584296911294	0.004185928834731839	0.005186269301573993	0.007973027784158659	0.007123478151086999	0.005512407728010785	0.00748017926452558	0.008739098976487579	0.005481233119477478	0.00819819170967276	0.016425614764664552	0.005342302480121475	0.017816382843241302	0.009339232942021651
MCW_CT_ROA_223_R1_trim	0.018411515420145567	0.0012595279882762814	0.001018853850389094	0.0009466516090229375	0.0009306069651278305	0.000521460841259137	0.000561573213663686	0.0008664276609918865	0.0006979557277857139	0.001099080150139162	0.0006899336356044906	0.0007140010880092983	0.0008102708976285295	0.0008263158658984016	0.0006578436990647468	0.0016686767000666748	0.0015403169539077	0.0017087893949160706	0.0018772621911933777	0.004444475464850817	0.0017729819374055545	0.0013317804452430849	0.002101971617285844	0.48620460033856694	0.0016447324874701472	0.001516393172989331	0.0014844251306915968	0.001813721347716946	0.0018063198072359725	0.002088886457210808	0.0014314362540825084	0.00224665719151746	0.002357340912991677	0.01739762332914376	0.0018921638753595113	0.001995490517225441	0.002191295520076192	0.0018055483516000112	0.0018058873907994739	0.0018630707847961117	0.004710011830739394	0.001583142354170745	0.4814684469241195	0.0020083491276758915	0.0017452805031399935	0.002085351103614145	0.0019836536606830236	0.0017464005474860512	0.0018453624654554547	0.0020384198776297515	0.002417234661370927	0.0023028863873865066	0.0021243891031081253	0.0028048240446699817	0.0025548052542847164	0.002397662573440685	0.0016146866075128895	0.0022002414278519135	0.0030354582710670334	0.0021920731835292284	0.002826790477972156	0.003269989815616719	0.002351180497060002	0.0023483314029810183	0.06430273575799038	0.002545685534071796	0.003155702134320476	0.0028643921382988827	0.002088957484877597	0.0028257551886808323	0.0037517692222696786	0.0030635016766780328	0.0028242593379886128	0.002999213456271093	0.002849252783457538
MCW_CT_ROA_223_R2_trim	0.010268731911889466	0.007862021837648126	0.0008182920688164377	0.0010750113217143863	0.00107501166668445	0.0008022475768111943	0.0007621351979706345	0.0005776185333399011	0.000561573664184725	0.0007942259293586578	0.0006097088920827294	0.0008343384839026824	0.0007140012025705648	0.000858405940169106	0.0009947884317657767	0.0019975993508845034	0.001885284527943206	0.09308494315946006	0.002494994967891982	0.0012996491027647788	0.09290111158025191	0.001789080415875353	0.49478217092978244	0.0014922635761085712	0.002166237029655785	0.0018132561217853414	0.0036348417150804044	0.0018297728601829627	0.0023682895819262416	0.0015425697428319315	0.0024205946444062027	0.0020453686934096206	0.001727675545761806	0.002729592991765944	0.002980435431059077	0.001979246581462409	0.0021341093969006845	0.0029299731492992854	0.00211928786979821	0.0020959710197073675	0.0020426115785015303	0.0018857529547715993	0.0022689911419662015	0.002166726220506607	0.0019885347325859434	0.002466719424257618	0.005078786743912398	0.002207173735052967	0.002131000257424831	0.003464925050964175	0.0032991239276048217	0.0026758958390391474	0.002347555326549138	0.0023561907778692956	0.0026260539207518243	0.20124922850272334	0.0028533525951531533	0.0030397831621344342	0.005420075595631389	0.0199119603580254	0.0035551931891979007	0.006749646660063398	0.009014002032216924	0.0031723049932437034	0.0031385776571085005	0.0033853482129344195	0.0034044164415046527	0.004256128236502139	0.003668144696081111	0.0035850163240712246	0.004452135230427527	0.22344065379732114	0.19968715678769927	0.004122894033178866	0.0029555686141462954
MCW_CT_ROA_224_R1_trim	0.0241342200102596	0.0009970712948159579	0.0009459394335433446	0.0010226372254522643	0.0008181097803618117	0.0005113186127261322	0.0004985356474079789	0.0009970715497265787	0.0006007995235531948	0.000882024832450435	0.00040905499475962206	0.0006391484293119093	0.0008308930643182817	0.0008308930643182817	0.0005113188088112503	0.0016106542477554381	0.0013933439321213968	0.001636220397353567	0.0014316930306972882	0.003476970566677174	0.00153395819120252	0.0012271726708646198	0.0021731185491135657	0.5038581271730448	0.0015978896607335103	0.001406149911687394	0.0015084396559581514	0.001700230886240875	0.0018281488905820928	0.0019178051717068506	0.0014065242522501512	0.001969396851752885	0.002238558726349627	0.015445090527808777	0.0015744106808020584	0.0019463209795731054	0.001896113236907434	0.0015126548965023572	0.0015650791333515412	0.0015926325844149857	0.003988532069663444	0.0014192088890987598	0.5079348219611572	0.0018478712653155346	0.0012420471394804554	0.0017189315908528171	0.0017766161778669158	0.0014904857545834746	0.0013743504707348585	0.0014964695238022087	0.0017789075463249431	0.0017316420962193591	0.001632014669939079	0.0025807988298227973	0.0017700215104904174	0.0016418498573083215	0.0016476346706453186	0.0014610554309410304	0.0017788936458329485	0.0016592842231827787	0.0016767406251301364	0.00198467609534825	0.0016047622703789246	0.0015424374569402875	0.062176843120227275	0.0016554026802091699	0.0017600678344223929	0.0015674069722780778	0.0013020276816746114	0.0014470143766552887	0.002319670191284558	0.0017939116933335226	0.0015048180733961737	0.00209494280806134	0.0017703742039954984
MCW_CT_ROA_224_R2_trim	0.007337416464983586	0.0066087930694852595	0.0008053268150436582	0.0008053268150436582	0.0008692416416344248	0.0006774971618621253	0.0006774971618621253	0.0005880166301329378	0.0004985359023186649	0.0008820250579484072	0.0006007996771532629	0.0007669783112594845	0.0008564592237206991	0.000971505985116017	0.0007925444575896039	0.0017640505668929892	0.0019685781688515967	0.09040121162166889	0.0019302297369659317	0.0013422130741524148	0.09291951743209262	0.001533965838580775	0.4724743217281559	0.0016490181247544849	0.002147564527602915	0.0015595488813112996	0.003758318635622955	0.0016746652171650883	0.002262818290321888	0.0016365331477231988	0.0021609476356355866	0.0018543219128417548	0.0016501700826466578	0.0027000832035117975	0.0029697182185428436	0.0017287089642907631	0.001921821825592363	0.0026536855718474472	0.0014625367366135553	0.002067995964196696	0.0017370781650432705	0.0015999938064755878	0.0021506003219422774	0.0016920515617570837	0.001595435693871984	0.0023362186070624677	0.003791035491068755	0.0015831997178738103	0.0021148917591788615	0.00276845393107212	0.002018340607990584	0.0023316098073637302	0.0017796553811091854	0.0015999623538269687	0.0021488551129709896	0.1771709274641539	0.0018114449269667628	0.002239928584520837	0.003449151837138715	0.01230369975131987	0.002364511757878395	0.00423232223109279	0.005203117386894814	0.0020989594026500544	0.0018442376445508574	0.0019087738051111066	0.0020849372440933235	0.001723639546846686	0.001826736713287159	0.002285522845291397	0.0024069376774048367	0.17710436588334125	0.14607265264747268	0.002436759446651804	0.0017426522103328051
MCW_CT_ROA_225_R1_trim	0.0006730899390255303	0.0009597775908635156	0.003003979212962432	0.0009348483027891387	0.0006481616515158881	0.001769979894524156	0.0013212525973208488	0.0018073740612405639	0.0016577988967784606	0.002368285614247905	0.0016702645911011542	0.001146748823741091	0.0009597789068267828	0.0008102029732953361	0.0016577999299735337	0.0030164479928841744	0.004811359195261534	0.002654973482050073	0.0022810341236472564	0.0031286369625646744	0.0029666008114525746	0.001894658484068789	0.002742275011293187	0.0031785654498411773	0.0017949617666911189	0.0052103959115593875	0.0035775539528169246	0.0025555157753858705	0.004164009097985867	0.003566321801685823	0.002606858107341187	0.004641939272453385	0.002547349482863081	0.0033244493880701005	0.003739953409436591	0.003017033469917735	0.0012656982612940073	0.004289872451555487	0.003905428847481576	0.001811740987469295	0.0039627996599059705	0.005618343752845634	0.0025407201473362337	0.006404722106438508	0.0017486582286351205	0.003791034035147966	0.0032451889419663387	0.003924655024135972	0.0045790058109952195	0.002269637710400034	0.005099448517822109	0.005233847786388693	0.006008989072090029	0.0028258304155620237	0.002617274337788698	0.0033759591635196596	0.004787640547259048	0.004280489832105059	0.0020143782149302657	0.0019364763319404635	0.0027113894990679946	0.0024846073660607128	0.003008221341819248	0.003343733054565597	0.0027401072802211595	0.004306533878981773	0.003037685614945297	0.004787418896672175	0.004260919998518195	0.00967994346560484	0.004969562535456059	0.007190982061849592	0.006349952314005449	0.006380628412140741	0.005214936682999644
MCW_CT_ROA_225_R2_trim	0.0007977362240302582	0.003976220952241348	0.0021189894863220472	0.0018073733853923347	0.0028419395489542782	0.0007603434758167148	0.0014085051273326028	0.0009722425984604414	0.0015705467147902124	0.0012713957519676407	0.0013960423943174094	0.0008102031752734966	0.0008351325037434503	0.0013835777300824324	0.2660458265930653	0.0030663077840092797	0.005309947625967289	0.006095222330401685	0.004749039441333471	0.004375106417296403	0.003702019582561768	0.0020691667602569905	0.0017824789795245518	0.26399540890556644	0.0035026671376777543	0.003041474367164542	0.0021066416927825833	0.003964163957821296	0.006258479959836018	0.0042022816269388944	0.0024073026336140276	0.0022086817414394863	0.003683734762605771	0.004711846820234545	0.0063668915634558934	0.0029420384620825702	0.0022056826656777855	0.0028475400703455293	0.0033531133531899595	0.005146269175042985	0.01076633049125769	0.005175190996892729	0.0023752653656682722	0.0025213964934578765	0.003964948815879697	0.004326724522271619	0.3286635970278244	0.009480806357025107	0.004475582210719099	0.005966878543659201	0.0043198519059358875	0.003917139965539828	0.003435401897066502	0.002746013005550463	0.002018440362042738	0.00800464296752298	0.002829801648849499	0.002453193212111401	0.0016679278054128705	0.009269264179325833	0.002852636969224242	0.0031460643226895704	0.00398499043460984	0.004541823933845985	0.006876649983253419	0.005452407353547543	0.004320602684796323	0.005625011049128847	0.006273760217763976	0.004058882621967585	0.00556660920410039	0.011405731849902357	0.0037335499099569167	0.012890734051250425	0.006237947586183161
MCW_CT_ROA_226_R1_trim	0.0319143913761901	0.0010791034053535939	0.000935222951306448	0.0006924246851018895	0.0007283949951170558	0.0004945891942152848	0.0005755220232045084	0.0009711934141576079	0.0007104100612769144	0.0009891790110961606	0.0006474628583380941	0.0005935076201432529	0.0007373882553294961	0.0006834330785926458	0.000629477948757977	0.0016546281974003812	0.0014927623954807787	0.0014477999331134416	0.001762539682996447	0.004307443946575466	0.0016906082574702855	0.0011780484431505296	0.0017895615861882536	0.4911722450001475	0.0016097388661826778	0.0016547283412697343	0.0014479641264639278	0.0018888435366562469	0.0018802441042652033	0.0017460671188200474	0.0012156937964496338	0.0018744066444110917	0.0024904083186856416	0.01655754533305882	0.0019911327617635898	0.002048807675522532	0.002317149212232876	0.0018672289120631733	0.0017267630456262876	0.0017173003964300723	0.004724124557194374	0.0016898658650193353	0.47786019596666107	0.0021273618351677114	0.0017635074708951526	0.0017223800901777424	0.001981376498184987	0.0016380629428796047	0.0016197926539999578	0.0017620182304525708	0.0019445121699751507	0.0020012832140956466	0.0019151853487430037	0.0028464686812424917	0.001751945247125399	0.001720872340274466	0.0014959450080805554	0.0015298619728677113	0.002149318295311557	0.001981476245529294	0.002056790029504653	0.002298680335455825	0.0017888688835202057	0.001987281399046105	0.06197890203718395	0.0015510447373486935	0.0024262770539137993	0.0019378674624842378	0.0015039195333170585	0.0019351574803512404	0.0032939862532009546	0.001742352064410004	0.0020378057702707	0.0020875083500334003	0.002501696514722567
MCW_CT_ROA_226_R2_trim	0.008309072310960737	0.007086111724601326	0.0006924246228354087	0.0008902602293598112	0.00112406624940728	0.0007733575795922084	0.0008093277723522841	0.0006654472794896559	0.0005845145548170788	0.0008093282090268152	0.0007194031112386053	0.0009801867390625998	0.0008722763508165989	0.0010251496178889689	0.0009711946368473944	0.0017625388905105443	0.001978359979144489	0.09069883696681723	0.0026258251340744512	0.0012319833673252833	0.09213820803145541	0.0018435122487450177	0.48625750604719375	0.0016726737537074228	0.0021762969605764707	0.0015647991418425672	0.0036154219871978085	0.0017809157072807792	0.002141153666190365	0.0013140674247995665	0.0022153109323973554	0.0019285330703318888	0.0017415643091570818	0.002666370202454326	0.0030593254802801584	0.0022031102658501317	0.0020447844138352838	0.0026053767871313336	0.001708774401207071	0.0021860390909714655	0.0017881258069728382	0.001802899174553881	0.0022953710209026048	0.001444745042523337	0.0016845244532646634	0.002706321815720973	0.004375340539635604	0.00152476261157606	0.002070183615876803	0.002955770587865823	0.002608359149674917	0.0025139590022259964	0.002050313124043164	0.0019561831001109306	0.002353339306108492	0.18696530049758256	0.002638469972125485	0.002502367912323004	0.004252382686763578	0.01576567327244139	0.002444898108871313	0.005125207378049809	0.006401868971517698	0.0026622793035642016	0.0025739035595106303	0.002686086247470723	0.002461661111122645	0.00283238232581376	0.0024082597823359936	0.002682436515669129	0.0030740868986629598	0.20103655344626248	0.1696911281518798	0.0024829596479063235	0.002332982219509297
MCW_CT_ROA_227_R1_trim	0.01922644502269584	0.0010074628445163121	0.0010243949931636452	0.0007788788377773169	0.0008127431350719827	0.0004741001621253233	0.0005756931027479271	0.0010497933938872224	0.0007958111885465499	0.001185250806690165	0.0007026844068234551	0.0006688202113065496	0.0008296757051650869	0.0007450149189237514	0.0004994986388238789	0.0015831567027129719	0.001396902972982034	0.0015154284586119979	0.0017863433458583375	0.00426690723896052	0.0015154305113731367	0.0012953192411630442	0.0020064755824620827	0.47510418672971133	0.0016001080961913871	0.001727108259463474	0.0016763272786875475	0.0017948937643020016	0.002184437474753025	0.002049128620755234	0.0011686064545860478	0.0018886240298358558	0.0025074622415153748	0.01753195047567173	0.001720597655952683	0.001975506098378847	0.0020188799203305872	0.0017313817266407963	0.0018429358358533572	0.001802491638606888	0.004471706998766575	0.0018021771495724183	0.45505419112567586	0.0018690989874823771	0.001661357677068929	0.0016062353186835987	0.001897901434665483	0.001614000098584871	0.0017128008707320347	0.001619691101268253	0.002264225059758428	0.0016995200925102503	0.00210504008509315	0.00278151584082158	0.0019293648798782786	0.0016416990849904927	0.0014224389931220573	0.0013543215860080883	0.0020175552640504858	0.001749867898573667	0.0019266204786670404	0.0022151976047423824	0.001675171748585464	0.0015271990470277946	0.061732667843267315	0.0017302087375913337	0.0018218436815144435	0.0017061510965536218	0.0015320055701090864	0.0014607953625496175	0.0024022733450370076	0.0019370164317199321	0.0016674804625237691	0.002020593972234685	0.0020107852636316037
MCW_CT_ROA_227_R2_trim	0.009075627064874478	0.007704127634536503	0.0007534806148063173	0.0008720056553376482	0.0011598521823423088	0.0007873449121009833	0.0007619467536369624	0.0007704128939011067	0.0004741003226760661	0.0007788791674797629	0.000651887998868932	0.0009058704127822887	0.0008042774692926863	0.001041327758928052	0.0008212099046380581	0.0017101487507702017	0.0019641312385083507	0.09396507824567478	0.00226044528909656	0.0014223032558807372	0.0921196120800043	0.0017270936375140317	0.5002393380284337	0.001633971157784552	0.0021842765781800422	0.0018625694653748336	0.003632046742155668	0.0019811585052954927	0.0019304360592586295	0.0016088244869860919	0.0022525423454673385	0.0021088398501283934	0.001719669769188126	0.0025675618305749837	0.0030089998762495825	0.0019840406819910915	0.001908662281380762	0.002783875757661918	0.001664640646125171	0.0019896067703767616	0.0019761409935713237	0.001827882329135496	0.002118257060356605	0.0017142287620193063	0.0018865380624631023	0.0020405001951933803	0.004553400637180074	0.0017361848759452282	0.001974983081560859	0.003099235145536668	0.002702932532610047	0.0023862174895477512	0.0018749788843769508	0.0019370981576508225	0.0018397725969622673	0.20047403035677847	0.0021601738291880347	0.002094213426525831	0.003482353017793558	0.014303542565094715	0.002153242547055164	0.004465682460631135	0.0056373979857467175	0.0020051569325035662	0.0020910030430570836	0.0022043062657545118	0.0024379588511777442	0.0022679836341551215	0.001926181761839934	0.0021669384918277684	0.0023732107432886595	0.19589321582729421	0.17017143934109902	0.002029819519627031	0.0020494313024253595
MCW_CT_ROA_228_R1_trim	0.02044199592422366	0.0009642462741085674	0.0009993097749852425	0.0007713970192868541	0.0007188017679718412	0.00043829376095843973	0.0006136112653418157	0.0010168415254235802	0.0007012703863684257	0.0008765882903232367	0.0005610167025191403	0.0006662073342414792	0.0008064616512582817	0.000683739345938448	0.0005610169975878023	0.0019635594915573076	0.001262288244572555	0.001542796743366456	0.0016479874304141692	0.003821930976277204	0.00145514089883878	0.0013148990332862306	0.0019285202726927666	0.5034160373966199	0.0017882771072128228	0.0013149135567061732	0.0012973991180140537	0.001507828082351258	0.0018059741977134963	0.0018587725647975129	0.0013679552278776648	0.0018418167118730345	0.00231620923581414	0.015764309182692542	0.0022303059593424004	0.0017568869088383009	0.0018106824286279086	0.001512761373502894	0.0016899367435552679	0.0014631336161823284	0.004841691701216731	0.0014190131083109646	0.48947945468294296	0.0019187951544504572	0.0016770922898477127	0.0015215453539159777	0.0019083352083484031	0.0016395787011439706	0.0015512568100173958	0.001646027012034835	0.0024212209006391474	0.001750039790378392	0.0021118706023536614	0.0024788223767209876	0.0021005089795821147	0.0016586645526233007	0.0017598967224478233	0.0017081649525547693	0.0018447896673520917	0.0016771533219261496	0.0018340704959383936	0.002185261065855334	0.0014637022074747805	0.0013945937025571812	0.06336582252969773	0.0013522597436193917	0.002125583822102805	0.0015992569970455207	0.0012270407320129188	0.0015673191343478186	0.0019305995247938738	0.0020075677273048483	0.0017545688456691564	0.001981630696285165	0.002002272682704802
MCW_CT_ROA_228_R2_trim	0.006662056990741844	0.00757371486155705	0.0008239921261416236	0.0007012698945886158	0.0011045000839770699	0.0007363333893180466	0.0007363333893180466	0.0006311429051297543	0.0005259526053588259	0.0007188021460276364	0.0007713975602448346	0.0007889293229776717	0.0008941200561297015	0.0007363342929639226	0.0007538663261762199	0.0019284955911084433	0.0022615993750271742	0.0937073703783376	0.0021914726468273524	0.0012973529441671888	0.09314658200431879	0.0014902194269212172	0.4983122811895748	0.0014551625837375937	0.0023317734995870307	0.0016830899427486437	0.0038045372525560527	0.0016831575193484217	0.0017709086006017232	0.0017009570250577275	0.0021571768132605694	0.0023505324482233836	0.0016143520105087296	0.002176858901448155	0.0028274697289510245	0.0020556277465470724	0.0020744608379591172	0.0024099835945204364	0.0018836844233557856	0.002080262522078549	0.0016611741886047692	0.0017917347806765838	0.0023719249687012907	0.0017757923980300542	0.0015874304371747347	0.0025367760041284217	0.004218013097657912	0.0019135501768393728	0.0017161477084681302	0.0030920169610852283	0.0025138615610933498	0.0024509429035343886	0.0019458966599147141	0.0015847653708257745	0.0018572854366309217	0.18691976439889288	0.001968608269669047	0.0024680969984902843	0.0030438481545909603	0.013440337484014577	0.0024461624488838047	0.0040458845492462765	0.005471390120326272	0.0017826396475333886	0.002573910723906541	0.001999902749827067	0.002303881587575265	0.002587824542335328	0.0020198223784042174	0.001945438007426809	0.002688863266124366	0.1865329405238393	0.1588066630623387	0.00198327561519247	0.0020659120991588227
MCW_CT_ROA_229_R1_trim	0.023598077246760305	0.0009141433717961513	0.0009141433717961513	0.0007445085192978964	0.0007916293862629307	0.0005183287648150141	0.0005089046054547412	0.0010083850515492094	0.0007068121518537846	0.0009141437163975612	0.0005654497214830276	0.0005842980455324618	0.0007727813588549718	0.0006691156298719982	0.0006125707047955804	0.001771743295506614	0.0015832599661973997	0.0012816867600909507	0.0016398058922183858	0.003939311977487491	0.001696357957162815	0.0010084051036607462	0.0021299057808847176	0.5061584003332482	0.0018283532540588265	0.0015927602355814907	0.0014420340484031452	0.0014609999724766456	0.0021400001282114614	0.001801172780375176	0.0012358065028892874	0.0019254608788822813	0.0024090944733483294	0.01641038252270615	0.002177608185231518	0.0020285383111262106	0.001965331178241676	0.001502582016014291	0.0018964539931697162	0.0016738865378488224	0.004302203315198953	0.001739923775786229	0.49060971526500463	0.0020020823658687403	0.0016571153789456882	0.0018414122294461363	0.0018165977449482234	0.0016405126800658589	0.0017433720617485583	0.0015637761813642255	0.0020664863213518316	0.0017244986262751724	0.0020042975205525376	0.0027847151219721933	0.0018260682470890373	0.0018191225704063758	0.0015960498116661223	0.0015170527311065196	0.0022485348132952787	0.0015958587703098336	0.0020753772208035814	0.002144711565375292	0.0019044026718155163	0.0019618145910272598	0.06325085715355604	0.0015801880682848482	0.0019952452779960807	0.001975371754358147	0.0014153784608506984	0.001707657161604875	0.0024392716226522685	0.0019660913855774685	0.0020850113390342684	0.0023277866319355188	0.002413472029430078
MCW_CT_ROA_229_R2_trim	0.007888015437515326	0.0070304222202054525	0.0007633568362421469	0.0007916293116585228	0.0011403232825930312	0.0007539327488218386	0.0006596911552191088	0.0007445085894615658	0.0007350846379279358	0.0006973879898290674	0.0007256606126780825	0.0008764472334943074	0.0008293264926463243	0.0010272342415434826	0.0010366585065935251	0.001979075330769457	0.0019979236672529755	0.09225320030677558	0.002242953309816879	0.0013665078721691259	0.09463793450681733	0.001715231110899587	0.4854489252786572	0.0016492766932134242	0.0021770589818055357	0.0018849222898375262	0.0038359954544867625	0.0018851584117464974	0.001989158239140563	0.0013485206304324517	0.002386709593478264	0.00213311244607874	0.0016910994319228555	0.002629454027921586	0.0033232144136992933	0.0020664425745561582	0.001879851298065804	0.0026912558055760725	0.0019345045376519862	0.0021615609990122816	0.0015493930132576075	0.0017590470901765287	0.0024735100378683547	0.002021474665768678	0.0015649563590578962	0.0024160261284486974	0.004325307968150797	0.0018270131727649757	0.0018361416682973351	0.003440865662693839	0.002808774184982038	0.002766140375273762	0.0017169287534714495	0.0016565813475388706	0.0022067328437555063	0.18401777540735595	0.002068046874954616	0.0025682588073099918	0.0038467801506144226	0.014521934473659431	0.002391923908116635	0.005000536893393506	0.006159753639244906	0.002042341220423412	0.002043432458845778	0.0025166317091465493	0.002222920190104135	0.002917963631082254	0.0019546364775057242	0.002316235188646645	0.0027257997894657012	0.19144467900433434	0.16188553349068294	0.002602112659534034	0.0022466327880129914
MCW_CT_ROA_230_R1_trim	0.01842772772673001	0.0009387715791424426	0.0009503613517244481	0.0009619511243064535	0.0007533353051402038	0.0006953864355140343	0.0006490273398130987	0.0011589773925233906	0.0006258477919626308	0.0010546705273016533	0.0005331301566579785	0.0007649259655973388	0.0007533362655498746	0.0006606179559437362	0.0005563098576368305	0.0017848274599181646	0.0016109806294066548	0.0015530316859028183	0.0017384683051150955	0.004241865614220403	0.001483496048511248	0.0011705818185695537	0.002005058774878955	0.5089383514926769	0.0016921446473060593	0.00161102637447207	0.0016458295374940832	0.0015647681894449777	0.002132897851232925	0.001553588784294748	0.0014031824409692162	0.001763184794294334	0.002309577108307328	0.016154904982214505	0.0019406775544487883	0.0020234242757885424	0.0024094713875854722	0.0017126890686396845	0.0018898610007233969	0.001718920686193138	0.004496164818367268	0.0015001250301058557	0.5149424564372929	0.0020082011568200676	0.001663556908096131	0.001958141063258359	0.001687332590742776	0.0016334478644277873	0.001502870731505561	0.0015472144338137227	0.002234220348099061	0.001847952961749652	0.00206011992968977	0.0028354234763224013	0.0017308236215989481	0.0017221097699261347	0.001228914104781491	0.0015058700022762838	0.0022016735690708897	0.0015744028161180305	0.0023469934263716094	0.002295082462862611	0.001665320070354222	0.0018534137845965307	0.06357985611428892	0.0019146941837493137	0.0021070013766711065	0.0018733931628760216	0.0017654917858287798	0.0016713489087274882	0.0026038628826636893	0.0017621224991415298	0.001759854875825886	0.002009037867093268	0.002164777236635382
MCW_CT_ROA_230_R2_trim	0.007938989618119533	0.007371095362155475	0.0007069761275023333	0.0008576431710684044	0.001112618296822455	0.0007881046269159054	0.0005447193744859936	0.0007649250790654376	0.0006374375658878647	0.0006953871608582329	0.0007069769468725368	0.0007649260542506419	0.0009040036234319593	0.0010314913139159536	0.000846054673211962	0.0018659561970839162	0.0021441111581399033	0.08832578992532003	0.002422266119195891	0.0015762123593824448	0.09268373359331603	0.0016457683066516044	0.48428532651968936	0.001634184071016772	0.0019123545871649484	0.001634205852450451	0.003778451975179975	0.0018893131407872106	0.0019126562901005779	0.0016231584832233237	0.002214955775682731	0.0018676033915677591	0.0018105490246189404	0.002392507039603541	0.003184180063755652	0.002174665403887697	0.0019905040154053373	0.002924495128443593	0.001773280696451327	0.0018476368490822157	0.001608381428242708	0.0020436191005855147	0.0025377305730767516	0.001779918811649232	0.002040241083630332	0.002203143812782714	0.004471190016460878	0.0015593355003146517	0.0018880467758620176	0.0030072470911435448	0.002698765321141776	0.0025441353692660603	0.0020089694728771205	0.0018771934844038234	0.002136977925149136	0.1759496380086183	0.002150053143704878	0.0025539680329230677	0.0036864129217280017	0.013419148949161236	0.0026872875746915895	0.004657364302745166	0.006201292282720661	0.0024564196070009365	0.002261933620357061	0.002331570982303808	0.0020193303668062765	0.0026045286607894063	0.0022505017295032246	0.0027652932918864667	0.0026780302432930963	0.18708334193114412	0.1564852829057627	0.0026015970378558853	0.0021809795526935563
MCW_CT_ROA_231_R1_trim	0.020031610118139025	0.0008176182490283201	0.0009363055098941777	0.0008176195429005633	0.0009890566812559122	0.0006066214311702927	0.0005011223161767954	0.0010022450288646567	0.0007648721140419048	0.0012000644606053124	0.0008967528841814638	0.0005538772196629578	0.0008703794062957443	0.000659379033751239	0.000659379642444795	0.0017539514680310034	0.0015429503981009842	0.0017803276172068797	0.0014770140999458515	0.0038508004719604357	0.001345146533273848	0.0012396572690534992	0.0021496218577770616	0.49275337089779914	0.0015957486091929892	0.0018331525238290047	0.0014375363423035162	0.001740974170010348	0.0018730289503004957	0.0017414668454396724	0.0012668644734779284	0.0018878017380449346	0.0023514510434497955	0.01722840340961078	0.0018127764484083824	0.0019463977936587948	0.0021732884823131423	0.001618138215265171	0.0017394511911987486	0.001835594817184732	0.004320462577526634	0.0016867255369576958	0.4791695328083594	0.0020725135932509204	0.0014998955527278737	0.0017823806463076752	0.001653265343714554	0.0015766492165713024	0.00149846844038156	0.0017264409725654608	0.0017199992280979074	0.0015327663972607073	0.0018129405144473652	0.0025977421909300544	0.0016553898630258454	0.0015372371034508363	0.0012845267657426054	0.0015411835056376494	0.0020487900936429727	0.0015247355028000361	0.001873619878214708	0.002183354523835801	0.0017176473956171364	0.0017644866636751522	0.06494973889436328	0.0015525541922922204	0.0018947917655168568	0.0017821842765924764	0.001173635949547611	0.0013876277514704469	0.0023592635117589225	0.0013475690746860124	0.001471043019650126	0.0019223857643155054	0.0018722365704637964
MCW_CT_ROA_231_R2_trim	0.008097043194560475	0.00722669033012128	0.0008044314944161245	0.0009758684866877693	0.001094556060589876	0.0007648708027714698	0.0007648712062388171	0.0006725594301865509	0.0003824362083217064	0.0008703767663208501	0.0007516902150110954	0.0008308161581873965	0.0007780667467855622	0.0008571928569196101	0.0008440060536334198	0.0017275764858113878	0.0020177046328344636	0.09335511751284771	0.0022418966973564744	0.0014110811809509845	0.09423939602385183	0.0016352914893892	0.4976041622981896	0.0014374821221403503	0.0020837031466818872	0.0017012699254645952	0.0034685477889392627	0.002149838181811947	0.002163218246165531	0.0014248406454264264	0.002085059886087108	0.002072643651697119	0.0017173834210409853	0.002684152709513325	0.0032154536555209076	0.0021980495620452455	0.002345649939178755	0.0026793094703243927	0.0018059215903370447	0.0022480468264163326	0.001586931155192532	0.0017939580296825084	0.0023695205342514868	0.001720579046652891	0.001704760331836372	0.002372378384753149	0.0038857967102734815	0.0019088686730167443	0.002248010822645684	0.0031051381682051958	0.0025172776146053567	0.002137533699554732	0.001982998619691318	0.0019268042737946055	0.0018710775737247741	0.19101399082512274	0.002115957691936698	0.0023918035387246934	0.003654086491637888	0.013820926955069262	0.002140385189069588	0.004574120255415287	0.0055121511305331605	0.002007041370140242	0.0023818352332439043	0.0020331187280809237	0.0024887275511687864	0.0024274855678889685	0.0019495834548520854	0.0024227261917740797	0.002181429140845737	0.1954690380807692	0.1645274754202633	0.0023551648765743273	0.002054505530628669
MCW_CT_ROA_232_R1_trim	0.01928228363166061	0.0008539135144853158	0.0009808466044763761	0.0008077560272158393	0.0007269805083832393	0.0005538899111491347	0.0005885080305959555	0.0009231498519152244	0.0006923627085136842	0.0010039272016613956	0.0008077575185781344	0.0006462060148625076	0.0006462061639990468	0.0008077577049988086	0.0006923637471418359	0.001569357826854828	0.0016501337877701777	0.0016385945797368394	0.001523201649858175	0.004015717611044977	0.001523204813696473	0.001096254617251355	0.0019271037799621366	0.5055604611584721	0.0014078360152609424	0.0014770806700684141	0.001396334725205942	0.0016272206079527	0.001858229550443488	0.0021126319110625832	0.0013395117156466054	0.0019868509740479144	0.0019534394810000267	0.01567500565399189	0.001852277832876612	0.0017727412871793378	0.0019139466391676998	0.0016142903016574347	0.0015352370039570734	0.001900764912112945	0.00443941648965616	0.0019931431159313463	0.5035441800072221	0.0018286585442145575	0.0016054806243422242	0.001718171516962587	0.001891738641345889	0.0014049452581108236	0.0016483864357277269	0.0018957222212039166	0.0018837591640458392	0.0016598741636628265	0.0018238580029530977	0.0024523461280667605	0.0017567126051449052	0.0017111067128333139	0.0015514577714969445	0.0014403242787233241	0.0021935457881299652	0.0017344725163810522	0.0017876683009399922	0.002395587947036087	0.001683355904092652	0.0016359427923835137	0.0660450649013828	0.001971063886212274	0.0023262745000888966	0.0022704381336084273	0.0013650229285508656	0.0013584253010417117	0.002565354345399309	0.001717902992066913	0.0019596427897801364	0.0017963392239651248	0.0021229463555951476
MCW_CT_ROA_232_R2_trim	0.005919695693023275	0.006762071884978312	0.000703901680859517	0.001050082835380591	0.0011423979417450902	0.0008192954935747616	0.0008423743370773604	0.0006231262219476364	0.0004731145720788319	0.0007500605529654105	0.0005885090492497837	0.0008885332704359479	0.000957769850212873	0.0006808243513561386	0.0007616001218560195	0.001869382332998383	0.001869382332998383	0.09237288458305211	0.0023309598315616117	0.0012808755927078714	0.09410405496738437	0.0016039934127798578	0.4908690486974453	0.001500145687225394	0.0020194390044604212	0.001684796694659679	0.0035773922656779215	0.0016964665832435956	0.0020775287564605374	0.0016970408110608271	0.002159405713071564	0.0018944629353524918	0.0017107346518782135	0.002579791027671903	0.0029058547068015754	0.0022246889490893837	0.0018328156595769957	0.002624774034248656	0.0017911894183973067	0.002110764033607095	0.0017454114713830416	0.0018163493854193144	0.0021433039196623012	0.0017807632567897916	0.001934165389387636	0.002368950981862673	0.004253863658228766	0.0018403263246743492	0.0019732438130064243	0.0028374190284099717	0.0026043740842021956	0.0025406945211901583	0.001862480878852991	0.0018092900752179574	0.0020353875404483385	0.18819665587672507	0.0021762276508220974	0.002618537131610555	0.0036123247557165385	0.013520388954549444	0.0026099486216959026	0.00484425031142615	0.005730792187932349	0.0021701090624477817	0.0025888135893885706	0.0024323420917545095	0.0023247981539291124	0.002162430510980807	0.0017167655646258002	0.0025147797307519455	0.0027817587490974825	0.19139458558771041	0.16188625408695842	0.002171764352790546	0.002269738684495382
MCW_CT_ROA_233_R1_trim	0.023630428152562454	0.0010498531517903933	0.0008923751790218343	0.0007961386401077149	0.0008923751790218343	0.0006211632234976774	0.0006124144457019354	0.0009186217489210787	0.0007086513114467396	0.001023608166293458	0.0006036663544807572	0.0006211639299729531	0.0008486324113714995	0.0006561590809573448	0.0005949175667346593	0.0017410087614734883	0.0014522987658522565	0.001417303614867865	0.0017060137597446194	0.004610615175922965	0.0016885186940453995	0.001233590620091884	0.002178469876004819	0.490516228391621	0.0017060457010273017	0.0015835682657469022	0.0017235785901092136	0.0016973911972242577	0.0018812694946551383	0.0018028105115754874	0.001365484303145218	0.0017773296611192676	0.0024350942276354114	0.016757506609223708	0.0020255949264371444	0.0018162145316114333	0.0020635876533882267	0.0016434835875752639	0.0017773505879466946	0.001534114203340666	0.004777351954507578	0.0018054950018028268	0.4778537952882406	0.0018703164159749959	0.00153131595824466	0.0018262416424207853	0.0018086509991966267	0.0014362232554381434	0.0016642118766713012	0.0015682799693401265	0.0020365251250421736	0.001721200997313035	0.0019007635242906593	0.002491184056885512	0.0016703061759131299	0.001725582660241057	0.001569904259686806	0.0014794531940994608	0.001947551435937705	0.00165362787806874	0.0020367603836526976	0.0023360684376241675	0.0013484641302365186	0.0018104916743916044	0.06440912083709317	0.0018097946298283325	0.0022545619450556813	0.0018259936133442315	0.001454742367840727	0.0016361327929004927	0.002314099655659778	0.0019082182522407141	0.002084672047869568	0.0020503093218057844	0.002359573856379841
MCW_CT_ROA_233_R2_trim	0.008460060726963307	0.008013879058666669	0.0008398825214323146	0.0007523948904338064	0.0010148582243060644	0.0007436462427579791	0.0009361193879423974	0.0007348975277259777	0.0005161782060637641	0.0009623668204616334	0.0006124153029636001	0.0009098741644030631	0.0008573814241490402	0.000971115694699423	0.0008661303657432317	0.002020970853400874	0.0018022515370974667	0.09326216712580349	0.0023446775775246204	0.0014872969096069932	0.0929123778534686	0.0016622874142183143	0.49303474900232075	0.0016972902149294349	0.0022659818210514784	0.0016535628373563465	0.0031584430782938665	0.0018286390244692024	0.0021087834769376963	0.001487769658250558	0.002223317152427911	0.0020050032272672033	0.00185702648014646	0.002454112909177313	0.0030078231463127945	0.00206198267267701	0.0018265993436009879	0.00278619054976901	0.0017950902697219924	0.0020632931940510494	0.0018669055597951712	0.0017968016574694736	0.0021958499153611893	0.0015905020998242497	0.0014860722663267603	0.0021937832039184823	0.003913368361672027	0.00189065174658223	0.0018970297814147434	0.0032118431862380734	0.0026470519491454386	0.002525526737855622	0.001968100153750659	0.001545252925067209	0.001963747655104557	0.19439004722958184	0.002246023445304559	0.0024696940049127912	0.00341404435426012	0.01372653277262649	0.0022703930709225186	0.004581577019625986	0.0053337419103198225	0.002165101704091178	0.0023183750719881807	0.0023540745408649234	0.0021489518004079357	0.0023686602241271733	0.0021955636354229627	0.0021735150959907275	0.002603350545105355	0.19252960245449122	0.16614919419190824	0.0023996393881631412	0.0017566738104734959
MCW_CT_ROA_234_R1_trim	0.0006846451438576376	0.0011524928305817281	0.002955402744371013	0.0011981363844351814	0.000775936209827757	0.002019716310875191	0.0012894234075078903	0.0016317482059613124	0.001608927103506731	0.0027956560297850335	0.0018257345500636952	0.0012095491394171981	0.0006732396921582981	0.0008786348524777788	0.0015518747217180531	0.002829889198427038	0.005545671227049365	0.002989642713732924	0.002247937716834703	0.003263510562876837	0.0034689182075871403	0.0024077492553949845	0.0029554880674736786	0.0037543016137448976	0.0020198117284419047	0.00583128905380317	0.003914274423046792	0.0023966810760458917	0.004109194070615587	0.004179045853039172	0.0027985626582187387	0.004811590240860664	0.002871534852539249	0.003963369303773471	0.00422010895679136	0.0033527682900686526	0.0011845234535643805	0.0050450169860423505	0.0044896062153692955	0.0020036891043556035	0.0041247266057799535	0.005153016349885574	0.002551825002042056	0.006970557141142165	0.0015725273573690044	0.004149853444322447	0.0034717052264078203	0.004262400432595812	0.005042710363061209	0.00225531576013379	0.005018566127630736	0.005693963840605849	0.006640743658089807	0.004124260085717874	0.0029700372068359676	0.0034337461428729575	0.004468047080450379	0.004712139323837371	0.002305113219009088	0.002147698649055161	0.0027855461987100648	0.002549745462348353	0.003432001195552822	0.003271800978253821	0.0027554396847657846	0.005145416098181178	0.003217204941138872	0.005439683969727697	0.005268612726372667	0.01079713625768461	0.005283270851100546	0.008720063949245746	0.007862214687599813	0.007878594301532312	0.00635529020580985
MCW_CT_ROA_234_R2_trim	0.0008558064298220471	0.00440457605784281	0.002122412539487143	0.0020881803174513337	0.003331961371613309	0.0007987578630579852	0.0012323692744323198	0.0012095476212020918	0.0017572679002839473	0.0013464792306719753	0.0013464792306719753	0.00095851063878344	0.0010726191705572885	0.0015975179135959616	0.2745106630909647	0.003411842219071308	0.006013515919043241	0.006732403067374124	0.005203349405140772	0.004895266961500951	0.00383406836760089	0.00214529293062077	0.0024419860010299705	0.2727745464284439	0.003594579784494101	0.003742980485149611	0.0020427265355198194	0.004154245302022193	0.006003992540895351	0.004533013411439704	0.0024673107032966357	0.002114364731116237	0.0035579900902539675	0.004742324536283135	0.006651261732883035	0.003249400439690956	0.002725500054510001	0.003029234997224161	0.003035276491183445	0.005315691260482421	0.010764769286761804	0.005269639080302124	0.00234867190949053	0.0025406540950262705	0.004151030708293563	0.004495503875198851	0.33601999861969645	0.009892627812121229	0.004798428040038387	0.006798559571105104	0.004975516738830894	0.0036408660130210846	0.0041376424186372026	0.002959096883631116	0.002193572777599343	0.008253821745694266	0.0030468044560900084	0.0026932940884567087	0.001991784310518613	0.011181144839253065	0.0033609431742505805	0.00388759477084201	0.003684286949605456	0.004742772651240652	0.00710309699486987	0.006563675176361135	0.0052934704585560054	0.006162073571479594	0.007552008680186303	0.004122237674586839	0.006549275579950047	0.0130071629372889	0.004329298536010942	0.014915658729728264	0.007743726437996931
MCW_CT_ROA_235_R1_trim	0.0006795582994609558	0.0012973393731688595	0.0028417910078936924	0.001196950109343323	0.0007258923804312388	0.0017992864323455174	0.0011042830893794378	0.0016216744669208525	0.0015521742524871663	0.0024556794266498206	0.0018919542752490756	0.0010733945492561454	0.0008648935165496989	0.0009575607529825315	0.0015290082991172682	0.0027954596175780353	0.005590920098647306	0.00285723839260417	0.0022317350249421485	0.003266522522672794	0.0030734691961163702	0.0022935381300714123	0.0026873821615742187	0.0030735128676709074	0.0016989319587017444	0.005382543215373779	0.0036064299170273997	0.002440405076351471	0.00440996928004587	0.0037153016125876584	0.002572488357172627	0.004597377161559251	0.002751636373417461	0.0038740825731702847	0.003860074690511356	0.0032271360506386402	0.0013782934729054217	0.004640664227025322	0.004240752233469304	0.0017234495417060428	0.003952754314999349	0.00511568396850863	0.0026849970841873773	0.006316392689186028	0.0015404643864882217	0.0039241762998415254	0.003441122356467786	0.0037297827726386983	0.004772958634117446	0.0024643211000729393	0.004685498438880783	0.004910579962220189	0.0061826700493576355	0.003289560792645989	0.002766819799925793	0.0036163924235745456	0.004428174877917562	0.004182151333917323	0.001994868894186093	0.0021766577083422094	0.002258707826244967	0.0022589903569986067	0.0029202821880632696	0.003145772520078366	0.002874883261988025	0.004827882502934638	0.0029950888424796077	0.004543847779517389	0.005101753099821659	0.009691638051155593	0.0051682839347040955	0.007147682755244735	0.006446501451429802	0.006538594329307371	0.005194038312294869
MCW_CT_ROA_235_R2_trim	0.0008571701277291601	0.004061908112997342	0.0019228424337192737	0.001953731619671313	0.002872680706095651	0.0009730047552904624	0.0014131735731599572	0.0010270605750288214	0.0017375086257650442	0.0011737839675319	0.00149811901119203	0.0009112270977934328	0.0008031154702434134	0.0019537329775222633	0.26890472330814436	0.003096628397178964	0.005436476051512155	0.006015646549953342	0.004865028660424398	0.004687422294585108	0.0038611431006817	0.0021313694257063696	0.002015537243769036	0.26629912177817755	0.0033515309623542763	0.0035059915774344184	0.002231818440874805	0.0038922967508666735	0.006448916242248171	0.004101521224097851	0.002587953132246027	0.0022407566277910843	0.0036405569170929247	0.004276261990255845	0.0063278801137471264	0.0030414795118433122	0.0024391919135290205	0.0026574368641811134	0.003015946214747155	0.005007569581926168	0.010411578733829079	0.0051238223214633005	0.0024183337335099866	0.0023926511024317627	0.004074166346544142	0.0038689687961683647	0.32634937872439607	0.009370036708402371	0.004315630942029102	0.005839568448642526	0.004500388956417167	0.0035718643272795374	0.0033982025142450852	0.002796539266207837	0.0023446579206231385	0.007442050552440997	0.003013889005165471	0.002393745219333835	0.001902539148952147	0.009644444841960203	0.0027920383250409795	0.003168130206923919	0.0038686942951789835	0.004186526519754259	0.0065738680171707	0.005465468784676743	0.0044066818964396464	0.005504280941312935	0.006373843087972699	0.0038807549208679597	0.0061214642223039	0.011111250387237372	0.0038727142111184337	0.012346581734970434	0.006353095455858573
MCW_CT_ROA_236_R1_trim	0.021565128378080035	0.0009220244912243247	0.0008503114752402104	0.0007888432566400113	0.0007888432566400113	0.000553214751409878	0.0007376196685465041	0.0010552061309320258	0.0005839490239138395	0.0009527590313616514	0.0007478646160150598	0.0005019913175991497	0.0007376198952477301	0.0007478646160150598	0.0005839490837377863	0.001536708115099438	0.0017620925135450618	0.0015674430803022605	0.0014752406973012008	0.0038929994751622024	0.0015162217802185305	0.0011576672042818523	0.001956768729401423	0.4979432844197251	0.001506006507177504	0.0018031164819394322	0.0015777477732497782	0.0015368206868359015	0.0017725783966341911	0.0015268713473573906	0.0014656162332063953	0.0019477265059846972	0.002276626998663148	0.016190397432190654	0.0017552155820443702	0.0019203281522469022	0.0019112835604952073	0.001686323474476209	0.001687704312557899	0.0017315012538439585	0.0043709346690964795	0.001494280175665087	0.49056615195839753	0.0016281020069981076	0.001278993784935821	0.001752563150161098	0.001790972984451796	0.001678005315536074	0.0016170300897173269	0.001599314763392651	0.0019381255569419136	0.0017956784078433502	0.0018940701019292737	0.002585086874801942	0.001775163717505959	0.0015519994075796548	0.001090978354878115	0.0014073194685559594	0.0018469384979554393	0.001660510995331608	0.002103529418646337	0.0023145487567034413	0.0014978099635453478	0.0015183672779750324	0.06391513963578829	0.0014333594767313163	0.0017647844234553781	0.0015025553924616446	0.001190870089382973	0.0015566313607848978	0.001855388223545628	0.0014689273300326695	0.0016578839451981586	0.001999212992738956	0.0018041678227156432
MCW_CT_ROA_236_R2_trim	0.007468398378917029	0.006925428400751593	0.0007376195929794596	0.0007068855156903998	0.0009425140209205331	0.00092202458568313	0.0008298221271148171	0.0008298222121277594	0.00048150177740746534	0.000840067102921026	0.000594193804505116	0.0008195777453498183	0.0009322696853354183	0.0009015355198848001	0.0007171307475852415	0.001844050493790621	0.0018747852448869073	0.09121909650886159	0.0022231071395239456	0.0012396138797414718	0.09256130816430692	0.0016289309612956783	0.4887826883027367	0.0019977575939376354	0.0021924192085837923	0.0019772823575598575	0.003350155485121468	0.0017212405800498792	0.002049225889551028	0.0014858862327619266	0.0020293295515376427	0.0019169945462017726	0.001804927349110381	0.0025753481721953716	0.0029459912552304178	0.0019306771870772794	0.0020346898171892855	0.002683873621429857	0.0019451046193558904	0.0019686997356685616	0.0016534707643116936	0.001660513426600221	0.0022236324947246147	0.0017965611927653427	0.00169167222539587	0.002178009687999581	0.004105426499429719	0.0017746839833059967	0.002099474381592323	0.00264109967660486	0.0021646935467039092	0.0025100249531101373	0.0020467938444199336	0.0017636620547451655	0.00179717244134189	0.18492029427622805	0.0021594591378570884	0.0022783172214983355	0.0032457877230205926	0.013148091827081054	0.002339486219582602	0.003939944409529337	0.005411998298113742	0.0023288024806769328	0.002482606810709966	0.002127070252043953	0.0021713645551559107	0.0022366269801283845	0.0019851230209929098	0.0023296215477115858	0.002032272248359175	0.1856034975947991	0.1553294734168605	0.0018908402088756281	0.002390997941545956
MCW_CT_ROA_237_R1_trim	0.0010111170836409433	0.0015389807085422573	0.0014720685038230289	0.001204419774490984	0.0006765567869054293	0.001367982953742846	0.0008178158962593101	0.0013977219214394037	0.0011969853515014397	0.002156061051916909	0.0017991959081229457	0.0007732081588627535	0.001033422443095411	0.0009219020355671292	0.0014274612163620065	0.003063093860110139	0.0034273938580358597	0.002802879784263012	0.0028474879505908054	0.003635566907181598	0.0027657081629207307	0.001903289121513115	0.0030631066131356567	0.0034943258467773804	0.0020445555493103676	0.004527769277368024	0.002371703480857751	0.0024386486555611005	0.004468512784519168	0.0022529855962838677	0.0022011285691838876	0.005020090028435277	0.002097755713817917	0.0038543843361392213	0.0027538181129930276	0.002642882609184739	0.0018692183159862178	0.00660751439015324	0.0062000895585051854	0.003631839734892106	0.004360703668232886	0.006756206731845481	0.0029412887992195983	0.008046618903321869	0.002356540498847901	0.003634815810630943	0.002686081318456186	0.003464886302719366	0.0046478362610644745	0.00658942790663093	0.0068081479181569034	0.006927202980672108	0.00473279638119325	0.003371627408167517	0.0023868621527435236	0.0035772535511434888	0.004873766332770784	0.0036646376763352934	0.0014162404122089	0.002703361124146884	0.0021505896226044867	0.002525289277393587	0.002849227259575337	0.004865210299507576	0.0019978847892275324	0.004234927234761114	0.002668567947870447	0.0033165508898635285	0.005139408672024252	0.004253947107001756	0.00768012993713842	0.004443161949346978	0.004039277803834643	0.39090027490456786	0.015097218072596837
MCW_CT_ROA_237_R2_trim	0.0010334211369565525	0.008334286832250582	0.0009293361766559525	0.0010631606651371032	0.002245276369730106	0.0007955118263613289	0.0012192891544229715	0.001211854644652249	0.0008772936768835198	0.0016356326437481326	0.0015315469300550696	0.0013382448903393811	0.0022378428444008542	0.0013010714211632872	0.0012936369196839572	0.002416275855731529	0.00499611500015873	0.004691292856372835	0.0028697924604753	0.005107639221643364	0.004512864190742339	0.0025129373523974574	0.0028400659252161573	0.0026839406374782795	0.0035686806342348438	0.00359842686294053	0.0021412265287558173	0.0029367911831432053	0.0030484105438721297	0.004074726619675948	0.0048038551011549855	0.0022386164309239945	0.00477584298278026	0.0032666366493267047	0.005210079330156475	0.005405060923821697	0.005585527080124758	0.0029276942217820005	0.002712672802474196	0.004094452226058212	0.009804780326995772	0.004871183388531348	0.003271873638439052	0.003207113830181516	0.003769684514423085	0.004915565877823117	0.004060332441805759	0.007432889105474596	0.0038043131324052384	0.0063242080091446525	0.003733137327082835	0.0035907780856268123	0.0028666078230726575	0.002531365196892749	0.0018604492519831226	0.006005466841810558	0.005171782753298006	0.005221400268558189	0.0027865296028068177	0.007650558243833168	0.0028894508661443043	0.0030614257366585193	0.29046571001246446	0.003718053281209767	0.004603217394109076	0.004813203721166151	0.004539204208532004	0.002973882081556707	0.006182966539041005	0.0034116314857292177	0.006193932679067524	0.006764153053061602	0.0077784529326231245	0.02282515919691237	0.014277224898911478
MCW_CT_ROA_238_R1_trim	0.020911477579494537	0.0009953274690184999	0.0009760007220472668	0.0008600403233287774	0.0007827340087200434	0.00043485222706669076	0.0006087931767233824	0.0009663389360376393	0.0006377843757323045	0.0008310531714583485	0.0006957654458721057	0.0007634093086652271	0.0007827362022451193	0.0007923996887222101	0.000541151006932241	0.0016234531776776735	0.001420521805009707	0.0014881659881016297	0.0014011957901507337	0.003933022653534043	0.0013142298429514665	0.0011016461879659648	0.001874732681480405	0.486893336594493	0.001642851758721127	0.0014592640168107215	0.0016526379290649142	0.0014788364012583836	0.0018465847704709634	0.0017218630170909416	0.0014036560496704506	0.0019573742038235076	0.0022522883297971434	0.016911711330904973	0.001813534878809557	0.0017490561692289038	0.0020671705011046627	0.0015518471646622791	0.0019312159980356776	0.0017050913631570996	0.004366042165753186	0.0016490070229376876	0.4843483748553593	0.0018719514601916688	0.0016814818404906763	0.0017170271862637827	0.0019158047160954166	0.0014186077276291617	0.0014194540128313988	0.0017880247279114542	0.0022549784017214195	0.001814802233449095	0.0018781367230946585	0.0030690728369645323	0.0022109116481081057	0.0017218054359857337	0.0017012285659145192	0.0018696240341869253	0.0021753401437699473	0.0019825670132975256	0.0021532353606361623	0.0024731900978832025	0.0016475718680764796	0.0017430606165817829	0.06253848756596796	0.002106648935147481	0.002308260889562711	0.0017553723518426631	0.0017233308397791183	0.0017962900385935583	0.002627901401139429	0.002165755947936695	0.0022835698683147773	0.0021876215545200387	0.0024370871703863588
MCW_CT_ROA_238_R2_trim	0.00994358152925133	0.0070059464540827366	0.0007923967023928061	0.0008310502803780042	0.0010533088295690265	0.0007344171655710645	0.0005314861580228173	0.0007150908817698693	0.0005991308350994809	0.000686102103202512	0.0007440825626280764	0.0007923996121493801	0.0009180240296171946	0.0009953315086877461	0.0008020633320803106	0.001758741452347432	0.0016041272842144403	0.08984080869676808	0.0022612409767787944	0.0013722101735082458	0.08928070999375741	0.0015075170016027998	0.4838071257691727	0.001391566930455573	0.0022323486453122705	0.0015655710439710922	0.0033149480964176333	0.001536833847769938	0.0018562599320782888	0.0014606935585832433	0.002245884030293103	0.0018411309427830767	0.0017863566043496812	0.002442485784927352	0.0029934680966018485	0.001973931594866371	0.0019399619022835311	0.002661948894313851	0.0016259233273683295	0.0018639308656144512	0.0017827811385761787	0.0017206457328902145	0.002168367253859824	0.0018621118981566056	0.0017374499754612683	0.0024255929704518984	0.004678629503894104	0.0016850689273982282	0.0021772343256010857	0.003084022667331183	0.002793655250764584	0.0026689139165580514	0.001891746260950987	0.0022962109552224674	0.0017450837593580117	0.19125271966287044	0.002370386895943501	0.0027335286838512615	0.004250059779881248	0.016625096690346942	0.0025482035165208528	0.005198395498100128	0.007152982000413012	0.0024020584227707606	0.0025172774556203982	0.0027749874665852227	0.0028726050937443893	0.002624701114333371	0.0021282519822204775	0.002633078078948932	0.002773409557673592	0.20105875885750432	0.1706536451587861	0.0027862603927512647	0.0025556733257649533
MCW_CT_ROA_239_R1_trim	0.022544518194819334	0.0011302936844708952	0.000858672796772652	0.0008499108294586453	0.0007885771964503513	0.0005520040858816719	0.0005695280251160108	0.0009200068098027865	0.0005344801934783253	0.0010777225462010017	0.00067467189698023	0.0007447676784846694	0.0007535297171967924	0.0008148636741835065	0.000587052375849156	0.0017436336343598514	0.00136686857768913	0.0015771560511797652	0.0017085861712292487	0.004258328427347616	0.0014544937108918624	0.0011828797865559141	0.0020065170622732644	0.4899947217048683	0.001734906011028745	0.0014194816140767714	0.00150715147757363	0.00162117716565828	0.001638937221955834	0.0017972125321295573	0.0012365571547679319	0.0018250211807746654	0.0021954139734059845	0.015623442161700604	0.0019098311506838294	0.0019561260316141686	0.0022151294932930997	0.0017235908319110029	0.0016208144459737377	0.0018047914456797338	0.004401754976130321	0.001689875800454405	0.4979870344163884	0.001842270905936718	0.0016929070410557387	0.0020416206902633288	0.002169771231526311	0.0012494242155397333	0.001659676547699939	0.0017319504780925583	0.0021999762402566056	0.001796587154320645	0.001946508295438544	0.0027396112671431968	0.0017975415911599935	0.001921131162028202	0.001525015011866523	0.0016005603096232836	0.0021746582495946838	0.0016162995030687178	0.0020641382566801403	0.0023773345632392877	0.0017974628510270027	0.0020016482708600787	0.062033951360707044	0.0018093695141283123	0.002189593591524017	0.0018172087243248597	0.0016862959218157053	0.0018683068935853604	0.003138529265743856	0.0019952634426982983	0.0020098800382409234	0.0024236788696434665	0.0021428868054774552
MCW_CT_ROA_239_R2_trim	0.008236240615285727	0.006895667671927088	0.0007710531236325855	0.0008674347640866586	0.0010426742930843532	0.0007973392351624149	0.0005782899947331801	0.0006483857516705353	0.000499432311938763	0.0008499112762723347	0.0007009578764621325	0.0008061015579314523	0.0007622917574443705	0.0009112454789300331	0.0009988656741213005	0.001787444307747791	0.0020941138577590247	0.08969641657690015	0.0023131640325073145	0.0015596352381181862	0.09089713474251639	0.0015946981718275015	0.47664005474552484	0.00158594290307637	0.0021905392362816384	0.0018663559461487087	0.0034261435608479588	0.001857782377444419	0.002077155912549808	0.0014553036789200313	0.002271412978485422	0.002035609656756728	0.0018178099535018262	0.002593647375088184	0.00295714151435921	0.002176389591711956	0.0019238596366129197	0.0026162371633130363	0.001735880318491527	0.002062475585889751	0.0019143529236641931	0.0018973453067266492	0.0022441205644155573	0.001748488975358489	0.0017675863976381264	0.0023563046859045853	0.004094049710087081	0.0016676880849830441	0.0019033791750107116	0.003252599014452612	0.0027067232408446336	0.002503576465408175	0.0018710574699953707	0.0017628384781827099	0.0022142497230837692	0.18440152457675996	0.002168433642018432	0.0026700487283892933	0.004254313508916722	0.01421823518571477	0.002555938455790281	0.005089361291048438	0.006150801063752212	0.0023988680295353552	0.0025290512112637873	0.002072658601779326	0.002508253805186039	0.002570211278060315	0.0022175836262279024	0.0028680480734023643	0.0029546302715125735	0.1907116746969157	0.16416634014107961	0.0023506903904217595	0.0024829167248829834
MCW_CT_ROA_240_R1_trim	0.0010245601597641005	0.0017050520002630215	0.0013074613993048281	0.0012310016683513294	0.0007493054206359783	0.0014909650955895954	0.000909871007052112	0.00150625704528795	0.0012539398752650953	0.0020108920003428453	0.0019038484652840497	0.0008945793993503366	0.0009175173326670118	0.0007110759328169342	0.0011392508622752751	0.0028366586210566624	0.0035018594261874555	0.003104269349040834	0.002813722186681139	0.0033948356750435767	0.002752581462648387	0.001835120536833928	0.0029514963627777467	0.0034485500796760347	0.002255738330683287	0.004641546089061558	0.002737617138278571	0.0025467342950811545	0.0045591110161891275	0.002456812150765301	0.0024739407110534522	0.004945670847279295	0.002166458535558537	0.0038813197164726753	0.002763280844890871	0.0023981279130485234	0.001566413246334845	0.006419741341937341	0.005812176931391848	0.003863988541944261	0.0048082628462460765	0.006974789235056275	0.0026242713219629937	0.007934922532869723	0.0024349842637071393	0.00367242043207574	0.002882862956028669	0.0032045706333147165	0.00467360209922202	0.0068151706896696215	0.007192282577555776	0.0074762907803007286	0.005310189011026171	0.003492564499895134	0.0023144326476955196	0.003590655347079651	0.00546748638600547	0.00391362111368486	0.001647763473591465	0.002850783145407293	0.0026310685018849592	0.0032093966479742747	0.0027124704650294744	0.005107967029122409	0.0019171612959806407	0.005296030998604029	0.003097698894395441	0.00378274431386932	0.0065866158247259625	0.005058387000616971	0.00904426677047912	0.005010381021740841	0.004567011109800955	0.4018394586308745	0.01773886934839565
MCW_CT_ROA_240_R2_trim	0.001009268217081054	0.008509968705794325	0.0008257651574355678	0.001231001856595471	0.002209686731412272	0.0008792872421155651	0.0012615860430353761	0.0010245607864650932	0.0010551446905386782	0.00160565545493533	0.0014756739356988464	0.0014603820894764637	0.002377899632603038	0.0014909663495776284	0.0010933758246194595	0.0023014417729879245	0.005084581438785157	0.0046716992055741095	0.003173085627741852	0.005283407401709699	0.00445000737844866	0.0024238880050575914	0.0030967765614540016	0.0026227316047875327	0.003662703682454755	0.003387483104641265	0.002079974563134607	0.0027455687552746084	0.0029756486378566763	0.004201811876386827	0.004427033827593533	0.0022389640160144202	0.00481690831618094	0.003295960123194981	0.005155772639997172	0.005375989762259036	0.005675594640656936	0.0027042604457693594	0.002897751212634881	0.004199227623629718	0.009919934876138875	0.004676683185124559	0.0033226429508802346	0.003327793535858933	0.0038632108990527274	0.004860504765925356	0.004525442195845493	0.007535465528966423	0.003888587716732516	0.006735255438825338	0.004613220478068552	0.0037284740099841787	0.003139830601753797	0.002471449425076855	0.0022386785152939655	0.006818383166409551	0.0058307553836151145	0.005990999107986029	0.0029346849187764806	0.00788730900734476	0.003041493890268049	0.0032245988959935944	0.29939424680784654	0.0040372934817747945	0.0052813091333361595	0.00574777822105028	0.0054848182320790615	0.0035276211149035974	0.006431337223014605	0.00426059334289266	0.007056206036021499	0.00841128596922831	0.009221246892673464	0.027002637686951096	0.0177699924668454
MCW_CT_ROA_241_R1_trim	0.0011468398767153138	0.0016031754161516141	0.0014110345423057277	0.0011948761309742756	0.0006604842935033684	0.0012729333656610372	0.0009006604543111463	0.0013810130282967768	0.0011888725135376854	0.0020595128357486277	0.001957437973083787	0.0008165998906116412	0.0009907278084626528	0.0008706396938086289	0.0012849442541345932	0.0031042812120915175	0.0033624717529856197	0.0030262247593941163	0.00281006669164904	0.003314443407680142	0.0031523286251554025	0.001771327184606338	0.0032844668316585855	0.003686791122086887	0.002035554593754342	0.004521486246755698	0.002816269631696184	0.0028464898816292585	0.004666607808550162	0.0026011897349243482	0.0023015030256952895	0.004935696768585498	0.0025571543553122053	0.0041803932448941225	0.0026167329702988145	0.002607359695228622	0.001885664543541354	0.0065237169791293095	0.005885886541202115	0.003964502862893992	0.004858031217769713	0.006716780007707659	0.0025132845485885255	0.008105958663657473	0.002347633306604951	0.0034108263128779506	0.0027728524404992626	0.00355339976787087	0.005006226701123438	0.006609190888608044	0.0069326500098285245	0.007339147795826268	0.005216845255517626	0.003970504501876275	0.002759731124571029	0.004023970007912834	0.005483427800978951	0.0042443914626158034	0.0017679292665794338	0.0027124993180867637	0.002436127263288234	0.0031578546693513837	0.0031436329829658996	0.0054759738851922965	0.002339932322960883	0.004888243467389607	0.003247087274387371	0.00406035143276041	0.006218156006264001	0.005382522527363883	0.009858201572452575	0.0056530247380589095	0.004718234531734425	0.40636252097831316	0.018123141166468276
MCW_CT_ROA_241_R2_trim	0.0011948750547976304	0.008814462587680035	0.0007805722999989133	0.0012489158299781229	0.0023237039721227576	0.0008045900058512908	0.0013690039727534584	0.001068784059986406	0.0009547007121346783	0.0015371292058572069	0.0015551429056242013	0.0014230458248375897	0.0024377915817892885	0.0015011033710218358	0.001314967026751473	0.002720000288211951	0.00480353367151011	0.004617397296234678	0.002996205386937109	0.005247873140292462	0.004281166093572841	0.002816111351324542	0.0028941756096893157	0.0028281429404688517	0.003362572098649699	0.003542736055055319	0.002179759021935522	0.002954588692428758	0.0031230899227077287	0.004439458580692476	0.004849408732685447	0.002591115120359101	0.004807519321233628	0.003132343689423786	0.005191371687018532	0.0055468255589754606	0.005548400791330086	0.0028504587604583393	0.0029521771548771543	0.0041714844981615975	0.009753438453725557	0.004911742095700457	0.0034494201481067486	0.003023102320250004	0.00401668915092902	0.004988299227377966	0.00444862877233089	0.007807275366881051	0.004062061955574538	0.006951246064123247	0.0044042795632566	0.004085716566023888	0.0033735336880521055	0.002669094345301792	0.0023076783720357118	0.006764608358031581	0.005914345181318723	0.0060473339554587315	0.0028897999618757116	0.008534208723856122	0.0033840828631266054	0.0034136883651614725	0.2946580119469261	0.004104690039602273	0.005481612249837203	0.006045463212027682	0.005346657484449015	0.0033421973850749714	0.007245962838146003	0.004261122629847577	0.007955696422101604	0.00812703804671538	0.008868942888043307	0.028010084364099547	0.017948832711376168
MCW_CT_ROA_243_R1_trim	0.020648659082488967	0.0008973708133988817	0.0009889393543013505	0.0007233908902194805	0.000750861499109634	0.000613508842035941	0.0006409793872017294	0.0008058027319825943	0.0006409795045887722	0.0009523134532405854	0.0006959213696758123	0.0008515879918401389	0.0009797842130574652	0.0007142352207334793	0.0005585685700607979	0.0017947452423226567	0.001565824085432827	0.0016207654298242451	0.001675706937719742	0.003653601911227546	0.001675716758083273	0.0012728295486189296	0.002170224140199776	0.49322982249751773	0.001794810488616094	0.00185892550259897	0.0015476213151960664	0.0015935139950824526	0.0021157837467507606	0.0018598726161334698	0.0011090491351845656	0.0018892530847100732	0.0024143861427822063	0.015544425342542693	0.0019602539642455197	0.0018796287585779946	0.0023618404087829095	0.001800996366605279	0.0017477814503793288	0.0017335074380447223	0.0042260851288067	0.0018556699291780757	0.4812401769978322	0.001711730440897773	0.001488513220800445	0.0017255553875495035	0.0016482567183385337	0.0015864496311603145	0.0015422673188216524	0.001558751271449584	0.0021780669655680584	0.0017964174591592562	0.0019341882718396208	0.00268307711506813	0.0017137971460834342	0.001748805072607597	0.0011173451012553319	0.0013885239913439195	0.0020882154528383138	0.0018562567786519863	0.0020685219009760757	0.002245974147489978	0.001606099258756715	0.0015769915083645484	0.06325429564122874	0.0018314371733309494	0.00218642831422224	0.0020350652848943394	0.0017504453393647971	0.0014740483175549786	0.0026921618588094456	0.001850322441016825	0.0016558982499539992	0.0020798082019422228	0.001987077899944799
MCW_CT_ROA_243_R2_trim	0.008396816132435647	0.006776064705191281	0.0007783318279480096	0.0007600182074723342	0.001016409984991928	0.0008973710599115138	0.0006867635662588115	0.0008607437485280366	0.0005951951452587487	0.0008515879918401389	0.0007508625304396923	0.0007600193905670056	0.0008149607005805084	0.0010713528311002188	0.0008241175623847838	0.0017489607647665167	0.0018771573574312725	0.09090936561507082	0.0023533152076173425	0.001364377656072442	0.0934463651286918	0.0018405664695856463	0.48536101403860304	0.0014926101603530324	0.0022160407099498488	0.001639150158333664	0.0033608089384697237	0.0019781556665642787	0.0018501665516266078	0.0017774155351981415	0.0020164568543309734	0.0021460591338340255	0.001533105344350149	0.0027118150472274084	0.003147509988282428	0.0021100209131636096	0.0019190447290576402	0.002853953237837657	0.0017663246778491972	0.0018355233846606236	0.0019269049549942025	0.0017713337468319838	0.0023654854851445145	0.0018073510993715102	0.0016721567535801553	0.0021153845778910923	0.004257550407581971	0.0016847866621647063	0.001878147565263404	0.0031467827223958912	0.0028369497116700125	0.0023711463574449657	0.0018416645291421414	0.0016424901814431874	0.0019032733234779023	0.1854536166511291	0.002070718394007189	0.0023820151301667467	0.0038113381047918077	0.013537610651471563	0.002411671690797461	0.0045337844374033626	0.006135245162233981	0.0021436224740161093	0.00254252040165673	0.002299683149414869	0.0027344060424514096	0.0025023939157558612	0.002221139640691576	0.002734624883762834	0.0026035689018158946	0.19301718730781853	0.16088364900334157	0.002464532919998479	0.0026235350438693484
MCW_CT_ROA_244_R1_trim	0.0008889315795536354	0.0016790973370257012	0.0011482062672308105	0.0010741284435385001	0.0005555838148804606	0.0013210548487157618	0.0008148562618246756	0.0015185968856170603	0.0010864762230234435	0.0018149134027033566	0.0016420645072077991	0.0008395517781212806	0.000876590827156043	0.0007778203178272589	0.001469216700080029	0.0028890479648632506	0.003518712264897549	0.0029631279470005057	0.0028767033818796577	0.0034323063987821488	0.0028149983110010135	0.001580381928925286	0.0031237383122182617	0.003284294860041503	0.0021978125098006383	0.004630326465180377	0.002778450780300117	0.0026431307809994466	0.004744448439335925	0.0022132661192851523	0.0019305974951735062	0.004262764221678114	0.0023356213311799237	0.0037270967412210672	0.002587503881255822	0.0024446760409336556	0.001623354355981979	0.006365578990457063	0.005518369637651163	0.0035812170791823727	0.004674898978152552	0.0061503047178392296	0.0029186002393252197	0.007868589479188216	0.002164183436773015	0.003734895049449111	0.0025869177579046026	0.003760133910487993	0.005547127483675259	0.006454512421350571	0.007705812518717012	0.008164387441839152	0.005850338982141407	0.004136241659106135	0.002731084348591813	0.004336467285099465	0.00659045872440451	0.004728092010753389	0.0019257653435882807	0.0035065580164326347	0.003020571404556948	0.0036325060861294102	0.0038962882288494168	0.005997584521201703	0.0025930504722021176	0.007318965002883831	0.0039715995028105225	0.004316864588367339	0.008088147133648943	0.006912978900952053	0.011660208027509866	0.006829294121752776	0.006268568259009642	0.4311381947029965	0.020578633173516502
MCW_CT_ROA_244_R2_trim	0.001160549562195024	0.008333753107563936	0.0008272021603063463	0.001111167081008525	0.0019754086317949424	0.0008148560606154138	0.0011482062672308105	0.0009259734820948829	0.0008272032837254174	0.0015679860219601999	0.0016667567949970627	0.0013951371691456895	0.0021606106601813778	0.0015186013854089323	0.0015186028853454822	0.0026544687858546198	0.0045434634130200845	0.004728661851662495	0.0031112866491356363	0.0047657256910024455	0.004099038701345522	0.002679245870072132	0.003099049702954234	0.002679298468293219	0.0036054065293418354	0.0033338395830477957	0.0020622296950950176	0.0030754211844892057	0.0033235952404633514	0.004352363382775522	0.004504779335735635	0.00195792978913344	0.004236547966295466	0.0034405277969091347	0.0050876939683325425	0.0047140413614502495	0.005499478493389551	0.002892366577276962	0.0027275340630945866	0.004028964545879418	0.00976386848095055	0.0051314416123941775	0.0037503351435860133	0.003128991402039031	0.0034633613631790323	0.005228764436970691	0.0044477771354909075	0.00819044522515658	0.0036077916377977976	0.006966095314314833	0.004710144047858948	0.003855671576554193	0.0032971600921409515	0.0025565220929418208	0.002059383163730219	0.007812503067094483	0.0063183116823152885	0.0064905320141862705	0.0035811533588901287	0.010363544135101217	0.0040516740929205704	0.00421705470635577	0.2900842056395212	0.004835677193286348	0.007055009094387172	0.006698771540242738	0.007279198993671187	0.004215431438240998	0.009023475507932288	0.005564607252615005	0.008465793215530893	0.010117519340373766	0.010759711589095475	0.03107657876615223	0.021962470125977237
MCW_CT_ROA_245_R1_trim	0.019281159212486135	0.0009238721922600205	0.0012472274595510277	0.0008314849730340183	0.000988543245718222	0.0005728007592012128	0.0006189943688142138	0.001016259693154244	0.0008407241609896228	0.0012564687352699829	0.0006836668750002887	0.0006929056165543467	0.0008684419467807689	0.0009238744968233037	0.0005635634430622153	0.0018847039735195397	0.0016075419215059454	0.0015983031748306236	0.0017276457878979427	0.004434607007898589	0.0017830851919301814	0.0011548549640747717	0.002051025069069655	0.48014436297398666	0.0016260530656874623	0.001653779963559559	0.0016538400132455032	0.0018664556524593048	0.002042298119523973	0.002061350219519933	0.0012483144287671563	0.002063022086825476	0.002314860040321158	0.01756802859834017	0.0018653788561255563	0.0021741027018243233	0.002372704408484791	0.001733120178187117	0.0018668432949336114	0.001722800145726421	0.004621042514720515	0.0018221894270305668	0.4661320835007148	0.0017242986707410772	0.0017788897375949865	0.001988369139631674	0.002126306217117833	0.0018252031349689046	0.001824007897648497	0.0021021268601771857	0.002027035901598163	0.0016867766766350627	0.0021763451973662385	0.0028542823495319304	0.0018953156938159863	0.0019763766201460926	0.0018220628750076399	0.0018074357908435305	0.0021268135491888497	0.0015517385157135437	0.0021279541203527816	0.00281023069329118	0.0016414522730473168	0.001957543285702306	0.06451648893820493	0.0018456563871130165	0.002474572081580286	0.00183573815031024	0.001520537274934565	0.0017853715581383931	0.0023803235972464304	0.0017054533087728948	0.0018693128959111247	0.002288038984595217	0.0026170380542755744
MCW_CT_ROA_245_R2_trim	0.010873945564492659	0.007418693018455547	0.0007668138487320178	0.0010439754808038316	0.0010532142018728921	0.0008776785015607434	0.0007945300119391993	0.0007483366140040941	0.0006651882857016947	0.0007206216414874074	0.0007113829682167948	0.0009515902042380501	0.0008499643014993371	0.0010255005967304825	0.0008592032820456725	0.0019216593084668773	0.0018847046700117712	0.09478032841166685	0.0023466427395335576	0.001404292738125088	0.0934503111345653	0.001552124928318159	0.5005240276662957	0.0014966982559307823	0.0025314687433826114	0.0018108416940017533	0.003695727092728564	0.0017925324760223371	0.0020977395054805523	0.0019319314905664894	0.002598337600247517	0.002146276118422635	0.0016944784909104192	0.0026421431285088355	0.00289547770927622	0.0021276071898257637	0.002195847652089898	0.002823192667525737	0.0018947410668325574	0.002115849897114458	0.002032591283815708	0.0019356280330176392	0.0021031251575543246	0.0017333606386323822	0.0015705651980136993	0.0023065528567555787	0.004732482339030402	0.001752677366643794	0.001883351326973714	0.0032369822352161337	0.0026238764075702343	0.0027100211454893163	0.002141314848281984	0.0016857198322763145	0.0022586612147258035	0.20001056206265752	0.0023812281914870974	0.0026984425334095103	0.003644705227726105	0.015274418573881995	0.0026941736230388564	0.004855246032949971	0.006964084763000877	0.0023667339926953523	0.0027411387517888514	0.00263313612599252	0.002559563397758442	0.00270164358171353	0.0022713922822495377	0.00261105780201432	0.0024402130277924837	0.2060288180705049	0.18063754234134172	0.002693417510814964	0.0024553253551628127
MCW_CT_ROA_246_R1_trim	0.021018666848449732	0.0010099063130427112	0.0010177962061133573	0.0008126589862765567	0.0006706409110049254	0.0006311914456516945	0.0006311914456516945	0.0009231174892656032	0.0005759621941571712	0.0011045852041916483	0.0005444027077801696	0.000662751122514989	0.0007416500656715353	0.0007968793258811178	0.000575962285042788	0.0017278868551283643	0.0013965112938708697	0.0014517407831620792	0.0017988963297623137	0.004221098787518961	0.0015779814776534153	0.001151928932612394	0.002019821072256732	0.4833534513631409	0.0016963415986985984	0.0016490071675003884	0.001522782402758114	0.001641164573537468	0.002114654015775319	0.0018307312224581482	0.0013416217144473401	0.0020284889832921176	0.002431673526670327	0.016854289768206125	0.0021647547431633057	0.0021022803656418785	0.0022692547451144606	0.0018667529169794069	0.0017410696973941726	0.001956699119881489	0.004721333412471874	0.0017184748376697643	0.47625151901064533	0.0018291133228763672	0.0015395570234994437	0.0018444651524308878	0.001995684777857569	0.001495741972153674	0.001310904970625958	0.0016318998561806657	0.0019394798805967804	0.001890975402109753	0.0018782378918194547	0.0027923251900239805	0.0017396918425849502	0.0016242368624616527	0.0013183054450777792	0.001425977345233214	0.0016354256135222129	0.001588620735433507	0.0017749175374173725	0.0021383992791430056	0.0016300285071937431	0.0016876147709889177	0.06358743365324984	0.001566459926777397	0.0019190242059226492	0.001855446255189027	0.0014074296303345215	0.0017037687364450166	0.0023971812807956593	0.0019595786979745723	0.0015360095007434858	0.0021465971283682254	0.0022133801501396815
MCW_CT_ROA_246_R2_trim	0.009357409490338357	0.00785044360529295	0.0006548611248636331	0.0008994478100536648	0.001128254709102404	0.0007495398417113872	0.0007179802694288025	0.0007022004832875101	0.000694310590216864	0.0007810995372498085	0.000836328797459391	0.0008047693471876744	0.0008599986161123188	0.0009546774381633332	0.001120365523196892	0.001964584614619902	0.0020198139009746786	0.09331383897015354	0.002177612377422515	0.0014675232373625735	0.09285638598906096	0.0017831242751619545	0.4985097491190099	0.001641109282571719	0.0021539627312373672	0.0018146994601269107	0.004016048413503075	0.0017200702451439381	0.002382938726833713	0.0015072050318868557	0.0021781822532443078	0.00214691497001186	0.0018316912589640363	0.0024642465080560723	0.003128731169936876	0.0021260754859544657	0.001960983388889258	0.002808198166713312	0.0019548732933441708	0.0022499806097621747	0.0016427164689626975	0.0017345864686182677	0.0025323099179875084	0.0018375159288157564	0.0016447579267052331	0.0025246409406294266	0.004592893544030837	0.0018132724550822732	0.001995415431239817	0.0031341358734416347	0.002652230890451322	0.002352106957376121	0.0019368536061482688	0.0018844588263673815	0.001984144999971415	0.1980382693447405	0.002135638211655701	0.0023064696816268845	0.0036920083780321907	0.01377135462019927	0.002275705712288561	0.004616720792593082	0.005869501702853206	0.0020668462037752044	0.0022383191715234637	0.0022753956097764615	0.0023628311153834464	0.002238131987989477	0.0019456229302754202	0.0018977522128657564	0.002135238882828354	0.19770904539484127	0.17225986220931805	0.0020936183930207364	0.0017207822408389615
MCW_CT_ROA_247_R1_trim	0.02099403037067617	0.0008940951207165966	0.0009112892576534543	0.0009026921891850254	0.0008511099247154585	0.0005244212667438684	0.0007479452139587554	0.0009112896493744297	0.0008081247834075132	0.0009714694885935298	0.0006963632643446535	0.0006103925434446893	0.0007651400146047175	0.0007737372929769156	0.0004126598895876883	0.0017624016117807522	0.00147869819193898	0.0015302816079236262	0.001779597915755554	0.004264168689137804	0.0015560796936328401	0.0013841527747018828	0.0018656002654826552	0.48247880622432043	0.001624892598038196	0.0015389325430843078	0.0016163808853674713	0.0016938803884850183	0.0018746518350175674	0.0019094471359239083	0.0013765226491316035	0.0017470635777090866	0.0023595399861510505	0.01717663963220445	0.0018198030973048715	0.0019335107099229842	0.002220769169018421	0.0015137655350188032	0.001584930858473902	0.0017010536986201506	0.004545267731942748	0.001794288421097961	0.46976636065591687	0.002025976033947539	0.0015766310315207064	0.0015951763309718717	0.001883031343690428	0.0014985540315916987	0.0014476990053488381	0.0017719458230304732	0.0018343376637765454	0.001799705180603645	0.001926995541192974	0.0026594387569313384	0.0017660310758803738	0.0015506323086110535	0.001512442197252904	0.0012875951150383945	0.0018745915721471048	0.001608223970042199	0.0022114407419011853	0.002135369432688432	0.0014285454936681207	0.0016833896734464518	0.06432400238237046	0.0015767468742784974	0.0019191130973587743	0.0016702563345508913	0.0013643768292153282	0.0015372375402191536	0.0021647585091034926	0.001827403832873295	0.0017149903680204427	0.0019568479840233253	0.0019348609280230636
MCW_CT_ROA_247_R2_trim	0.00852828752158508	0.007659988005370074	0.0008081244360323085	0.0009972600280728698	0.0009714689874860178	0.0008253187858288294	0.0007995277112436035	0.000653377540628477	0.0006017951032104393	0.0007307514480484724	0.0007823341049784045	0.0008511107295918907	0.0009542757485519511	0.0011176205342999892	0.0007307520762815758	0.001968732402842196	0.0018053881034208836	0.09406937388501098	0.0023470075610610985	0.0014185248338993391	0.09339923435668139	0.0016506673725562278	0.4941178533926176	0.0015475098417327296	0.002261096071048969	0.0018398435135715111	0.003215569823476394	0.0019260389023745051	0.002046641057855447	0.0014191884426797959	0.0023229003561780546	0.0020052724033465157	0.001791216802853684	0.0024821868617849407	0.0031739663004128056	0.002408337509079821	0.0020393813173832974	0.0025259152852995363	0.0016456267512391786	0.002256600273725613	0.0016631965941913513	0.0018469199240294435	0.0023892218762797436	0.0016352138322027103	0.0016575170233717963	0.002370558706435688	0.00412866775768523	0.0017076350725717658	0.0019668731215678747	0.003005200183783063	0.002705774866506699	0.0024826752644141453	0.00176874316182948	0.0016819114557244325	0.0022117410797302286	0.19317318241814013	0.00216664984704415	0.0023612915413117634	0.003165044241687439	0.01321077192313474	0.002357114828853902	0.0044654141868372575	0.00572133943596319	0.0020131481610943195	0.0023205914285662167	0.0025279957619737444	0.0022792199086249395	0.002281172086956206	0.0017696399324039185	0.002602555584159279	0.0023005032954972323	0.19332429531897766	0.16660708302099084	0.00231887167001511	0.002176002799350672
MCW_CT_ROA_249_R1_trim	0.024148963731364555	0.000991724012000065	0.0009099323409072762	0.0006747812865155082	0.0007361250398350998	0.0004907500265567332	0.0005418698209897263	0.0010019479708866636	0.0006747814244942589	0.0008690373050110327	0.0006952298440088262	0.000736125717185816	0.0007974696084843405	0.0008792615429915442	0.0005418705411978039	0.0017380754985235048	0.0015540444518057075	0.001574492566094693	0.0015847167058176891	0.004038479863014763	0.001462035238934387	0.001155335703236995	0.001799466437752724	0.5023420373439754	0.001390521956955166	0.0016666039560065634	0.0014723697545805012	0.001809904410460961	0.0017998694481058265	0.0016059943483319906	0.001330281871379139	0.0019964608380384965	0.002469524682079438	0.01519409767270744	0.001848832662463859	0.0018304433580614578	0.002049285206230692	0.001794239131241787	0.001466436167685943	0.0015530234830610176	0.004418858732517435	0.0016952641331397663	0.5025184521958654	0.0019836876882103685	0.00163834185576491	0.0019574004417200327	0.001730314307213363	0.0014859186097437296	0.0014474172110502238	0.0016093517320342793	0.0019091443773130233	0.00168897312235732	0.0018224594203781715	0.0025956107645169627	0.0016726914752156251	0.0017995210432675893	0.0016256732050207005	0.0015659884651698867	0.0019983177797599475	0.0017535653698117146	0.002045842804544221	0.0024086468197462596	0.0015617445060951765	0.0018884518129834485	0.06259430054283613	0.0016605657220532019	0.0020638677092550176	0.0018155630868790993	0.001545314465446836	0.001528489419606867	0.0026707068829703055	0.0020026755745676224	0.0017758837563779648	0.0022341763386690525	0.0020479949771132983
MCW_CT_ROA_249_R2_trim	0.007453257646132414	0.0067784847418148764	0.0006236614920825151	0.0008485885875876845	0.0010019479708866636	0.0007667969164948957	0.0007872448342680929	0.0007463489987216984	0.0005214220098364729	0.000715677780597321	0.000736125717185816	0.000828141431834043	0.0008179175471634261	0.0008894855144216785	0.0009508297318527245	0.0016869561483417222	0.002106140698582332	0.09061517922339019	0.002075469171052501	0.0013086734273962807	0.09114725511293671	0.0016256506820218064	0.4778098512484167	0.0018097088117175885	0.002136907032581493	0.0020449147112084533	0.0037422754220642514	0.0017281017048183466	0.0019225882127957448	0.0014627882523986914	0.002333125262220767	0.001976003940540915	0.001711273872270518	0.0025238612614997278	0.003102013833543678	0.0022109847067730377	0.002337682933987747	0.002578003422969825	0.0019002355672461354	0.002132872798468887	0.002079547257607452	0.0018209040411825705	0.002597638472081722	0.0016532065434128303	0.0017031913170013097	0.002229385982512696	0.003964479143006648	0.0019481913189915636	0.001867189568133416	0.0029964069751027434	0.002221384520879173	0.0022964226912678075	0.0020041141274673518	0.0016949211169876063	0.0021039857555488826	0.17715974729925127	0.002495790294385033	0.002394750130086678	0.0036777804594926963	0.012626215014710515	0.0024839452097973162	0.004268593735234182	0.005665091754521342	0.0021138956869692633	0.0023677425954962703	0.0023243949032026633	0.002708536501096693	0.002519611307962225	0.0018384296750998254	0.00264757959894032	0.0026536688605023435	0.18738204125991695	0.15516899286640345	0.002303144450215816	0.0022459234700862303
MCW_CT_ROA_250_R1_trim	0.0006379812024669704	0.001214226703259938	0.002730295072866979	0.0010770261674826454	0.000686004022453186	0.0016875698952348377	0.0011181868634309677	0.0014063088248691378	0.0013788692202227019	0.0024215986845711303	0.0016807134292364423	0.0009398275738824524	0.0008300668032275192	0.0009055274217027483	0.0013171309759158485	0.002942965129979245	0.005632110024401237	0.0028537861304073243	0.0022569606656346387	0.0032654017716725434	0.002867530451904277	0.002339349463273654	0.0027166728386363564	0.003094028839916183	0.0019209273578680121	0.005337537867875905	0.0037116919600292623	0.0023191424003521804	0.004302713385761931	0.003432311589090247	0.0025753067774108096	0.004349728626409298	0.002634495464540654	0.003491722070493392	0.0036333376308294555	0.003092473161923344	0.0013551836882347377	0.004778978809800175	0.0038666785883471498	0.001756771990027391	0.0038349434711070726	0.005210375485389482	0.0026533644661430695	0.006485897369545303	0.00173842516064697	0.003769000464110319	0.0031663111832275445	0.004070214195599106	0.004845373842616384	0.0022057188542595344	0.005045694039908858	0.005545134148739641	0.006987884182855801	0.003244559621316577	0.0029007244912657025	0.003448047368246232	0.004678317922295099	0.004279525546705092	0.002358806019050858	0.0020857368191209923	0.0028692667588797686	0.0024898402158285322	0.003586833619311011	0.003470649300337089	0.0029208747058443465	0.005001363880375258	0.0038058716912525025	0.005234003993918221	0.005206670158311645	0.01085872689846984	0.005552830014429565	0.007491464024538839	0.007517937953384079	0.007211083343041873	0.0055438399601825455
MCW_CT_ROA_250_R2_trim	0.0008849416679380558	0.004143462305914978	0.0022295120023549135	0.0019070906591111118	0.0030801576382146994	0.00072030412474954	0.001543509262290381	0.0009398257686505679	0.0016669909181237172	0.0011799289422094815	0.0014680515286086542	0.0009123872901569258	0.0009809879728816507	0.0015846728792703589	0.2672746689182287	0.0031007462645611596	0.005398867582379551	0.006249516794358724	0.005343988565099282	0.004664859353804474	0.0038073667263863	0.0019688958363547077	0.0020306451798794895	0.26665598277331964	0.00323127512084866	0.0031147071876807975	0.0020033536964174066	0.0038149164468115225	0.006025166254786851	0.004462005678417072	0.002458565446291093	0.002047747282148035	0.003611286115182693	0.004249321537620787	0.006039476250552498	0.002802528653957222	0.0023092872689062004	0.0028395780387034486	0.002929353706826394	0.005095502330442978	0.010231687684229192	0.004967228373263265	0.0023344367582291063	0.002663451689180191	0.00412531463011014	0.004059723378326076	0.32044757129528934	0.00939330609812203	0.004195804303676581	0.006005874752945436	0.004783513997474961	0.003959691601549328	0.0036555547155974425	0.002858246836079544	0.0023507269747327477	0.008207936403095953	0.0031379642448480564	0.002531311727447509	0.002003164484048449	0.010661096956840456	0.003480980877753695	0.003398813928111133	0.0041100599321466464	0.004924303960929397	0.007233676615867323	0.005896538880956344	0.004462641791479901	0.00616245779358334	0.006455952043466634	0.0045681958550018095	0.006970592907983237	0.012820023641026	0.004026019472514182	0.013887733837005992	0.006984533781861724
MCW_CT_ROA_252_R1_trim	0.0012048679181527828	0.0017893203828498229	0.0014026834413219751	0.0012588185861686948	0.0006923502846458826	0.001294784947909183	0.0009081478576207587	0.0012768020532415666	0.0013217603474053755	0.0020410871747433175	0.0020590703216573553	0.0008002500376746928	0.0009980649229543333	0.0008362166322588999	0.0014116775404800783	0.0028323471669964477	0.003632597963029684	0.0028233560964170713	0.002814364516492176	0.003623612248672594	0.002976222321469596	0.001906255566468569	0.00308418401662546	0.003560771946584105	0.0023738663214729334	0.004720798064850457	0.0027695836767212445	0.0024999280596241834	0.004541583775268406	0.0027434731200350446	0.0023573020264429905	0.004653273100598274	0.0023055786989024996	0.0043353033576699175	0.003210853406052549	0.002563187074028092	0.0017433723397086564	0.006147461694985371	0.005465817510289356	0.004216127203368477	0.004568068220367979	0.0065710039533099975	0.0028880208217997036	0.007761093804264842	0.0024311220416694318	0.003561376690307784	0.0023824050559381115	0.00328473261990845	0.005076115008736262	0.0063702930851329415	0.006459957621526154	0.007565065838266226	0.005336331269336304	0.003602802040125816	0.0025655184064104805	0.0036548796467002643	0.00504083274157617	0.0037875592106726605	0.0015567477230053668	0.00283928041760378	0.0026353608682433663	0.0028592138317815002	0.0027329879910672084	0.005145131211629106	0.0020910594269772545	0.004773811993108199	0.003185343730546744	0.003912460175993397	0.005936869042897622	0.004578151369966862	0.008126847571425283	0.004271404392802202	0.004265244888980194	0.3815355234282077	0.016168253881483064
MCW_CT_ROA_252_R2_trim	0.0011059608502447186	0.00822727713722406	0.0008901644916081765	0.0012318439021793658	0.0023018399073941034	0.0009081477759640797	0.0013847006937979887	0.0009081479392774522	0.0010879797035138418	0.0013757108626219628	0.0017173906847110778	0.0013397445655599508	0.0022389023947353964	0.0016184838043720642	0.0012768043493351085	0.0025086510246131034	0.004954361429567952	0.004648648075131504	0.003308903197497462	0.005062269056453291	0.004594713867116199	0.002751482338630506	0.0029762828026153525	0.0025626774710347756	0.003398945877182058	0.0034169595210789537	0.0021041647895538467	0.0028146682162629192	0.0030037459589949108	0.004371583126552655	0.004732645989982266	0.002088152247180342	0.0045482174545094945	0.0029383571428893336	0.004906618216216987	0.0055597755294783625	0.00579941084489828	0.002730297423412897	0.002886843081436214	0.004352259557153963	0.009455043678843743	0.004795749135827056	0.0032574375003402776	0.0029409052087619246	0.003999113435979122	0.005176960899113407	0.004461040358272795	0.007825954578426204	0.003253432156255573	0.0063406871277356764	0.004587233881654932	0.004099638778415682	0.0031772725709265375	0.0026614278286330104	0.002050943059115673	0.006410653354736579	0.005325552840254957	0.005335955459888782	0.0028798733578199497	0.007634829427952106	0.003157443552121979	0.0032009552622944792	0.29662341001997017	0.0036426523187893345	0.004923652866336582	0.0051350716540399105	0.005246322155386009	0.003258637649794843	0.006197614740457492	0.0038788168826403182	0.006565750689642481	0.007022972614474989	0.008115587131854472	0.023541818650148507	0.015216725872227136
MCW_CT_ROA_253_R1_trim	0.0012801794035156866	0.0017509604059122667	0.0015362202325325358	0.000982850984758872	0.0008754808537292841	0.001321480533930995	0.0008011475736956656	0.0013958141598160961	0.0013049628894983855	0.0019409269388022431	0.0019326679944811592	0.0009332970145893319	0.0009415563579708073	0.0008424451623949329	0.0014784089115515851	0.0031963368493038674	0.00335326322480351	0.0029320412309419386	0.0030063751672089706	0.0037744937388004083	0.0029981257997066958	0.0018005524722700466	0.002965134641891026	0.0036176656062831746	0.002155747379445403	0.0046171567598231045	0.002734023535234501	0.0025276774485326462	0.00474200831156746	0.002421177452475096	0.002008615389498628	0.004903875765393291	0.002267604660506892	0.004166654241256404	0.0027607126220029793	0.002572387609688475	0.001969016159890094	0.006463029392393721	0.0058484633162636515	0.003994682559374731	0.005117063541577653	0.0069086203985197405	0.002651315691816212	0.008157678710780634	0.0026093472991007534	0.003464282931282074	0.0026292724892758436	0.003427814113609667	0.005080245235481591	0.006377828956089512	0.0069674378030286106	0.007178711102611221	0.005123678876231366	0.004146538676839509	0.002311185495268351	0.0038467982090780364	0.0048640559839169695	0.0037727725879775687	0.0018541695638066103	0.0026636725271093043	0.0026162409273390312	0.002793435926189213	0.0030004955363840393	0.005331407762305007	0.002243617580036146	0.004816726180923341	0.0030443167189133915	0.0036025379243935364	0.0061072860774093185	0.005053146710903601	0.008728383026784218	0.0045590468205424575	0.004482997224352268	0.39698061170945426	0.016609504716225153
MCW_CT_ROA_253_R2_trim	0.0010076250788962177	0.008820876007142927	0.0008589617795045113	0.001263665447463522	0.0022795537327568484	0.0008176660128366957	0.001189332382307921	0.001131517894088273	0.000966333199120389	0.0015114451083607032	0.001420593451262412	0.0016435937218023534	0.002263038778738734	0.001494927076466098	0.0013214826076783262	0.0024777800940433176	0.004972079132704214	0.004683005924869718	0.002750337267334269	0.005219867509521096	0.004608687723248798	0.002841238763582092	0.003055988097174144	0.002477852950329951	0.0036837696824598793	0.0037664130119657952	0.0020567139278602218	0.0030893840585965292	0.0030153890587144992	0.0044291846912172415	0.004901698219385795	0.002373382130731511	0.0052138510670891045	0.0032637443398058183	0.005198077855268103	0.0052526072598168575	0.005840498398058462	0.002536898987835528	0.003165713523086757	0.004403885246282478	0.010064970307497445	0.005076790912154397	0.003448640309217786	0.0032430532798875832	0.0037981301743465123	0.005376617836769444	0.0048073219100243335	0.007437711197190222	0.003475238608163317	0.006691690802061877	0.0047024321088651455	0.003923153454747395	0.0031011218868869524	0.0028366669843733687	0.002097159784902269	0.006394401251870918	0.0057230916706689314	0.006050882330442901	0.0031992414746120994	0.008252167256309548	0.0032662364963706556	0.0033572621527144615	0.2928730625640376	0.00403612453768028	0.005076327013271809	0.005964088057049213	0.005465853655972864	0.0032456442027561333	0.007059672813359236	0.004338297219407304	0.0074136155763920054	0.007972264319123673	0.008647921522964987	0.025831889775583643	0.01671409412071111
MCW_CT_ROA_254_R1_trim	0.021093144489303654	0.0010672983574980448	0.0007864303686827699	0.0007864304791243434	0.0008426040847760821	0.000519605852278584	0.0007162134720596698	0.0008847344132616914	0.0005476928089338528	0.000912821476414308	0.0006038665151663884	0.0006038665151663884	0.0008145176251081518	0.0007723875115893236	0.0005898231906682108	0.001769469572004632	0.001376255271198123	0.001418385534602147	0.0017835147345701752	0.003932162887600669	0.0015307406425403218	0.0009409327367913408	0.0020082639358771155	0.5009484596080637	0.001980216096348046	0.0016712659249522952	0.0015027728968868865	0.0017135363330800014	0.0021351175424347587	0.002093491979747924	0.0011946422123874276	0.001729418791555262	0.002096513048542438	0.01623771450717973	0.002170489405897586	0.0018903279676703135	0.0020197757229737765	0.001583879052732849	0.0015155807365439093	0.0014775556455980492	0.0037138602120157086	0.0016424870481251588	0.4928532272737876	0.002067268931015236	0.001614955202937065	0.0016460699023971158	0.0017493106955289747	0.0013604098716231646	0.001610824248028888	0.0017256542540767042	0.0021083927830335154	0.001642550377020063	0.002153044753568197	0.002757770579782784	0.002079440136736186	0.0019048419769369614	0.0013078168877566985	0.0012823098363656076	0.001571579161194701	0.0015610512018079995	0.00177089986505743	0.002699604788046218	0.0017822764262752787	0.001733232620963171	0.06415363180447883	0.0014722430740719192	0.0021820237017853247	0.0016371426284055041	0.001535584090120359	0.0013603635762108326	0.0026976522405460046	0.0019163975264467465	0.0018276464653983688	0.002113216225616864	0.0019799503375148996
MCW_CT_ROA_254_R2_trim	0.007190206377179409	0.00700765533682808	0.0007723868607726341	0.0010813417569388085	0.0010672983574980448	0.0008004737681235335	0.0007302567709197149	0.0008004738805372781	0.0004915191184787174	0.0008145175107221399	0.0006881268625066355	0.0010111251857240358	0.0008145175107221399	0.0008426044397670537	0.0008847346617554063	0.001980120433452576	0.0019520352635872538	0.09382408342465066	0.002120556591335883	0.001348169564903551	0.09234996536174125	0.0019380400179984936	0.49373793900748797	0.0017274079962137465	0.0022610971770412403	0.0018538406733486386	0.003749909412300714	0.0014607199073791216	0.0021351208415185488	0.0012504789404593586	0.00231902602031523	0.002207487206064994	0.0016040676905308788	0.002464579416705877	0.0030584979307922526	0.002031453101224769	0.001822100554243439	0.002786040044305108	0.0018131153968626303	0.0019180678152056743	0.0016570415408886426	0.0018154837421269603	0.0022600876826533605	0.0016835849726749728	0.0013610004280421126	0.0024468870687606985	0.0046555076481166495	0.001681703388188969	0.0019486420803273227	0.003066519905181355	0.002837321035588068	0.0027377411382839304	0.0019315151232092917	0.0018116331215272355	0.0016892075716130619	0.18427761451355718	0.0023334774241851527	0.00253057163615441	0.003710428158339012	0.013826702752570988	0.0022929294989932182	0.004565656689094394	0.00604727910128867	0.0022004739162406065	0.0023506858389071485	0.0023053430403644284	0.0026643663707610647	0.0023563647300046714	0.001499305081126856	0.002611784844791965	0.0029897339100359898	0.18922300614113158	0.15951721285187676	0.0022663023315870746	0.001999678527870948
MCW_CT_ROA_255_R1_trim	0.0011852751885104386	0.0015023230876736458	0.0013644958456614613	0.0008820991755129269	0.0007580547103245535	0.0011301906590293342	0.000992362803430433	0.0011164093848405113	0.00113019439757124	0.0018469150041445326	0.0018469157678228407	0.0007994113024904833	0.0008958921004093815	0.0006615819499493959	0.0011853343269926677	0.0031149483476784054	0.003335477503237963	0.0027979422581902525	0.002673895925630409	0.004024631294843799	0.002618767299370035	0.0015299251287721443	0.00256365938394438	0.003363102301988393	0.0021364028434281354	0.003969601672525505	0.0023845646715303513	0.0023708490327418387	0.004107890292310856	0.0021645203677919922	0.002523314112482173	0.004937440695544719	0.00235922888259056	0.0035334801383909583	0.0026373299836941204	0.002458974836813174	0.001589599870067489	0.006030401244364998	0.005509031004355872	0.0038811013512192963	0.004264841962599698	0.005716781976018239	0.0023123370327923025	0.0074262242666180795	0.0023942957391594718	0.0036282570365420972	0.002584007733178502	0.003076580965522689	0.004558674440687918	0.0053725658972501086	0.006136598964326481	0.00686946185792767	0.004404725994788468	0.0036259605322968547	0.0022353979979069616	0.003547041604728916	0.004748075990582192	0.003973501063692841	0.0014616075953482698	0.0023162874007564248	0.002306462693490129	0.002493653576537664	0.002594301736900096	0.004396108140622101	0.0019362787436386765	0.003969366300631835	0.0027088808812728293	0.003150331502898073	0.005279490988946201	0.004237086238052542	0.007955832208851961	0.0036101071699553696	0.0038965256677187823	0.37681979422158124	0.014169184246250117
MCW_CT_ROA_255_R2_trim	0.0011301461099750693	0.007856181705488838	0.0006202251279386611	0.0010888407195555655	0.002480905298882931	0.0008683168546090259	0.0012818014244259529	0.0007994038101515186	0.0008545372274319131	0.0012680311968753506	0.0015850394330245035	0.001212899740053533	0.0019433964422613471	0.0011991171190094798	0.0012542489405731338	0.0023293194610643914	0.004741339268460969	0.003983276853040377	0.0027979422581902525	0.00534779553668574	0.004203808926547053	0.0024533931115888643	0.0029633693095556255	0.0026877240889959203	0.0033493250972096815	0.003638798523860732	0.0017780843250288524	0.002729232812656362	0.0030878148347722686	0.004136043287277572	0.004495117626610986	0.002110158260490348	0.004346022292748889	0.0030366540709936595	0.0050952951370309895	0.005111532252248867	0.005045471447469731	0.002766365367982613	0.0026992824891869513	0.00385362864881799	0.008919398232375331	0.004629710329343927	0.0031256640284006527	0.0029597624522844012	0.0032734304998981835	0.004269467741111431	0.003598359148228408	0.007041792897722109	0.0030397363802962566	0.005833380268576873	0.003976590560582565	0.0038042822621217015	0.0030825687859957155	0.00219355489700163	0.002074005518031419	0.006415401694316457	0.005075461124935889	0.005284245520634383	0.00287905908172336	0.006696203700908083	0.0030559513228898692	0.0029750519356919985	0.28799717569954997	0.0042003911064527714	0.0049417212442155935	0.004492544140012821	0.00468173301739849	0.00284341191503947	0.005655284824934073	0.003883262300699329	0.006093254533474876	0.006442132679022153	0.007241437927006951	0.022224279428542493	0.01377324719301545
MCW_CT_ROA_256_R1_trim	0.0012812547436285265	0.001900166552312834	0.00161785609311207	0.001064093269295187	0.0009012218505255156	0.0010858095763627072	0.0010098029060173178	0.001172674342471724	0.0013681203633206496	0.0021716196243184915	0.0020304643487377896	0.0009446545365785438	0.0009337964384569514	0.0008252156364464738	0.0013246886900142687	0.00327914741298614	0.003756903989712598	0.0029642623965073387	0.0028556816664151207	0.0038220546888250283	0.0030077003644203596	0.002063063060128407	0.0029642990893086855	0.0034420720448481356	0.002367111140645709	0.0045822288569228355	0.002508320075974952	0.00281245079568468	0.0043872647261418325	0.002443730923286073	0.0022160412053308827	0.005030760984634014	0.002282768241302082	0.004187265839393449	0.00305754129503304	0.002634475552665616	0.0018082262749002833	0.006528791096778047	0.00573752064716615	0.0037793175644766867	0.0048288712628396235	0.006926936977737814	0.002366847675213641	0.008560753631306933	0.002286185867583442	0.0032887686410954394	0.0023628501172945934	0.0034234078801181505	0.005111606823381716	0.006433929240443337	0.0070044206692798225	0.007555704373076338	0.005651836471219843	0.0036540733025723976	0.0022384468600919146	0.0035120817970921846	0.004782352645238807	0.0037885031873306756	0.0016186649204128645	0.0024574368361192636	0.00223669361663191	0.0030732957014677387	0.0026907088135434114	0.0048553806660926796	0.0022120865475806373	0.004720630272983968	0.002926929392953609	0.0036924473838638562	0.0056639341910467355	0.004420537293271394	0.0079078837728476	0.004536827698845378	0.003898906156048991	0.39688533096791057	0.016113751688122742
MCW_CT_ROA_256_R2_trim	0.0009663701032452446	0.008719049951469746	0.0008686475667715812	0.0011726742151416346	0.00255165222739152	0.0008903638526174199	0.0012378229170534863	0.0013572619704533841	0.0010640935003757444	0.0014984173780801299	0.0015201335719653491	0.0012486811484001084	0.0023236329980207858	0.0014875597656995646	0.001270398031990577	0.002692809796094579	0.005005585951611294	0.005092450783743377	0.0028448235612196257	0.005667932758338566	0.004310674315417143	0.002519108305152619	0.0031271726656443275	0.0025408360675371598	0.003800407381954732	0.0035723996188282182	0.002073978261667431	0.0028124492686817486	0.003051537095071344	0.004735409020954185	0.004790575276395011	0.0022491868700511095	0.005043893833861529	0.0031105822879529104	0.005222920787877601	0.005149265560144293	0.005718849589680712	0.0027248918653912137	0.002923316712241683	0.004314488883801312	0.010084358229690366	0.0049035161729177705	0.003351050399466221	0.0030834283314968196	0.0037987343155134593	0.004740846309757889	0.004249831786910721	0.007230240901880758	0.0035429507260721087	0.006443029052369304	0.004568787551150432	0.0038794033523554174	0.0032115367642403933	0.0027446813657534476	0.002084548832195927	0.006264609817844694	0.005049973449202826	0.005849500538082859	0.00258022017482478	0.008783197088507217	0.00266457865662937	0.0030941132097646856	0.3010724485562432	0.0040501363222530985	0.004908202571043485	0.005342506888456439	0.004824171889562737	0.0029337314625616875	0.006936553614906121	0.003657496592867757	0.006390865854976775	0.007530426764899698	0.007418532088711661	0.025751239658721628	0.015147788034542135
MCW_CT_ROA_78_R1_trim	0.08753265151117436	0.00043455583284915595	0.0007281748953953273	0.001080517586715647	0.001045283931413871	0.0005637487033779823	0.0005872386465041801	0.0007399211291055493	0.00230197846827997	0.0006224760358471029	0.0006224762551734531	0.0008808628321572249	0.0007399247790120689	0.0008103938055846469	0.0009160974530376734	0.0020318576487578185	0.0014563614219255212	0.004721433652758286	0.0015385769994953231	0.0016208182595277688	0.001785261049209664	0.001738405043911759	0.0014682595756072047	0.0014683423624641885	0.001644606231929889	0.001562471548039245	0.0021616688647549524	0.0014216902463589456	0.0019272507497769267	0.001940292382071087	0.0016128836676456597	0.0020286564232098107	0.0018455414321685442	0.002078557106040382	0.0020986911917811437	0.0016150825259316453	0.0011158673456899443	0.0018394642999052975	0.001926990659635399	0.001861490144618444	0.001801075802047653	0.0019846936970442735	0.0017714849717768522	0.0020525999256958824	0.0012580322410075265	0.13968074836698338	0.0021413590572956303	0.0020185528033092345	0.0016582620869636134	0.001896491150276458	0.0016203803197394869	0.0014727622350417377	0.0013568156666982315	0.0019912842354788845	0.0017264258396073665	0.002044919052781466	0.0018597149910558378	0.0009379948499469649	0.0025025040488043902	0.0014264523494367917	0.0019466581408231188	0.0016956417297429689	0.0022122245939533375	0.0011846826056785568	0.0020432233093572983	0.0019187095404860448	0.0015713534326129398	0.0021133130513498397	0.0025139396193895416	0.002172846589787939	0.002112438535139261	0.0031758375105165972	0.002385679266690277	0.0019048446858069652	0.0024411601798691204
MCW_CT_ROA_78_R2_trim	0.0034646628466116244	0.0007751536477849809	0.0007046853826406393	0.0007634091645273592	0.0013271582499973869	0.0008573678197206812	0.09123339612088942	0.000951327165992849	0.0008103903791393773	0.0007869036679576584	0.0005989865851669077	0.0007516696167741652	0.0005872418881048165	0.0009630766964918991	0.0008103942814821148	0.001843941044624313	0.0033120489168484276	0.0018439436434447218	0.0016912610077308246	0.001961426838191682	0.0019027144453141074	0.0021847522849161296	0.0019146107114834355	0.0016680359440601827	0.0020087676245864696	0.0017504368162209337	0.0019619473843305725	0.0019386664677085727	0.0018097354601563824	0.001987326501398713	0.0020484807101399795	0.001946096890384854	0.0023424221283649695	0.0025773967295329757	0.0016693879677908286	0.0018782566667643681	0.002495676660131913	0.0017312301291750147	0.0025532204962424904	0.002079018664510934	0.001861838898122366	0.0017626584143026296	0.0018592791976557	0.0021161903955736992	0.0021745711673608918	0.001930537143334927	0.002059296708449752	0.16342311518493308	0.0023634332861869143	0.0020178046721449155	0.0019346823786659144	0.0018878288205664514	0.0020612365131953726	0.0022763375860506033	0.002474023125342111	0.07923485709674004	0.0027974362712850313	0.0023462975731002042	0.0027419243780337356	0.0032312750317523018	0.0022515111910199176	0.002864535191597489	0.002348043136090835	0.0022645689425368864	0.0030461377291308113	0.002520992337029266	0.0026318206728997815	0.0029920744817796582	0.00252123307206472	0.0025686113928471213	0.002987973671178271	0.0019835029734675204	0.0020998129508726657	0.006391535911866798	0.0022655876575205076
MCW_CT_ROA_79_R1_trim	0.09519216315804441	0.0007022482099199814	0.000858948223703779	0.001067881575415509	0.0009692186600244429	0.00047010006863461	0.0007776964098399721	0.0006035854484602158	0.0025362199191694525	0.0007428747430190233	0.0008241268115264929	0.0010388640793186073	0.0007718935116604672	0.0006674267206086746	0.0009402011194661328	0.0019268321474996972	0.001497357946725281	0.005368438549312097	0.0010272584480109724	0.00180496898094063	0.0017353307241465465	0.0016541378781380956	0.0016947718262524567	0.0015322985017312942	0.001567140022277766	0.0015149489766925971	0.001782169952719089	0.0014166838091213651	0.0017192693384112186	0.001476432075172946	0.00153016873106598	0.0020560910970673033	0.0017858819726945649	0.001837140426567625	0.002123252957260267	0.0017658214660320696	0.0012955182404235765	0.0016817549201730959	0.0017443993728286859	0.001743009056047813	0.0018712871056293101	0.0018286386504091862	0.0014866052609191975	0.002060145188391068	0.0015481709851168216	0.1453681142123399	0.002044711933043698	0.002109149871486008	0.001952320056765811	0.001841588278584642	0.002093293528228929	0.001550628755731875	0.0017732317617258294	0.001872439167281886	0.0015424953382615154	0.0023463937992132633	0.002087849390049714	0.0012516607729415974	0.0027270778974980343	0.0017766492395342383	0.0024768007175241134	0.0023203928290992525	0.0023572937375943436	0.001587644596936728	0.0023113408295137756	0.00238772071642605	0.001843460918444183	0.0028707742891950325	0.0028318208277755145	0.0022073304417304547	0.0025985071316677855	0.003593721675406306	0.0025978716901447585	0.0022783473646189327	0.0036259064766191547
MCW_CT_ROA_79_R2_trim	0.00406258469763633	0.0007428741394194846	0.0006964445057057667	0.0008531446185175446	0.0011317225844991964	0.000870555834230151	0.10323631452857282	0.0008067153071501789	0.0006209967473699337	0.0007138563640904248	0.0006500158151169303	0.000754482642546437	0.0008241272898260674	0.00092279041607285	0.0007951087232828959	0.0020835333196443065	0.003731789606693171	0.0016656681363431203	0.0017295098783742492	0.0024027561354000673	0.0018978365012113072	0.002350617257581858	0.0021765050401762517	0.0015729271721950124	0.002008259285543766	0.0017355134400424512	0.0018344136346160355	0.0019101969389819812	0.0016844158599718378	0.001848450002014113	0.002123633398271909	0.0022075488501728437	0.0019201386888744421	0.0023695918527230206	0.0015836517402015803	0.00197772434913592	0.0020467762918471104	0.0017232814130432198	0.002269991335801491	0.0021107271798881714	0.0018403619722079578	0.001935412571645727	0.0019838217048426853	0.0021547650446922815	0.0020088411726408044	0.002284666686535456	0.0020954352514623333	0.17833101544451502	0.0023175782882535034	0.0023883928743960417	0.002405117146103714	0.001967719560608222	0.0025885615805857215	0.0028326275948845525	0.0024154978341036086	0.088621454229895	0.0030860671543547283	0.0026782139565722247	0.0033844659898062636	0.003458159646933825	0.002898074420739828	0.003366287370921353	0.002757265844480276	0.003092577627262585	0.003384770795557214	0.0030266681511188108	0.003285062454654842	0.003474055405580404	0.0028372890396785415	0.0033000697346782155	0.00415375819657751	0.002764325094635353	0.003253877146283562	0.006507754292567124	0.003722656057188821
MCW_CT_ROA_80_R1_trim	0.08955812902348949	0.0005237861211488399	0.000921141691911518	0.0010475739451743145	0.0007495575578475561	0.0004425099634730602	0.0005508797504460546	0.0005508797504460546	0.0024021973784440712	0.0007947129194402224	0.0007224664861343328	0.000903083760115667	0.0006321590887950523	0.0009301777009673759	0.0008489000377760517	0.0018964793216022541	0.0014178454727245815	0.005228875748365909	0.0010837055033906886	0.001815214750742116	0.0015081690836355618	0.0018514233652518722	0.0017159573922360695	0.00146311447759904	0.001716018764213603	0.0017070388890554782	0.0017704347690987233	0.0013642187643141332	0.0019611621214098533	0.0016639494853874488	0.0013756440412439803	0.0018661485899979147	0.0015697860644737452	0.0019549876372037603	0.0020224646628961367	0.0018629129822387684	0.0013011785837367521	0.0017742333151742546	0.0016798251431243325	0.001783921902129027	0.0017485817685720067	0.0020596339714302903	0.0016820002464966444	0.0021368252771644673	0.0015003629002765043	0.14630295647940045	0.0019736262802002775	0.0016776508940070033	0.001681324237516693	0.0015972246267464756	0.0016886181357814445	0.0013674922070327574	0.0018399187090461274	0.0018446566363565233	0.001642647017870588	0.001970338080922446	0.001840349666436623	0.0012787929514582572	0.002349865494533365	0.0020253762769364496	0.002053225303264229	0.0021833368315241236	0.0020992202446401286	0.0014176349424891987	0.0023247390602331762	0.002652150226573025	0.0019328385614875126	0.0026182099530093652	0.0030561987939769376	0.002236028168823059	0.0024928720602248127	0.0035999910857363593	0.0027777400307110135	0.0021182765701824994	0.003197398596501886
MCW_CT_ROA_80_R2_trim	0.003558122701951684	0.0006231248682632752	0.0007766489476316451	0.0008488961279860824	0.001092728487946437	0.0009301740048515347	0.09943831036330339	0.0007585885088109604	0.0007044041878454516	0.000650220072402005	0.0006502203660036255	0.0006773136152589546	0.000821807854460177	0.0010385497943535943	0.0006953769444252037	0.001770051522948718	0.003639445630249482	0.001715871385866873	0.001598471536098635	0.002158399035060167	0.0018694152911487882	0.0023210623493341532	0.002221722083881388	0.0016347217057896513	0.001950847494213163	0.0017612342585172159	0.0018336685574529457	0.0019333992736923623	0.001970205076658149	0.0018357764986424749	0.002344045621825074	0.002409712118215766	0.0022685064072148664	0.0021823355937480447	0.0018493853299103	0.0018811806143424498	0.002189982944706046	0.0019028726022196503	0.002335043699004561	0.00214610815827687	0.001823577693997647	0.001905965778240786	0.002074943824091966	0.002156196275408824	0.002134818028111284	0.0023751582728786325	0.0022425870310650306	0.1741216669808385	0.0026514883688043556	0.002375816463828083	0.002376249185710324	0.002059051515271048	0.0022890301093298005	0.0024815871787131675	0.0026473249101508158	0.08631058534197854	0.0029906957031785707	0.0024087853877603864	0.003113011016323384	0.003400188787436708	0.0027935840591570495	0.002966699879233607	0.0028461758200525457	0.002646336611231331	0.0033898162816427243	0.0025986375762322906	0.003056535546472292	0.0037596977697225715	0.0029020493842818558	0.00312167981220555	0.003720728047013794	0.0027331994002795026	0.0029055087061493016	0.006878347141088142	0.003913542338894978
MCW_CT_ROA_81_R1_trim	0.0839563745170519	0.0005143560160777986	0.000747271947886613	0.0009607782187113597	0.0007375671173945791	0.0005337656770618665	0.000611404320998138	0.0006696334339239209	0.0025038467529329214	0.0006502240215851084	0.0005337659878683725	0.0010190077950214384	0.000640519185442047	0.0007763868914449054	0.0007860917275879669	0.0017468705057510374	0.0012713336581218811	0.0047650750086858295	0.0011451711094291545	0.0016595311678877808	0.0015236666679283016	0.0015625083402522044	0.0015916264918465536	0.0013490063937080011	0.0014557704898240673	0.0015722440309076002	0.0014169793726624693	0.0012326206553640205	0.0016791985350400203	0.0014562592156937366	0.001291712730469959	0.0013799322861396492	0.0015174982135349557	0.0015585043540228358	0.002340898401693094	0.0016796763458992656	0.0010364180687561701	0.0015463108350978892	0.001655549504799673	0.0016977707092942543	0.001871242741547892	0.0018828496870555173	0.0015298223876207971	0.0018077002780424805	0.0014689625054461275	0.1421473681093485	0.001674912509084074	0.0014314680025928242	0.0014656626427124032	0.0016463953372416813	0.0013811485568619385	0.0016541901743421618	0.0017560290330133456	0.0015722645638812708	0.0014610688394577557	0.001895274408737744	0.0019210819533561302	0.0009599230989978737	0.0019817297948372245	0.0016278135634814732	0.0016559202698046094	0.0017901203935273779	0.0018523104829110638	0.001134537115802898	0.0016792112357315483	0.002069800820925829	0.0012614714307356673	0.0016933318044966182	0.002490015644586099	0.0019623853391044525	0.0018604113761218157	0.00289236687078042	0.001936586475848346	0.0017964387703593208	0.002522658698802451
MCW_CT_ROA_81_R2_trim	0.0034452101437467838	0.000747271947886613	0.0005822898295220362	0.0007375671173945791	0.0010966458455998348	0.0008734347442830541	0.09201149789497375	0.0009316639080680639	0.0006502237691725029	0.0008734352528755187	0.0006211095131559244	0.0005240611517253113	0.0006599288577281697	0.0008152062360171508	0.0007472723830157216	0.001708051161178792	0.0033287594431713314	0.001746871014343946	0.00170805215576077	0.0022418232408747845	0.001892453149168204	0.0022224516922465356	0.0021254055254332433	0.0014945839287001943	0.0018245674513471324	0.0016498879531975314	0.0016693210812930251	0.0019217298830064436	0.0019218675427535449	0.001669860436559769	0.0023697998917661884	0.002157412597579189	0.00199422356121634	0.002425552346488107	0.0017070206344654295	0.001992341984329644	0.0023370622677483257	0.001781396949954785	0.0024199714462964247	0.002129913536307223	0.0015859798592378846	0.0017148850035784596	0.0018206288452031333	0.002031047542578992	0.0017456362920847644	0.002068248921680867	0.001727996039888357	0.1597189859417186	0.0020806741883732135	0.0022422011031212274	0.0019478012308637694	0.0019403478031255628	0.002034658218964591	0.0021556816006539476	0.0023025591034729685	0.0788511334712585	0.0022449488096103368	0.0020555831929708886	0.0026782219430197636	0.0026742237082516317	0.002187318827425731	0.0023928350127784192	0.0025065774767646563	0.0023180270529983274	0.002528008273994708	0.0022396315186679243	0.0026233734633259007	0.0022779200602727956	0.0020200692664714744	0.0021860889269222227	0.002943906438728169	0.0018090359362510607	0.002146419542230038	0.005966535275127546	0.002989655790963267
MCW_CT_ROA_83_R1_trim	0.09867753364118226	0.0004468970925740119	0.0006847616741053409	0.0010163305579820548	0.0008649623640459365	0.0005550175569352507	0.0007568421230935237	0.0006126819395059477	0.0024867685890997654	0.0008361321535700861	0.000843340310953268	0.000980293011022602	0.0008145083397004338	0.0007784681476782908	0.0009010048005535774	0.001960586728644273	0.0015641446719934565	0.005319534259638683	0.0010595820273264043	0.0017011033168703531	0.00159298555839658	0.0016723033621731179	0.0016795137454504458	0.0014993218091710777	0.0015209534402993697	0.0015930537665737963	0.0017300550424220308	0.0015138716055213925	0.0016293294292869945	0.001485368971420924	0.0014424074125893895	0.0018323406832077014	0.0015372723591934301	0.0018054190157274384	0.00219665146497143	0.0017066254453948918	0.0010714184363893083	0.0015942657449684971	0.0016252696931897137	0.0016871910058756426	0.0016285575675747323	0.0018383785795069323	0.001611290139223636	0.0018163280991060663	0.0015851822322460348	0.146460317972616	0.0016462559140205154	0.001605782050599119	0.0014241487170393744	0.0017235089493202193	0.0016538441735537833	0.0013361018411404777	0.0013340250147159634	0.0012933657087137985	0.0015119090884188008	0.001920704770603827	0.002000605637888561	0.0009054775326518106	0.0021748386994631234	0.0015546339752216419	0.0017454175865422934	0.0016465070871997754	0.001848942268694766	0.0010861097084588465	0.002060453352121874	0.0018899040794197748	0.0016125310590409093	0.002061443196663832	0.0022589666802414667	0.0020863929246893445	0.001969334288778098	0.002889311044240122	0.0018276219201374675	0.001856030551020433	0.0024904899740733366
MCW_CT_ROA_83_R2_trim	0.003913944541063694	0.0008649621770060041	0.0005478093787704692	0.0008577542206913672	0.0010812030329907481	0.0008937945072723518	0.10349275431787441	0.000699178213318552	0.0006126821603172972	0.0006054750514005071	0.0005694349518596809	0.0006054751386862429	0.0007640521259426042	0.0011100379942939722	0.0008433405541064594	0.0018668823504438027	0.003560774308393473	0.0016218103945071804	0.0019533805196064262	0.0022921659606002617	0.0019173501010645328	0.0022345447352972725	0.0022994217639044556	0.00136236580516612	0.0019678688110525895	0.0017300135142889023	0.0017588904342455392	0.0021554663636229945	0.0019898051324716373	0.001752168145842689	0.0020266077003159274	0.0023229303087722647	0.0021796662829876613	0.0023399158150287885	0.001351295787880958	0.0021334110907436647	0.0020271497615528896	0.0018045536498148412	0.002278485329710977	0.0021601223807516078	0.001818678485398714	0.0018607699822057434	0.001975746596386538	0.001704358773678574	0.0021246503527412807	0.002020020700621225	0.0019163849683380878	0.1844412811717737	0.002493397529801908	0.002112613975329795	0.002154044292301625	0.0018477216334236647	0.0022402480097541352	0.002459010860470581	0.001975688301754436	0.08890050622143458	0.0025960709540916267	0.002251468231450934	0.002566639075296607	0.002883758696099729	0.002131508180501819	0.0025585373070204235	0.002445557168222038	0.002086397550120959	0.0027247923088195764	0.0025267745334346162	0.002602320895932742	0.0023040952019862198	0.0018814763521828458	0.0019243499198142362	0.0029505552309440435	0.001936082129521509	0.002225692197376657	0.005436371579975324	0.0026424175449705845
MCW_CT_ROA_84_R1_trim	0.09306795419302051	0.000570780177227245	0.0008350304358023845	0.0010041506302049356	0.0008033207588971209	0.000560210529230887	0.0007187608309593967	0.0005073605865595741	0.002631934711952715	0.0005707824095008634	0.0008244635675363031	0.0007610432931104336	0.0007081930644222091	0.0006447727899963396	0.0008244636546824884	0.0019237493409573001	0.0015537985300431703	0.005274460628265422	0.0011309975239610281	0.0017123537443785647	0.0014269653752665254	0.0014904079563684656	0.0017863811585622572	0.0014164329904578926	0.0018286822790328154	0.0014375959674587469	0.0017124690473862385	0.0012368419049648737	0.002061549189726592	0.001374567539904753	0.0015652012610868863	0.0018935455063414733	0.0016616438102445103	0.0018215530391765223	0.0020345114602864952	0.0014952414735445653	0.0011039625994455347	0.0018807232560356076	0.0017978185971249156	0.0016098690302244914	0.0018624987797421788	0.0020584758010542413	0.0016432655495362944	0.0020244180018290175	0.0015009924895895053	0.14553522485024056	0.0016016261693985857	0.0016751929839295793	0.0015093376935413512	0.0017871680875981009	0.0018530454859754769	0.0014408283495080726	0.0015611416465757056	0.0017576321934046563	0.0017439957570733362	0.0018709798828621745	0.0018122164306974382	0.0010145396984494654	0.002097214090237113	0.0014025216108280573	0.00174183852909766	0.0014918720943459913	0.0018700942188610173	0.0009657387653766896	0.0018032183841720701	0.0016296849858034883	0.00178950711973829	0.002026048092555174	0.0022341857549912107	0.0018955058357552203	0.001716864383272805	0.002453441873963302	0.001759605982325177	0.0016897803481059237	0.002583548466112363
MCW_CT_ROA_84_R2_trim	0.0037945934758994164	0.0007399000733240973	0.0007716102395849793	0.0009195904799342714	0.000887880744931945	0.0009407307892731322	0.10265595868055383	0.0009090210509192369	0.0006236311824047218	0.0008350337015373922	0.0006764832847322373	0.0006236330281125314	0.0007927538492955907	0.0008138939519434732	0.0007927541006791367	0.0016700695214003556	0.0032132986593039845	0.001712350486434379	0.0019237536111339248	0.002018886844986169	0.0016383678262611337	0.0023148909110300747	0.0021563428931906286	0.0016701237170569417	0.0019238182761256372	0.0015327332629755913	0.0017653263892933695	0.002050835562207498	0.002050981262383196	0.0020195594864947514	0.002421848585391896	0.0021686120174322556	0.0022226204123130208	0.002319359001188698	0.0015259230483364735	0.0018240409229944008	0.002165553140657135	0.0019126771497667652	0.002329837052898684	0.0020897672308505086	0.0015629287014406882	0.002047951380340788	0.001752465642965494	0.0017168058343225144	0.0019574656069956263	0.0018955145284458967	0.0019632448962966656	0.17828856115718855	0.002043412062215994	0.001878855282936817	0.0018078655424031429	0.0018102381535478591	0.0020044664640523997	0.0022889272788925745	0.0021383888828626412	0.08710569012850865	0.0024445560102510813	0.0021512100189673166	0.0025507735772723134	0.0023865041957573125	0.0021615609978309046	0.0024363252111305753	0.002396728904236877	0.0022995377929036264	0.002614175398291514	0.0022028955432555485	0.0024864874536316135	0.0025024236436400438	0.0022738034308901383	0.002188935571350891	0.0030714907580989105	0.0016943390640850543	0.002248723011657464	0.005419282785857739	0.0024163296957561567
MCW_CT_ROA_85_R1_trim	0.09035151871910901	0.0005371738578298881	0.0008001652257257708	0.0010351787885263467	0.0008337386384924931	0.000525982765223452	0.0007050407278527123	0.0005763428172129314	0.002657891632778082	0.0007833788495096777	0.000760996596666544	0.0009680324354655302	0.0007330187806126268	0.0009064812401469127	0.0008225477919851615	0.0018801092388232262	0.0015891401297051697	0.005349360524796888	0.0011582822975687655	0.0016451022117671811	0.0015275985864844905	0.0015108414625930203	0.0015668012716830606	0.0016227785281107767	0.0016787452386588168	0.0015108975162131896	0.0016396848044533167	0.0013208149921008548	0.0017464530769480508	0.0015790561164066728	0.001355660957261332	0.0018833127448761983	0.0015091758452422642	0.001735730386358979	0.0019852226325952974	0.0017573580779864824	0.00114023418490952	0.0015555451224044314	0.001837447173393765	0.0015501104254215374	0.0019493704223578412	0.0019538988359837244	0.0013794154001859477	0.0019376533608597543	0.0015196905686700717	0.14219635761132066	0.0018312337525858997	0.0018769086055423956	0.001693345694326025	0.001860889165376244	0.0018739194142325167	0.0011560057875129057	0.0014890583242970945	0.001813024657135337	0.0017435234024966823	0.0020148080331202204	0.001993710587019813	0.0010903316458007266	0.002173023391044645	0.0017078131460289267	0.001969519834141811	0.0020755181168153093	0.0021109638924007453	0.001341723687878091	0.002055501055760942	0.0021616457975616983	0.0016227795921355162	0.002440950676076278	0.0023824439868467434	0.002146709004134416	0.0022502109687589896	0.002728742952227	0.0024210864918505545	0.0018255773144195712	0.0027627720854584955
MCW_CT_ROA_85_R2_trim	0.003553181048283534	0.0008449297138782615	0.0006378939561729921	0.0008840986410116909	0.0010127966011217533	0.0010743477757755616	0.0980957857141738	0.0007777830251708492	0.0007218274118492054	0.000828143447874525	0.0006994454796237543	0.0007218277349717144	0.0006267031497428838	0.0009232680331033557	0.0006994454796237543	0.0017626026086518607	0.0033405519845284884	0.0016450964124420098	0.0018073683329371672	0.002159895376010926	0.0018073781428445367	0.002232687189557157	0.002131968276759699	0.0015668202971273245	0.0020704516500016762	0.001354211241620888	0.0017012424610195825	0.0021379294712738114	0.0017688442931149638	0.001713448860102948	0.002156752913815201	0.0022420673834294517	0.0021768493752077614	0.002443574494474994	0.0015184921125864044	0.001982738459222956	0.002150730534293963	0.0018158150362156107	0.0021381078131507015	0.0020459934774411837	0.001604405294399458	0.0019831302112214492	0.0018255675552760447	0.001846757631224735	0.0019852120315015927	0.0021444492161943507	0.001907836928308529	0.17290450188687662	0.002210268247073091	0.002127363911164406	0.0021758850017824507	0.0019304182414771533	0.0021779602439643193	0.002259186302644374	0.002278979808238899	0.08656983789207091	0.002822155135798763	0.0023495416929926686	0.002705597238295628	0.002686165539783443	0.002272610536206333	0.002849692058071741	0.0026705255761241657	0.002481458647103848	0.003017339701517024	0.0026742140463351578	0.002867983634194494	0.0029159726369408076	0.0023488336556005103	0.0026304821174836807	0.003361406727649485	0.0022271567567043707	0.0022193660322524502	0.00603511815787947	0.003124633755934371
MCW_CT_ROA_86_R1_trim	0.08047999627474955	0.0005049299395683017	0.0007854465726618027	0.0012062215223020542	0.000855576210941894	0.0005470078181443054	0.0004348010862172684	0.00042077524472638875	0.002188031579467063	0.0008415513156953527	0.0007573961841258176	0.0008555772909589744	0.0005470086620925522	0.0007293449850869989	0.0008275261568394896	0.0020056989903058818	0.0015288197245235165	0.004530356332863092	0.0011360955509656671	0.001991674799338764	0.00150077009141934	0.0015849323149745808	0.0015288291595128448	0.0013745446119674586	0.0011781834094944752	0.0014026038217868416	0.001683148194045106	0.0011642049342932552	0.001500912400440062	0.0016834303597125936	0.0014591486092349517	0.001459367080916432	0.001277305743903567	0.0018956289184229435	0.0021491963691223693	0.0016582904262396636	0.0011812051695725486	0.0014492198975922127	0.0015909848322827437	0.0015225510963918641	0.0017242466102300963	0.0017740783591960842	0.0014848918677469636	0.0018975932192668962	0.001389653882092211	0.1372497873348825	0.0015492267531583396	0.0018752831237997456	0.0016437946824122626	0.0015884452959295647	0.0015202702952025436	0.0013506421338602124	0.001525528143077789	0.001508715016859136	0.0015831347437947588	0.0016715109815204495	0.0021120948882524513	0.0009902466890173596	0.0018765313697888064	0.001554410266071514	0.0013096133257521271	0.001676110058712412	0.0017665202768137273	0.0008910094914786079	0.0016705190334762375	0.0018306034122447606	0.0015814346742758132	0.0019810555424121887	0.0019210810070602192	0.0014816370838616469	0.001668850492476128	0.0027843900093418787	0.0020429693099656555	0.0013390891275405139	0.0018541234073637884
MCW_CT_ROA_86_R2_trim	0.003029571138958854	0.0006171365928057021	0.0009677823841725783	0.000841549899280503	0.0010659638037964583	0.0008836280139254165	0.08966720465119346	0.0007433695990166202	0.0005890854252411323	0.0008555772909589744	0.0005890860036110973	0.0006031119454315533	0.0005890863341087299	0.0008836295011630948	0.0008696037580347179	0.0016690781807440554	0.003338156361488111	0.0015147938554911909	0.0017953112361377079	0.0019215454049958498	0.0016831068806531352	0.0021740240315213846	0.0019496097414284496	0.0019075334386404	0.0021880555171399085	0.0016129950737727842	0.0016691221932097302	0.002146066925588005	0.0015149432317105673	0.0016413551926305677	0.0023571209395259578	0.0019926418192651417	0.0022739621924308217	0.002246776998395801	0.0014750269508495733	0.0022205847361783707	0.0022782432550639583	0.0015197262579006417	0.0024219611041495378	0.0018752573191434163	0.001696305362106065	0.0019448687902078553	0.0018568738756985774	0.0016971386960710807	0.001969851138639137	0.001820668255163306	0.0016525932991290394	0.15788945920001501	0.002070747910086657	0.002016236443017479	0.002274443174957258	0.002123733148623004	0.002065288251383294	0.002249191045985541	0.00219302086339536	0.07478744258242036	0.0024829141577924333	0.0018728493189019719	0.0023735856222145274	0.0026433796323867497	0.0018870858294982086	0.002475863077250219	0.0022878673604953153	0.0021490706861186748	0.002668122668707727	0.002480519008881879	0.0026270415253680022	0.0023924311344433228	0.0021693899083925806	0.0022081857776356925	0.0027294097874649955	0.0017194955233852225	0.0021658922169522665	0.0058444710616172265	0.0024924950115720527
MCW_CT_ROA_87_R1_trim	0.09210322220266257	0.0005640486832238002	0.0007187071931400035	0.0008096828608697376	0.0008096834501612544	0.00040939050850849945	0.0007005126478923212	0.0006914151439385317	0.002274392541593636	0.0006823193764146755	0.0006095386983837853	0.0010735160142206302	0.0006095389201972541	0.0007096125388171706	0.000955247909121535	0.0019741791917874145	0.00174674014620215	0.005149244857783042	0.0012008843967725685	0.0018832085032959333	0.0016102820786612789	0.0015193221385068649	0.00201060306537817	0.0014920435865962084	0.0016376135821487019	0.0016285323230003717	0.0017832134652996214	0.0011736836114736035	0.0019471721282873428	0.001510796048449227	0.0015570119029462582	0.0016401632983027864	0.0016329467719561554	0.0018638109671753652	0.0019764614422568554	0.0016950829766023572	0.0011192495230116326	0.0015885108610527714	0.0018562902370436684	0.0015367727165604929	0.0018637798377773409	0.002122860603795322	0.0014558121808178454	0.0015985800095877187	0.0015536161457852763	0.14589053082192435	0.001732835616990482	0.0017756687312414996	0.0015670519916125224	0.0014638719296971654	0.001787055612397877	0.0016701994946481274	0.0012814343926622132	0.0014709153150616694	0.001674319035512506	0.002270530493375225	0.002173320159980624	0.0009742092313225317	0.0019836433852715597	0.0014575535931244242	0.0017063207433427948	0.0015595321116382852	0.0019209256134981997	0.0011149307039307768	0.0016104466410609161	0.0017426519592508465	0.001509552577180961	0.002098287442352243	0.002245647250059191	0.00202416901096829	0.0016506916995510878	0.0022339688098531167	0.001698901159730687	0.001608893151268134	0.0023402082200263768
MCW_CT_ROA_87_R2_trim	0.0035480300927536942	0.0008551706620421949	0.000545853614069486	0.0009006585451526057	0.0012008789342090288	0.0009006592006567716	0.10249319752120394	0.000882464145572741	0.000691415395546466	0.0007823930273133405	0.0007369051276497085	0.0008187835496559471	0.0006732222134582034	0.0009734429302706454	0.0009734431959504763	0.0017376415927714108	0.0034934790211126224	0.0016375684401259943	0.001783130728136884	0.002028769405793456	0.0017194529628630911	0.0020378926116112386	0.002110678139051476	0.0017558802427809213	0.0023108549317146917	0.0015375535630438356	0.0018650982615646553	0.0021927009262387234	0.001965377867097327	0.0020022782285735296	0.0021671064921593543	0.002323621415916479	0.001970563251750494	0.002393850763871383	0.0015648025932896872	0.0022175368864810795	0.002238730309609979	0.0019192937880449486	0.0022793195863402586	0.0021628928940961123	0.0016334707571358448	0.0019658462040622543	0.0017645668259196007	0.00188174529241428	0.002000236046813107	0.0018695889231816437	0.0019354200163245973	0.17614653024380306	0.0020013316552937145	0.0023326117337888544	0.0018369645610863228	0.001924436140210918	0.0021835557687976733	0.0024704970768584487	0.0019953046490997386	0.0850644334420089	0.0024286161411293124	0.002295982873186872	0.0026783244727977963	0.002448987088735986	0.002199222784439036	0.002454998289205167	0.0021921219067944924	0.0022433147134734107	0.002941139884618766	0.0022776776415605925	0.0027241427905561047	0.0026412520008831483	0.002271643816634209	0.002006596604990395	0.003025685676969961	0.0021183759454350263	0.002199186774564409	0.0049735454747841246	0.0028533038664861304
MCW_CT_ROA_88_R1_trim	0.08377192332090741	0.0007495663107095753	0.0006680917117194041	0.0013035935838427396	0.0007821562777573819	0.00043996297793015343	0.0008310411805347343	0.00047255282814720185	0.0022161098147592912	0.0008636318751207863	0.0006029128184805489	0.0008310422638764505	0.0005703231222681523	0.0007984528916052943	0.0008473377625199043	0.0018413304378276406	0.001629495962679328	0.004448524702999871	0.0014176624115610859	0.0016295002111017523	0.0014176656456758184	0.0015643342226138851	0.0016946965124449388	0.001629521719080233	0.0016784136611791229	0.0019065609160878543	0.00203695426125128	0.0016133174630696967	0.0014015487765864432	0.0015647166819661188	0.001238939409179139	0.0019402870940091925	0.001402743015033001	0.0014850065740098718	0.001926553888161261	0.001731733842964088	0.0010301205617132966	0.0016527567819483615	0.0015723806104505657	0.0014766431962434199	0.001728218114951852	0.0019191346158777616	0.0016996011602610588	0.0016290693143801475	0.0012862208681550837	0.14265745597551077	0.0017089103611576978	0.0017814698359471836	0.0012353556734824556	0.0013754396678863378	0.0014490056112742295	0.001404558190152209	0.0013799731656357337	0.0017079906493674799	0.0014198568038916856	0.0017151377702279954	0.001974510859809729	0.0010623758685823046	0.0020566584135730797	0.001247279935531896	0.00175797026565468	0.0019653247562678848	0.0016842583176273195	0.00118067849165371	0.0017671778523134128	0.0019299470445015808	0.0017899168894485152	0.002061186218341645	0.0023696790279235393	0.0018239452086859312	0.0018679824379153162	0.0024992016973039957	0.0016019166042215841	0.0015030328632202519	0.0025512005178343748
MCW_CT_ROA_88_R2_trim	0.0032752687390590137	0.0007006815513154726	0.0005051425137390617	0.0007169764711135068	0.0010591699594631214	0.00081474625542621	0.09353287012292892	0.0009776955065114521	0.0006029122290153955	0.0008636318751207863	0.0006843876352011847	0.0007006828072481889	0.0006517979602308734	0.000945107350344288	0.0008310426701303222	0.001629495962679328	0.003340466723492623	0.0016132012659230296	0.001906511518995943	0.0025094295072735162	0.0019879899336011364	0.0018250562956539055	0.0019228284219461207	0.0016295214535461727	0.0021672716559324257	0.001792493168971487	0.001678451131813819	0.002134798337334315	0.0017600948365173394	0.0015973318690037912	0.0021192819937813742	0.0022175436399543965	0.0019574109781720942	0.0021379008033611067	0.001583822413340422	0.0016992264598315937	0.00222400833349005	0.00175116071678445	0.0023261433117236804	0.0018871389185315566	0.0018108981165671826	0.0016217999033208668	0.0016336973755651885	0.0017139766223670924	0.0018966716967980626	0.0017202408132753538	0.001983521722298751	0.16980282852742365	0.002042971414366278	0.0017202726563349383	0.002053910844735559	0.0013879927178962056	0.001992581653461735	0.0026954524545970415	0.00223721074507463	0.08232206120428989	0.0024420335747295492	0.001963441794578595	0.0023100556723417032	0.00251355465995855	0.0020486642980723155	0.0024757625576229186	0.002197785694283248	0.0021781139784894633	0.0026247715890255507	0.0022879583066483	0.002338330383076975	0.002308990641774486	0.0022958836135007063	0.0021679858099623514	0.0027668740677304054	0.0016358325069171658	0.0022764996936623237	0.005206255821158184	0.0025734344363139315
MCW_CT_ROA_89_R1_trim	0.09452174744682472	0.0005917759559138367	0.0008208505194933864	0.0007540372490583124	0.0007158582844942995	0.00047723885632953305	0.000649044844608165	0.0004772389474323208	0.0023098373874479235	0.0006681352916696892	0.0008494864615720004	0.000983113545414787	0.0006013219346874658	0.0007254043079089305	0.0009544794436148427	0.0020425860093357634	0.0015748913826047807	0.00530690874569971	0.0009353905689914018	0.001679886546571323	0.0014508116623113683	0.001517628833802462	0.0015558087695308883	0.0015176326000463497	0.0016035390871242876	0.001641722976810281	0.0018803571685944464	0.0012694987369919334	0.0017277037681028274	0.0013555017045911225	0.0012505702743646173	0.0019189590191503517	0.0014418319171552027	0.001461221195080288	0.002005983945632868	0.0017294296761341955	0.0013668892210843906	0.0015204134147509935	0.0016742124217760121	0.0017810740201914424	0.0017840982174844502	0.00180848299732585	0.001400527486945635	0.00160111849286037	0.0013158420560665678	0.1479810727434378	0.0016573077809815793	0.0016204504380814102	0.0014354289022233025	0.001575082354657553	0.0017265183150049438	0.0012177054370547764	0.0013925781156747	0.001410483090458482	0.0015592331550509497	0.0017684148575951096	0.0017540812553300499	0.0008534627778973867	0.0018008798671703568	0.0014569530486182175	0.0015514700178419054	0.0017504626442058767	0.0016860247668813743	0.0011474621135921332	0.0017679727166450367	0.0015893335642049458	0.0013963121192227981	0.0018001680788511517	0.002098789494155873	0.0018382984118263865	0.0018325442270778643	0.002615471184606682	0.0017319745298894954	0.0016004321605308	0.0024444956972490984
MCW_CT_ROA_89_R2_trim	0.00356973983087069	0.0007349474880019823	0.0006776788525732564	0.0008590297774082041	0.0009353881584058848	0.0007254030616208903	0.09990518218402444	0.0006395001895593099	0.0005154182600090408	0.0005822321827407291	0.0006681354192139329	0.0006395010441047643	0.0006585906903719864	0.0009640241460368682	0.0008876658825618037	0.0018039663206169299	0.00341703738658872	0.0016226162931483501	0.0019089607092934412	0.0020330450958991188	0.0019089639890169667	0.0020044169714175867	0.0020807765076132556	0.0015176341934628526	0.0018612525026687498	0.0017658087127101767	0.001651280802113945	0.0018994804491440835	0.0016799854833981639	0.0016132518039782598	0.00207158717945291	0.0021385895791685336	0.002158046337838335	0.0020152417220364676	0.0015762201305091162	0.001987554658947565	0.0023707589822369924	0.0019413589110717038	0.0021910956932818136	0.001992042937719352	0.0014870516179601298	0.001905215160855488	0.0018263055838278613	0.0016893779584139226	0.0017263793990853701	0.0021144434696686023	0.0016683975473378361	0.18426958164082097	0.0020368185956224343	0.002206931558224717	0.0019946017387595058	0.001615161351150842	0.0017723002416003672	0.002072795579397934	0.0018931519156733746	0.08845357178840901	0.0024461760077433142	0.0020953478903050797	0.002495524607655149	0.0027947830580251024	0.002268523954233449	0.002172691906855878	0.002295376453060787	0.0023497889641074395	0.002249710818421882	0.0019584512986050694	0.002260981164870116	0.0024359993887856078	0.002039134046332929	0.002053361575169651	0.002865727606647257	0.0018826964577707975	0.0021860884144234817	0.005316918555683243	0.0023508689481739954
MCW_CT_ROA_94_R1_trim	0.08285481187767656	0.0006082347688890349	0.0007569144813689555	0.0008785614515889662	0.0007569149929045978	0.0004595555314063629	0.0007433986537455871	0.0006082352621554803	0.002270746820244843	0.0007839488367956388	0.0007839488367956388	0.0009191124293466111	0.0007704324775405417	0.00066230169301884	0.0007434000604722158	0.001892291574558248	0.0016354812383269216	0.004771281910988965	0.0011624087813225238	0.0015273545826652282	0.0015273570599917468	0.001473306457880669	0.001473308847571061	0.00136518162389841	0.0016084863197562672	0.0015544264862378512	0.0015139095849941281	0.0016626611852016667	0.0019736947051178446	0.0016900314643297904	0.0013387369625275354	0.0019882748591165244	0.0013801610241985526	0.0017734572208273735	0.0019232417946988144	0.001626270778150239	0.00112583101249374	0.001764787733367724	0.0016849776631751392	0.0016064296393347637	0.0016801233620333917	0.001826751442584241	0.001176381850780806	0.0017583376954528412	0.001702234696523207	0.14139346379731405	0.0016492125010307576	0.0016964846414679298	0.0014141638941674024	0.0014890646812470917	0.0017963799064704023	0.00140210083851412	0.0013841544331698184	0.0016764762586696984	0.0014396672557923601	0.0017049892922185637	0.0019101550308896135	0.0009057527983232705	0.0018461645553051128	0.0014561443451620287	0.0013997042668311014	0.0017119021525641084	0.0017234839304358799	0.0008381390519250424	0.0015668268903844774	0.0017062282544763612	0.0013354898314373352	0.0019320336122753432	0.0022740284333625594	0.0018466135355808707	0.0016277305986599749	0.002894943477041797	0.0018585356346581064	0.0018083049418295089	0.002126432663077293
MCW_CT_ROA_94_R2_trim	0.003270940371027362	0.0006893327380742395	0.0007433983523048593	0.0010677903605833435	0.0009461439968988102	0.0009731766825244906	0.09099201981603987	0.0007163661690805278	0.0007569151975190482	0.0006758175973711236	0.0006893339493185461	0.0006082358376340112	0.0006487849811683401	0.0007839487308343119	0.000838014387085063	0.0017976767528497233	0.0034601907754557857	0.0015543829951040992	0.0019328419859775692	0.0025681169363662524	0.0018382340517990028	0.0020545182641267053	0.002189687491045259	0.0014597975801422113	0.00206805300108958	0.0015679432382920933	0.0017301835521993	0.002027637510320675	0.0016898114508383155	0.0014196354511364858	0.0018390946353474258	0.002137090283948964	0.002029701570271854	0.002206750001489218	0.0015305327743954057	0.0020058429663490024	0.0017906052639182594	0.001656326168093483	0.0022559123249187804	0.002069549385575295	0.0018716488775776328	0.0018958262697777268	0.0018689844658317796	0.001786892917091519	0.0019422662756987865	0.0015577298947342783	0.0018063994902255296	0.15762990347093858	0.002143638958608761	0.0018908018933802599	0.0019984667877823805	0.001663062160202055	0.0019388458852223644	0.0022511563660568583	0.0019304210901770968	0.07712247285113881	0.002543132046187492	0.002325999738098471	0.0021802262862918725	0.002382674887957369	0.0022529026290917012	0.0025846321747248057	0.0024944356377863885	0.002081342596446931	0.0027443171464621675	0.002261371536069034	0.0020691003106197052	0.002365952410146163	0.0019722809541478353	0.002154650523724793	0.0028569565439154573	0.0016453906255090936	0.002080027026931821	0.006038788142705287	0.002700680252709864
MCW_CT_ROA_95_R1_trim	0.08886264895716464	0.0005949440357779873	0.0009302761286710346	0.0010492650493273562	0.0008870078553199324	0.0004975897724965474	0.0005192241104311799	0.0005408586238825861	0.0024338656503997544	0.0007463868386688093	0.0006598492341854692	0.0007788386088471307	0.0006273979039717748	0.0008437420087896283	0.000854559214030521	0.0016550324018565785	0.0014603227075205105	0.004835290742679024	0.0010709034346901968	0.001709119352455783	0.0016009482806085898	0.0015035986849677343	0.0014278783512548293	0.001514417416059899	0.001514419054247464	0.0014387010584729215	0.0017524168207783846	0.0013630092908554733	0.0018714817765273345	0.0013306590332275298	0.001536327158921035	0.001352527099503471	0.0014826406587686292	0.001721118601525106	0.0020571001189545212	0.001700272130178899	0.0013542629434764232	0.0015931671121754381	0.0016372097219031227	0.0015299892542669608	0.0016192399613642826	0.0019831543028073946	0.0012252673763152753	0.0017580717469079913	0.001423659252344927	0.1463009674001979	0.0016320458305114853	0.0017345625600008539	0.001435961621755019	0.0015381499644943717	0.001709224685628336	0.0014691446538891454	0.0013869430028443607	0.0015774750185835638	0.0013591042338152671	0.0017338724030667725	0.001983030790472967	0.0008553818603792555	0.001817768162774771	0.001554128618060714	0.0016853984171435472	0.0017265847977708392	0.0016657569522184658	0.000980597171863241	0.0018338184219682874	0.0016311335418625627	0.001350924949364438	0.0019737077905031476	0.0019302394468103702	0.0018129019486505867	0.0017208870159562842	0.002547073486392352	0.0015912424079740945	0.0016291291319734777	0.002412121427960731
MCW_CT_ROA_95_R2_trim	0.003288404781859775	0.0006165783643517323	0.0004975895571961348	0.000995179222042441	0.0009086421932545649	0.0009086421932545649	0.09736533787481355	0.0008004707633462274	0.0007896541887963648	0.0007031180364271392	0.0007031180364271392	0.0006273977003710841	0.0006923010605295042	0.0009302795500865215	0.0007463870808833718	0.0018930107123853635	0.003169440792736637	0.0018497418961022694	0.0016550327599131594	0.0024014213818449297	0.0017091208314894478	0.0021634520473558017	0.002260808367716911	0.0015685047703638704	0.0017091311847967803	0.0016009621349738726	0.001525254812205976	0.002109425301680271	0.0019580342417999204	0.0017525902905848793	0.002391086548677545	0.0019693295320223803	0.001699151668767157	0.0022841265007712444	0.001310138894212456	0.002003673328898536	0.0019828400901227908	0.0016475460993153797	0.0020928734838459987	0.0019426377069668847	0.001706532312211065	0.001678524790339719	0.0016416889170237886	0.0019239152004142464	0.001921540200608797	0.0019059212874453974	0.0018886855404123713	0.17505677411745593	0.0018491202531913478	0.0020857532346463467	0.0019787332015892022	0.0020201185854501185	0.0018055731724326894	0.0023282371440139604	0.0017143627136624537	0.08527089740236879	0.0022035264730055314	0.0021514761844888515	0.0023982618510341083	0.0024952265735363	0.002244800756486224	0.0027434429087779552	0.0025592207196387788	0.0022467791238743933	0.0021933873900013244	0.0023295630436197473	0.0025842667185452172	0.002339624498753635	0.0020174801284284097	0.001839322846594506	0.0027740318842581022	0.0018604084988881285	0.0016559983293378687	0.0057264675052675915	0.0023006999690037564
MCW_CT_ROA_96_R1_trim	0.08270738602574541	0.0004757542229286698	0.0006709356062842513	0.0009515091422950205	0.0009881067326055093	0.0004147608507233002	0.0007319310916154487	0.0008295223085996212	0.0025617644457592123	0.0006953384389066498	0.000829526862275607	0.0009881130006027489	0.0008417260947654274	0.0008661247978483021	0.0009759156223352929	0.0019518324351854395	0.0015370686052273506	0.005038176692394305	0.0011467051927080772	0.0015858768154324843	0.001805469450115001	0.0017201110874578893	0.0016591239557126138	0.0013175582571192978	0.0015981676946382204	0.0017202124474572696	0.0017691625931189581	0.0013301069088681523	0.001635495226123692	0.0014407712375174876	0.001514876268204934	0.0020539356157203833	0.001309651889631841	0.0018878920655329015	0.0021489412780306364	0.0016609497187458477	0.0011098464342483812	0.0016560514592037904	0.0018824403610074774	0.0017636217736744177	0.001584162170307163	0.0018204387056404597	0.0016462141443479073	0.001891138648191094	0.00144411761254866	0.14015785448771298	0.0016446234908621584	0.0017684489837837157	0.001681196539099312	0.0015936145839177684	0.002115902248489973	0.0013842727975753929	0.0014639866667078554	0.00176468927351272	0.0015503895113542709	0.001758689275194297	0.0021056506739476626	0.0008406870094241013	0.0016022372854389941	0.0013530342639014406	0.0015837117508866664	0.0017626570861515708	0.0021778772660132365	0.0011439197263744014	0.0018757318834707428	0.0017331104681649826	0.001807510039896676	0.002058691336500913	0.0020061990040805785	0.001997423928412326	0.0017011757250729913	0.0028652812189243395	0.001998930965423846	0.001448044478889715	0.0024081609268492
MCW_CT_ROA_96_R2_trim	0.003769407416217601	0.0006221401376759528	0.00048795310868216186	0.0009393101925524901	0.001122293929756111	0.0008417204473170831	0.09229649939359516	0.0007807267834422487	0.0006221426421812468	0.0005977470061414236	0.0005245536871549611	0.0007441343911590003	0.0006099463710752696	0.000756334145985909	0.0008295281777913105	0.00184204163599647	0.003159529525315456	0.0016712593768935095	0.0019152414180105889	0.002330019866164147	0.0019762573418875187	0.002183686592420509	0.0018177162432709425	0.001561550717459357	0.0018543631945993136	0.0017690136638615396	0.001622751711057467	0.0019158469709300119	0.0017575561182176186	0.0016849876513604259	0.002150194769773393	0.0022373954858161964	0.0021420581114660942	0.0021577409139185203	0.0015473659778431931	0.0020425575478284536	0.00244195365171969	0.0021136046427118215	0.002316274815726094	0.002136619686292057	0.001522119389056211	0.0018711369341961326	0.0020775825047284007	0.0019175725066124293	0.0017029434474412951	0.0018316969308034264	0.0017499647721643814	0.15858896191990682	0.0023128564065728226	0.002147854622657521	0.0018920614657998644	0.0019176921214548997	0.001760522211205146	0.002512692151341214	0.0019767235313287346	0.0785711059503169	0.0024415149055880135	0.0021729308056119933	0.0025311827654577925	0.0026652316720902017	0.002192935296241507	0.0027451028361037064	0.0026380934384020952	0.002420103261603598	0.0024202817853406612	0.0023875755904948985	0.0026174146016137933	0.002738552362099218	0.0021147934028113457	0.0019246495167765788	0.0029515574866788145	0.0021489241257869668	0.002444423276965458	0.004920387499440148	0.0026336689500208485
MCW_CT_ROA_97_R1_trim	0.08256727845695944	0.0004451886019252627	0.0008310189702339393	0.001023934088323961	0.0009348964802483085	0.0007865002135422278	0.000697462557019419	0.0004451891304402668	0.0023446631015915814	0.0006826243463315397	0.0006232657075201014	0.0011129744777144668	0.0006677847857256699	0.0007271434333457294	0.0008458608541087394	0.0019588359528312305	0.0016472034492143433	0.004971289689070315	0.001380089376368774	0.001751081663919348	0.0012613731337613495	0.001409776249217574	0.001528495156451125	0.0016768947352331612	0.0018549742544413277	0.0014839824866322857	0.0017066003734041615	0.0014395123585104045	0.0018105806175860806	0.0014693413031988747	0.001439785641151389	0.0019892072148248786	0.0017520936033735227	0.0019754327460208398	0.002317666502052918	0.0017982858323313958	0.0012044090292017149	0.0014578194086043179	0.0016372039414345358	0.0016238903167867353	0.0018955068279290245	0.0018414833193051228	0.0016694822258800429	0.0017083054788833792	0.0016714558943056385	0.14471287601277272	0.001683907584090135	0.0018097335136727669	0.0014743024476184948	0.0017689077394635782	0.0014960413511998715	0.0012858223523329853	0.0012936120656911792	0.001428908354842853	0.0012972234829722806	0.0016397594870832324	0.0017277208003186684	0.0007220773877614943	0.0018329282669052262	0.0013209735317177827	0.0016634377670786608	0.001475688996760133	0.0017292951572394249	0.00103577347864194	0.0017576236927673784	0.0016543083704327304	0.0015636485671262558	0.0021441771745417623	0.002082484325919294	0.001714021750087483	0.0017365662976747036	0.002729774005615437	0.0020273376790051023	0.0016042411199083853	0.002080224748892192
MCW_CT_ROA_97_R2_trim	0.003442776528040005	0.0007271413831445956	0.0007568208478916233	0.0009200567170447183	0.001276207893672294	0.0007419813335304036	0.09442455851733113	0.0006974629710230847	0.0006974630745240779	0.0006529450269258206	0.0007123036657372588	0.0005193880896000845	0.0007123040885512699	0.001009097458780966	0.0007123042999584638	0.0019143180902169146	0.003131172379201299	0.0019588379876263767	0.0020181967145241455	0.002033036999641028	0.002181435155801215	0.0021814448673941216	0.0020033686272472972	0.0017362553868436363	0.00212209243656576	0.0017807805695470495	0.001454322044776795	0.0017956832960790883	0.001855108047429028	0.0020036591268231627	0.0021374413372545484	0.0020189379347304087	0.0020342725931214267	0.0024211255233270246	0.0015154792836953447	0.0019470402090556395	0.0022157000340682466	0.0018298838782469652	0.0019797435026455623	0.001877415775924765	0.001866004737562108	0.0018719000399388592	0.0017754666618518418	0.0020115791334812828	0.002037245716766897	0.0019084263742082132	0.001991249225518931	0.16292740822039903	0.002412543381602129	0.0023701912436516585	0.002006210610755326	0.0019221668152470612	0.0021210386289481535	0.0023724896780987154	0.0018836004563694822	0.08086954915027242	0.0024968029718357423	0.002071019596661709	0.002477282993227044	0.0030784257156533917	0.0026336717682342993	0.002887945132936333	0.002709509120191376	0.002253762096492274	0.0025719375068965263	0.0022577421742057137	0.0024568676687321185	0.002179916078300558	0.0023725347245876958	0.002463252100941693	0.002965832080382913	0.0017016961097336158	0.002276863816009636	0.005630384165171114	0.0030711186355478802
MCW_CT_ROA_99_R1_trim	0.08461843777963787	0.00046928759672881847	0.0006545329431987667	0.0009632757302679758	0.0006174851287969006	0.0005680864588071247	0.0007286327219322648	0.0005680870200637221	0.002161203288832717	0.0005680896158899111	0.0006545385207034239	0.000950933674846137	0.0006174893992507384	0.0006792385069448432	0.0009385843505138317	0.0018277697504106307	0.0015931236338038604	0.004544727591127655	0.0012596800857175249	0.001803074612709453	0.001864826276612522	0.0015684478676951238	0.0015931509821775806	0.0014820084178078132	0.0015931643615801376	0.001444971591488006	0.0016672992111698675	0.0014450461902221752	0.0018650773408048413	0.0013094184119299382	0.0011366864182405553	0.0015942450965222715	0.0016567668664430773	0.0019422412102760643	0.001770020823119096	0.001597752346404599	0.0011775667826012153	0.0012528816277438109	0.001489814325682102	0.0016412588604665128	0.0016458280316682251	0.001816364087550753	0.0014627443429308278	0.0019307375836742926	0.0014456718440056112	0.14124370116399632	0.0018605723275527248	0.00154129045903645	0.0015050627195964355	0.0015990650019923308	0.0017086126730280098	0.001376585383888366	0.001188253245284648	0.0016108365367014461	0.0013290126550195935	0.0019328216086752603	0.0018339740015845536	0.0009539863751665899	0.001952974557794663	0.0012863411913271046	0.0017972323992983933	0.00161157757328649	0.0018012500675468775	0.0009355575399305034	0.0017320889330501156	0.0017878931538023734	0.0013846093674390694	0.0017055112377425336	0.002011957060812408	0.0016711201057069906	0.0017487224570793417	0.0025354485580073474	0.0020198934064843965	0.0017056877654757125	0.002184477313679421
MCW_CT_ROA_99_R2_trim	0.0033960990060420923	0.0004692874808178742	0.0006174837561635684	0.0007780302053555153	0.0008397795677432269	0.0009632768009231649	0.09286977484019483	0.0006915840275210924	0.0007903828194486535	0.0005927892376149965	0.000629839031668183	0.0006545388440399422	0.0006668886335501298	0.0008027365164347334	0.0007409876451424987	0.0019389179109085743	0.0032109468588294864	0.001383178645796477	0.0015190267361055365	0.0021859205720442987	0.0017783784745069445	0.002161249464010133	0.00208715386436538	0.0014326100834260722	0.0022477235932306964	0.0017043288346873897	0.0015932007625626967	0.0019637872687300845	0.001766276422507154	0.0019394446097707738	0.0021251550776317917	0.0018043964985809534	0.001829949019845921	0.002140319070849139	0.0015102133126788967	0.0018085019410428367	0.0020951027902058285	0.0018982206352711724	0.00239654648958713	0.002076902862755647	0.0014093406106859946	0.0019800322519683776	0.0020441379863802367	0.001945072673254488	0.0019594521474250812	0.001829252425756183	0.001992205044987612	0.16899175686973994	0.002221527038712252	0.002226014691696965	0.0018546212066792487	0.0016542920804968023	0.0021025772042546644	0.0020268531371552853	0.0021649841646872526	0.08175522150885367	0.002449680833806031	0.0020207445815713827	0.0025723374118563954	0.002221076341821455	0.0022267673935275293	0.002649847130043042	0.002138225445049411	0.0025471531225298213	0.0025269294447418413	0.0022621540629354023	0.002504979182907282	0.0025009468383504385	0.0019602606166489837	0.0019507427344586856	0.002682263813259923	0.0017982768998466494	0.0020416916436113144	0.005329415687367768	0.0023269279761746597
