Sample	0.0	1.0	2.0	3.0	4.0	5.0	6.0	7.0	8.0	9.0	10.0	11.0	12.0	13.0	14.0	15.0	16.0	17.0	18.0	19.0	20.0	21.0	22.0	23.0	24.0	25.0	26.0	27.0	28.0	29.0	30.0	31.0	32.0	33.0	34.0	35.0	36.0	37.0	38.0	39.0	40.0	41.0	42.0	43.0	44.0	45.0	46.0	47.0	48.0	49.0	50.0	51.0	52.0	53.0	54.0	55.0	56.0	57.0	58.0	59.0	60.0	61.0	62.0	63.0	64.0	65.0	66.0	67.0	68.0	69.0	70.0	71.0	72.0	73.0	74.0	75.0	76.0	77.0	78.0	79.0	80.0	81.0	82.0	83.0	84.0	85.0	86.0	87.0	88.0	89.0	90.0	91.0	92.0	93.0	94.0	95.0	96.0	97.0	98.0	99.0	100.0
MCW_CT_ROA_082_R1_trim	17.0	17.5	18.0	17.5	17.0	17.0	17.0	17.5	18.0	17.5	17.5	20.5	24.0	30.5	51.0	101.0	151.5	287.0	635.5	1244.0	1731.0	2656.5	4707.5	8030.0	10414.0	13827.0	21334.0	31512.0	38155.0	46675.0	62878.0	82900.0	96386.0	112877.5	145131.0	178982.0	197128.0	217436.5	255114.0	294081.5	316243.0	334082.0	367321.5	397795.0	412036.0	412159.0	415465.0	420710.5	420731.5	415790.0	403487.5	388752.0	380457.0	378424.0	372276.0	366326.5	364515.5	354600.5	334366.5	310472.5	295672.5	281980.0	256923.5	231238.0	217228.0	203575.0	183061.5	165647.5	154846.0	145222.5	130343.5	118807.5	113009.5	107882.0	99529.5	91915.0	88155.5	82295.0	73491.5	64183.0	57974.5	52354.0	42945.0	33592.5	28160.0	23420.5	16547.0	11380.5	8782.5	6845.0	4396.5	2719.0	1882.0	1355.5	776.0	456.0	310.5	214.0	110.0	57.0	37.0
MCW_CT_ROA_082_R2_trim	28.0	22.5	16.5	16.5	17.0	17.0	16.5	16.5	17.0	16.5	18.0	24.5	30.5	44.0	70.5	147.0	226.5	376.0	753.5	1520.0	2145.0	3211.0	5567.0	9274.5	11868.5	15578.0	23649.5	34255.5	41101.5	49565.5	65690.5	85553.0	98925.5	114989.0	146248.0	179490.5	197484.5	217301.5	254389.0	293622.0	316405.0	334565.0	368373.5	396876.0	409064.0	411890.5	417692.0	425012.0	427020.5	422937.5	413106.0	400151.0	392067.5	390865.0	385549.0	379161.5	377128.5	367306.0	346989.5	323722.0	309337.0	293395.5	266266.5	239991.0	224807.5	210269.5	187973.0	168277.5	156691.5	145457.5	128859.5	114557.5	105798.5	97644.5	86089.0	75679.0	69324.5	63306.5	54327.0	45727.0	40386.0	35423.0	28344.5	22264.5	18535.0	15127.5	10678.5	7606.0	5919.5	4577.0	3038.5	1978.5	1462.5	1103.0	701.5	449.5	332.0	249.0	152.5	93.5	71.0
MCW_CT_ROA_090_R1_trim	42.0	42.0	42.0	42.0	42.0	42.0	42.0	43.5	45.5	46.5	51.5	65.5	79.0	124.0	228.0	455.0	637.0	1024.5	1977.5	3827.5	5192.5	7519.5	13357.0	22336.5	28213.5	36332.5	54767.5	79477.5	94980.0	115553.0	153839.5	198554.0	226739.0	260163.0	327274.0	395161.0	430307.0	469035.0	542074.5	622690.0	670775.0	703899.0	765307.0	814453.5	835462.0	838544.5	826543.5	820053.0	823918.5	813451.5	778415.5	734950.0	714057.5	705868.0	683452.0	660705.5	650526.0	623620.5	573447.5	520187.0	487240.0	454176.5	403645.5	357662.0	331119.5	308729.0	273409.0	243533.5	226774.0	212371.0	189666.5	169796.5	159453.0	149240.5	135504.5	122694.5	113559.0	106081.5	94543.5	82458.5	75029.5	66900.5	54107.0	41941.5	35056.0	29466.5	21111.5	14666.5	11198.0	8812.5	5698.5	3478.0	2516.5	1893.0	1109.0	610.0	426.5	313.5	187.5	132.5	112.0
MCW_CT_ROA_090_R2_trim	70.0	60.5	47.5	44.0	44.0	44.5	43.5	44.5	47.5	51.0	66.0	102.5	129.5	201.0	390.0	779.5	1069.0	1696.0	3270.5	5893.0	7673.5	10694.0	17890.0	28666.5	35613.5	44609.5	64957.5	90540.5	105871.0	127426.5	166957.0	210094.5	236494.0	268120.5	333784.0	398324.0	429720.0	470522.5	541151.5	619115.5	669332.0	700553.5	761419.5	807843.5	824359.5	828838.5	822719.5	818171.5	819461.5	808970.5	776100.0	737615.0	720262.0	715127.0	690326.5	666281.5	659443.5	630188.0	579741.5	529218.0	496937.0	464983.5	413349.0	366510.5	341403.0	317028.5	279182.0	246944.0	228468.5	212271.0	187612.5	165542.0	153074.5	141712.5	124890.0	109699.0	100340.5	91330.5	77971.5	65757.0	58519.5	51374.5	40820.5	31826.0	26664.5	21871.5	15523.0	11076.5	8498.5	6702.0	4639.0	3054.0	2239.5	1749.0	1216.0	845.0	672.0	530.5	343.0	222.5	167.0
MCW_CT_ROA_091_R1_trim	2.0	2.0	2.0	2.0	2.0	2.0	2.0	2.0	2.0	2.5	3.5	4.0	4.0	10.0	26.5	74.5	117.0	198.5	458.0	1001.5	1387.0	2033.0	3700.5	6713.0	8848.0	11858.0	18924.5	28605.0	34630.0	43417.5	60107.5	80373.0	92937.0	108158.0	139371.5	171970.5	188949.0	207822.0	245028.0	287220.5	311841.0	329925.0	364565.0	394502.0	407862.5	414909.0	420164.0	426947.0	434631.0	431427.0	419706.5	407252.0	403241.0	405274.5	401964.5	397720.5	397749.0	388861.5	368471.0	343268.0	327777.0	311483.0	282043.0	253299.0	238486.0	225199.5	201954.5	180896.5	169498.5	159959.0	143393.5	129389.0	122631.5	115329.5	104950.5	95583.5	89543.5	85297.5	77059.5	67895.5	62931.5	56718.5	46882.0	37352.0	31506.0	26320.0	18382.5	12484.0	9617.5	7566.0	4858.0	3032.5	2131.0	1556.5	907.0	492.5	300.0	212.5	107.0	48.0	28.0
MCW_CT_ROA_091_R2_trim	17.0	11.5	4.0	3.0	4.0	3.5	2.5	3.5	5.0	4.5	5.5	9.0	11.0	20.5	63.5	153.0	215.5	337.0	708.5	1487.0	2028.5	2871.0	5146.5	8921.0	11421.0	14774.0	22771.0	33225.5	39390.5	48670.5	66061.5	86333.0	98811.0	113701.5	143933.5	175301.5	191547.5	211271.0	247472.5	288447.0	313852.0	330910.0	366425.0	396200.0	407546.5	414728.5	422430.0	430147.5	436271.0	433688.0	424361.5	415005.0	412430.5	414463.0	410269.5	406202.0	407464.5	398439.5	378126.0	352772.0	336707.0	320648.0	291219.0	261498.5	245695.5	231430.0	206902.0	183693.0	170630.0	158821.0	140022.0	123863.0	114852.0	106763.5	94029.5	82486.0	75874.5	69514.0	59531.0	50066.0	44428.0	39387.0	31840.5	24871.5	20517.0	16885.5	11990.5	8349.5	6302.0	4972.0	3351.0	2197.5	1607.0	1220.0	800.5	503.5	357.5	291.0	186.5	105.5	78.0
MCW_CT_ROA_093_R1_trim	22.0	22.0	22.0	22.0	22.0	22.0	22.0	22.0	22.0	23.0	24.0	28.5	34.0	40.0	50.5	92.5	133.0	216.0	461.0	1026.0	1454.5	2168.0	3953.5	7159.0	9397.5	12486.5	19947.0	30392.0	36820.5	46217.0	64407.5	86321.0	100007.5	116300.0	149899.5	186018.0	205299.0	227255.5	269416.5	317478.0	346320.0	367749.5	409304.5	445698.0	462237.5	468393.5	473968.0	481633.0	488936.5	487591.0	474394.5	458667.5	454488.0	455853.5	448733.5	442354.0	443026.0	431313.0	407335.5	380966.5	364263.5	346615.0	316493.0	289110.5	275224.0	260953.0	236633.0	215533.0	204144.5	194119.0	177288.0	162590.0	154534.0	146466.0	135337.5	124523.5	117182.0	110491.0	99506.0	88398.5	81601.5	73362.5	61105.5	48949.5	41056.5	34301.0	24373.5	16830.0	12970.0	10374.5	6877.0	4221.0	2963.5	2137.5	1267.0	715.5	452.5	326.0	183.5	87.5	57.0
MCW_CT_ROA_093_R2_trim	34.0	33.0	28.0	23.0	22.0	22.5	23.5	24.0	24.0	24.0	25.5	27.5	28.5	38.5	71.5	158.0	224.5	349.0	742.5	1500.0	2007.0	2882.5	5099.0	8729.0	11115.0	14530.5	22663.5	33705.5	40389.0	49588.0	67885.0	89595.0	102775.0	118907.0	152131.5	187248.0	205753.5	229074.0	272239.5	319323.5	347582.0	369378.0	412978.5	447191.5	459893.0	470883.0	480498.5	487087.5	494196.5	493180.0	483435.0	470637.5	466112.0	468363.0	462254.0	455620.5	456204.0	444893.5	419822.5	392364.5	375928.0	358510.5	327602.0	298359.0	283510.5	267414.0	241490.0	219304.0	206380.5	193167.0	173388.5	156444.5	145965.5	136359.0	121546.0	107473.0	99147.5	91056.5	78331.0	66148.0	58737.5	52013.0	42467.0	33204.5	26926.5	22069.5	15871.0	11345.5	8733.0	6799.5	4608.5	3021.0	2164.0	1605.0	1024.5	663.0	513.0	404.5	260.0	127.0	68.0
MCW_CT_ROA_100_R1_trim	45.0	45.5	45.5	45.0	45.0	45.0	47.0	49.5	50.0	51.0	60.0	84.0	103.5	122.0	186.0	382.5	537.5	720.0	1271.0	2317.5	3026.0	4199.5	7184.5	11771.0	14708.5	18980.5	28549.0	40663.5	48010.0	56780.0	74179.0	96908.0	111538.5	129493.0	167764.0	207887.0	227584.0	249418.5	293442.5	345546.0	376395.5	397027.0	442548.5	481636.5	497004.0	501865.0	496717.5	495867.0	501348.5	488656.5	462694.5	432823.0	414694.0	409329.0	393950.5	382081.5	380064.5	359872.5	326908.5	296500.0	277338.5	260287.5	234566.0	210736.0	198133.5	187217.0	167573.5	149292.0	138928.5	129859.0	116540.5	105079.5	98190.0	91825.5	82261.0	74268.0	70063.0	64867.0	58182.0	51759.0	46903.0	42462.5	35421.0	28295.0	24031.5	20226.5	14461.0	9904.0	7565.0	5995.5	3852.5	2390.5	1779.0	1346.0	827.5	495.0	325.0	240.0	136.0	74.5	58.0
MCW_CT_ROA_100_R2_trim	46.0	45.0	45.0	45.0	44.0	44.0	46.0	51.0	54.0	58.0	74.0	112.0	140.5	187.0	303.0	556.5	744.5	1065.0	1901.0	3170.0	3986.0	5453.0	8740.5	13900.5	17362.5	21896.5	32082.0	44802.5	52452.5	62207.5	79927.5	101262.0	115147.5	132646.5	171192.0	208676.5	225024.5	247675.5	291430.5	344303.5	376846.0	396318.5	440994.5	475840.0	486908.5	495763.0	495483.0	495535.0	500794.5	486831.5	460972.0	433732.5	417839.0	414157.0	398213.0	385148.0	383577.5	364555.5	331245.5	302292.0	285929.5	269336.5	243815.0	220050.0	207472.0	195174.0	173326.0	153502.5	142685.0	132911.0	117727.0	104109.5	95978.5	88528.0	77978.0	68414.5	62613.0	57207.0	49189.5	41784.0	37173.0	32911.5	26463.5	20493.5	16970.5	13998.0	10087.0	7129.5	5378.5	4213.0	2827.5	1883.0	1440.0	1129.0	748.0	494.0	392.5	327.0	225.0	125.5	77.0
MCW_CT_ROA_101_R1_trim	14.0	14.0	14.0	14.0	14.0	14.0	14.0	14.0	14.5	14.5	16.5	23.5	28.5	42.0	83.0	162.0	215.5	361.5	760.5	1492.0	1996.5	2830.5	4982.5	8422.0	10608.5	13566.0	20508.0	30086.0	35949.5	42477.5	56491.5	73469.0	83148.5	94511.0	118429.5	142303.5	153669.0	165252.5	188935.5	214848.0	229339.0	239848.5	259637.5	276094.5	283336.0	285479.0	284094.0	280920.0	280267.0	275561.5	264559.0	251966.5	245105.0	242579.0	236845.5	232466.5	230901.0	222441.0	206578.0	189756.0	179481.5	168818.0	151150.5	134959.5	126121.5	117564.0	104627.5	93083.5	85903.5	79807.0	71144.0	63635.0	58982.0	55852.0	50557.5	45462.0	42797.0	39715.5	35716.0	31572.0	28401.0	26033.0	21880.5	17387.0	14830.5	12378.5	8692.5	5950.5	4563.5	3629.0	2352.5	1419.0	1025.0	780.5	469.0	258.5	169.5	125.5	71.0	34.5	20.0
MCW_CT_ROA_101_R2_trim	15.0	14.5	14.0	14.0	14.0	14.0	14.0	16.5	19.0	21.0	23.5	46.0	69.0	91.0	180.5	382.5	523.5	759.0	1331.0	2392.0	3137.5	4242.5	6919.0	11066.0	13714.0	17371.0	25377.5	35045.0	40652.5	48024.0	62138.5	77910.0	87061.0	97539.0	120032.5	142529.5	153112.0	165229.0	188283.0	212662.0	226880.5	237500.5	256837.0	271304.5	277128.0	280985.5	281805.5	280405.5	280857.5	276180.5	264761.5	252103.5	245922.5	244600.5	238881.5	234183.5	233329.5	225627.5	209710.0	193107.0	183824.0	173350.0	155620.5	139090.5	130017.0	121336.5	107117.0	94764.5	87949.5	81169.5	70916.5	62581.5	58059.0	53931.0	47560.0	41583.0	38006.0	34837.5	30050.0	25243.0	22259.5	19711.5	15907.5	12413.5	10311.5	8410.5	5895.5	4173.5	3203.5	2439.0	1625.0	1094.0	819.5	626.5	391.0	236.0	167.0	153.5	112.5	49.0	24.0
MCW_CT_ROA_102_R1_trim	98.0	98.0	98.0	98.0	98.0	98.5	100.0	103.5	106.0	107.0	114.0	127.5	136.5	182.0	260.5	455.0	623.5	846.5	1500.5	2790.0	3666.0	4884.0	8094.0	13209.0	16497.0	21347.0	32086.5	45852.0	54114.5	63463.0	82606.0	106642.5	121636.5	138145.5	173875.5	210592.5	228163.5	247122.5	284437.5	326542.0	350732.5	368493.5	403203.5	432264.0	444792.0	448937.0	444980.0	440198.0	441187.5	432219.0	412711.0	389085.5	374625.0	368136.5	355381.5	347061.5	344658.5	328054.0	300688.0	273943.0	257337.0	242734.5	217612.5	193028.5	180134.0	169173.5	150432.0	133997.5	124994.5	116570.5	104493.5	94472.0	88649.0	83968.0	76273.5	69352.0	65559.0	61448.0	55888.0	49935.0	45736.5	42212.5	35506.0	28224.5	24274.0	20504.5	14600.0	10090.5	7899.5	6405.0	4240.5	2672.0	1966.0	1507.0	926.0	557.0	388.0	294.5	182.5	115.5	92.0
MCW_CT_ROA_102_R2_trim	96.0	95.5	95.0	95.0	95.0	96.5	99.5	106.5	112.0	112.0	135.0	184.0	210.0	254.0	397.0	697.5	905.5	1261.0	2154.0	3720.5	4785.5	6313.0	10060.0	15953.5	19781.0	24880.0	36186.5	49614.5	57281.5	67423.5	86655.0	109690.0	124294.0	140288.0	174997.0	209684.5	225600.0	245277.5	282648.0	324701.0	349745.0	367561.5	403060.5	428549.5	436813.5	443959.5	444828.0	442922.0	444482.0	433654.0	413005.0	390992.5	377933.5	373375.5	361711.0	352861.0	351136.0	335646.5	307393.0	281029.0	266223.0	251100.0	225972.5	201793.0	188662.0	176263.5	155783.5	138073.0	128184.0	118661.0	104461.0	92717.0	86201.0	80390.5	71111.0	62218.5	56967.0	52432.0	45426.5	38572.5	34471.5	30484.0	24312.0	18908.5	15901.5	13249.0	9398.0	6491.0	4984.0	4017.0	2729.0	1753.5	1303.0	1064.5	736.5	494.5	396.5	326.0	217.0	135.0	111.0
MCW_CT_ROA_103_R1_trim	11.0	11.0	11.0	11.0	11.0	11.0	11.0	11.0	11.0	11.0	14.0	22.5	27.5	35.5	70.0	139.5	188.0	290.5	575.0	1127.0	1525.0	2155.0	3641.0	6031.0	7607.5	9944.0	15230.0	22132.0	26344.5	31071.5	41048.0	53897.0	61767.0	71182.5	90534.0	110208.5	120070.5	130646.0	151677.0	174184.5	186262.5	195581.5	213241.0	227132.0	232961.5	234354.5	231145.5	229344.5	231159.0	223768.5	210132.5	197969.0	191570.0	188800.0	182483.5	178045.5	176717.0	168450.0	154359.0	140439.5	131772.0	123967.5	111135.5	99291.0	93162.5	87050.5	77208.0	68718.5	63965.0	60300.0	54089.0	48490.0	45612.5	43759.0	40567.0	37423.0	35707.5	33144.0	29513.5	25885.0	23465.5	21081.5	17124.0	13428.0	11355.0	9492.5	6725.5	4624.0	3520.5	2742.0	1756.5	1066.0	730.0	540.0	311.0	178.0	130.5	91.0	48.5	26.5	11.0
MCW_CT_ROA_103_R2_trim	16.0	13.5	11.5	11.5	11.0	11.0	11.5	12.5	13.0	15.5	25.5	41.5	50.0	78.5	143.0	293.0	414.0	588.5	1030.5	1812.0	2349.5	3164.5	5130.0	8174.5	10115.5	12803.0	18660.5	26035.5	30447.5	35773.5	45977.5	57887.5	65195.0	74123.0	93031.0	111241.0	119618.0	131213.0	151371.5	172593.0	185485.0	194439.5	211348.5	223682.0	228047.0	230520.0	230252.5	229446.5	230536.5	224027.0	212093.5	200950.0	194876.0	192849.5	186144.5	180981.0	180139.0	172455.5	158558.0	144636.0	136147.5	128734.5	116079.5	103279.0	96215.0	89630.0	79038.0	69782.0	64629.5	60073.5	52932.0	46731.5	43390.0	40349.0	35408.5	30857.5	28105.5	25592.5	21887.5	18431.5	16452.0	14442.5	11440.0	8917.5	7450.5	6091.0	4344.0	3078.5	2352.5	1845.0	1209.0	773.0	559.5	454.5	319.5	194.5	147.0	127.5	89.5	48.0	30.0
MCW_CT_ROA_105_R1_trim	11.0	10.5	10.0	10.0	10.0	10.0	10.0	10.0	10.0	10.0	10.5	13.0	15.5	17.0	29.5	66.0	96.0	159.0	367.5	809.5	1136.5	1767.0	3474.5	6532.0	8741.0	11918.5	19164.5	29258.5	35920.5	44703.0	62851.5	86439.0	101826.5	120441.5	158222.0	199591.5	222477.5	246701.0	292585.0	343120.5	373192.0	397635.5	442041.0	481685.0	500980.5	506498.5	511919.5	520303.0	525189.5	518012.0	501468.5	481838.0	471175.5	470579.0	462201.0	451735.0	448863.5	434688.0	404183.5	372252.5	353073.5	332442.0	298459.5	265221.0	245985.0	228119.0	201746.0	179052.5	165564.5	154063.0	137024.5	123584.0	116641.0	111225.5	102408.5	94144.0	89871.5	83857.5	74898.5	65222.0	58856.0	52956.0	42890.0	33263.0	28052.5	23302.5	16187.5	10905.0	8298.0	6547.5	4135.5	2463.0	1724.0	1303.5	767.0	410.5	251.5	190.5	116.5	59.5	32.0
MCW_CT_ROA_105_R2_trim	23.0	17.0	10.5	9.5	9.0	9.0	9.0	9.0	9.0	9.0	10.5	14.0	16.5	23.0	40.5	88.5	131.5	241.0	534.0	1132.5	1586.5	2374.0	4338.0	7895.0	10473.5	13969.0	21970.5	32773.0	39738.0	48878.5	67319.5	90416.5	105349.0	124416.0	162051.5	202522.0	225205.0	249627.0	294167.0	344529.0	376002.5	398679.0	441480.0	480402.5	498970.0	507061.5	516048.0	524703.5	528803.5	523531.5	509822.5	492974.0	483906.5	483531.5	475399.0	464566.0	461122.5	447170.0	418333.0	385926.0	365044.5	342663.0	306917.5	272400.5	251923.0	233847.0	205583.5	180633.0	166467.5	153320.0	134021.0	117468.0	108184.5	99820.0	86993.0	75427.5	68780.0	62462.5	52842.0	44009.5	38872.0	33781.0	26406.0	20339.5	16895.5	13791.0	9649.0	6661.0	5043.0	3984.0	2602.5	1623.5	1219.5	979.5	637.0	383.5	274.0	217.0	144.5	80.0	43.0
MCW_CT_ROA_106_R1_trim	9.0	9.0	9.0	9.0	9.0	9.0	9.0	9.5	10.0	9.5	10.0	10.0	9.0	9.5	10.0	13.0	17.0	17.0	26.5	60.0	103.5	195.0	398.5	792.5	1315.0	2154.5	3622.5	6159.5	9228.5	13571.0	21227.0	33242.5	46372.5	62089.0	89628.0	128434.0	161759.5	199315.5	262407.0	341130.0	400548.0	458527.5	553076.5	652233.5	719609.5	766061.0	818024.5	861869.0	883681.5	912384.5	939789.5	942992.5	944627.5	960913.0	961169.0	959417.5	968784.5	952332.5	914879.0	872276.5	837768.0	797863.5	746533.5	693527.0	650888.5	607960.5	555835.5	512361.0	478525.5	444399.0	404695.0	368156.5	341720.0	317576.0	287968.5	260545.5	240706.5	219030.5	192750.5	167606.0	149234.5	131652.5	109033.5	87260.5	71783.0	58086.5	42421.5	30788.0	22856.5	17229.0	11838.5	7784.0	5508.0	3798.5	2294.5	1398.0	919.5	587.0	347.0	198.0	121.0
MCW_CT_ROA_106_R2_trim	21.0	14.5	8.0	8.0	8.0	8.0	8.5	8.5	8.0	8.0	8.0	8.0	8.0	8.0	10.5	12.0	11.0	12.5	29.5	73.0	117.5	202.5	408.5	819.5	1362.5	2199.5	3705.0	6331.0	9434.5	13861.0	21565.0	33420.0	46520.0	62480.0	90185.0	129144.0	162619.5	201127.0	264403.5	343188.0	403628.0	461793.0	559344.0	657549.0	720726.5	767294.0	819950.5	865916.0	889834.0	916558.0	943117.5	947718.5	950242.0	970107.5	970815.5	968012.0	978105.0	958909.0	919344.0	878802.5	846066.0	807134.0	756152.0	700804.5	655448.0	611580.0	558895.5	514525.5	480494.0	444530.5	402604.0	364328.0	336125.0	309015.5	275956.5	246340.5	225241.5	203263.5	176444.0	151961.5	134271.0	117134.5	96022.0	76850.0	63196.5	50837.5	37441.0	27530.0	20437.0	15539.0	11103.5	7598.0	5604.0	4228.5	2875.5	1909.0	1452.5	1095.5	722.0	440.0	297.0
MCW_CT_ROA_107_R1_trim	7.0	7.0	7.0	7.0	7.0	7.0	7.0	7.0	7.0	7.0	7.0	7.0	7.5	8.5	9.0	12.5	26.0	63.5	130.5	229.0	329.5	550.5	1038.0	2041.5	3030.0	4403.0	7219.0	11312.0	14923.5	20761.0	31357.0	46165.0	58420.5	74086.5	103622.5	140686.5	165581.5	191888.0	241548.5	303144.0	342611.0	376928.5	444366.5	515895.5	555802.5	578305.5	609910.0	638316.5	651945.5	663673.5	671515.5	669754.5	672032.5	681455.5	687011.0	692767.0	700383.0	689735.5	666053.0	635928.0	613425.5	591356.0	555037.0	516360.0	492089.5	468615.0	431745.0	396536.5	373833.0	351625.0	321255.0	294445.5	276629.0	260615.0	237633.5	216278.5	202500.0	186677.5	167164.5	147966.5	133340.0	120055.5	99935.5	80060.5	67490.5	55601.0	40312.0	28803.5	21760.0	16962.0	11497.5	7363.0	5305.5	3926.0	2457.5	1466.5	976.0	716.0	459.5	240.0	130.0
MCW_CT_ROA_107_R2_trim	9.0	8.5	8.5	8.5	8.0	8.0	8.0	8.0	8.0	8.5	8.5	8.0	8.5	9.5	11.5	18.5	33.0	71.0	135.5	275.5	421.0	628.0	1129.0	2204.0	3240.0	4763.0	7863.5	12364.5	16291.5	22445.0	33236.5	48235.5	60767.0	76551.5	106444.0	143929.5	168985.5	195693.0	245461.0	307754.0	348374.5	382626.0	450171.0	518333.5	554472.0	579006.0	611631.0	641728.5	658099.0	667656.5	676585.5	679532.0	683552.5	694516.0	698920.0	704082.5	713717.5	702677.0	677771.0	648263.0	627068.0	604272.0	567277.0	527059.5	501084.5	476962.5	437659.0	400813.0	378078.0	353572.0	319350.5	289614.5	270485.0	252108.0	226239.0	201560.0	185002.0	169498.0	148353.5	127613.5	113561.0	99999.0	81314.5	64729.5	53816.5	43962.0	32077.0	23261.0	17562.5	13493.5	9355.5	6276.5	4615.5	3531.0	2419.5	1591.0	1199.0	947.0	655.0	388.0	250.0
MCW_CT_ROA_108_R1_trim	19.0	19.0	19.5	19.5	19.0	19.5	19.5	19.0	19.0	19.5	20.5	20.0	19.0	19.0	22.5	29.0	35.5	62.5	119.0	238.0	401.0	720.0	1365.0	2649.5	4079.5	6407.5	11038.0	18037.0	24834.0	35112.0	52572.0	76529.0	97822.0	124739.0	173748.0	233963.0	277480.0	324869.5	402680.0	495157.5	558045.5	612220.0	705756.5	797451.0	849180.0	876424.5	907369.5	934111.0	945957.5	952421.5	948915.0	935070.5	929299.0	933628.5	928395.5	924006.0	928596.0	909868.5	866604.0	816907.5	779088.0	739055.5	685493.0	628617.0	587230.5	549849.0	499394.0	455504.5	426353.0	399163.5	362933.5	330655.0	309358.5	291622.5	268784.5	246329.5	231619.5	213802.0	190755.0	166253.0	147885.5	131590.0	108300.0	85656.5	71107.0	58549.5	42296.0	29810.5	22245.0	17221.0	11645.0	7452.0	5250.5	3708.5	2285.0	1417.5	998.5	713.0	431.0	212.5	93.0
MCW_CT_ROA_108_R2_trim	39.0	30.5	21.5	20.5	20.0	20.0	20.5	21.5	22.0	21.5	20.5	20.0	20.0	21.0	25.0	33.5	39.0	61.5	115.5	252.5	422.5	712.0	1402.5	2819.0	4299.5	6647.0	11423.0	18819.5	25844.0	35823.0	53504.5	78252.0	99878.5	126757.5	175661.0	236016.0	279839.5	328498.0	407641.0	501133.0	565319.5	619538.5	714015.5	802068.0	849091.5	879705.5	914616.0	944106.5	958414.5	963936.0	963240.5	954917.5	950484.0	955400.5	950845.0	946941.5	951886.5	932877.0	889174.0	837428.0	797848.0	757695.0	701312.5	640389.5	597286.5	559133.0	505344.0	457108.5	425992.5	394798.5	354730.0	319220.0	294934.0	271958.0	242180.5	214532.0	195808.5	177302.0	152688.5	128757.0	112393.0	98246.0	79794.5	62786.5	51255.5	41734.5	30320.5	21532.0	15960.5	12143.5	8299.5	5492.5	3963.0	2867.5	1897.0	1243.5	944.5	755.5	500.5	251.0	129.0
MCW_CT_ROA_109_R1_trim	12.0	12.0	12.0	12.0	12.0	12.0	12.0	12.0	12.5	13.0	13.0	13.5	14.0	15.5	17.5	19.0	20.5	29.0	66.5	148.0	225.0	376.5	759.5	1574.0	2317.0	3454.0	6024.5	9742.5	12657.5	17447.5	26776.5	40439.0	51874.5	66925.5	96542.0	133491.5	158194.5	187096.0	239906.0	305514.0	349512.5	387717.0	466073.0	546385.5	587949.0	609393.0	638597.5	665702.0	677989.5	688776.5	690688.5	679975.0	677492.0	687200.5	684738.5	681802.0	688858.5	671903.5	639817.5	605333.5	579130.0	554059.0	517551.0	479679.5	455348.5	431923.5	396363.0	363153.5	340659.0	319104.5	292201.5	268297.0	251730.5	236592.0	215218.5	196356.5	184444.5	169782.5	151902.5	134657.0	121368.5	108779.5	90152.5	71906.0	60624.5	49796.5	35933.0	25674.0	19364.0	15012.0	10064.5	6558.5	4788.0	3549.5	2211.0	1324.0	941.5	724.5	456.5	226.5	117.0
MCW_CT_ROA_109_R2_trim	16.0	14.5	13.0	12.5	12.0	13.0	13.0	12.0	12.0	12.0	12.0	12.0	12.0	14.5	17.5	19.5	21.5	34.5	91.5	182.5	249.0	437.5	865.0	1743.0	2544.0	3785.5	6555.5	10563.0	13662.0	18586.0	28162.5	41960.0	53462.0	68669.0	98675.0	136711.0	162251.0	190717.5	242888.5	309927.0	355574.5	393365.0	472423.5	548246.0	584458.5	609882.0	641782.5	671036.5	686321.5	693911.0	695912.5	689901.5	688644.5	699857.5	697858.0	694575.5	702886.5	684814.5	648990.5	615482.5	593029.0	567149.5	530602.5	492416.0	465840.5	440879.5	402562.5	366874.0	343866.0	320565.5	289867.5	263221.0	245758.0	227857.5	202974.0	180612.5	166139.0	151252.0	131151.5	112567.0	100035.5	87424.5	70280.0	55064.5	45355.5	36938.5	26667.5	19112.0	14293.5	10928.5	7551.0	4987.0	3530.0	2608.0	1711.5	1070.0	811.0	652.0	459.5	273.0	172.0
MCW_CT_ROA_111_R1_trim	10.0	10.5	10.5	10.0	10.0	10.0	11.0	12.5	13.0	12.5	12.5	14.0	15.5	18.0	28.0	53.5	79.0	136.0	262.0	523.0	784.0	1300.0	2440.5	4538.0	6169.0	8448.0	13556.0	20819.5	25738.5	33006.0	47385.0	66452.0	79622.5	96860.0	131156.5	169578.0	191671.0	216577.5	264476.5	320435.5	353727.5	381169.0	438211.5	495579.0	524062.0	531958.5	543179.0	557236.0	564531.0	562576.0	551038.0	535286.0	528346.0	530116.5	525364.0	521102.5	522949.0	508878.5	480111.0	448583.5	429434.5	410592.0	378720.5	346257.0	327744.0	312258.0	285027.0	259502.0	245308.5	233293.5	212538.0	194412.5	185379.5	175125.0	161708.0	149062.5	139806.0	132922.0	121345.5	107880.5	99488.0	89446.5	74023.5	59117.5	49947.0	41637.0	29588.0	20628.0	15837.5	12390.0	7961.0	4862.5	3477.0	2588.0	1509.5	876.5	650.5	493.0	286.0	137.0	73.0
MCW_CT_ROA_111_R2_trim	24.0	19.5	12.5	10.0	10.0	9.5	9.0	10.0	11.0	10.0	9.5	13.5	17.0	21.0	31.5	57.5	85.0	149.5	314.0	631.0	903.0	1464.5	2729.0	5019.0	6780.0	9272.0	14988.0	22712.0	27768.0	35483.5	50514.0	69730.5	82787.0	100208.5	134711.0	173612.0	196223.5	221873.5	269775.0	326252.0	361134.5	387683.0	443796.5	497534.5	522651.5	533740.0	549149.5	565722.0	574040.5	572875.5	564045.5	550099.0	542977.5	546630.5	541779.5	535586.5	537822.5	523310.5	493187.0	462571.5	444734.0	425740.0	393141.5	359036.5	339083.0	321308.5	291517.0	263504.5	247628.5	232055.5	207685.0	186665.0	174833.5	163386.0	145257.0	128074.5	117860.0	108290.0	93613.0	79251.0	70268.5	61876.5	49560.5	38671.0	32152.0	26334.0	18568.5	13096.0	10038.5	7786.5	5170.5	3329.5	2478.5	1909.5	1247.5	817.5	632.5	493.0	313.5	163.5	86.0
MCW_CT_ROA_112_R1_trim	8.0	8.0	8.0	8.0	8.0	8.0	8.5	9.0	9.0	9.0	9.5	10.0	12.0	16.0	24.0	50.0	77.0	140.0	316.0	709.0	1046.0	1602.5	3087.5	5807.0	7812.5	10684.0	17282.5	26526.5	32751.0	41702.5	59327.5	82319.5	97871.0	116425.0	153963.5	196728.5	221720.0	247345.0	295449.5	349495.0	382015.0	409668.5	461861.5	513385.0	540770.5	550214.5	562155.0	573796.0	579373.0	581918.0	576700.5	564699.0	559951.0	561171.5	556895.0	556573.5	561112.0	550767.0	527097.5	497367.5	477251.5	457304.0	423565.5	389550.5	369774.5	350522.5	320282.0	293504.5	277313.0	261166.0	238534.0	218391.5	205505.0	195594.0	179445.5	164572.5	156425.5	145612.5	132094.5	118480.0	107944.0	98637.5	82957.0	66410.0	56609.0	47173.5	33633.5	23422.5	17959.5	14465.5	9628.0	6083.5	4502.0	3371.0	2038.5	1242.5	923.0	711.0	430.0	209.0	107.0
MCW_CT_ROA_112_R2_trim	13.0	11.5	9.0	8.0	8.0	8.0	8.0	8.0	8.0	8.0	9.5	11.0	11.5	15.5	30.0	77.0	116.0	221.0	470.5	931.5	1319.0	1955.0	3671.0	6638.0	8767.5	12172.5	19241.0	28689.0	35160.0	44261.5	62112.5	84903.0	100250.0	119059.0	156461.0	198472.5	223125.0	249970.5	297597.0	351824.0	386147.5	413244.0	465619.0	514979.5	539379.0	551120.0	566970.0	581980.5	589744.0	590026.5	585517.5	579354.5	576988.5	579568.0	576560.5	575472.0	579472.0	568616.0	543521.0	514407.0	495685.0	474004.0	438288.0	401906.5	379978.0	360281.5	327834.5	297923.5	280379.0	262735.0	235695.5	211550.5	197389.5	184023.0	164137.0	145276.0	133659.0	123096.5	106760.0	90669.0	80859.0	71336.0	57566.0	45122.0	37277.5	30527.0	21634.0	15229.5	11653.0	9094.0	6055.0	3910.0	2841.5	2152.0	1387.0	922.0	740.5	595.0	395.0	213.0	129.0
MCW_CT_ROA_113_R1_trim	78.0	78.5	78.5	78.0	78.0	78.0	78.0	78.0	78.0	78.0	78.0	78.0	78.0	78.5	83.0	92.0	103.5	153.5	237.0	438.5	681.0	1181.5	2327.5	4572.5	6590.0	9727.5	15875.0	25013.5	32504.0	40447.5	56075.0	77823.0	93602.0	113881.0	159581.5	210497.5	237297.5	267882.0	328338.5	401455.5	447434.0	486810.0	554290.5	618995.5	654133.0	658210.5	664679.5	679227.0	682027.0	676320.5	660212.5	632336.0	613309.0	605682.0	585146.0	571539.0	570950.0	543828.0	503242.5	467698.0	441783.0	413034.0	373726.0	336731.5	313421.5	290428.0	257817.0	230744.0	214272.5	198681.0	178119.0	160107.5	147876.5	137893.0	124729.5	113132.0	105930.5	97329.0	87053.0	77190.0	69563.0	62838.0	52613.0	42233.5	35942.5	30055.0	21714.5	15226.5	11455.0	8985.5	6104.0	3951.0	2898.5	2157.0	1355.0	849.5	588.0	419.0	251.5	159.5	126.0
MCW_CT_ROA_113_R2_trim	80.0	78.5	77.0	77.0	77.0	77.0	77.0	77.5	78.0	77.5	77.0	77.0	77.0	79.0	86.5	102.0	118.5	162.5	249.5	475.5	733.5	1287.0	2571.0	4883.5	6905.5	10070.0	16605.5	25932.0	33172.5	41882.0	58277.5	79340.5	94552.5	114993.5	160661.0	210730.0	236832.5	268404.0	328948.5	402812.5	450479.0	488235.5	557059.0	618440.0	647456.0	653654.0	665325.0	684427.5	688734.0	679074.5	660851.5	636178.5	618677.5	612714.0	593005.5	577836.0	576199.5	550813.5	510542.5	473746.0	447862.0	419798.5	381788.5	343708.0	318208.5	295813.0	263514.5	235094.0	217937.5	201229.0	178438.5	158285.0	145061.5	133533.0	118627.0	105160.5	96356.5	87443.0	75392.5	64607.0	57431.0	50346.0	41005.5	32653.0	27296.0	22563.5	16360.0	11788.0	8989.5	6895.0	4720.5	3216.5	2459.5	1932.0	1342.0	893.5	673.0	570.0	430.5	279.0	208.0
MCW_CT_ROA_114_R1_trim	39.0	39.0	39.0	39.0	39.0	39.0	39.0	40.0	41.0	41.5	44.0	54.5	63.0	79.0	123.0	230.5	305.5	534.0	1133.5	2241.5	3074.0	4438.5	7760.0	13000.5	16736.5	22213.5	33732.5	48974.5	58621.5	67086.0	86264.0	111952.0	128043.0	145950.0	187195.0	228051.0	245948.0	269398.5	315054.0	365454.5	393613.5	410972.0	443679.0	474171.0	489215.5	482333.0	471857.0	469802.0	467341.5	457533.0	435558.5	407735.0	392181.0	388441.5	372923.5	357962.5	354693.0	339026.5	312176.0	285413.5	267216.5	247580.0	219040.0	194232.0	179412.5	165186.5	145992.0	129829.5	119553.5	110378.0	98394.5	88572.0	82406.0	77395.5	69520.0	62878.0	59247.5	54449.0	48907.5	43784.5	39820.0	36288.0	30314.5	24181.5	20716.0	16990.5	12113.0	8587.0	6472.0	5186.0	3394.5	2054.5	1477.0	1115.0	722.0	453.0	276.5	200.5	138.0	90.0	62.0
MCW_CT_ROA_114_R2_trim	39.0	39.0	38.5	38.5	39.0	38.5	38.0	38.0	38.0	39.5	48.5	69.0	82.5	98.5	171.5	383.5	537.5	808.5	1593.0	3013.5	3992.5	5578.5	9439.0	15142.5	19051.0	25111.5	36946.0	51913.5	61602.5	70549.5	90383.5	113940.0	127648.5	146686.5	186849.5	224720.0	241887.5	266927.0	312000.0	363020.0	394056.0	410148.5	441955.0	470243.0	482512.0	478203.0	471297.5	469728.0	466986.0	458077.5	436181.0	410951.5	398459.0	394750.5	379647.0	364495.5	360956.5	346561.5	319383.0	290487.5	271599.0	253780.0	226581.0	199497.5	182844.5	169324.0	150121.5	132648.0	121812.5	113052.0	99628.0	87558.5	80853.0	74340.5	65383.0	57671.5	52806.5	48184.5	41273.5	34936.5	31302.0	27485.5	21959.5	17043.5	14142.0	11772.0	8462.0	5946.0	4544.0	3531.0	2278.0	1410.5	1035.0	847.5	603.5	383.0	267.5	216.0	150.0	82.0	54.0
MCW_CT_ROA_115_R1_trim	16.0	16.0	16.0	16.0	16.0	16.5	19.0	24.0	27.5	32.5	69.0	147.5	195.0	277.5	590.0	1314.0	1850.5	2716.0	5196.0	9350.5	12113.5	16165.0	25241.5	38485.5	47191.0	57760.5	79947.0	108742.5	126806.0	143429.5	177436.0	217151.5	240245.5	264906.0	316056.0	363924.0	386223.0	414698.5	462399.0	507937.0	534730.0	550336.5	573758.5	595715.5	608535.5	599336.0	581520.5	570526.0	564866.0	548645.0	516871.0	483954.0	466670.0	459545.0	440536.5	425997.0	422245.5	403567.0	369555.5	335637.5	314122.5	289368.0	252630.0	220466.5	201239.5	184285.0	159513.5	138250.0	125457.5	114324.0	100030.5	88347.5	81039.0	74759.0	66174.0	59241.0	55434.0	50727.0	44909.5	39940.5	36137.0	32721.5	27599.0	22345.5	19209.5	16053.0	11727.5	8340.0	6282.0	4981.0	3419.0	2201.0	1580.0	1171.0	728.0	447.0	301.5	216.5	132.5	70.5	50.0
MCW_CT_ROA_115_R2_trim	22.0	19.5	17.0	16.5	16.0	16.0	19.0	32.0	43.0	60.0	102.5	206.5	288.0	465.5	989.0	1986.0	2680.0	3818.0	6682.5	11385.5	14517.0	18966.0	28965.5	42770.0	51564.0	63030.5	85773.0	113670.5	131256.5	147963.5	181570.0	219875.0	242062.5	265771.5	315696.0	362804.5	384383.5	411007.5	457585.0	504856.5	532877.5	547048.0	570810.0	590505.0	599832.5	592758.0	578308.5	569251.5	564072.5	549074.0	517616.0	487377.5	473037.0	464959.5	444212.5	428668.0	425075.5	407597.0	373798.0	337906.5	315438.0	292914.0	257482.5	224667.5	205333.5	187429.0	161826.5	140413.0	127557.0	115877.0	100487.0	87521.5	79444.0	72572.0	63545.5	55475.5	50404.0	45700.5	39374.0	33940.5	30141.5	26429.0	21362.0	16813.0	14081.5	11652.0	8617.5	6303.5	4769.0	3638.0	2499.0	1712.5	1264.0	932.0	616.5	415.0	306.0	237.0	158.0	87.0	55.0
MCW_CT_ROA_116_R1_trim	39.0	39.0	39.0	39.0	39.0	39.0	39.0	39.0	39.0	39.0	40.0	40.0	39.0	40.5	45.5	70.0	91.5	148.0	274.5	536.0	755.0	1122.5	2190.0	4407.0	6059.5	8529.0	14234.5	23340.0	29671.5	35388.0	49081.5	69196.0	81822.5	97627.5	138764.0	180525.0	197297.0	224260.5	279297.0	347713.5	390144.5	419943.5	478472.0	540556.5	574553.5	572354.0	573661.5	587764.5	592628.5	584459.0	559865.0	529052.0	515362.0	514983.0	498760.5	485541.5	487317.5	463248.5	424215.5	391865.5	371200.0	348518.0	315900.0	286805.5	269876.0	254319.0	229154.5	207035.0	194499.5	181337.5	163294.0	148273.0	138903.5	130902.5	118313.0	107603.0	102021.5	95050.5	86078.5	76791.0	69700.0	64125.5	54133.5	42979.0	36502.5	30709.0	22280.0	15690.5	12047.0	9533.5	6319.5	3960.0	2844.5	2212.5	1358.0	803.0	575.5	443.0	298.0	181.5	122.0
MCW_CT_ROA_116_R2_trim	44.0	42.5	41.0	40.5	40.0	40.0	40.5	40.5	40.0	40.0	40.5	41.0	41.0	45.0	56.0	85.5	108.5	157.5	324.5	668.5	918.0	1325.5	2588.0	5071.0	6839.5	9630.5	15914.0	25357.5	31821.0	38207.0	52360.0	71408.5	83171.0	99635.5	140578.5	181636.0	198645.0	226076.0	279045.0	348541.5	394658.0	423458.5	483589.0	541036.0	568244.0	568876.0	575609.0	594504.5	601240.0	589219.5	561543.5	533201.0	521197.0	522768.0	506656.0	491826.5	494146.5	472146.0	433707.0	400247.0	379708.5	359376.0	327894.5	296769.5	278382.0	261986.5	235723.0	211853.0	197916.0	183923.0	162816.0	144847.5	134641.5	124921.5	110258.5	96979.5	89427.5	82391.0	71386.5	60249.0	53301.0	47414.5	38569.5	30086.0	24911.0	20528.0	14763.5	10612.5	8130.0	6499.0	4502.5	2895.5	2160.0	1733.5	1178.0	781.5	614.0	501.5	344.5	219.5	178.0
MCW_CT_ROA_117_R1_trim	114.0	114.0	114.0	114.0	114.0	114.0	114.5	116.0	117.0	120.0	123.0	130.5	137.0	156.5	236.0	370.0	460.5	696.0	1194.0	2169.0	2896.5	3961.0	6781.0	11281.5	14201.5	18429.5	27927.0	41184.5	49578.0	57341.0	75083.0	98017.0	111774.0	128721.5	167964.0	204374.0	218874.0	242868.0	287332.5	337882.0	369129.5	389369.5	423677.0	458884.5	480373.0	474373.0	463205.5	459806.0	457540.5	449954.0	427478.0	399020.0	384946.5	380330.0	364241.0	351135.0	348543.0	328067.0	296056.5	268443.0	251675.0	233740.5	206857.5	183300.5	170000.5	159376.5	141298.5	125961.0	117905.0	109970.0	98545.0	88515.5	82620.0	78031.5	70815.0	64412.5	60577.5	56116.0	50400.0	44480.5	39975.0	36343.5	30534.0	24283.5	20509.5	17195.5	12586.5	9022.5	6966.0	5533.0	3717.5	2326.0	1686.0	1326.5	823.0	479.5	348.0	252.5	166.5	125.0	118.0
MCW_CT_ROA_117_R2_trim	114.0	113.5	113.5	113.5	113.0	113.0	113.5	115.5	117.0	117.0	127.0	159.5	183.0	216.0	303.5	532.0	714.5	1015.0	1776.0	3078.0	3950.0	5301.0	8733.0	13917.0	17217.5	21782.5	32032.5	45894.0	54471.5	62587.0	80343.0	102093.0	114956.0	131523.5	170564.5	204660.5	216867.5	241850.5	286602.5	336523.5	368032.0	387419.5	424244.5	457472.0	473383.0	468105.5	461355.5	462869.0	461666.0	449977.0	424223.0	399379.0	387852.0	383290.0	366229.0	351528.0	348662.5	330202.5	299574.0	271281.0	254322.0	238616.5	213185.0	188731.5	175392.5	164006.5	145089.0	128825.0	120159.5	112153.0	99485.0	88047.5	81371.5	75449.5	67058.5	59398.0	54446.5	49853.0	43603.5	37446.0	33191.0	29083.5	23261.0	18204.0	15076.5	12544.0	9331.0	6778.5	5150.5	3998.5	2741.0	1849.0	1422.0	1138.5	771.0	474.5	357.5	291.0	215.5	144.0	107.0
MCW_CT_ROA_118_R1_trim	49.0	49.0	49.5	49.5	49.0	49.0	49.0	49.0	49.0	49.0	50.0	52.0	55.0	62.5	92.5	143.5	175.0	278.5	566.0	1138.5	1578.0	2279.0	4043.0	7237.5	9577.5	12898.0	20461.0	31698.5	39377.0	46012.5	61631.0	83579.0	97365.0	114264.5	156728.5	199553.0	216992.5	242474.0	295520.0	360243.0	398645.5	424960.0	473358.5	523597.0	553183.5	549552.5	543829.5	554031.5	559395.5	548397.0	522610.0	491568.5	476153.0	473957.5	455430.5	440738.5	441406.5	418962.5	382191.5	350097.5	329687.5	308439.0	276813.5	246916.5	229821.5	214846.5	190686.5	169926.0	158540.5	148186.5	132299.5	118416.0	110484.0	103013.0	93069.5	84105.5	77971.5	73631.5	66919.0	59246.5	54567.0	49079.5	41105.5	33211.0	27941.5	23303.0	16610.0	11528.0	8927.5	7147.0	4796.0	3008.0	2099.5	1560.0	966.0	583.0	412.5	319.5	205.0	117.5	90.0
MCW_CT_ROA_118_R2_trim	57.0	54.5	51.0	49.5	49.0	49.0	49.0	49.5	50.0	50.0	51.0	56.0	61.5	70.0	107.0	194.5	258.0	402.5	768.0	1456.0	1984.5	2841.0	4945.0	8484.5	10954.0	14591.5	22844.5	34545.0	42289.0	49813.0	66024.5	86962.5	100132.5	117681.0	159363.5	198692.0	214256.0	243798.0	298030.0	362246.0	403076.0	427103.5	476863.0	522955.0	544398.0	544404.5	545745.5	558378.5	563574.0	551874.5	525606.5	497746.5	484271.0	480914.0	462855.5	447787.0	446864.5	425522.5	389603.5	356884.0	336024.0	315310.0	284946.5	255394.0	237389.5	220879.0	195532.0	173466.5	160839.0	148797.0	130378.5	114197.5	104707.0	96182.0	84143.0	73188.5	66359.5	60551.0	52144.5	44241.0	39475.5	34811.0	27938.0	21741.5	17996.5	14926.5	10664.5	7435.0	5735.0	4564.5	3152.5	2016.5	1440.0	1134.0	800.0	549.5	421.0	319.0	213.5	159.5	131.0
MCW_CT_ROA_119_R1_trim	32.0	32.0	32.0	32.0	32.0	32.0	32.5	33.0	33.0	33.5	33.5	33.5	34.0	34.5	38.5	53.0	71.5	97.5	181.5	341.5	475.5	779.5	1606.5	3424.5	4984.5	7060.5	11765.5	19674.0	25874.0	31846.5	44305.0	62200.0	74608.5	92375.5	134820.5	179180.0	199292.5	225713.0	283779.5	359532.5	405429.0	437206.0	499217.0	566275.0	604296.5	600859.5	598167.0	609875.5	613613.0	605505.0	576362.0	534858.0	513108.5	509708.0	486970.0	468264.5	468256.5	439477.5	395524.0	361719.0	339897.0	314609.0	281342.5	253231.0	237042.5	221001.0	195793.5	174671.0	162721.0	151318.0	135113.0	121812.0	113931.5	106106.5	95114.5	86184.0	81062.0	74712.0	66369.5	58737.5	53582.5	48874.5	40766.5	32402.5	27471.5	22633.0	16176.5	11502.0	8777.5	6892.0	4585.5	2932.5	2178.0	1668.0	1043.0	601.0	391.5	294.0	185.0	107.5	82.0
MCW_CT_ROA_119_R2_trim	36.0	33.5	30.5	30.0	30.0	30.0	30.5	31.0	31.0	31.5	31.5	32.0	33.0	33.5	38.5	58.0	78.0	112.5	216.5	437.0	625.0	987.0	1963.5	3862.5	5384.0	7931.5	13504.0	21601.5	27562.0	34551.0	47401.5	64440.0	76686.5	94076.5	135674.0	179312.0	199201.0	227837.5	284773.0	361047.0	410968.5	439920.0	501542.0	561802.0	590525.0	590654.0	594652.5	613573.0	621276.0	607341.0	574257.0	538595.0	521032.0	517969.5	494256.5	473518.5	472608.5	444309.0	400393.0	365856.5	343772.0	321087.5	290481.0	261402.0	243879.5	227927.0	201805.0	179302.5	167064.5	154170.0	135604.0	120043.0	111006.5	102662.0	90151.0	79131.0	72813.0	66253.0	56624.0	48177.5	43285.0	38370.5	31083.0	24376.0	20100.0	16432.5	11899.5	8623.0	6587.0	5038.0	3368.0	2280.0	1739.5	1365.5	943.5	649.0	522.5	412.0	265.0	150.5	100.0
MCW_CT_ROA_120_R1_trim	77.0	76.5	77.0	77.0	76.0	76.0	78.0	83.5	87.0	83.0	97.0	126.5	140.0	177.0	268.0	449.0	589.5	846.5	1492.5	2730.0	3612.5	4908.0	7945.0	12628.5	15699.5	19918.5	29771.5	42980.5	51193.0	59182.5	76562.5	98771.5	112094.0	128836.0	166130.5	199955.0	213636.0	235540.5	277613.0	325338.5	354239.0	373045.0	406410.0	439337.5	458546.5	454648.5	445792.0	446672.0	448620.5	439784.5	416747.0	390846.5	378529.5	376715.5	363357.5	349717.5	347186.0	331551.0	303568.0	276820.5	259475.0	243857.0	220980.0	198932.0	185575.0	173550.5	155956.0	140280.0	130835.0	123065.5	110536.0	99609.0	93518.0	89044.0	81653.0	74516.5	70881.0	65544.0	57829.5	50332.0	45394.0	40796.0	33579.0	26367.0	21945.5	18435.0	13551.5	9573.5	7248.0	5611.5	3784.0	2484.5	1804.0	1294.0	751.0	452.5	329.5	255.5	172.5	121.5	100.0
MCW_CT_ROA_120_R2_trim	78.0	74.5	70.5	71.5	73.0	72.5	74.5	81.5	86.0	90.0	118.5	160.0	178.5	261.5	402.0	695.0	938.5	1352.5	2308.0	3841.5	4870.5	6425.5	10222.0	15678.0	18992.0	23714.0	34917.5	49148.5	57489.5	65541.0	82757.5	104081.5	116804.0	132657.5	168021.0	200408.0	213799.5	237212.0	277414.0	323493.0	354521.0	374274.0	407585.5	435297.5	449864.5	449373.0	445615.0	448959.0	451799.5	441922.0	418020.5	394929.5	385072.0	382905.0	367522.5	353210.5	352021.0	336540.5	309378.0	283843.5	267020.5	250826.0	226464.5	203674.0	190047.5	177084.0	157413.5	140806.5	131751.0	122269.5	108155.5	96649.5	89693.5	82731.0	72945.0	63933.5	58351.5	53153.0	45885.0	39144.5	34687.0	30437.0	24622.0	19240.0	15636.0	12927.5	9531.0	6838.5	5167.0	3958.5	2713.0	1824.0	1388.5	1060.5	696.0	461.0	359.5	290.5	204.5	146.0	123.0
MCW_CT_ROA_121_R1_trim	64.0	64.0	64.0	64.0	64.0	64.0	64.0	64.0	64.0	64.5	64.5	64.0	65.0	76.5	93.5	132.5	173.0	241.0	426.0	823.0	1157.5	1796.5	3379.5	6738.0	9462.5	13447.0	22664.5	36818.0	46942.0	55084.5	74378.0	103554.0	122858.5	149508.0	217350.5	285647.0	313217.5	354588.5	446579.0	568370.0	642421.0	688706.5	783112.0	885302.0	941572.5	929561.5	916074.5	931542.5	934072.5	912756.0	853780.5	775679.0	733462.0	723077.5	675945.5	632696.0	626401.0	572415.5	493326.5	435143.5	398468.5	361023.0	314512.0	278421.5	258731.5	238581.0	207900.5	183220.5	169301.5	155830.0	138601.5	123559.5	113253.5	105185.5	94209.5	85139.0	80279.0	74135.0	65587.5	57536.5	52052.0	47127.5	39286.5	31199.0	26381.0	22085.5	15716.5	10830.0	8334.0	6602.5	4392.0	2809.5	2043.0	1562.0	990.5	608.5	443.5	317.5	183.5	111.5	78.0
MCW_CT_ROA_121_R2_trim	70.0	67.0	64.0	64.0	64.0	64.0	64.0	64.0	64.5	65.5	65.0	67.0	70.5	77.5	94.0	133.0	172.5	261.5	485.5	943.5	1329.0	2073.5	3857.5	7430.5	10313.5	14646.0	24142.5	38421.5	48691.5	57940.0	77409.5	104844.5	123362.5	150167.5	217490.5	286150.5	314994.5	358002.5	444083.5	566799.0	649351.0	691429.5	786860.0	878476.5	919264.5	913902.5	911901.5	936258.5	943198.5	913696.5	847420.0	776797.0	740737.5	729216.0	679404.5	635171.0	628826.0	574793.5	495508.5	438698.5	403754.0	369487.0	326498.0	288943.5	266730.0	246657.0	215808.5	189834.0	175332.5	160476.0	140157.5	123533.0	113252.5	103474.5	90604.5	79449.5	72817.5	66816.5	57725.5	48779.0	43204.5	38387.0	31213.0	24458.0	20366.5	16821.0	12069.5	8553.0	6613.0	5275.0	3638.5	2442.5	1853.5	1483.0	1071.0	733.0	548.5	453.5	337.0	215.0	144.0
MCW_CT_ROA_123_R1_trim	0.0	0.0	0.0	0.0	0.0	0.0	0.0	0.0	0.0	0.5	1.5	4.0	7.0	10.0	22.5	54.0	85.0	151.5	330.5	685.0	1066.0	1752.0	3226.5	5891.0	8346.0	12256.0	20197.0	31745.0	41312.5	53883.5	77270.0	107659.0	130283.0	156114.5	201870.5	254849.0	290244.0	327416.0	385954.0	443144.5	479723.0	516512.5	569143.5	616891.0	646494.5	670137.0	700635.0	721151.5	730892.0	737503.0	742615.5	746191.0	748387.5	744832.0	737038.5	725992.0	716397.5	700356.0	666632.0	619589.5	584583.0	547078.5	491196.5	434866.5	397477.0	362976.5	310933.0	265510.5	239176.5	215059.0	180785.0	152203.5	135643.0	120170.0	101147.5	85539.5	75846.0	68056.0	57419.5	47874.0	42378.5	37298.5	29952.5	23224.5	19084.0	15649.5	10669.0	7000.5	5237.0	3993.0	2469.5	1507.5	1083.0	781.0	476.0	275.0	192.0	143.0	84.5	46.5	32.0
MCW_CT_ROA_123_R2_trim	14.0	11.5	4.5	1.0	2.0	1.5	1.5	1.5	1.0	2.0	2.5	3.0	5.0	10.0	26.5	66.0	102.0	173.0	368.0	786.5	1210.0	1946.5	3568.5	6499.5	9127.5	13124.5	21447.5	33500.5	43271.5	56349.5	80230.0	110784.0	133713.0	159277.0	204489.0	256677.0	291524.5	328680.5	388053.0	446329.5	482619.5	517870.0	570973.0	618919.0	647059.5	672768.0	704144.0	725017.0	736081.5	743321.5	749929.5	752284.0	752802.0	749839.0	743186.5	732799.0	723186.5	706205.5	671148.0	623624.0	588707.0	549634.5	491401.5	434378.5	396883.5	361430.0	309148.5	263010.0	235312.5	210101.5	174911.0	145722.5	128441.0	112588.0	92512.0	76596.5	67258.5	58860.0	47590.5	38313.0	33069.5	28815.5	22863.5	17491.5	14171.0	11376.5	7781.0	5278.0	3932.0	3043.5	2049.5	1353.0	998.0	764.5	531.0	361.0	277.5	220.5	141.5	78.0	46.0
MCW_CT_ROA_124_R1_trim	0.0	0.0	0.0	0.0	0.0	0.5	0.5	0.5	1.0	0.5	0.0	1.5	3.0	3.5	8.5	25.0	40.5	84.0	201.5	415.0	578.0	911.0	1802.5	3387.5	4491.5	6200.0	10126.5	15863.0	19580.5	24366.5	34919.0	48038.5	55599.0	64979.5	83998.0	104743.0	116013.5	127587.5	149438.0	170991.0	182767.0	193550.0	212333.5	229062.5	237935.0	245494.5	256617.5	264213.0	267730.0	270049.0	271686.0	271628.5	272088.0	272214.5	271014.5	268640.0	267070.5	262400.5	250745.5	234454.0	224058.5	212199.5	190198.0	168319.5	156572.0	145445.5	125753.0	107779.5	98300.5	90026.5	76193.5	65090.5	59812.5	55077.0	47194.0	40545.5	37232.0	33929.5	29227.5	25561.5	23490.0	20379.0	15723.5	11998.0	9923.0	7995.0	5320.0	3534.0	2667.0	2074.5	1285.0	763.0	526.5	387.5	224.5	115.5	70.5	57.0	39.0	22.5	11.0
MCW_CT_ROA_124_R2_trim	4.0	4.0	2.0	0.0	0.0	0.0	0.0	0.0	0.0	0.5	2.5	3.0	2.0	5.0	18.0	55.5	84.5	136.5	290.0	631.0	896.5	1274.5	2312.5	4172.0	5433.5	7292.0	11578.5	17652.0	21506.5	26370.0	36920.0	49866.0	57357.5	66489.0	84771.0	104780.5	115833.5	127207.5	149083.0	170416.0	181563.0	191818.0	209834.5	226603.5	235883.5	243561.5	255182.0	262916.5	266253.0	268792.5	272153.0	273889.0	274691.0	275219.5	275536.0	273864.5	271791.5	267712.5	255887.5	238368.5	227266.0	215447.5	193266.5	170795.5	158893.5	146824.0	126088.5	107972.5	98429.5	89829.0	75934.0	64395.5	58485.0	53410.5	45037.5	38029.5	34521.5	31128.0	25650.5	20818.5	18216.5	15821.5	12187.5	8995.0	7167.0	5788.0	3961.0	2688.5	2009.0	1584.0	1030.5	633.0	458.5	346.0	234.0	160.0	122.0	105.0	73.5	36.0	16.0
MCW_CT_ROA_125_R1_trim	1.0	1.0	1.0	1.0	1.0	1.0	1.0	1.0	1.0	1.0	1.0	1.0	1.5	2.0	3.0	7.5	13.5	21.5	44.5	113.0	200.0	373.5	703.0	1362.0	2121.5	3386.5	5902.0	9806.0	13775.0	19358.5	28846.5	41802.0	53198.5	67060.0	91023.0	121284.0	143567.5	167383.5	208021.5	253625.0	284562.0	317081.5	366624.0	416699.0	449388.5	481065.5	527729.5	568784.5	592408.5	615526.5	647621.0	676594.0	695508.0	710288.0	730242.5	747795.5	755102.5	753815.5	744151.0	721004.0	701515.5	672092.5	625100.5	574525.0	539457.5	506257.5	454154.0	405796.0	377068.0	348869.5	306115.5	270328.0	250233.0	230518.0	202945.0	179476.0	165791.0	150628.5	130094.0	112081.0	100369.5	87803.5	69407.5	52841.0	42932.5	34583.0	23793.0	16356.5	12234.0	9306.0	5978.5	3721.0	2662.5	1965.0	1225.0	704.0	463.5	319.5	185.0	108.5	72.0
MCW_CT_ROA_125_R2_trim	10.0	6.5	2.5	1.5	1.0	1.0	1.0	1.0	1.0	1.5	2.0	1.5	1.5	2.0	3.0	8.0	15.0	27.5	58.5	131.5	217.0	397.5	791.5	1513.5	2262.0	3630.5	6232.0	10282.5	14404.0	19956.0	29780.5	43055.0	54374.5	68020.0	91845.0	122346.0	144930.5	168922.0	209083.0	254354.0	285614.5	318334.0	368158.5	419253.5	452984.0	485002.0	530986.0	572638.0	598013.5	620679.5	653481.5	684633.0	704307.5	720086.5	742177.5	760943.0	768030.5	766664.0	756725.5	730768.5	708935.0	680280.5	632689.5	580435.0	544843.5	510335.0	455467.0	404583.5	374807.5	345401.0	302806.0	266795.0	245092.5	223598.0	193858.5	168553.0	153453.0	138258.0	116742.0	96708.5	83969.5	72957.5	57500.5	43428.0	34684.0	27701.5	19279.5	13381.5	9895.0	7528.0	5033.0	3201.5	2257.5	1687.0	1131.0	730.5	548.0	423.0	269.5	155.0	101.0
MCW_CT_ROA_126_R1_trim	0.0	0.0	0.0	0.0	0.0	0.5	0.5	0.0	0.0	0.5	0.5	0.0	0.0	0.0	0.5	1.5	7.5	16.5	28.0	61.0	122.0	198.5	352.0	714.0	1286.5	2109.0	3574.0	6208.5	9702.0	14445.0	21770.5	32502.5	44888.0	59372.0	81787.5	111917.5	139422.5	169688.5	211760.0	257896.5	295276.5	333921.0	382008.0	427213.0	460830.0	492647.0	528638.5	558765.0	579608.0	597692.0	616898.5	632158.0	640738.0	644243.5	646517.5	643797.0	635304.5	621905.5	598948.0	565205.0	533631.5	498419.5	453735.0	405470.0	364972.5	327944.5	285113.5	249804.0	223836.0	198144.5	170001.0	146101.5	129137.0	113682.5	96674.0	82911.5	73634.5	64050.0	53099.0	43412.5	36668.0	30970.0	24008.0	18113.5	14314.0	11229.5	7918.0	5560.0	4015.5	2930.0	1881.5	1169.0	836.5	582.0	360.5	204.0	122.0	83.5	52.0	30.0	23.0
MCW_CT_ROA_126_R2_trim	10.0	5.0	0.0	0.0	0.0	0.0	0.0	0.0	0.0	0.0	0.0	0.0	0.0	2.0	6.0	6.0	9.5	21.0	34.0	59.0	114.5	204.0	367.0	723.0	1293.5	2140.0	3641.0	6242.5	9668.5	14398.5	21764.5	32490.5	44877.5	59391.0	81771.5	112201.5	140070.0	170229.0	212539.0	259215.0	296811.5	335478.0	383776.0	429194.0	462784.5	494388.0	530646.0	561377.0	582578.5	600204.5	619709.0	635051.5	642819.0	647087.0	649758.5	646638.0	637964.0	624464.0	601657.5	566979.5	533974.5	497658.5	452369.0	403870.5	363080.0	326016.0	282745.5	247126.0	221176.5	195148.5	167131.0	143139.5	125600.5	109689.0	92401.5	78153.5	68038.5	58753.5	48219.0	38859.0	32558.0	27347.5	21310.5	16053.5	12429.5	9739.0	6960.0	4972.0	3611.0	2699.5	1868.0	1251.5	954.0	715.5	499.0	351.5	272.0	217.0	140.5	84.0	60.0
MCW_CT_ROA_127_R1_trim	0.0	0.0	0.0	0.0	0.0	0.0	0.0	0.0	0.0	0.5	0.5	3.5	7.0	10.5	24.5	65.5	101.5	183.5	411.0	849.0	1170.5	1804.0	3394.0	6152.0	8055.5	10847.0	17643.0	27011.0	32722.5	40193.0	56518.0	76543.0	88016.5	101785.0	129407.0	159475.5	176273.5	192990.0	224988.5	255801.5	271834.0	287865.0	314115.0	337317.5	350595.5	361251.5	376430.5	386973.5	392348.5	396412.5	400166.5	401059.5	401970.0	404437.0	404365.0	402701.5	402837.5	397729.5	383206.0	361764.5	348209.5	331879.0	301613.0	271371.0	254236.5	238591.5	211670.5	186778.5	173249.0	160238.5	139512.0	122939.5	114483.0	107137.5	94464.5	83716.5	78543.0	72222.0	63454.5	55805.5	50858.5	45341.5	36153.0	27338.0	22465.5	18446.0	12655.5	8507.0	6299.5	4839.0	3033.5	1816.0	1297.0	958.0	568.0	350.5	246.5	165.0	77.5	35.0	20.0
MCW_CT_ROA_127_R2_trim	6.0	4.0	1.0	0.0	0.0	0.5	1.0	1.5	2.0	2.5	3.5	7.0	10.5	18.5	37.0	95.0	150.5	268.5	587.5	1185.5	1606.5	2353.0	4393.0	7592.0	9641.5	12675.5	19655.0	29471.5	35632.0	43109.0	59224.5	78996.0	90460.0	103346.5	129874.0	159081.0	175234.0	192324.0	223282.0	253391.5	270373.0	285408.0	311911.0	336565.0	349841.0	360393.0	376233.5	388278.0	394370.0	400021.5	405737.0	408402.5	410709.5	413806.5	415236.0	414242.5	414251.5	410144.0	395500.0	372119.0	357308.0	339965.0	308473.0	277353.5	259919.5	242297.0	212808.5	186367.0	171791.0	158899.0	138170.0	120455.5	110981.0	102073.5	87698.5	75585.0	69221.5	62877.0	52942.5	43712.5	38337.0	33290.0	25644.5	19142.5	15520.0	12706.5	8781.5	5897.0	4295.5	3253.5	2137.0	1345.0	983.0	747.5	476.5	295.5	212.5	167.5	109.0	62.5	49.0
MCW_CT_ROA_130_R1_trim	0.0	0.0	0.0	0.0	0.0	0.0	0.0	0.0	0.0	0.5	1.5	3.5	8.0	16.5	40.5	102.0	160.0	308.0	695.0	1515.0	2154.0	3225.5	5854.0	10266.5	13306.0	17669.5	27844.0	41709.0	50215.0	61415.5	84902.0	113191.0	129815.5	149162.0	187071.5	227510.5	249690.5	271784.0	311275.5	346199.0	364337.5	382262.5	410839.5	432647.0	443303.0	452047.0	463085.5	466758.0	467346.5	466589.5	460605.5	453854.5	452337.0	448962.5	439258.0	429181.0	424031.0	414307.5	391212.5	359880.5	340110.0	318226.0	280289.5	244059.5	224256.5	206634.5	176832.5	150998.0	137647.0	125538.5	106407.5	91204.5	83218.0	76893.5	66651.5	57806.5	53545.0	49153.5	42689.0	37179.0	33893.0	30128.5	24138.0	18589.0	15396.0	12679.0	8790.5	6030.5	4623.0	3633.0	2307.0	1409.5	1028.5	803.0	500.0	263.5	160.0	122.5	69.5	35.0	28.0
MCW_CT_ROA_130_R2_trim	11.0	6.5	1.5	1.0	1.0	0.5	0.0	0.0	0.0	0.5	2.0	12.5	24.5	31.0	61.0	161.5	249.5	461.5	1005.0	2040.0	2796.0	4120.5	7376.5	12480.0	15869.0	20589.5	31748.0	46425.5	55157.0	66398.5	90045.5	118198.0	134602.0	153292.0	188941.0	227380.0	249064.0	270292.5	308778.5	343625.0	361789.0	378486.0	405871.0	427644.0	438250.5	447064.0	459372.5	464895.5	466297.0	465236.0	460868.5	456218.5	454770.5	452779.5	445851.5	435893.0	429703.0	421442.0	398663.0	365539.5	344858.5	322655.0	283908.5	246706.0	226344.0	208121.0	177791.0	151606.0	137881.0	125585.0	106074.0	90186.5	81631.5	74359.5	63536.5	54417.0	49501.0	44752.5	37657.0	31351.0	27592.0	24008.5	18665.5	14076.5	11435.5	9356.0	6562.0	4604.0	3540.0	2758.0	1847.0	1258.5	997.0	795.0	505.0	308.5	249.0	197.5	131.0	84.5	60.0
MCW_CT_ROA_132_R1_trim	0.0	0.0	0.0	0.5	1.0	0.5	0.0	0.0	0.0	0.5	1.5	3.0	4.5	13.5	44.0	117.5	177.0	306.5	691.5	1531.5	2202.0	3374.5	6317.5	11191.0	14465.5	19807.0	32233.0	49288.5	59959.0	73177.0	102060.5	137762.5	158545.0	181718.0	228075.5	278634.5	306750.0	334245.5	383693.5	428455.5	451989.0	471997.0	503177.0	527191.5	539366.5	548999.5	557282.5	557066.0	556813.5	552280.0	539062.5	523513.5	515177.5	506748.0	490106.5	469320.5	455462.0	439515.5	404233.5	360413.5	334319.0	308579.5	264476.0	223154.5	200809.0	181115.0	149878.0	124381.5	110890.0	99632.0	82268.0	68055.0	61015.5	54774.5	45971.5	39091.5	35236.0	31996.5	26948.5	22310.5	19714.5	17144.5	13212.5	9845.5	8033.5	6498.0	4283.5	2802.5	2116.0	1651.5	1007.5	604.5	445.0	321.5	183.5	100.5	62.0	46.5	28.0	14.5	7.0
MCW_CT_ROA_132_R2_trim	15.0	10.0	3.5	1.5	1.0	1.0	1.5	1.5	1.0	1.0	3.0	11.5	18.5	32.0	88.0	203.5	282.0	475.0	1054.5	2151.0	2926.0	4439.0	8109.5	14078.0	18120.0	23945.5	37328.5	55575.5	66826.5	80113.5	108875.5	143605.0	163743.0	186731.0	231934.5	280591.0	307840.0	334440.5	380220.5	422480.5	446330.5	466333.5	497045.0	520728.0	532780.5	542414.0	552872.0	555301.5	555713.5	552316.5	539679.5	524092.0	516537.5	509055.5	493132.0	473136.0	460007.5	443905.5	408634.5	364720.5	338200.0	311017.5	265990.0	225172.0	202722.0	182466.5	150362.0	124012.0	110173.0	98764.5	81183.5	66612.0	59118.5	52709.5	43250.0	35566.0	31514.5	27886.0	22564.5	18025.0	15478.0	13298.5	10112.5	7553.5	6139.5	4928.0	3298.0	2206.0	1675.0	1344.5	911.5	619.0	486.0	384.5	248.0	143.5	112.0	105.5	78.0	41.5	25.0
MCW_CT_ROA_133_R1_trim	7.0	6.0	5.0	5.0	5.0	5.0	5.0	5.0	5.0	5.0	5.0	5.0	5.0	8.5	13.0	25.0	37.0	71.5	186.0	417.5	594.5	953.5	1873.5	3515.0	4703.0	6581.0	11078.0	17726.0	22030.0	27960.0	41169.0	58301.0	68667.5	81570.0	107450.5	136565.0	153076.0	171079.5	205272.0	239812.0	258925.0	277281.5	309142.5	337499.5	352533.0	366725.0	386602.5	399202.5	405641.0	410921.0	415529.5	417137.5	419416.0	421123.5	420399.5	417378.0	415353.5	409263.5	391852.0	366309.0	350260.0	330071.0	294580.0	261565.0	243558.0	226432.5	195992.0	169713.5	156447.5	143382.0	122676.0	106524.5	98428.0	89772.5	77587.0	67851.0	62081.0	57440.5	50019.5	42565.0	38352.0	33923.5	27203.5	21006.5	17292.0	14073.0	9782.0	6793.5	5097.5	3865.5	2447.0	1538.0	1093.0	784.5	440.5	236.0	144.0	99.0	56.0	28.5	17.0
MCW_CT_ROA_133_R2_trim	16.0	11.0	5.5	5.0	5.0	5.0	6.0	6.5	6.0	5.5	5.5	6.5	7.0	9.0	19.5	44.5	63.0	106.0	262.0	568.5	785.5	1242.5	2415.0	4366.5	5698.5	7828.0	12936.0	20223.5	24864.0	30908.5	44197.5	61545.0	72083.5	84099.0	109278.0	138255.5	154491.5	172353.5	205756.0	239067.5	257450.0	275336.5	306647.0	334958.5	350261.0	364337.5	384339.5	399394.0	407995.5	412720.0	417926.0	421899.0	425377.5	426810.0	426261.5	424090.5	422287.0	415927.5	398263.5	371317.5	353772.5	335020.0	299665.5	264094.5	244927.0	227324.5	196873.5	170098.5	156006.0	142622.0	121136.0	103612.0	94395.0	85533.0	72708.0	62244.0	56375.0	50575.5	42078.5	34871.5	30875.5	26939.0	20980.5	15814.0	12851.0	10587.0	7559.5	5292.5	4004.5	3078.0	2015.5	1338.5	1044.0	806.5	539.0	352.5	279.5	220.5	136.5	78.0	52.0
MCW_CT_ROA_135_R1_trim	2.0	2.5	2.5	2.0	2.0	2.0	2.0	2.0	2.0	2.0	2.0	2.5	4.5	8.0	14.5	23.0	32.5	51.0	100.5	217.0	332.0	558.5	1092.5	2121.5	2942.0	4139.5	7163.0	11771.5	15130.0	19942.5	29723.5	42757.5	51355.5	62106.0	83271.0	108058.5	123063.5	138481.5	167496.5	196911.0	213199.5	229027.0	255386.5	279186.5	291946.0	303781.0	320335.5	331236.0	336781.5	340167.5	343493.0	345070.5	346316.0	346833.0	345242.5	341948.0	339738.5	333063.5	316662.0	294231.0	279561.0	263607.5	235590.5	208234.0	192773.0	177938.5	154503.0	133763.0	121933.5	112099.5	96505.5	83633.5	77172.5	72081.0	63493.0	55765.0	52047.0	47342.5	40485.5	34012.5	29807.0	25915.5	20151.0	15041.5	12111.0	9893.5	6787.5	4507.0	3326.0	2560.5	1595.5	962.0	702.0	511.0	307.0	169.5	104.0	74.5	40.5	23.5	19.0
MCW_CT_ROA_135_R2_trim	10.0	6.0	2.0	2.0	2.0	2.0	2.0	2.5	3.0	2.5	3.0	4.0	5.0	8.5	16.5	28.0	38.0	75.0	162.5	353.0	526.0	824.5	1580.0	2891.0	3845.5	5381.5	9019.0	14296.0	18002.0	22935.5	33080.0	46496.5	55278.5	65736.5	86134.5	109535.5	123568.0	139019.5	167548.5	196753.0	213452.5	229216.5	255156.5	278532.0	291092.0	302658.0	319951.0	332671.5	339036.5	343244.5	347715.5	349605.0	351021.0	352027.5	351695.0	348361.0	345188.0	339233.0	323550.0	300562.5	285142.5	268004.0	238274.5	209519.5	193380.5	178351.0	154256.5	132997.0	121087.0	110334.0	94133.0	80297.5	72575.5	66097.5	56214.5	47553.5	42856.5	38471.5	31850.0	25888.5	22295.0	19043.5	14649.0	10942.5	8720.0	6963.0	4760.0	3317.5	2534.0	1930.0	1256.5	805.0	567.5	418.0	291.0	194.5	135.5	113.5	76.5	47.0	37.0
MCW_CT_ROA_136_R1_trim	6.0	5.5	5.0	5.0	5.0	5.5	5.5	5.0	5.0	5.0	5.5	5.5	5.0	8.0	12.5	27.5	50.0	95.5	198.0	407.0	608.0	981.5	1891.5	3573.5	4916.0	6877.0	11456.0	18382.5	23496.5	30562.5	44723.5	63445.0	76033.0	91796.5	121397.5	155722.5	177007.0	200375.0	241793.5	283860.0	308734.5	332633.5	373022.5	410831.0	431527.5	449164.0	476138.5	496283.0	506340.0	514407.0	522328.0	527822.0	532985.5	536203.0	539660.5	539112.5	537227.0	531165.5	511121.0	478124.0	455458.5	432234.5	389129.5	344425.0	318749.5	294776.0	256703.0	222403.0	202442.5	184846.0	158515.5	137294.5	125604.5	115886.5	101535.0	89531.0	83147.0	75450.0	64829.5	55134.0	48777.0	42683.5	33732.0	25663.5	20928.0	17037.5	11760.5	7960.0	5977.0	4661.5	3062.5	1906.5	1321.0	943.5	539.0	282.0	170.0	109.0	51.0	21.0	10.0
MCW_CT_ROA_136_R2_trim	17.0	12.0	6.0	5.0	5.0	5.0	5.0	5.5	6.0	6.0	5.5	7.5	10.0	11.0	19.0	42.5	66.0	126.5	287.5	575.5	800.5	1258.5	2455.0	4487.5	5971.5	8265.5	13562.0	21235.0	26734.0	34151.5	48944.0	68163.0	80998.5	95992.5	124696.5	158268.0	179000.5	201294.0	242139.5	283597.5	307369.0	331227.0	371167.5	409275.5	430515.0	449230.0	477125.0	498133.5	509182.0	518744.0	528364.5	533708.0	538717.0	543970.0	549158.5	549583.5	548426.5	541132.0	519665.0	487026.0	465127.5	438963.0	392472.5	347177.0	321407.5	296348.5	255900.5	220830.0	201345.5	182907.5	155773.5	133186.0	120018.0	108071.5	92030.5	78964.5	71053.5	63342.0	53037.5	44185.0	38527.0	33362.0	26176.0	19826.5	15991.0	12927.0	9108.0	6369.0	4843.5	3809.5	2601.5	1738.5	1280.0	920.5	604.0	407.5	318.0	237.0	131.5	68.0	44.0
MCW_CT_ROA_138_R1_trim	2.0	2.0	2.0	2.0	2.0	2.0	2.5	2.5	2.0	2.0	4.0	7.5	9.5	16.5	44.5	116.0	167.5	289.5	647.0	1408.5	1983.5	2970.5	5563.5	10090.5	13255.5	18095.0	29320.5	44734.5	54527.5	67913.0	95344.5	128094.5	147689.0	170574.0	213992.5	260479.0	287305.5	313281.5	358905.5	400028.0	422078.5	440205.5	466448.0	485903.5	496401.5	503095.0	509023.0	509245.5	508787.5	506192.0	495686.0	483413.5	478592.5	472340.0	458564.0	443724.5	435270.5	423447.5	396384.5	361418.0	339419.5	316774.0	277070.5	238722.5	217499.0	199659.5	170525.5	145579.5	132151.5	119672.5	101134.0	86894.5	79428.0	72532.5	63105.0	55019.5	50182.0	45654.0	39670.0	34635.0	31240.5	27420.0	22023.0	17171.5	14212.0	11634.0	8232.0	5776.5	4309.5	3370.5	2282.0	1451.5	1024.5	725.0	439.0	252.0	159.0	118.0	72.5	41.5	27.0
MCW_CT_ROA_138_R2_trim	6.0	5.0	3.5	2.5	2.0	2.0	2.0	2.0	2.0	3.0	4.5	10.0	15.5	30.5	79.0	197.5	285.5	477.5	1053.5	2214.5	3054.5	4372.5	7850.5	13296.5	16824.5	22411.5	34897.5	51255.0	61476.0	74821.5	101790.5	133918.0	153303.0	174585.5	216036.5	260144.0	284882.5	310907.0	355098.5	394259.5	415963.5	434314.5	460547.5	479475.5	489703.5	498006.0	505820.0	506936.5	506876.0	503611.5	494616.0	484700.5	480267.0	475832.5	464770.5	450948.5	442279.0	430081.0	402252.5	366514.0	344054.0	320074.0	279655.5	241724.0	220502.0	201760.0	171604.0	145558.0	131198.5	119124.5	100930.5	85899.0	77703.5	70455.5	60269.5	51628.0	46689.0	41968.5	35165.5	29180.5	25529.0	22070.0	17381.0	13321.5	10823.0	8882.5	6375.0	4539.5	3430.0	2633.0	1798.0	1192.5	865.0	672.0	464.5	299.5	225.0	173.0	114.0	68.0	46.0
MCW_CT_ROA_139_R1_trim	1.0	1.0	1.0	1.0	1.0	1.0	1.0	1.5	2.0	2.0	2.0	1.5	1.5	5.0	13.0	32.5	49.0	76.5	160.0	343.0	527.5	919.0	1775.0	3286.5	4515.0	6444.0	10777.0	17152.0	22016.0	28559.5	41368.5	58629.0	70705.5	85207.0	112438.5	144077.0	164182.5	186999.5	226996.5	268605.0	294035.0	317504.5	357398.5	395012.0	416622.5	437163.0	465663.0	487678.0	500933.5	511560.0	521254.5	528979.5	536845.0	542872.5	547062.5	547594.0	547296.0	542723.0	526471.5	500112.5	481542.5	457689.5	416957.5	376066.5	350745.5	327233.5	289848.5	255627.5	235153.0	215707.0	188325.5	165512.5	151285.5	139007.5	122476.5	107877.5	99091.5	89629.5	77368.0	67247.0	60854.5	53608.0	42865.5	33383.5	27544.5	22088.5	15407.5	10869.5	8260.0	6312.0	4106.0	2567.0	1839.5	1289.5	761.0	450.0	293.5	189.0	98.0	65.0	47.0
MCW_CT_ROA_139_R2_trim	12.0	7.5	2.5	1.5	1.0	1.5	1.5	1.0	1.0	1.5	2.0	2.0	2.5	5.0	15.0	38.0	54.0	86.0	203.0	432.0	627.0	1015.0	2026.5	3811.5	5143.0	7135.0	11690.0	18387.0	23448.0	30228.5	43316.0	60503.5	72442.5	86666.0	113803.0	145585.0	165687.5	188054.0	227359.0	267852.5	292552.0	317068.5	356908.5	394887.0	417974.5	437654.0	466452.0	490090.5	503556.0	514557.5	526907.5	536527.0	544182.5	550127.5	554949.5	557175.5	557704.5	552757.0	535244.0	507049.5	487589.5	463703.5	421818.0	379524.0	353686.0	329334.0	289708.5	254279.5	234397.0	214109.5	185606.0	162301.5	147593.0	134082.5	116121.0	100599.0	91247.5	81821.5	68591.0	57017.5	50095.5	43574.5	34212.5	26126.0	21169.0	16838.0	11882.5	8441.0	6270.0	4713.0	3103.5	1953.0	1357.5	990.5	655.0	434.5	346.0	244.5	138.5	85.5	63.0
MCW_CT_ROA_140_R1_trim	2.0	2.0	2.0	2.0	2.0	2.5	2.5	2.0	2.0	2.5	3.5	5.0	6.5	15.0	37.0	85.0	122.5	220.5	515.0	1093.0	1505.5	2255.0	4305.0	7672.0	9865.0	13188.5	20830.0	31598.0	38326.5	46784.0	64945.5	87091.5	99932.0	114807.5	144467.5	175977.5	192881.0	211438.0	244536.5	274476.5	290311.0	305288.5	329974.0	350531.0	361297.0	370426.0	382484.0	389187.5	392777.0	393908.5	391989.5	389224.5	388940.0	388060.5	384509.5	379758.5	376965.5	370047.5	351732.0	326836.5	311821.0	294351.0	263242.0	232796.5	216203.0	200641.5	174426.0	150773.0	137869.0	127183.5	109224.0	94606.0	87345.0	81231.0	70900.0	62009.0	57707.5	52745.0	45898.5	40478.0	37188.5	32748.5	25817.0	19747.5	16331.5	13442.5	9374.0	6418.5	4803.0	3712.0	2339.5	1441.0	1048.5	783.5	432.0	229.5	169.5	129.5	72.5	39.0	26.0
MCW_CT_ROA_140_R2_trim	10.0	6.0	2.0	2.0	2.0	2.0	2.0	2.0	2.0	5.5	10.0	10.5	10.5	28.5	71.5	151.0	211.0	342.5	684.5	1408.5	1946.5	2790.5	5088.5	8799.5	11172.5	14650.0	22738.0	33926.0	40760.0	49067.0	66614.0	88105.5	100799.5	115375.0	144566.0	175184.5	191398.0	209022.0	241422.5	271985.0	288464.5	303219.0	328157.0	349091.0	359562.5	368582.5	381152.5	389589.0	394234.5	396207.0	397226.0	397330.0	397953.5	397720.5	395375.0	390840.5	387493.0	379872.0	360531.5	334572.5	318902.5	300773.0	268187.5	236509.5	219480.5	203323.5	175259.5	151112.0	138747.0	127476.0	108562.0	92550.0	84453.0	77017.0	65370.5	55581.0	50390.0	45354.5	37694.5	30988.0	27109.0	23469.5	18103.5	13441.5	10686.5	8645.5	6025.5	4179.5	3102.0	2338.0	1482.5	943.0	702.0	535.0	344.5	222.5	174.0	129.5	67.0	36.5	26.0
MCW_CT_ROA_141_R1_trim	26.0	26.0	26.0	26.0	26.0	26.0	26.5	27.5	28.0	29.0	34.0	46.5	58.0	96.0	202.0	393.0	527.5	919.5	1961.0	3903.0	5318.0	7552.0	13192.0	22140.0	28102.5	36692.5	55001.0	78757.0	94064.0	112898.5	150298.5	193104.0	218502.0	246357.5	298090.0	351571.0	382425.0	411867.5	460647.0	503196.5	526790.0	545856.5	570913.5	587241.0	596275.0	603781.0	607270.5	603286.0	601804.0	596858.0	581808.5	566829.0	560062.0	549008.5	530054.0	511555.5	498749.5	481183.5	445641.0	402785.0	375221.5	346820.5	300880.0	256347.5	229851.5	207903.0	175104.5	147164.0	130749.0	115790.0	96096.0	80660.5	71493.0	64309.0	54652.5	46140.0	41212.0	36751.0	30897.5	26108.0	23226.5	20153.5	15615.0	11777.0	9746.0	7961.5	5448.0	3690.5	2748.5	2131.5	1387.5	834.5	578.5	418.5	247.5	155.5	121.5	90.5	56.5	41.5	36.0
MCW_CT_ROA_141_R2_trim	35.0	32.0	28.5	28.0	28.0	27.5	28.5	30.5	31.5	32.0	43.5	75.5	99.5	157.0	313.5	633.5	860.0	1358.5	2765.5	5180.0	6828.0	9519.0	16059.5	25971.5	32353.0	40915.0	59999.5	84433.5	99736.5	118814.5	155069.0	196060.5	220998.5	247348.5	297351.5	350283.0	380768.0	408944.5	456075.0	497776.5	521223.5	540726.0	566079.5	583225.0	593008.5	599759.0	603333.5	600039.5	598511.5	595273.0	582946.0	570065.0	564021.5	554060.0	536493.5	517993.0	505044.5	487484.5	452444.5	408498.5	379406.5	349752.5	302302.5	258537.5	232967.5	209495.0	174618.0	145971.0	129493.0	114702.0	95133.5	79448.5	69947.0	61589.0	50806.5	42414.0	37618.0	32997.0	26721.0	21389.0	18172.5	15396.0	11860.0	8925.5	7231.0	5821.5	3901.0	2628.0	1940.5	1471.5	945.5	575.0	416.0	293.0	190.5	138.0	106.5	81.5	55.5	38.0	29.0
MCW_CT_ROA_142_R1_trim	2.0	2.0	2.0	2.0	2.0	2.0	2.0	3.0	4.0	4.5	6.0	20.0	32.0	46.5	111.0	249.0	343.5	516.5	1028.0	1997.5	2659.0	3748.0	6554.5	10783.5	13372.0	17381.0	26718.0	38736.5	45756.0	54109.0	71952.5	93618.5	105890.5	119132.5	145566.5	172573.0	186537.5	201167.0	228164.5	251514.0	262976.0	273549.0	291097.5	304772.5	311376.0	316765.5	323419.0	325236.5	325496.0	324660.5	321443.0	317263.0	315410.0	313627.5	308319.5	302386.5	299115.5	293262.5	278327.0	257795.5	245643.5	231846.0	206262.0	181043.5	167524.5	155267.0	133497.5	114713.5	105364.0	97041.5	82674.0	70662.0	64905.0	60129.5	52747.5	46429.5	42987.5	39735.0	34506.0	30090.5	27731.5	24544.5	19684.5	15176.0	12444.0	10382.0	7244.0	4753.5	3496.0	2717.5	1740.0	1114.5	823.0	591.5	341.0	203.5	131.0	102.5	55.5	22.0	13.0
MCW_CT_ROA_142_R2_trim	5.0	3.5	2.5	2.5	2.0	2.0	4.0	5.5	5.0	12.5	29.5	51.0	62.5	97.0	219.5	425.5	550.5	854.5	1654.5	3008.0	3907.5	5260.5	8514.0	13322.5	16328.5	20584.0	30004.5	41770.5	48612.0	56879.0	74649.5	95285.0	106653.5	119008.0	144435.5	171061.5	184723.5	198441.0	224076.0	247552.5	259485.5	268489.0	285267.0	299802.5	306489.0	311994.5	318366.5	321697.0	324006.0	324473.0	322622.5	319951.5	319530.5	318568.5	315454.5	311309.0	308617.5	302150.5	285810.0	264523.5	252127.5	237778.5	210943.0	185010.0	171350.0	158422.0	136047.0	116977.5	107385.5	98268.5	83024.0	70552.0	64486.0	58862.0	49864.0	42700.5	39139.0	35427.0	29515.0	24186.5	21162.5	18587.5	14670.5	11087.0	8979.5	7321.5	4982.0	3332.5	2523.5	1978.5	1299.5	825.0	579.5	433.0	295.5	220.5	185.5	141.5	76.0	38.0	28.0
MCW_CT_ROA_144_R1_trim	1.0	0.5	0.0	0.0	0.0	0.0	0.0	0.0	0.0	0.0	3.0	6.5	8.0	18.0	39.0	90.5	134.0	274.5	598.0	1205.5	1654.5	2470.5	4613.5	8175.0	10482.5	13878.5	21815.5	32580.0	39195.0	47544.0	65403.0	87677.5	100724.5	114734.0	142842.5	172721.5	188930.5	205421.5	235626.5	262938.5	276872.5	288531.0	307434.0	321346.0	327920.5	333361.0	339551.5	340484.5	340021.0	339780.0	336083.5	330735.5	328660.5	326644.0	320680.0	312358.0	307201.5	300332.0	283454.5	259944.0	244870.0	229017.0	202011.0	176803.0	163073.0	150698.0	129169.5	111000.5	102254.5	94793.5	82222.5	71729.5	66535.5	61014.5	53629.5	47571.5	43732.5	40909.0	35905.0	30511.0	27372.5	23991.5	18784.5	14415.0	12030.5	9816.0	6586.0	4331.0	3269.5	2460.0	1482.0	916.5	658.5	473.5	265.0	157.0	113.0	76.0	36.0	23.5	19.0
MCW_CT_ROA_144_R2_trim	9.0	6.5	2.5	1.0	1.0	1.0	0.5	0.5	1.0	1.0	2.5	9.0	14.0	32.0	73.0	158.5	227.0	407.0	892.5	1782.0	2396.5	3468.0	6070.0	10195.0	12883.5	16618.5	25425.0	37180.0	44191.5	52396.5	70601.0	92291.0	104308.5	118231.0	145262.0	173996.0	190098.0	206537.5	235110.0	260698.5	274625.0	286518.0	304914.0	319018.0	326481.5	332145.0	339208.5	341903.0	342419.5	341540.0	337938.0	333860.0	332321.5	330174.5	324703.5	317774.5	313107.5	305569.0	287335.5	263017.0	248189.0	232713.0	205502.5	179429.0	165307.0	152124.0	130429.0	112025.0	102307.0	93533.5	79851.5	68862.5	63012.5	57321.5	48618.0	41458.5	37711.0	34001.0	28177.5	22896.5	19924.0	17297.5	13218.5	9882.5	8105.0	6555.5	4427.0	2949.5	2188.0	1667.5	1061.5	686.0	528.0	392.0	241.0	162.0	135.0	106.5	62.5	35.0	27.0
MCW_CT_ROA_145_R1_trim	6.0	6.0	6.0	6.0	6.0	6.0	6.0	6.0	6.5	7.5	8.5	10.0	11.5	20.5	38.0	64.5	102.0	198.0	390.0	743.5	1069.0	1734.0	3168.0	5627.5	7617.5	10588.0	16824.0	25897.5	32767.0	41511.0	58328.0	79879.0	94494.5	111340.0	143623.5	180365.5	202590.5	225585.5	266455.0	307743.5	332089.5	354275.0	388676.5	421436.5	441211.5	456948.0	477776.5	492427.5	500565.0	505600.5	510821.5	515002.0	518780.0	519854.5	517935.0	515983.0	514529.5	505579.0	484555.5	454042.0	431889.0	406862.0	365043.5	323114.5	297914.5	274410.5	236979.0	205237.0	187640.0	169998.5	145421.5	125747.0	114385.5	104588.5	90557.0	78481.5	71851.0	66000.0	57570.0	50153.0	45635.5	40244.5	32249.5	25040.0	20752.5	16975.0	11882.0	8129.5	5977.5	4647.5	3080.0	1938.5	1434.0	1094.5	667.0	386.5	273.5	172.0	86.5	51.0	30.0
MCW_CT_ROA_145_R2_trim	8.0	7.5	6.5	6.0	6.0	6.0	6.5	6.5	6.0	6.5	8.5	13.5	16.5	23.0	48.0	88.5	125.0	217.5	435.5	883.5	1288.5	2032.5	3708.5	6369.0	8411.0	11613.0	18338.5	27675.5	34505.5	43601.5	60695.0	82316.5	97144.5	113283.5	144373.0	180448.5	202490.5	225356.5	266318.5	306883.5	330071.0	352220.0	387077.0	419861.5	439288.0	454982.0	476751.5	492256.5	500407.0	506867.0	513741.0	518616.0	523072.0	525593.5	525066.0	523306.0	521721.5	512551.0	491166.5	460304.5	438040.5	412720.5	369375.5	325360.0	299169.0	275531.5	237866.5	205571.5	187650.5	170014.5	144754.5	123869.5	111775.5	101240.0	86771.0	74404.0	67226.5	60888.0	51687.5	43448.5	38506.5	33353.5	26025.0	19987.0	16510.0	13357.0	9361.0	6549.0	4813.5	3647.5	2451.0	1583.0	1175.5	924.0	626.5	417.5	335.0	249.0	164.0	101.0	61.0
MCW_CT_ROA_146_R1_trim	3.0	3.0	3.0	3.5	4.0	3.5	3.0	3.0	3.5	4.0	3.5	3.0	3.0	3.5	5.0	9.0	16.5	30.5	64.5	145.5	251.5	465.0	856.5	1549.5	2467.5	3945.0	6575.0	10669.5	15070.5	20727.0	30095.0	43281.5	55620.5	70404.5	94906.5	125431.0	149008.5	175044.0	215899.5	261428.5	293788.5	327526.0	378208.5	427911.0	459496.5	490175.5	533334.0	571315.5	593896.0	613326.5	639573.5	664624.5	682017.0	694412.5	709691.0	723763.0	730230.5	725643.5	710842.5	683017.5	658069.5	626719.5	579087.5	526509.5	488778.0	452134.0	398564.5	351342.5	322271.0	293376.5	254167.5	222083.5	202630.5	184556.0	160916.5	141608.5	129839.5	117164.0	101743.0	88582.5	79391.0	70008.5	56937.5	44691.5	36820.0	29671.5	20862.0	14907.0	11356.0	8734.5	5856.0	3752.5	2688.5	1946.0	1202.0	752.5	528.0	361.0	203.5	108.5	62.0
MCW_CT_ROA_146_R2_trim	5.0	6.0	5.0	3.0	3.0	3.0	3.0	3.0	3.5	4.0	3.5	3.0	3.0	4.0	6.5	14.0	24.0	33.0	64.5	160.0	278.0	485.0	889.0	1615.5	2548.0	4056.5	6762.5	10893.0	15315.5	21254.5	30777.5	43975.0	56453.5	71585.0	96165.0	126488.0	150097.0	176442.0	217684.5	263357.5	295881.0	329430.0	380136.5	429722.0	460793.5	491725.5	534956.0	573118.5	596575.5	616966.5	644566.5	671423.0	689597.5	703409.5	721575.5	735952.0	741463.5	736521.0	720609.5	691315.0	665506.5	633141.5	583298.0	529253.5	491307.5	454122.5	398893.5	349588.5	319586.0	290697.5	251192.5	218142.0	197916.0	178458.5	153396.5	132797.0	119915.0	107650.0	91348.5	76818.0	67634.0	58323.5	46075.5	35800.0	29064.5	23252.5	16519.0	11858.5	8963.5	6820.5	4565.0	2925.0	2154.0	1647.0	1116.5	714.0	513.0	400.5	270.5	150.0	98.0
MCW_CT_ROA_147_R1_trim	4.0	4.0	4.0	4.0	4.0	4.0	4.0	4.5	5.5	10.0	15.5	27.5	39.0	77.5	158.5	360.5	516.5	745.0	1470.0	2850.0	3778.0	5286.0	9055.0	14651.0	18092.5	22886.5	33829.0	48070.0	56435.0	66490.5	87169.5	111151.0	124715.5	139581.0	169191.0	199987.5	216554.5	232345.0	260595.0	285841.0	298834.5	307675.0	322076.5	332805.0	338165.5	342351.0	344915.5	343370.0	343106.0	340671.0	333458.0	326299.0	323241.5	319400.5	310864.5	303236.5	299943.0	292997.0	276011.0	253479.5	239455.0	224252.5	198470.5	173691.0	159231.5	146445.5	125478.5	107990.0	99016.0	90403.5	77170.5	67059.5	61570.0	56819.5	49653.0	43701.0	40849.0	37449.5	32768.5	29206.5	27001.5	23998.0	19531.0	15297.5	12665.0	10465.5	7343.0	5034.5	3798.5	2933.5	1931.5	1244.0	850.0	635.0	395.0	222.5	155.0	114.5	66.5	42.0	34.0
MCW_CT_ROA_147_R2_trim	8.0	6.5	4.5	4.0	4.0	4.0	4.5	7.5	10.0	14.0	26.0	55.0	78.5	125.0	253.5	545.0	750.5	1140.5	2140.5	3740.5	4768.5	6455.0	10557.0	16705.0	20547.5	25474.0	36493.0	50488.0	58717.5	68604.5	89491.5	112808.0	125299.0	139363.0	167953.5	197236.0	212478.0	228852.5	257306.0	281641.0	294269.0	304775.5	319567.5	329538.0	335229.5	339947.5	343956.0	343468.0	343222.5	342085.5	336923.5	330808.5	328378.0	326247.0	320753.5	313207.5	308369.5	302001.5	284291.5	259911.5	245344.0	230023.0	202495.0	175913.5	161433.5	148272.5	126795.0	108356.0	98477.0	89572.5	76088.0	65452.5	59604.0	54002.5	45721.0	38902.0	35253.0	32053.0	26860.5	22023.0	19354.0	16890.5	13120.5	9905.0	8104.5	6577.0	4582.5	3161.5	2347.0	1776.5	1184.5	780.0	544.0	398.5	261.0	168.0	133.0	94.5	51.0	29.0	19.0
MCW_CT_ROA_148_R1_trim	3.0	3.0	3.0	3.0	3.0	3.0	3.0	3.0	3.0	4.5	5.0	9.5	15.5	20.0	49.5	136.0	208.0	311.0	649.0	1413.0	1986.0	2943.0	5345.0	9414.0	12138.5	16031.0	25253.5	37753.5	45412.0	55526.5	76194.5	100781.5	115092.0	131028.0	162448.5	195678.0	213970.5	232215.0	265702.5	295214.0	309686.5	322247.0	343018.0	358808.0	366240.5	371321.5	377232.5	378879.5	379192.0	379229.0	374848.0	368232.5	365687.0	362425.5	354532.5	346275.0	341749.5	333961.5	314647.0	289243.5	274167.0	257991.5	228331.0	198867.5	182715.5	168509.5	144487.5	123462.0	112417.0	103008.5	87572.0	75030.5	68916.5	63219.5	54218.0	46896.0	43257.0	39661.5	34308.0	30025.0	27572.0	24095.5	18853.5	14382.0	11902.5	9852.0	6838.5	4646.0	3540.5	2668.5	1628.5	1014.5	748.0	546.0	314.0	184.0	126.0	91.5	48.5	23.0	19.0
MCW_CT_ROA_148_R2_trim	8.0	6.0	3.5	3.0	3.0	3.0	3.5	4.0	4.0	4.0	6.0	13.0	18.5	30.5	82.5	207.0	306.5	490.5	1029.5	2034.0	2721.0	3913.0	7057.0	11858.5	14824.5	19065.5	28823.0	41703.5	49492.0	59349.0	80082.5	104394.5	118194.0	133364.0	163308.0	194806.0	212134.5	230058.0	262615.0	291230.0	305603.5	318765.0	338620.5	353397.0	360987.5	368148.5	377003.5	378982.0	378703.0	378486.0	375300.5	370811.5	369086.5	367308.5	361111.0	352627.0	347691.0	339864.0	320824.0	294979.5	278858.5	262169.0	232050.5	201860.0	185177.5	170724.0	145523.0	123594.0	112602.5	102647.0	86720.0	73457.5	66548.5	60430.0	50908.5	43165.5	39072.5	35412.0	29454.5	24136.5	21318.0	18322.0	14026.0	10393.5	8289.5	6932.5	4877.0	3234.5	2418.0	1811.5	1159.5	749.5	550.5	423.5	284.5	188.0	135.5	96.0	57.0	32.5	20.0
MCW_CT_ROA_149_R1_trim	7.0	6.5	6.0	6.0	6.0	6.0	6.0	6.0	6.0	6.0	6.0	6.0	6.5	7.5	7.0	11.5	18.0	23.5	37.0	84.5	150.0	239.0	442.0	880.5	1417.5	2311.5	4066.0	6891.0	9893.5	14184.0	21656.5	32484.5	43132.5	55826.5	77879.0	107376.0	131425.0	158648.5	202600.5	253523.5	291006.5	331352.0	392086.0	455642.0	501700.0	547122.5	607075.5	661636.5	700307.0	737238.5	786299.5	834973.0	868410.0	896567.5	930781.5	960104.5	976447.5	985927.0	987880.0	968624.0	947284.5	917607.0	869128.5	811077.5	765870.5	720833.0	654934.0	593286.0	551708.0	509909.0	455535.0	407819.5	375885.0	346606.0	308890.5	276122.0	254789.5	231800.5	202746.5	175933.0	156748.0	137726.0	111574.5	86880.5	70878.0	57079.0	40409.0	28464.5	21071.0	15910.5	10732.5	6960.5	4959.5	3582.5	2238.5	1336.0	936.0	672.5	406.5	221.5	119.0
MCW_CT_ROA_149_R2_trim	10.0	10.5	8.5	6.0	6.0	6.0	6.5	6.5	6.0	6.0	6.5	7.0	7.5	8.5	9.0	15.0	22.0	26.0	43.5	92.0	147.5	257.0	495.0	933.5	1455.0	2408.5	4227.0	7089.0	10152.0	14526.5	22037.5	32891.0	43611.5	56256.0	78570.0	108142.0	132025.5	159350.5	203846.0	255080.5	292336.5	332751.5	394874.0	458281.0	502938.5	549040.0	609452.5	664001.5	702774.0	740707.0	791009.5	841390.5	876431.5	905264.5	942714.5	975517.5	992819.5	1000493.5	1001242.5	981546.0	958554.5	927894.5	876541.5	816316.5	770896.5	724492.5	657000.0	595280.5	553900.0	510220.5	453131.5	403525.5	371051.5	339813.0	299765.5	265276.5	242569.0	219603.5	189081.0	160461.5	140581.5	121732.5	97394.5	75892.0	61742.0	49559.0	35422.0	25295.5	18800.5	14200.5	9833.5	6557.0	4778.5	3603.5	2563.5	1783.0	1379.5	1073.0	703.5	425.5	293.0
MCW_CT_ROA_150_R1_trim	2.0	2.0	2.0	2.0	2.0	2.0	2.5	2.5	2.0	2.0	2.0	2.0	2.0	2.0	5.0	7.5	8.5	16.5	38.0	64.5	94.0	174.0	325.0	583.0	964.5	1595.5	2672.5	4468.5	6610.0	9674.5	14662.0	21770.5	29199.5	38049.0	52571.5	71651.5	87704.5	105312.5	132454.5	163980.5	187771.0	211028.0	244075.5	277499.5	301622.0	325713.0	355643.0	381421.0	398591.0	414092.0	432795.0	449205.0	459372.5	466660.0	474640.5	479038.0	477766.5	471417.0	459372.0	439898.0	421633.0	400000.0	368989.0	335988.5	311603.0	286512.5	252888.5	223232.0	203459.0	185082.5	160924.0	140068.0	127253.5	115881.5	100706.5	87527.0	79684.0	70848.0	59567.0	49169.0	42261.5	35937.5	27383.0	20083.5	15735.0	12408.5	8323.5	5626.0	4185.5	3049.0	1861.5	1118.5	784.0	567.5	345.5	197.0	131.0	98.0	60.0	29.0	15.0
MCW_CT_ROA_150_R2_trim	12.0	8.5	3.5	2.0	2.0	2.0	2.0	2.0	2.0	2.0	2.0	2.0	2.0	2.0	3.5	6.0	9.5	17.0	38.0	65.5	99.5	182.0	357.0	634.0	988.5	1626.5	2806.0	4679.5	6812.0	9860.5	14974.5	22276.5	29704.5	38447.5	52864.0	72178.5	88622.0	106438.0	133982.5	165393.5	188928.0	212743.0	246055.5	279099.5	303012.5	328267.0	359211.5	385179.0	402948.5	419232.0	438624.0	454822.5	464781.0	472565.5	482490.5	487339.0	485140.5	479633.5	467775.0	447232.0	427943.0	404684.5	372171.5	337098.5	310932.5	285670.5	251548.0	221129.5	200782.5	181423.0	156826.5	135527.5	121645.0	108471.5	92081.5	78324.5	69526.5	61108.5	50275.0	40474.5	33988.5	28516.5	21729.0	16137.5	12666.0	9866.0	6727.5	4616.5	3363.0	2441.0	1598.0	1040.5	747.5	566.0	380.5	238.0	172.5	140.5	88.0	43.0	32.0
MCW_CT_ROA_151_R1_trim	1.0	1.0	1.0	1.5	2.0	1.5	1.0	1.0	1.0	1.0	1.0	1.0	1.0	1.0	1.0	1.0	1.0	1.5	3.0	6.5	11.5	22.0	49.5	123.5	223.5	346.0	616.5	1105.0	1749.5	2693.0	4108.0	6229.5	8764.5	11769.0	16570.0	23026.0	28953.0	35597.5	45457.0	56958.0	66685.5	76876.5	89911.5	102810.5	113679.0	124705.5	136635.5	147511.0	156482.5	165372.5	176186.5	186463.0	194041.5	200598.5	208415.5	215032.0	217844.0	218544.5	217506.0	213161.0	207832.0	200928.0	190519.0	177876.0	166800.5	155164.5	141385.0	130114.5	121414.0	112391.0	101245.0	91286.5	84512.5	77710.0	69538.5	62344.5	56775.5	50663.0	43916.5	37636.0	32830.5	28282.0	22742.5	17674.5	14258.0	11444.0	8285.5	5957.0	4302.0	3052.0	1980.5	1272.0	869.5	583.5	366.5	220.0	149.0	95.0	56.0	38.5	25.0
MCW_CT_ROA_151_R2_trim	3.0	2.0	1.5	1.5	1.0	1.0	1.0	1.0	1.0	1.0	1.0	1.5	2.0	3.0	2.5	1.0	1.0	1.5	5.0	10.5	14.5	22.5	50.5	128.5	225.5	359.0	637.5	1088.0	1707.5	2686.0	4180.5	6369.5	8915.5	11880.5	16691.0	23220.0	29188.5	35942.5	45899.0	57332.5	67068.0	77410.0	90546.5	103466.0	114355.5	125611.5	138043.5	149172.5	158246.5	167592.0	178344.5	188577.5	196403.5	202800.5	210556.0	217544.5	220522.0	220788.0	219863.5	215500.0	209523.5	202033.5	191510.0	178720.5	167216.5	155269.0	141046.5	129238.5	120362.0	111527.0	100281.5	89651.5	82269.0	74976.0	66152.0	58639.5	53093.0	46958.5	39983.0	33790.0	29228.0	24937.0	19802.5	15523.0	12668.5	10103.0	7410.5	5340.5	3766.5	2671.5	1785.0	1163.0	838.0	618.5	440.0	294.5	219.5	173.5	105.5	54.5	41.0
MCW_CT_ROA_153_R1_trim	5.0	5.0	5.0	5.0	5.0	5.0	5.0	5.0	5.0	5.5	5.5	5.5	6.0	6.0	8.0	13.0	19.0	30.5	73.0	187.0	320.5	537.0	1005.5	2008.5	3031.0	4534.5	7615.5	12473.5	17235.0	23823.5	35544.5	52210.0	65804.0	82002.0	112609.5	152108.0	180557.5	212029.0	265363.5	323504.0	361711.5	401808.0	465053.5	528456.0	570584.5	610566.0	667051.0	714966.5	744489.5	772949.0	808627.0	842799.0	869993.0	895231.0	922618.0	944169.5	958516.5	962089.0	950286.0	921806.0	897271.5	862105.5	805669.5	743084.0	697954.0	656763.0	592331.5	533023.0	496855.5	462041.5	414210.0	371290.5	344015.0	317734.5	284721.0	255644.5	234929.0	215434.0	188336.0	160541.5	142353.0	124628.0	99585.5	76776.5	62872.5	50528.0	35104.5	24472.0	18223.0	13647.0	8736.5	5432.0	3823.0	2693.5	1623.0	929.5	593.5	387.0	232.5	138.0	80.0
MCW_CT_ROA_153_R2_trim	22.0	15.5	8.0	6.5	6.0	5.5	5.5	6.5	7.0	6.5	6.5	6.0	5.0	8.0	13.5	21.5	29.5	37.0	80.0	195.0	324.5	567.0	1140.5	2150.5	3088.5	4707.5	8073.0	13127.5	17954.5	24803.0	36864.5	53588.0	67220.0	83859.0	114859.0	153839.0	181899.0	213796.0	267450.0	326147.5	365246.5	406122.5	469481.5	533328.5	576596.0	617608.5	673420.5	722559.0	754518.5	783584.0	822355.5	858107.0	883904.5	909074.5	938628.0	962781.5	977234.5	979642.0	967254.0	936531.5	909748.5	873614.0	814458.5	750234.5	705519.0	662253.0	595687.5	533848.0	494976.5	457229.0	406859.5	361729.5	331448.5	303172.5	267269.5	236475.5	215869.5	193669.0	164328.0	137432.0	119328.0	103287.0	81680.0	62471.0	50531.5	40650.5	28791.0	20235.0	14838.5	10923.0	7135.0	4563.5	3297.5	2455.0	1652.0	1033.5	740.5	570.5	373.0	206.0	134.0
MCW_CT_ROA_154_R1_trim	4.0	4.0	4.0	4.0	4.0	4.0	4.0	4.0	4.0	4.0	4.5	5.5	6.0	7.0	9.5	16.5	22.5	36.0	82.5	216.5	340.5	523.5	1052.5	2054.5	2789.5	3985.5	6826.5	11033.5	13827.5	17926.5	26732.5	38576.0	46273.0	55500.0	73974.0	95517.0	108414.5	122455.5	148807.5	175780.5	191275.0	205704.5	230639.0	255108.5	269147.5	281196.5	298382.0	310852.5	317562.0	322901.0	329099.5	335144.5	340021.0	342703.0	345152.0	345448.0	345027.0	342073.0	330812.0	311067.5	297538.0	283383.5	258489.0	232918.5	217449.0	203052.0	178985.5	157696.0	145846.0	134897.5	118200.5	104275.5	96552.0	88634.0	78417.0	70119.5	64643.5	59690.5	52213.0	44697.0	40154.5	35394.0	28319.5	21963.5	18156.5	14856.5	10445.5	7224.5	5410.5	4133.5	2686.0	1686.5	1206.0	846.0	464.0	239.5	160.5	110.5	63.5	34.0	15.0
MCW_CT_ROA_154_R2_trim	8.0	8.0	6.5	5.0	5.0	4.5	4.0	4.0	4.0	4.5	6.0	6.0	5.0	5.0	8.0	20.0	32.0	50.0	124.5	279.5	399.5	659.5	1319.0	2505.5	3373.0	4684.0	7778.5	12465.5	15617.5	19669.0	28604.5	40277.5	47661.5	57092.5	75454.0	96871.5	109957.5	123779.5	149286.0	175736.0	191293.0	206493.5	232045.0	255745.5	269130.5	281796.0	299910.0	312882.0	319923.0	326146.5	333940.5	339788.0	343554.0	346721.5	350056.5	350493.5	349826.5	346956.0	335723.0	316574.0	303793.5	288967.5	262299.5	235276.0	219418.0	204260.5	179254.5	157197.0	144810.5	132912.0	115288.5	100598.5	91997.0	83808.0	72997.5	63925.0	58003.0	52205.0	44145.5	36793.5	32146.5	28069.0	22271.5	17140.0	14077.5	11331.5	8059.0	5801.5	4318.5	3276.5	2203.0	1431.5	1062.0	813.5	536.5	344.0	264.0	205.5	126.0	77.5	66.0
MCW_CT_ROA_156_R1_trim	2.0	2.0	2.0	2.0	2.0	2.0	2.0	2.0	2.0	2.0	2.0	2.0	2.0	3.0	4.0	5.0	9.5	20.0	32.5	69.5	134.0	257.5	484.5	908.5	1498.5	2361.0	3812.0	6284.0	9503.0	13803.5	20527.5	30154.5	40593.0	52551.5	71541.5	97083.5	119833.0	143694.0	179829.0	221859.5	254849.5	289531.5	334935.0	381008.5	417000.0	453657.0	498702.0	538804.5	567544.0	596015.5	633119.5	667824.0	692860.5	713741.0	737073.0	757362.0	765861.5	767398.0	761476.0	741740.5	720174.5	691975.0	652585.0	604533.0	563573.5	524114.0	472132.5	426920.5	394890.0	359967.5	318252.5	283296.5	258848.5	235299.5	208931.0	186348.0	169079.5	150994.5	130141.0	111697.0	98636.0	85919.5	69617.5	54323.5	43809.5	34956.0	24923.5	17706.0	13026.5	9718.0	6530.5	4159.5	2894.5	1994.0	1284.0	820.5	559.5	350.0	194.5	107.5	59.0
MCW_CT_ROA_156_R2_trim	3.0	3.5	3.0	2.0	2.0	2.5	2.5	2.0	2.0	2.0	2.0	2.0	2.0	3.0	4.5	6.0	10.5	22.5	36.0	77.5	149.0	271.0	491.0	901.0	1474.0	2343.0	3848.0	6284.0	9421.5	13905.5	20805.5	30423.0	40868.0	52993.5	72043.0	97501.0	120405.0	144662.0	180720.0	222730.0	256214.5	290471.5	335604.5	382307.5	418898.5	456202.0	502196.5	542066.5	570174.5	599368.0	637185.5	672079.0	697036.0	718913.5	744294.0	764911.0	773153.5	774498.5	769833.0	749494.0	725329.5	696295.0	655610.5	606221.5	564163.0	523681.5	470758.5	425250.5	393058.5	357647.5	315707.5	279995.0	254589.0	230128.0	202509.0	178797.0	160973.0	142598.0	121249.5	102111.5	88317.0	76072.5	61055.0	47594.0	38206.5	30108.5	21681.5	15700.5	11450.0	8393.5	5708.5	3786.5	2764.5	1988.0	1340.0	876.5	611.5	456.5	301.5	163.5	97.0
MCW_CT_ROA_157_R1_trim	0.0	0.0	0.5	0.5	0.0	0.0	0.0	0.0	0.0	0.0	0.5	1.0	1.0	0.5	1.5	5.0	8.5	17.0	33.5	76.0	136.0	244.0	476.5	916.5	1516.5	2485.0	4195.5	6886.5	10111.0	14796.0	22058.0	32200.0	43094.5	55788.0	75985.0	102793.0	125763.0	150996.0	189068.0	232961.5	267355.5	303591.5	354232.0	405768.5	443317.5	481406.0	530648.5	573741.5	603974.0	634897.0	673109.5	709931.5	737455.5	759086.0	785047.5	809877.5	824179.5	830141.0	830087.0	815761.5	796943.5	768682.0	726690.0	679615.5	641800.0	602248.0	549179.0	500775.0	466237.0	431019.0	385904.0	346533.0	320835.5	297577.0	266871.5	239043.0	221178.5	201313.5	175872.0	152921.0	136269.5	119528.5	97283.5	76383.5	62271.0	49799.0	35426.5	25305.5	18664.5	13987.0	9514.5	6177.0	4347.0	3069.0	1962.5	1230.5	824.5	538.5	313.0	181.5	104.0
MCW_CT_ROA_157_R2_trim	6.0	3.5	0.5	0.0	0.0	0.0	0.0	0.0	0.0	0.0	0.0	0.5	1.0	1.5	3.0	5.5	8.0	17.5	42.5	86.5	136.5	243.0	480.5	957.5	1589.5	2574.0	4321.5	7071.5	10330.0	15092.0	22527.5	32689.0	43521.0	56261.5	76619.5	103472.0	126431.5	151563.5	189699.5	234051.5	268847.5	304937.0	355478.0	407356.5	444981.5	483428.0	532442.5	575088.0	606105.0	638459.5	677574.5	714644.0	742537.5	766072.0	793863.0	818706.0	832584.0	839764.5	841121.5	825644.0	805650.0	777110.0	734059.0	686049.5	648040.5	607040.5	551478.0	502030.5	467456.0	431982.0	386133.5	344952.0	317845.0	292404.5	260404.5	231686.0	212248.0	192036.5	165181.0	140815.0	123914.0	107486.0	86733.0	68121.5	55156.5	43928.0	31478.5	22805.0	16944.0	12674.5	8781.0	5812.5	4175.5	3078.5	2085.0	1379.5	1033.0	744.0	490.0	316.0	212.0
MCW_CT_ROA_158_R1_trim	2.0	2.0	2.0	2.0	2.0	2.0	2.0	2.0	2.0	2.0	3.0	4.0	4.0	6.0	33.0	70.0	88.0	156.0	373.0	785.0	1096.0	1711.0	3288.0	6146.0	8196.0	11293.5	18311.0	28372.0	35044.5	43574.5	61744.5	84467.0	98205.5	114376.5	145501.0	179358.0	198717.5	218151.0	253847.5	287740.5	306206.0	321767.5	345610.5	366316.0	378666.0	388005.0	399227.0	404917.5	407233.0	408306.0	406673.0	403752.0	403424.5	401708.5	395782.0	389416.5	386393.0	378977.5	359742.5	332583.5	314671.0	295764.0	263189.5	230857.0	212262.0	195800.5	168578.0	144681.5	131966.0	119883.5	101325.5	86870.5	79343.0	72918.0	63686.5	56356.5	52329.0	47941.0	41968.5	37305.5	34459.0	30431.0	24583.5	19550.0	16483.0	13559.5	9492.0	6566.5	5068.0	3961.5	2609.0	1673.5	1228.5	907.5	552.0	333.0	216.5	151.5	83.0	43.0	27.0
MCW_CT_ROA_158_R2_trim	7.0	5.0	3.0	2.5	2.0	2.0	2.5	2.5	2.0	2.0	2.5	5.0	7.0	10.5	35.5	98.5	145.5	240.5	516.0	1114.5	1577.5	2392.5	4318.0	7661.0	10076.0	13443.0	21190.5	31949.0	38865.5	47607.0	65759.5	88058.0	101473.5	116886.5	146942.0	179605.0	198286.5	217188.0	250911.5	283800.0	302641.5	318133.0	343639.5	364772.0	375786.0	386176.5	397848.0	404287.5	407929.0	408499.5	407281.0	405747.0	405755.5	405697.0	401987.5	395950.0	392836.0	385363.0	365624.0	337940.0	319702.0	299947.5	265779.0	232719.0	214248.5	197201.0	169229.0	144397.0	130841.5	119187.5	101086.5	85957.5	77955.0	71080.5	60973.5	52579.0	47894.0	43365.0	36731.0	30869.5	27349.5	23954.0	19163.5	14919.5	12268.5	10050.0	7151.0	5024.0	3779.5	2927.5	1976.0	1282.5	964.5	746.0	498.0	313.5	219.5	166.5	110.5	63.0	40.0
MCW_CT_ROA_159_R1_trim	0.0	0.0	0.0	0.0	0.0	0.0	0.0	0.0	0.0	0.0	0.0	2.0	4.0	8.0	19.0	59.0	102.0	176.0	394.5	843.0	1198.5	1884.5	3632.5	6640.0	8842.5	12239.0	19769.5	30825.5	38615.5	48206.0	67448.5	91672.5	107136.0	124515.5	156409.5	191496.0	212677.5	233389.5	269849.0	302685.0	320408.5	336760.5	360229.0	379396.0	390229.5	397771.5	405100.0	406798.5	407739.5	406050.0	400523.5	394222.5	390693.0	386089.5	377513.5	368429.5	362023.5	351004.0	328345.5	299744.5	280408.0	259833.0	226846.0	195546.0	177311.5	161200.5	136694.0	115594.0	103627.0	93466.0	77936.5	65345.0	58847.5	53115.5	45199.5	38715.0	35184.5	31633.0	26712.0	22741.0	20441.5	18001.0	14324.0	10842.5	8731.0	7208.5	4870.0	3156.5	2372.0	1816.0	1150.5	739.5	548.5	394.0	222.0	115.5	79.5	62.5	38.5	21.5	13.0
MCW_CT_ROA_159_R2_trim	4.0	3.0	1.0	0.0	0.0	0.0	0.0	0.0	0.0	0.5	3.0	6.0	7.5	12.0	33.0	114.0	187.0	286.5	590.5	1214.0	1696.0	2470.5	4474.5	8120.5	10763.0	14456.0	22596.0	33849.5	41510.0	51354.5	70752.0	94411.5	109446.0	125989.5	156922.0	190923.0	211100.5	231795.5	267029.5	300139.5	319414.0	334623.5	357600.0	376486.0	386346.5	393648.0	402256.5	405286.5	406092.0	405541.5	401767.0	396114.0	392843.5	389433.5	381589.5	372010.0	365259.5	355748.5	334023.5	304055.0	283839.5	263166.5	229978.0	197759.5	178775.0	162471.5	136793.0	115091.5	103482.0	92972.5	77224.5	64293.5	57408.0	51598.5	43170.5	36176.0	32551.0	28793.5	23518.5	19115.0	16542.0	14265.0	10939.0	8108.5	6480.0	5215.0	3656.0	2561.0	1867.5	1406.0	905.5	589.5	432.0	325.0	217.0	138.5	105.5	83.5	54.5	28.5	13.0
MCW_CT_ROA_160_R1_trim	5.0	5.0	5.0	5.0	5.0	5.0	5.0	5.5	6.0	6.0	6.5	8.5	11.5	17.0	25.0	45.5	69.5	153.5	368.0	797.5	1130.5	1743.0	3277.0	6208.0	8398.0	11351.0	18267.0	28256.5	34698.5	42696.0	60062.5	82641.5	96404.5	112427.0	143729.0	177924.0	197634.5	217496.5	253245.5	286373.5	303942.0	320627.0	345265.0	363707.5	374037.5	383026.5	391975.5	394630.5	396916.0	397356.5	392701.5	387829.0	387679.5	386795.5	381294.0	374369.0	371158.5	363640.5	343307.5	315741.0	298092.0	280096.5	247513.0	215448.5	197939.5	181336.0	155284.0	133227.5	120763.5	109091.5	92140.5	78813.5	71151.5	65196.5	57036.5	50395.5	46832.5	42466.5	36817.0	31772.5	28272.5	25112.5	20193.5	15365.5	12691.5	10540.0	7369.5	5034.0	3853.5	3020.0	1968.0	1184.0	811.0	612.5	368.0	214.0	158.5	100.5	56.5	32.5	16.0
MCW_CT_ROA_160_R2_trim	12.0	8.5	5.0	5.0	5.0	5.0	5.0	5.5	6.0	5.5	5.5	9.0	13.5	23.5	48.0	111.0	165.0	261.0	586.5	1214.5	1644.0	2457.0	4510.5	7971.5	10391.5	13742.5	21626.0	32270.0	38790.5	47770.0	65938.5	88304.5	102046.5	116997.5	146669.0	179649.5	198645.5	217510.0	250941.5	283641.0	302098.0	316733.0	340875.0	361691.5	373083.5	381956.0	391900.0	396191.5	398983.5	399649.0	396254.5	392259.0	391689.0	390857.0	386621.0	380644.0	377130.5	369524.5	348857.0	320442.0	302145.5	282886.0	249071.0	216361.5	198266.0	181764.0	154936.0	131861.0	119260.0	107322.5	90148.5	76209.0	67920.5	60704.5	51263.0	43859.5	39568.5	35339.0	29644.0	24600.0	21313.0	18537.0	14688.5	11178.0	9203.0	7532.5	5255.0	3647.0	2714.5	2105.5	1447.0	949.0	706.5	541.5	349.0	231.5	181.0	133.0	88.5	52.0	27.0
MCW_CT_ROA_162_R1_trim	22.0	22.0	22.0	22.0	22.0	22.0	22.0	22.0	22.0	22.0	22.0	23.0	24.0	23.5	24.5	34.0	45.0	63.5	113.5	232.5	340.5	477.5	938.0	1856.0	2587.5	3726.5	6220.5	10021.5	12928.0	16854.5	24667.0	35136.5	42068.0	50608.5	67164.0	86315.0	98230.0	111212.5	133886.5	156076.0	169116.0	180659.0	199490.5	218138.5	229434.5	237478.0	248434.0	257098.0	261983.5	265022.0	267203.0	268928.5	271198.5	272675.5	272212.0	269706.5	267873.5	264012.0	252595.0	235587.0	224384.5	211488.0	190228.0	169617.0	157226.0	145500.5	126318.0	109177.0	100048.5	92842.0	80546.5	69334.5	63516.5	58633.0	51919.0	45434.5	40976.5	37518.5	32284.5	27074.0	24055.0	20920.5	16496.0	12539.0	10082.0	8091.0	5552.0	3735.0	2665.5	2047.5	1311.5	817.5	616.5	423.0	229.0	141.0	102.5	73.5	47.5	35.0	28.0
MCW_CT_ROA_162_R2_trim	24.0	24.0	23.0	22.0	22.0	22.0	22.0	22.0	22.0	22.5	22.5	22.5	23.0	25.5	29.0	38.0	48.0	72.0	138.0	280.0	402.5	618.0	1191.5	2262.0	3116.0	4258.0	6870.0	11089.5	14251.5	18168.5	26359.5	37267.5	44261.5	52083.0	68503.5	87329.0	98374.0	111140.5	133472.5	155205.5	168068.0	180882.5	200897.0	218753.0	229046.0	236940.0	248798.0	258649.5	263986.0	268004.0	270647.0	272255.5	274874.0	276923.5	277831.0	275033.0	272104.5	268429.0	257483.5	239883.5	227574.0	214366.0	192116.5	170671.0	158108.0	145700.0	126245.0	109232.0	99996.5	91601.5	78086.5	66573.5	60416.0	54699.0	46751.5	40338.5	36373.0	32092.0	26315.5	21526.5	18640.0	16108.5	12481.5	9126.5	7054.0	5645.5	4049.0	2867.0	2083.5	1580.5	1053.5	652.0	474.5	344.5	230.0	162.5	124.0	98.5	69.5	51.5	43.0
MCW_CT_ROA_163_R1_trim	29.0	29.0	29.0	29.0	29.0	29.0	29.0	29.0	29.0	29.0	29.0	29.0	29.0	31.0	36.0	42.0	46.0	67.0	118.5	245.5	367.0	550.5	1049.5	1916.5	2604.5	3836.5	6555.0	10851.5	14121.5	18117.0	26455.5	37577.5	44894.5	54179.5	72813.5	94592.0	107530.5	120740.5	146546.5	172724.0	186768.0	201515.0	226628.5	249868.0	263317.0	276805.0	295864.0	310454.0	318667.0	324010.0	331228.5	338388.0	342869.0	345713.0	348172.5	349451.5	350875.5	348343.0	337379.5	319493.0	307289.5	293025.0	268446.0	242135.5	225238.5	209821.5	184245.5	160326.5	147131.5	135384.5	117022.5	101456.5	92911.5	85488.5	74036.5	64103.0	59083.5	54084.5	46934.5	40606.5	36438.0	32213.5	25716.0	19787.5	16483.5	13491.0	9075.5	6120.5	4806.0	3670.5	2331.5	1469.0	1085.5	793.5	467.0	280.0	190.5	138.0	100.5	80.0	62.0
MCW_CT_ROA_163_R2_trim	30.0	29.5	29.0	29.0	29.0	29.0	29.0	29.5	30.0	29.5	29.0	30.0	31.0	31.0	33.5	49.5	65.0	82.5	152.5	316.5	455.5	697.5	1350.5	2427.0	3232.5	4750.0	7635.0	11893.0	15212.0	19443.5	27651.5	38374.0	45709.0	55296.5	74001.5	94988.0	107380.5	120586.5	145877.0	172222.0	186883.0	201334.5	226469.5	249871.5	263095.0	276773.0	296064.5	309978.5	317517.0	323786.5	332833.0	341320.0	346443.5	350900.0	356904.5	359551.5	360170.0	356663.0	344289.0	324597.0	311152.0	297095.0	271179.5	243491.5	226485.0	210145.0	183768.5	160214.0	147396.0	134948.5	115884.5	99248.5	89745.5	81917.5	69575.5	59256.0	54259.5	48965.0	40847.5	33323.5	28688.5	25032.5	19799.0	15115.0	12365.5	9884.5	6705.0	4670.5	3554.0	2708.5	1822.5	1190.5	865.0	685.0	476.0	297.5	215.5	177.0	123.0	74.0	49.0
MCW_CT_ROA_165_R1_trim	23.0	23.5	23.5	23.0	23.0	23.0	23.0	25.5	28.0	31.5	39.5	57.5	73.0	95.5	175.0	318.5	407.5	625.0	1227.0	2363.0	3158.5	4250.0	7176.5	12079.0	15181.0	19311.5	28626.5	41224.5	48972.5	57353.5	76063.5	98767.5	111495.5	125489.5	152661.5	181190.5	196600.5	211042.5	238074.0	261494.0	273075.5	282135.0	296103.5	305484.5	309439.0	312632.5	314534.5	311275.5	309276.0	306805.0	300874.5	295173.0	292261.0	288435.0	280687.5	272564.5	267697.0	260821.0	244199.5	223762.5	211431.0	197782.5	173798.0	150947.0	138851.0	126788.0	107740.0	91918.0	83299.0	75395.5	63375.5	54233.5	49579.5	46158.5	40507.5	35720.0	33527.5	30593.5	26238.5	22226.0	19777.0	17500.0	13747.0	10146.0	8175.0	6815.5	4767.0	3182.5	2399.0	1817.5	1117.5	680.5	473.5	326.5	176.5	104.0	83.5	64.5	40.5	26.5	20.0
MCW_CT_ROA_165_R2_trim	23.0	22.5	21.5	21.0	21.0	22.5	24.0	25.0	26.0	31.5	49.0	104.0	148.5	191.0	298.5	585.5	801.0	1148.5	1992.5	3602.5	4762.0	6185.5	9740.0	15394.0	19024.5	23341.0	33628.0	46559.0	53879.0	62935.5	81823.5	102958.0	114530.5	127411.0	153584.5	180797.0	194947.0	208622.0	233091.5	255753.0	268298.0	278137.0	291899.0	301280.0	306050.5	309015.5	311652.5	310318.0	309266.0	307916.0	304137.0	298931.5	295468.5	292312.5	285574.0	278662.5	274760.5	267245.5	250247.5	229494.5	216639.5	201733.5	176535.0	152920.5	139939.5	128121.5	108460.5	91819.5	83197.0	74971.5	62248.0	52201.0	47096.0	42390.0	35407.0	29867.0	26947.0	24159.5	19850.0	16045.0	13955.5	12034.5	9343.5	7072.0	5682.5	4683.0	3277.0	2136.5	1545.5	1199.5	788.5	484.5	350.5	254.5	165.5	124.0	107.0	80.0	48.5	33.5	26.0
MCW_CT_ROA_166_R1_trim	5.0	5.0	5.0	5.0	5.0	5.0	5.5	7.0	8.0	13.0	24.5	27.0	23.5	51.5	120.5	284.5	412.5	675.0	1403.0	2588.5	3331.5	4871.5	8534.5	14361.0	18234.5	23126.5	35252.5	51901.0	61687.5	72807.5	97543.5	127271.5	143634.0	161086.0	197424.0	235463.5	255301.0	275828.0	313336.0	347376.5	365124.0	378763.5	401027.5	420015.5	429860.5	434825.0	440827.0	443279.0	444109.0	442951.5	437254.0	431139.5	429543.0	428322.0	421717.5	412082.0	406740.0	398960.5	377581.5	347924.0	329937.5	309690.5	274254.0	240530.0	222328.5	206313.5	178199.5	152538.5	138491.0	127641.0	109512.0	93741.0	85881.0	78048.0	67784.0	59600.5	54439.0	51062.0	45409.5	39167.0	35373.0	31211.5	24833.5	19122.0	15781.5	13091.5	9087.5	5970.5	4483.5	3533.0	2257.5	1358.5	962.5	707.5	406.0	242.5	163.0	110.0	66.5	45.0	35.0
MCW_CT_ROA_166_R2_trim	21.0	13.5	5.5	5.0	5.0	5.5	8.0	8.0	6.0	11.0	21.5	47.0	70.0	115.0	237.0	515.0	713.5	1017.5	1945.0	3548.0	4557.0	6157.0	10667.5	17094.5	20798.0	26575.0	39481.5	56062.5	65924.5	77631.5	101178.0	130029.0	147296.5	164518.0	199375.5	235918.0	255461.0	275733.0	311562.0	344580.5	362699.0	377129.0	400522.0	418600.0	427511.0	434941.5	443357.0	446466.0	447455.5	447647.5	444451.5	438343.0	435626.5	434487.0	428685.5	420750.0	416491.5	407847.0	384690.5	354661.0	337219.0	315730.0	278641.0	243915.5	225236.0	207390.0	177310.0	151117.5	136753.0	124328.5	104552.0	88136.5	79584.0	71688.0	60005.0	50689.5	45781.5	41050.5	33983.5	27839.0	24175.0	20853.0	16285.5	12324.5	9925.5	8009.0	5444.5	3666.0	2765.5	2115.0	1353.5	876.5	655.5	496.0	327.5	223.0	175.0	138.5	90.0	49.5	33.0
MCW_CT_ROA_167_R1_trim	61.0	61.0	61.0	61.0	61.0	61.0	61.0	61.0	61.0	61.0	61.5	62.5	65.5	70.5	81.0	116.5	159.5	239.0	411.0	775.0	1232.0	2042.5	3677.5	6724.5	9881.5	14581.0	22438.0	33597.0	44123.0	57980.0	79718.5	108243.0	132752.0	161007.0	212412.0	274358.0	312693.0	347011.5	412102.0	493573.5	541627.5	568256.5	635783.5	704292.0	727420.0	712111.5	713150.5	716131.5	694893.0	677249.0	639321.0	576534.5	528599.5	510472.0	476232.5	443605.0	430911.0	389006.5	332398.5	286211.0	255262.5	226692.5	189992.5	156757.5	136115.5	120203.0	98137.5	79839.0	68937.0	59045.5	47741.0	38917.0	33425.5	28789.0	23278.0	18877.5	16051.5	13861.5	11237.0	9072.5	7782.5	6831.0	5515.5	4336.0	3628.0	3009.0	2093.0	1442.5	1137.5	920.0	653.5	420.0	290.5	222.0	165.0	122.5	97.5	81.5	66.5	99.5	136.0
MCW_CT_ROA_167_R2_trim	63.0	62.0	61.0	61.0	61.0	61.0	61.0	61.0	61.0	61.5	62.0	63.5	67.0	69.0	75.5	110.5	157.0	232.0	414.0	805.0	1272.0	2085.5	3739.5	6938.5	10178.0	14801.0	22977.0	34736.0	45526.5	59852.0	81639.0	109337.5	133348.5	162003.5	213726.5	276486.0	315815.0	350339.5	414042.0	495404.0	545451.0	572640.5	640681.5	701864.0	717837.5	707573.5	709316.5	713898.0	697840.0	676567.0	635171.5	575084.0	530973.0	512796.5	477107.5	442427.0	428604.0	386424.5	327699.0	282365.0	253432.0	226112.5	190848.5	158120.5	137603.0	120884.0	98492.0	79934.0	68559.5	58764.0	46833.0	37182.0	31427.0	26856.0	21108.5	16487.0	13876.0	11834.5	9246.5	7296.5	6277.0	5425.5	4277.5	3317.0	2747.5	2227.0	1565.0	1104.0	858.0	695.0	507.5	344.0	249.5	187.0	135.5	101.0	81.0	71.5	54.5	43.0	41.0
MCW_CT_ROA_169_R1_trim	20.0	19.5	19.0	19.5	20.0	19.5	19.0	19.5	20.0	19.5	19.0	19.5	20.5	22.5	26.5	45.5	67.5	96.5	209.0	464.0	727.0	1228.5	2347.5	4766.5	7029.0	10237.5	16583.5	25787.0	33312.5	44104.5	61928.5	87009.0	108010.0	135587.5	191464.5	256060.0	291927.0	329043.0	405859.5	505871.5	565531.5	600677.5	694574.0	790717.5	825366.0	802211.0	798429.5	812084.5	797483.0	773895.5	722022.0	651514.0	606334.0	596445.0	565778.5	539233.5	537442.0	494713.5	429659.0	376664.0	343673.0	311836.5	269291.0	231308.0	208948.0	191017.0	162726.5	137605.5	123995.5	111606.5	93363.5	77596.0	69016.0	61900.0	51732.5	43376.0	38779.5	35585.0	30367.5	25574.5	23203.5	20974.5	17459.0	13869.0	11720.5	9811.5	6950.5	4813.0	3747.0	3033.0	2061.5	1290.0	951.0	697.0	434.5	270.5	191.0	125.5	60.5	47.5	44.0
MCW_CT_ROA_169_R2_trim	37.0	29.5	20.5	19.0	19.0	18.5	18.0	18.5	19.0	19.5	20.5	20.5	20.0	21.0	29.5	49.5	72.5	114.5	245.0	523.5	814.0	1341.5	2545.0	5063.0	7333.5	10815.5	17826.0	27654.0	35471.5	46724.0	65324.5	90359.0	110938.0	138747.0	195033.0	259804.5	295723.5	334925.0	411209.0	511076.5	573479.5	608401.0	700517.5	781097.5	801700.0	790401.5	794970.5	807838.5	796680.5	770570.0	718779.0	655252.5	613982.0	602920.5	571409.5	541321.0	536047.5	493897.5	428127.0	376938.5	346497.5	316026.0	274464.0	235934.0	212657.0	193013.5	163775.5	138157.5	123653.0	109682.0	89811.0	74040.0	65588.5	57850.5	46551.0	37884.0	33400.5	29349.5	23845.0	19614.5	17243.5	15289.0	12383.0	9574.0	7913.0	6514.0	4684.0	3328.5	2563.5	2020.5	1372.0	917.0	700.5	533.0	355.0	237.5	186.0	156.0	104.0	55.5	36.0
MCW_CT_ROA_171_R1_trim	4.0	4.0	4.0	4.0	4.0	4.0	4.0	4.5	5.0	4.5	4.5	10.0	18.5	27.5	55.5	146.0	249.0	462.0	923.0	1918.5	2860.0	4281.5	7729.0	13782.0	18447.0	25438.0	38801.5	57202.5	71222.0	87437.0	116820.0	156621.0	186715.0	222858.0	294968.0	373813.0	416844.5	464104.0	553045.0	649608.0	704778.0	736373.5	801278.0	862825.0	885650.0	870307.0	861506.5	865247.5	854608.0	830399.5	782843.5	727445.5	695641.0	685466.0	657840.5	631273.5	624324.0	591355.0	538331.5	487895.0	452782.5	416385.0	364431.0	316771.5	287636.5	263008.0	226856.0	194859.0	175300.5	156044.0	130317.0	111000.0	100037.5	88367.0	74058.0	63433.5	56830.5	50864.0	42873.0	36010.5	31927.5	28449.0	23553.5	19017.0	16264.5	13410.5	9421.5	6663.5	5205.0	4201.5	2818.0	1751.5	1287.5	916.0	573.5	354.5	237.5	172.0	101.0	60.0	42.0
MCW_CT_ROA_171_R2_trim	5.0	5.0	5.0	5.0	5.0	5.0	5.0	5.0	5.0	5.5	7.0	13.5	22.5	37.5	77.0	186.5	304.5	566.5	1141.5	2314.5	3345.0	4993.5	8837.5	15406.0	20448.5	27679.5	42319.0	61699.0	75651.0	92941.5	122913.0	161583.5	191097.0	227776.0	299808.0	379579.5	423941.0	470035.5	555790.5	652888.0	710823.5	739349.0	801964.0	862094.5	882878.0	868834.0	861705.0	864239.0	851012.0	825289.0	780519.5	728099.5	696608.5	689059.5	663053.5	635374.5	627468.5	593236.0	537929.5	487721.0	453785.5	419373.0	368957.0	320638.5	290973.0	264857.0	226687.5	193117.0	173085.5	154097.0	127615.0	105769.0	93159.5	81964.5	67312.0	55950.5	49435.0	43482.0	35492.0	29149.5	25593.5	22430.0	18256.0	14735.5	12573.0	10269.5	7376.0	5398.0	4180.0	3325.5	2365.5	1628.0	1212.0	902.0	646.5	466.0	341.0	275.5	192.5	124.5	98.0
MCW_CT_ROA_172_R1_trim	6.0	6.0	6.0	6.0	6.0	6.0	6.0	6.0	6.0	6.0	6.5	7.0	7.0	7.5	11.0	31.0	54.0	95.5	228.0	512.0	760.5	1212.5	2384.5	4806.0	6774.0	10083.0	17681.0	27410.5	33882.0	43594.0	60467.0	83119.5	100636.5	127022.5	183742.0	247951.5	281235.5	312617.5	391059.5	505270.5	571814.5	594591.5	698375.5	802519.5	828923.0	794356.0	780200.0	788388.5	764675.5	752392.5	695688.5	605471.5	555975.0	535992.0	491242.0	448291.5	434138.0	387727.0	318543.0	265789.0	232970.5	205049.0	169192.5	137915.5	119964.0	107715.0	88353.0	71300.5	62343.5	54427.0	44066.0	36136.0	31458.5	26973.0	21848.5	17993.0	15661.5	13871.5	11366.0	9368.0	8312.5	7169.0	5662.5	4459.5	3763.5	3124.0	2198.0	1515.5	1129.5	865.0	550.5	329.5	244.0	196.5	133.0	89.5	71.0	50.5	33.0	43.0	55.0
MCW_CT_ROA_172_R2_trim	8.0	6.5	5.0	5.0	5.0	5.0	5.0	5.0	5.0	5.0	6.0	6.5	7.0	8.5	14.5	41.0	67.5	107.5	280.0	616.0	862.5	1331.0	2708.5	5399.0	7455.5	11102.0	19737.0	30233.5	36749.0	46735.5	63889.0	86131.0	103286.0	130411.0	189433.0	254740.5	287110.5	320393.0	397525.0	511123.5	581054.0	603339.0	704231.5	788788.0	798041.5	777593.5	781860.5	793925.0	769183.0	750131.0	689321.5	604309.5	558106.5	537728.5	491285.0	443697.5	425505.5	380300.5	309222.0	258381.0	230705.5	206540.0	173780.5	142140.0	124261.5	111169.5	90740.5	72783.5	63420.5	55213.0	44257.5	35322.5	29921.0	25350.5	19688.5	15464.0	13187.0	11342.0	8973.0	7249.0	6287.5	5408.0	4292.5	3294.0	2677.0	2198.0	1568.0	1104.0	809.5	613.5	404.5	262.0	213.0	166.5	104.5	80.5	79.0	55.5	34.0	27.0	23.0
MCW_CT_ROA_173_R1_trim	7.0	7.0	7.0	7.0	7.0	7.0	7.0	7.0	7.5	8.0	11.0	14.0	15.5	25.0	66.5	182.5	272.0	437.5	927.5	2041.5	2933.5	4207.0	7709.5	13693.5	17749.5	23648.0	37015.0	54627.5	65694.5	79920.5	108454.0	143151.0	164694.5	193250.5	248944.0	306361.0	336824.5	371799.0	438059.5	506344.5	544292.5	569127.5	621263.5	670197.0	691282.5	681453.0	677779.5	683222.0	678968.0	664122.5	628137.0	587858.0	569284.0	569202.5	556985.0	547084.5	548040.0	527263.5	485618.5	439397.0	408099.0	373775.5	322481.0	275686.0	248987.0	226619.0	191141.5	160244.0	143144.0	127066.5	104216.5	87244.5	77904.5	68181.5	56186.0	47131.5	41286.5	36474.0	30555.0	25764.0	22830.5	20192.0	16706.5	13545.5	11601.0	9681.0	6946.5	4884.0	3730.5	2957.0	2024.0	1344.5	1020.5	707.5	415.0	269.5	191.5	123.5	61.0	41.5	35.0
MCW_CT_ROA_173_R2_trim	8.0	7.5	7.0	7.5	8.0	7.5	7.0	7.0	7.0	8.5	12.0	23.0	34.0	54.5	110.5	252.0	365.0	582.5	1329.0	2759.5	3744.0	5237.0	9240.0	16256.0	21078.0	27623.0	41948.0	60247.0	71721.5	86755.0	114586.0	147902.0	169598.0	197722.0	253449.0	311207.5	341352.5	374772.5	437965.0	506600.0	547001.5	571632.5	623480.5	666243.5	681157.0	676935.0	677460.0	682119.5	677686.0	663048.5	628521.5	590854.5	574283.0	573803.0	560660.0	550498.0	551525.5	529713.0	486450.0	440257.5	409489.0	375584.0	324367.5	277030.5	250068.5	227121.5	190391.0	158025.5	140158.5	123842.0	100615.0	82340.5	71951.5	62442.5	49779.0	40313.0	35033.0	30404.0	24798.5	20528.5	17996.0	15703.5	12796.5	10323.5	8692.5	7182.0	5213.5	3724.0	2849.5	2199.5	1507.0	1048.5	799.0	583.5	391.5	255.5	189.0	141.5	91.0	58.5	42.0
MCW_CT_ROA_174_R1_trim	6.0	5.5	5.0	5.0	5.0	5.0	5.0	7.5	10.0	10.0	16.0	32.5	43.0	74.5	178.0	393.0	540.0	817.0	1588.0	3009.0	4019.0	5560.5	9293.5	15088.5	18803.5	23656.0	34574.0	48291.0	56382.5	65192.5	82420.5	102688.0	114795.5	127470.0	152197.5	176859.5	189527.0	202249.0	224719.5	244908.5	255547.0	261686.0	274240.5	285228.0	289477.5	285529.0	279145.5	273532.0	269148.0	261662.0	246100.5	231059.0	224559.5	223422.5	219134.0	216531.0	216836.0	210155.0	195000.5	175109.0	161472.5	146104.5	121702.5	99946.0	88110.5	78649.5	63467.5	51203.5	45066.0	39338.0	30987.5	24611.5	21282.0	18322.5	14387.0	11419.0	9765.0	8452.0	6684.5	5504.5	4952.0	4346.0	3534.0	2858.0	2402.5	1999.5	1474.5	1007.5	746.5	594.0	398.0	255.0	182.5	131.5	73.5	39.0	28.5	22.0	16.0	12.5	9.0
MCW_CT_ROA_174_R2_trim	5.0	5.0	5.0	5.0	5.0	5.0	6.5	14.5	21.0	25.5	37.5	87.5	130.0	177.5	338.0	650.0	857.5	1296.0	2491.5	4384.5	5584.0	7620.0	12432.5	19191.5	23290.0	28566.5	39824.5	53156.5	60961.5	69846.5	87528.5	106241.5	116405.5	128773.5	153201.5	176779.5	188354.5	200819.5	222305.0	242822.5	254226.5	259486.5	270727.0	280750.0	284758.0	281358.5	276187.5	270991.5	266092.0	259076.0	244333.0	229483.0	223082.5	222598.5	219421.5	217414.0	217831.5	211327.0	196049.0	175006.5	160594.0	146204.0	122475.0	100606.0	88912.0	78838.5	63146.0	50569.0	44097.0	38355.5	30045.0	23459.0	19798.0	16866.0	12898.5	9991.5	8508.5	7260.5	5596.0	4489.5	3938.5	3467.5	2852.0	2280.0	1870.0	1534.0	1120.0	764.0	570.5	467.0	329.0	234.0	192.0	141.0	93.0	61.5	43.5	35.5	27.0	20.5	16.0
MCW_CT_ROA_175_R1_trim	0.0	0.0	0.0	0.0	0.0	0.0	0.0	0.0	0.0	0.0	0.0	0.0	0.0	0.0	0.0	0.5	1.0	0.5	0.0	0.5	1.0	3.0	7.0	15.0	26.0	37.0	65.5	120.5	184.0	290.0	467.0	705.0	1004.5	1380.5	2098.0	3244.5	4391.5	5569.0	7503.5	9923.0	11981.5	14729.5	18626.5	22433.0	25628.5	28844.0	32564.0	35573.0	37890.0	41119.5	45232.5	48746.0	51317.5	54040.0	56254.0	59029.5	62070.5	63010.0	62481.5	61481.0	59977.5	56926.5	52876.5	47746.0	42496.5	37657.5	32520.5	28388.5	24972.5	21540.0	18395.0	15643.5	13247.5	11096.5	8990.5	7340.0	6096.5	4936.5	3965.0	3264.5	2779.5	2275.0	1812.5	1473.5	1224.5	978.0	711.0	515.0	366.5	266.0	186.5	122.0	77.0	50.5	35.0	23.0	16.5	9.0	6.5	6.0	6.0
MCW_CT_ROA_175_R2_trim	0.0	0.5	0.5	0.0	0.0	0.0	0.0	0.0	0.0	0.0	0.0	0.0	0.0	0.0	0.0	0.5	1.0	0.5	0.0	0.5	1.0	3.0	7.5	18.0	31.0	41.0	70.5	116.5	167.0	285.5	473.5	702.5	1004.5	1407.0	2151.5	3252.0	4353.0	5571.5	7579.5	10071.5	12167.5	14800.5	18662.5	22605.0	25831.5	28980.0	32645.0	35739.5	38225.5	41305.5	45323.0	49000.0	51546.0	54138.5	56284.5	59275.5	62486.0	63213.0	62625.5	61499.5	59768.5	56875.5	52933.5	47788.0	42563.5	37743.5	32465.5	28130.5	24704.5	21344.0	18253.5	15441.5	12968.0	10814.5	8736.0	7119.5	5867.0	4705.0	3852.0	3207.0	2655.0	2167.0	1714.5	1329.5	1082.5	889.0	662.0	472.0	315.5	223.5	163.0	108.5	69.5	51.5	45.0	28.5	16.0	10.5	5.0	3.5	5.0
MCW_CT_ROA_177_R1_trim	8.0	8.0	8.5	8.5	8.0	8.0	8.0	8.0	8.5	9.0	9.0	8.5	8.0	8.0	12.5	25.0	38.0	67.5	134.5	258.0	394.5	681.5	1372.0	2794.5	4113.5	5777.5	9213.0	14396.5	18689.5	26180.0	37399.0	52920.0	66773.5	86581.0	124078.0	164431.0	187965.0	216458.5	274666.5	353098.0	404927.0	435716.5	505338.5	568578.0	591148.5	600497.5	599304.5	604525.5	614761.0	614497.0	590347.0	543168.0	517469.0	518496.0	500328.0	480135.0	479891.5	451314.0	409049.0	376310.0	352016.0	327980.0	295680.5	265278.0	245899.5	228167.0	201580.5	177959.0	163555.0	148384.0	128420.0	112514.5	102251.5	91635.5	79102.5	69028.5	62061.0	55922.5	47595.0	40343.5	36145.5	32687.0	27801.5	22819.0	19388.0	16080.5	11463.5	8025.0	6211.0	4887.0	3270.0	2059.5	1469.5	1038.0	626.0	375.0	252.0	159.0	80.0	46.5	35.0
MCW_CT_ROA_177_R2_trim	10.0	9.0	8.0	8.5	9.0	8.5	8.0	8.0	8.5	9.0	9.0	8.5	8.0	9.0	15.0	25.0	34.0	68.0	147.5	275.5	405.5	727.0	1469.0	3002.0	4439.5	6289.0	10016.0	15423.0	19772.0	28179.0	39801.0	54942.0	69019.5	88428.0	126800.0	168657.0	192243.5	221325.0	278266.0	357575.0	412391.5	443493.5	513822.0	569849.0	584611.5	597045.0	602619.5	610253.0	618711.0	612612.5	587717.5	547383.5	524401.0	524653.5	505266.0	484661.5	483843.0	455687.0	411638.5	377338.0	354134.0	331425.0	300303.0	269355.5	248978.0	229912.5	201618.5	176509.5	161514.0	146190.5	125038.0	106901.0	95329.0	85016.5	71298.0	59936.5	53143.5	46921.0	39086.5	32558.0	28592.0	25262.5	20824.5	16979.0	14354.5	11747.5	8490.0	6096.5	4654.5	3584.5	2431.0	1621.5	1186.5	844.0	569.5	389.0	276.5	209.0	149.0	86.5	45.0
MCW_CT_ROA_178_R1_trim	5.0	5.0	5.0	5.0	5.0	5.0	5.5	5.5	5.0	5.0	6.0	9.5	11.0	13.5	22.0	40.0	74.0	154.5	301.5	614.5	967.5	1608.5	3023.5	5868.5	8508.0	12127.0	19336.0	29550.0	37835.0	50363.0	69850.5	95189.5	115791.5	141065.0	189537.0	244066.0	276265.5	310072.0	375094.0	462566.5	519935.0	549242.5	619559.5	679918.5	697487.0	697427.5	682696.0	675300.5	674954.5	658195.0	610388.0	544937.5	509260.5	500690.5	463654.5	427693.5	418617.0	381794.0	326006.0	279548.0	249084.5	221425.5	185883.5	154189.5	134514.0	119419.0	98582.0	80809.0	70081.5	61065.0	50224.0	40866.0	34933.5	30396.0	24958.0	20596.5	17936.0	15694.0	13066.0	10912.5	9573.5	8301.5	6818.0	5492.0	4535.0	3681.0	2607.5	1830.5	1404.0	1095.0	746.0	502.0	369.5	271.0	174.0	112.0	77.0	48.5	26.5	23.5	26.0
MCW_CT_ROA_178_R2_trim	19.0	14.0	7.0	5.0	5.0	5.5	6.0	5.5	5.0	5.5	7.0	10.0	11.0	15.0	25.0	47.0	81.5	148.0	320.0	675.0	1043.5	1757.5	3325.5	6360.5	9122.5	13012.5	20700.5	31463.5	39990.0	53024.5	73094.5	98512.5	119283.0	145026.0	193530.0	247857.0	280122.0	314834.5	378259.5	466466.5	527385.5	555563.5	625569.5	676099.0	682535.5	686129.5	679911.5	673932.0	670289.0	650247.5	603353.0	545266.5	512870.0	503148.5	463166.5	425121.0	415797.0	377961.5	320226.0	275583.0	247948.5	221821.0	188238.0	157225.0	137393.5	120921.0	99451.0	81850.5	70967.5	61482.5	49786.0	39916.0	33831.0	29467.0	23975.0	19478.0	16797.0	14320.5	11582.5	9507.5	8131.5	7001.5	5658.5	4436.0	3602.0	2916.5	2128.0	1527.5	1121.5	868.5	646.0	455.0	319.0	234.0	156.0	99.5	78.0	62.5	37.5	19.5	15.0
MCW_CT_ROA_180_R1_trim	7.0	7.0	7.5	7.5	7.0	7.0	7.0	7.5	8.0	8.0	8.0	8.5	11.5	17.0	26.0	57.0	104.5	232.5	508.0	1046.5	1546.5	2464.5	4835.0	9465.5	13292.5	18518.0	29722.5	43978.5	54250.0	71362.5	98878.5	134294.5	161934.0	197006.0	270118.0	346666.0	384479.5	429918.0	519149.0	635362.0	710608.5	745417.0	843024.5	925789.0	941996.5	938843.5	912408.0	896502.5	895585.0	875530.0	818044.5	738591.5	694823.5	683315.5	642089.5	605775.5	598497.0	551395.5	483160.0	426833.5	387752.5	349880.5	300308.5	256766.0	231141.5	209623.0	176142.0	147527.0	131790.0	116929.0	96969.5	81501.5	72546.5	63494.0	52413.5	43999.0	38777.0	34627.0	29132.0	24278.5	21214.0	18947.5	15695.5	12276.0	10189.0	8454.5	6088.0	4324.0	3251.5	2589.0	1747.5	1078.0	786.0	610.0	399.0	228.0	155.5	112.0	62.0	36.0	27.0
MCW_CT_ROA_180_R2_trim	11.0	8.5	6.0	6.0	6.0	6.0	6.0	6.0	6.0	6.5	7.0	7.0	9.0	16.5	34.5	89.5	147.0	271.0	589.0	1241.0	1822.0	2899.0	5437.5	10375.5	14434.5	20142.5	32182.0	47128.0	57786.0	76259.5	103592.5	137593.0	165423.5	200176.5	272758.5	349203.5	386894.5	434194.0	521121.5	636996.5	716365.5	750172.0	848105.5	921859.0	927848.0	929064.0	911425.5	896029.5	889890.5	868148.0	814877.5	742301.0	700833.5	688869.0	646059.0	607905.5	599692.5	554662.0	485371.5	427784.0	390542.0	354435.5	306077.5	261584.5	234924.0	211737.0	176378.0	146231.0	129921.0	115098.5	94365.5	76882.0	66634.5	58096.0	46744.5	37647.5	32520.5	28468.0	23329.0	19169.5	16577.0	14458.0	11583.0	9018.5	7485.5	6177.5	4474.5	3207.5	2439.5	1893.0	1278.5	829.5	621.0	477.5	319.0	207.0	165.5	137.0	90.5	49.0	32.0
MCW_CT_ROA_181_R1_trim	6.0	5.5	5.0	5.0	5.0	5.0	5.0	5.0	5.0	5.0	5.0	5.5	7.5	15.0	27.5	67.5	120.5	241.5	536.0	1152.5	1721.0	2695.0	5126.0	9643.5	13257.0	18393.5	29648.0	44284.0	54626.5	70571.5	95789.0	128616.5	153748.5	182094.5	240745.0	305701.5	340474.0	377995.0	451383.0	547212.0	607946.0	637015.0	716158.5	783815.5	799889.0	798724.0	783571.0	772246.0	768210.0	753366.0	708012.5	645287.0	613025.5	606779.0	576575.0	551063.5	547406.5	510224.0	454658.0	404353.0	368875.5	333908.5	285358.5	241979.5	217343.0	197948.0	166734.5	139562.0	124379.0	109603.5	89775.5	74396.0	65742.5	57872.5	47865.0	39831.5	34864.5	31171.0	26115.5	21918.0	19617.5	17523.5	14424.5	11662.0	9992.0	8359.0	5988.5	4156.0	3250.0	2715.5	1877.5	1167.5	872.5	661.5	417.5	243.0	157.5	118.0	63.5	36.0	32.0
MCW_CT_ROA_181_R2_trim	8.0	6.5	5.5	5.5	5.0	5.0	6.0	6.0	5.0	5.0	5.5	6.0	6.5	15.0	35.0	89.0	149.5	286.5	627.5	1366.0	2011.5	2979.0	5617.0	10509.5	14294.5	19956.5	31569.0	46339.5	56979.5	73268.5	99122.5	130933.5	154934.0	184609.0	244149.5	307957.5	341963.5	382549.5	454578.5	550651.5	616418.5	646117.5	724849.5	781657.5	787800.5	791139.0	784403.5	777791.0	773535.0	751343.5	704691.5	650191.0	620790.5	612594.5	580823.5	554667.0	550252.0	514021.0	454068.5	401057.5	368080.0	335267.0	288825.0	245427.5	220156.5	198065.0	164345.5	136452.0	120974.0	106033.0	85536.5	68626.0	58979.5	51594.5	41203.5	32949.0	28496.0	24816.0	19963.5	16230.0	14215.5	12493.5	10147.5	8066.5	6702.0	5475.0	3891.5	2772.5	2163.5	1679.0	1125.0	766.5	609.0	452.0	293.5	192.5	139.0	106.0	67.0	43.0	30.0
MCW_CT_ROA_183_R1_trim	5.0	5.0	5.0	5.0	5.0	5.0	5.0	5.0	5.0	5.0	5.0	6.0	8.0	10.5	16.0	30.0	53.0	92.0	185.5	393.5	630.0	1094.0	2096.0	4324.5	6492.5	9468.0	15273.5	23011.0	29665.5	40318.0	56916.5	79689.5	99169.5	122951.5	172573.5	230721.5	263953.5	297927.0	364594.5	459743.0	524042.0	559622.5	648438.0	726452.0	749941.0	753286.5	742766.5	737095.0	734058.5	721968.0	685977.5	627235.5	590638.5	582021.5	545115.0	509861.0	500990.5	459276.0	401794.5	355272.0	321892.5	288891.0	249391.0	214002.5	191800.0	174694.0	148088.5	124668.5	111394.5	97890.0	80867.5	67978.0	60488.5	53535.0	44402.5	37085.5	32694.0	28990.5	24234.0	20409.0	18273.0	16185.5	13160.0	10481.5	8895.0	7429.0	5392.0	3883.0	2987.0	2369.0	1617.0	1052.0	797.5	580.0	386.0	247.0	156.5	103.5	59.5	38.5	29.0
MCW_CT_ROA_183_R2_trim	5.0	5.0	5.0	5.0	5.0	5.0	5.0	5.0	5.0	5.5	5.5	6.5	8.0	9.0	14.0	32.0	55.5	99.0	209.0	457.0	724.5	1175.5	2246.5	4627.5	6838.5	10031.5	16480.5	24589.5	31204.0	42781.0	59810.5	81937.5	101287.5	125576.5	174995.5	233440.5	267477.5	302511.0	368149.0	463843.5	531174.0	564450.5	652529.0	723960.0	738869.0	746525.5	743041.0	740227.0	736528.5	720125.5	682390.0	626919.5	593192.0	583561.5	544100.0	509674.5	502044.0	457958.5	396400.5	351699.0	322018.0	290816.5	252668.5	217434.0	195255.5	176832.0	148608.0	123830.5	110031.0	96696.0	79519.0	65620.5	57275.0	50220.0	40765.0	33296.0	28918.5	25116.5	20508.5	16892.0	14799.0	12918.5	10343.5	8199.5	6927.5	5787.5	4252.0	3069.5	2352.5	1848.0	1319.5	909.0	658.0	479.0	334.5	230.0	171.5	141.0	91.5	45.5	26.0
MCW_CT_ROA_184_R1_trim	3.0	2.5	2.0	2.0	2.0	2.0	2.0	2.0	2.0	2.0	2.5	2.5	2.5	5.0	9.5	21.5	40.5	74.5	142.0	304.5	492.0	850.5	1582.0	3131.5	4700.0	6902.5	11413.5	17894.5	23152.5	31742.5	45834.5	65532.0	82336.5	103957.0	147272.5	197677.5	227516.5	259193.0	322626.5	413307.0	473370.0	506440.0	588022.5	660442.0	683134.0	689665.5	685990.5	687191.0	689945.5	676698.5	641521.0	590244.5	560517.0	557129.5	529781.0	502256.0	496731.0	463112.5	411377.0	365927.5	335439.5	305582.5	266051.5	229486.5	207362.5	189792.5	162102.5	137351.5	123287.0	110703.0	92941.5	77413.5	68427.5	60396.5	50313.0	42492.5	37719.0	33754.5	28710.0	24111.5	21274.5	18957.5	15679.0	12487.5	10412.5	8510.5	5971.5	4164.5	3190.0	2542.0	1664.5	1021.5	766.0	591.0	369.5	206.5	139.5	95.0	53.0	28.0	11.0
MCW_CT_ROA_184_R2_trim	14.0	10.5	6.0	4.0	3.0	2.5	2.5	3.0	3.0	3.0	3.0	3.0	3.5	8.0	12.5	22.0	38.0	71.0	154.5	329.0	510.0	841.0	1695.0	3502.5	5169.5	7445.5	12236.5	19039.0	24423.0	33649.0	48100.0	67105.5	83507.0	105296.0	149031.5	198969.0	227632.0	262344.0	324876.0	412699.0	474527.0	508364.0	591559.0	656563.0	670702.0	680775.0	683718.0	684753.0	683790.0	671111.0	640106.0	593438.5	566207.0	563128.0	531728.5	502526.0	498123.5	463563.0	410378.5	367484.5	340367.0	310549.0	271932.0	236094.0	213769.0	194519.5	165231.0	139364.5	124530.5	110776.5	92245.5	76747.5	67334.0	58907.5	48248.0	40046.5	35077.5	30808.5	25314.5	20804.0	18179.0	15948.5	12843.5	10022.0	8210.0	6766.0	4930.0	3497.5	2684.0	2100.5	1425.5	973.0	749.0	581.0	391.0	258.0	195.5	154.0	93.0	50.5	37.0
MCW_CT_ROA_185_R1_trim	26.0	26.0	26.0	26.5	27.0	26.5	26.0	26.0	26.0	26.0	26.5	27.5	28.0	27.5	32.0	44.5	60.5	93.5	152.5	281.5	414.0	694.5	1418.5	2927.0	4261.5	6225.5	10177.5	15562.0	19747.5	26819.0	39061.5	56075.5	69310.0	87228.5	124562.0	170428.5	197354.5	222933.5	277787.5	352918.0	398849.0	428348.5	502618.0	574755.5	604930.0	620788.5	627410.5	627745.5	630688.5	619924.5	594363.0	557602.5	531473.0	525131.0	508853.0	500375.0	502770.5	474002.0	426027.0	382747.0	354878.5	326831.5	287756.0	250355.5	228718.5	210506.0	179962.5	153361.0	138701.5	123140.0	101181.0	83402.0	73239.0	64225.5	52625.0	43436.0	37724.0	32974.5	26937.5	22087.5	19294.5	17195.5	14164.0	11194.5	9305.0	7685.0	5585.5	3917.5	2957.5	2357.0	1592.0	1075.5	836.5	606.5	387.0	233.5	154.5	108.0	61.5	50.0	48.0
MCW_CT_ROA_185_R2_trim	28.0	27.5	26.5	26.5	27.0	26.5	26.0	26.0	26.0	26.0	27.0	27.5	27.5	28.5	34.0	52.0	72.0	109.0	174.5	323.5	478.5	803.0	1569.0	3097.0	4441.5	6556.0	11065.5	16946.0	21239.5	29054.0	41807.5	58529.0	71788.5	89124.0	126647.5	173056.0	199536.0	226173.0	280318.5	355802.0	404308.5	434004.5	506695.0	569895.5	592523.0	613083.0	625528.0	629396.5	634736.5	619709.5	588888.0	553289.0	530270.5	527744.5	511764.5	501921.0	505584.0	476299.5	425212.5	381923.5	357196.5	330368.0	292360.0	255632.5	233956.5	214469.5	181674.5	153125.5	137884.5	121690.0	98878.0	80348.5	69456.0	60973.0	49030.0	39052.0	33610.5	29051.5	23244.0	18887.5	16411.5	14318.0	11635.5	9153.5	7523.5	6245.5	4604.5	3312.0	2547.5	2008.0	1399.0	1006.5	832.5	655.0	453.5	290.5	215.0	177.5	126.5	82.5	60.0
MCW_CT_ROA_186_R1_trim	5.0	5.0	5.5	5.5	5.0	5.0	5.0	5.0	5.0	5.5	6.0	11.0	18.0	34.5	72.0	158.0	227.0	397.0	838.0	1655.0	2283.0	3467.5	6413.5	11411.5	15035.5	20067.0	30882.5	45500.0	55510.5	68109.5	91352.0	121078.0	141705.5	166593.5	215585.5	267563.0	295902.5	325473.0	383453.5	445464.0	478769.5	500732.5	539142.5	571408.0	587336.5	590599.5	579929.5	568881.5	566433.0	552405.0	525932.5	497742.5	481666.0	477644.5	469187.5	463085.0	462389.0	446371.0	413948.5	377590.5	353439.0	327499.5	288891.0	252418.5	229905.0	210798.5	181255.0	154971.5	140126.5	126825.5	106349.5	87766.5	77310.5	68402.5	56181.0	46799.5	41643.5	37199.5	31226.5	26660.0	24366.5	22141.5	18770.0	15372.0	13221.0	10870.0	7322.0	4740.0	3504.0	2696.0	1667.5	962.5	688.0	513.0	315.0	194.5	133.5	78.0	33.5	21.5	16.0
MCW_CT_ROA_186_R2_trim	18.0	12.5	6.5	6.0	6.0	5.5	5.5	6.5	7.0	8.5	12.5	21.0	28.5	56.0	120.0	255.0	362.5	606.5	1250.5	2423.0	3275.0	4742.5	8225.5	13788.0	17729.0	23432.0	35573.0	50909.0	60904.0	74170.5	97829.5	126125.0	145637.0	169004.0	217230.5	269535.5	297465.5	328544.5	384395.0	444523.5	479612.0	500748.5	539345.0	566999.5	576691.0	583063.5	578320.5	567961.5	564037.5	549268.0	523952.0	497968.5	482049.5	479440.0	471327.5	464097.5	463812.0	448011.5	415841.0	380504.5	356992.0	332040.0	292660.5	255339.0	233526.5	213671.5	183221.0	155575.5	139654.0	125193.5	103860.0	84982.5	73918.0	64678.0	52161.5	42269.0	36661.5	32116.0	26306.0	21613.0	18819.5	16668.0	13673.0	10977.0	9285.5	7621.5	5389.5	3631.5	2615.0	2041.5	1364.0	869.0	656.5	506.5	341.5	215.0	149.5	131.0	98.5	50.5	28.0
MCW_CT_ROA_189_R1_trim	35.0	35.0	35.0	35.0	35.0	35.0	35.0	35.0	35.0	35.0	35.5	36.5	37.0	38.5	49.5	73.5	96.0	140.0	272.5	591.0	877.5	1311.0	2513.0	4832.5	6655.0	9229.0	15020.0	23100.0	28773.0	36899.5	51713.5	71427.5	85755.0	104156.5	143387.5	186489.5	208920.0	233614.5	283024.5	343451.5	378985.0	402207.5	454620.0	500715.0	518863.0	528279.0	526331.0	518302.5	516296.5	505741.5	483384.5	451671.0	429386.5	425816.5	416720.0	410462.5	411278.0	390574.0	352286.0	314218.0	289872.5	266309.0	232413.0	199809.5	180970.0	165359.5	140462.0	118570.5	106275.5	95202.5	79687.5	66403.5	58448.0	51692.0	42882.0	35438.0	30724.5	27400.5	22935.5	18722.5	16256.5	14499.5	11865.0	9243.0	7649.5	6363.5	4630.0	3254.0	2457.0	1946.5	1328.0	876.0	629.5	470.0	317.0	210.5	169.0	134.5	80.5	53.0	43.0
MCW_CT_ROA_189_R2_trim	36.0	35.5	35.0	35.0	35.0	35.0	35.0	35.0	35.0	35.0	36.0	36.0	35.0	38.5	52.0	93.0	137.0	184.0	329.0	703.5	1038.5	1550.5	2814.0	5199.0	7111.5	10094.5	16237.5	24278.0	29914.0	38474.0	53899.0	72882.5	86365.5	105555.5	145174.0	187500.0	209494.5	234940.0	283933.5	343784.0	380214.5	404407.5	457424.5	498765.0	512417.0	525406.0	527644.0	522373.0	522478.5	508650.0	482503.5	452033.5	431992.0	429109.5	420535.0	413830.0	413981.0	393532.5	354133.0	315931.5	292951.5	269776.5	235725.0	202896.0	183558.5	166813.0	140802.0	117734.5	104770.5	93321.5	76426.5	61733.5	53298.5	46482.0	37019.0	29892.0	26139.0	22431.0	17955.0	14410.5	12272.0	10776.0	8741.5	6806.0	5495.0	4480.5	3241.0	2327.0	1770.0	1430.0	1016.0	685.5	528.5	412.0	304.5	209.5	153.5	128.0	89.5	58.0	42.0
MCW_CT_ROA_190_R1_trim	9.0	9.0	9.0	9.0	9.0	9.0	9.0	9.0	9.0	9.0	9.0	9.0	9.0	9.0	10.0	13.0	16.5	19.5	26.0	64.0	141.5	260.5	475.0	930.5	1635.5	2759.5	4392.0	7122.0	10615.5	15652.5	23176.0	34506.5	47602.0	63952.5	95438.5	140838.5	175415.5	206219.0	265094.5	350290.5	407830.5	453426.0	553782.0	644174.0	686106.0	732655.0	767306.5	777173.5	776732.5	769393.5	757070.0	717288.0	679504.5	682527.5	667695.5	649919.5	651599.0	609468.5	536766.5	478592.0	439327.5	395804.0	348355.5	303078.0	270291.5	241722.5	204452.5	173624.0	153954.0	135018.5	112845.5	94570.5	82247.0	71153.5	58822.5	48965.5	42381.0	36488.5	30529.5	25133.0	21262.0	18319.0	14694.5	11485.5	9409.5	7643.0	5525.5	3912.0	2938.5	2254.0	1525.5	947.0	654.0	467.0	304.0	190.0	135.5	92.5	55.0	37.5	28.0
MCW_CT_ROA_190_R2_trim	16.0	12.5	9.0	9.0	9.0	9.0	9.0	9.0	9.0	9.5	9.5	9.0	9.0	9.5	12.5	16.5	20.0	22.5	31.0	68.0	134.0	244.5	467.5	918.5	1576.0	2661.0	4361.0	7118.0	10508.5	15554.0	23296.5	35033.0	48448.5	64813.0	95340.0	139969.5	174581.5	207150.5	267371.5	350712.5	407226.0	455939.0	558331.0	644365.5	682306.5	727075.5	761930.0	772489.0	771991.5	770393.5	757611.0	716376.0	683888.0	685183.5	665653.0	649176.5	652489.5	607294.0	532746.5	478424.5	442821.0	400451.0	354503.5	308291.0	274212.5	245296.5	207367.5	175369.0	154892.5	135279.0	112590.0	93879.0	81164.5	69672.0	56937.5	46741.0	39779.0	33963.5	28003.0	22825.5	19237.0	16286.5	13047.5	10317.0	8340.0	6615.5	4883.0	3596.0	2622.0	1949.5	1337.0	886.0	632.5	474.5	329.0	204.0	152.5	127.5	93.0	55.0	33.0
MCW_CT_ROA_192_R1_trim	9.0	9.0	9.0	9.0	9.0	9.0	9.5	9.5	9.0	9.0	9.5	10.0	10.5	13.0	20.5	42.5	71.0	158.5	343.0	672.5	946.0	1485.0	2774.0	5359.0	7520.0	10190.5	16495.5	25574.0	31810.0	40503.5	56557.0	78758.5	94722.0	114938.0	159997.5	209271.0	233317.0	260193.5	316912.5	388437.5	430261.0	457329.0	521299.0	576571.5	597383.5	604613.0	595665.5	584351.5	582482.0	564268.5	529248.0	485154.5	454697.0	446358.5	428523.0	416528.0	414302.5	383515.0	335360.5	293929.5	269209.5	246147.0	212498.5	181483.0	164700.5	151343.0	128600.0	108394.0	97411.5	86278.5	70689.0	58654.0	52174.0	46265.5	37984.0	31306.0	27432.5	24403.5	20100.5	16546.5	14654.0	13045.5	10671.5	8404.0	7029.5	5782.0	4098.0	2943.5	2346.5	1854.5	1207.5	750.0	535.0	413.5	276.5	164.5	117.5	83.5	52.0	36.5	26.0
MCW_CT_ROA_192_R2_trim	16.0	13.0	9.5	9.0	9.0	9.0	9.0	9.0	9.0	9.0	9.5	10.5	11.5	15.5	28.0	67.0	104.5	200.5	411.0	793.0	1097.5	1696.0	3222.5	6097.0	8373.5	11581.5	18964.0	28501.0	34619.0	44236.5	60627.0	81899.0	97599.5	118045.0	163608.5	213570.0	238026.5	265186.0	320937.5	394285.0	439490.0	463800.5	526088.0	573132.0	583811.0	595891.5	594334.5	585335.5	583695.5	562839.0	524608.0	484242.0	458973.5	451909.5	431601.5	415819.5	413899.5	382970.0	333188.5	293542.5	271018.0	249075.0	217293.0	185824.0	167494.5	152792.5	127868.5	106451.5	95328.5	84117.5	67912.5	54586.0	47201.0	41080.5	32352.5	25778.0	22457.0	19524.5	15678.0	12576.5	10716.5	9379.5	7638.5	6037.0	4936.5	4013.5	2876.0	2041.0	1570.5	1276.0	877.0	585.0	461.0	330.5	210.5	141.5	114.0	90.5	57.0	32.5	24.0
MCW_CT_ROA_193_R1_trim	6.0	6.0	6.5	6.5	6.5	7.0	7.0	7.0	7.0	8.0	10.5	18.0	24.5	31.5	68.5	172.0	261.5	422.0	819.0	1680.5	2357.5	3344.5	5671.5	9737.5	12791.0	17007.5	25793.5	37435.5	45270.0	54787.5	72313.0	95090.0	110938.0	129005.0	169572.5	212871.0	233651.5	257131.5	305083.5	357376.5	384757.5	404757.0	443923.0	475181.0	487854.5	487725.5	473518.0	463208.5	462689.5	444228.0	410259.0	371842.0	346842.5	338764.5	323080.5	310390.5	306396.5	284926.0	248979.5	215899.0	196314.5	178987.5	152094.0	127765.0	115246.0	104187.0	86575.5	71894.5	63953.5	57168.5	47032.5	38558.0	34051.0	30650.5	25473.0	21344.0	19345.5	17328.0	14659.5	12409.5	11108.0	9972.0	8147.5	6324.0	5259.5	4408.5	3140.0	2173.0	1660.0	1319.5	873.5	552.5	391.5	281.5	168.5	88.0	49.5	34.5	24.5	17.5	13.0
MCW_CT_ROA_193_R2_trim	15.0	10.5	6.0	6.0	6.5	7.0	7.0	7.0	7.5	8.0	9.0	21.5	34.5	60.5	132.5	270.5	370.0	590.5	1168.5	2191.5	2937.0	4124.5	6902.0	11266.5	14350.5	19117.5	29074.5	40780.5	48015.0	58569.0	76740.0	98639.0	114066.5	132218.5	172278.0	213344.0	232424.5	257493.0	303836.5	356322.5	387390.5	405772.5	443899.5	470082.5	476689.0	480071.0	472777.5	463708.5	461248.5	441984.0	407357.0	370525.5	347482.0	340314.5	323633.5	308837.0	304357.0	284146.0	248902.5	216938.0	198883.5	181165.0	154994.0	131468.5	118115.0	106489.5	88329.5	73158.0	65126.0	57571.5	46595.5	37629.0	32579.0	28449.5	23027.5	18778.5	16274.0	14141.5	11467.0	9414.5	8199.5	7205.5	5721.5	4483.0	3761.0	3073.5	2171.0	1524.5	1165.0	924.0	640.5	437.0	325.5	241.5	159.0	113.0	98.0	75.0	41.0	23.5	20.0
MCW_CT_ROA_194_R1_trim	5.0	5.0	5.0	5.0	5.0	5.0	5.0	5.0	5.0	5.0	6.0	8.5	12.0	19.0	39.5	89.0	131.0	226.5	501.0	994.5	1439.0	2322.5	4348.5	8421.5	11789.0	16269.5	26289.5	38333.5	46265.5	59794.5	83594.0	117068.5	142966.0	174381.5	241107.5	318003.5	360769.5	402196.5	486723.5	596085.5	660539.0	700086.5	805050.5	911384.0	952803.5	926278.0	892239.0	885897.0	873137.0	845340.0	785725.0	699869.5	647653.5	631756.0	584129.0	543145.5	535287.5	488077.0	412523.5	351204.0	315184.0	282679.5	240658.5	204375.5	182906.5	165612.0	139116.0	117426.5	105592.0	92786.0	76485.5	64699.0	57957.0	51235.0	42719.0	35959.0	31712.5	28321.0	23724.0	19722.0	17433.0	15385.0	12647.0	10104.0	8444.0	6907.0	4839.0	3456.0	2654.0	2039.5	1357.5	885.5	637.5	477.5	315.0	195.0	124.5	89.0	51.5	30.5	24.0
MCW_CT_ROA_194_R2_trim	9.0	7.0	5.0	5.0	5.0	5.0	5.0	5.0	5.0	5.0	7.0	11.0	14.5	20.0	48.5	119.0	170.5	281.5	586.0	1228.0	1795.5	2699.5	4912.5	9352.0	12945.5	17779.0	28711.0	41525.0	49615.0	63505.0	87800.0	121444.5	147491.5	179621.0	246817.0	322804.5	364587.0	409230.5	490961.5	601218.0	673226.5	706737.5	806848.5	905487.0	937976.5	918362.5	889441.5	885441.0	876069.0	841837.0	779161.0	699948.5	651524.5	635815.0	584768.0	542230.5	536401.5	487982.5	408875.5	348470.0	315739.5	286020.0	246942.5	210622.0	188455.0	169897.0	141795.0	117806.5	104405.0	91953.5	75323.5	61745.0	53880.0	47211.5	38255.0	30900.0	26559.0	23327.5	19170.5	15700.5	13611.0	11846.0	9533.0	7488.5	6212.5	5082.5	3585.0	2530.0	1948.5	1519.0	1047.5	714.5	540.5	396.0	262.0	183.5	139.5	116.5	78.0	37.5	24.0
MCW_CT_ROA_195_R1_trim	11.0	11.0	11.0	11.0	11.0	11.5	11.5	11.0	11.0	11.0	11.0	11.0	11.0	12.5	17.5	23.5	33.5	55.5	97.5	188.5	339.0	635.0	1197.0	2448.0	3936.0	6080.0	9712.5	14695.5	20115.0	29074.0	43596.0	64850.5	87941.0	116373.5	169097.0	235658.0	282048.5	332914.0	422857.5	542277.5	625565.0	685316.5	811433.5	942266.0	1002854.5	1012326.5	1021529.5	1034027.5	1018194.0	1009353.0	989179.0	924160.0	873679.5	866127.0	827543.0	782669.5	774695.5	727697.0	651580.5	588554.5	542490.5	492463.0	436587.5	383607.0	342788.5	308799.5	264758.5	227843.5	203574.0	178367.5	150890.0	129319.5	114518.5	100710.0	85253.0	72883.0	64177.0	56258.0	47330.0	39480.0	34113.5	29657.0	24401.5	19436.5	15984.5	13148.5	9760.0	7066.5	5238.0	3888.0	2639.5	1760.0	1285.5	945.0	616.0	403.5	311.0	231.5	147.5	92.0	62.0
MCW_CT_ROA_195_R2_trim	11.0	10.5	10.0	10.0	10.0	10.0	10.0	10.0	10.0	10.0	10.5	10.5	10.0	12.5	16.0	19.0	28.0	49.0	100.5	201.0	345.5	636.5	1202.0	2459.5	3960.0	6142.0	9730.0	14756.0	20418.5	29465.0	44363.5	65930.5	88877.5	117635.0	170910.0	237555.5	283928.0	336326.5	427069.0	548641.5	635364.5	694461.0	819941.0	941474.5	992750.0	1007789.5	1019974.5	1034534.5	1024100.5	1008818.0	983627.5	925379.0	879150.0	872293.5	831426.0	783331.5	775201.0	728032.0	647534.0	583891.5	541597.5	494311.0	440262.5	387358.5	346340.5	310222.0	264589.5	226090.0	200746.5	175644.0	147188.5	124344.0	109010.5	95101.5	78772.0	65977.5	57535.5	49580.0	41115.5	34153.0	29198.5	24991.0	20241.5	16041.0	13111.0	10552.0	7789.5	5730.0	4220.0	3072.5	2054.5	1362.0	995.5	744.0	536.0	360.5	252.5	181.5	119.0	75.0	53.0
MCW_CT_ROA_196_R1_trim	4.0	4.5	4.5	4.0	4.0	4.0	4.0	4.0	4.0	4.0	4.0	4.5	5.5	11.0	22.0	40.0	61.0	128.5	307.0	665.5	1035.5	1737.5	3378.0	6889.5	9974.0	14075.0	22594.0	34250.5	43110.5	57010.0	81202.0	113664.5	138318.5	172442.5	239668.5	314783.5	358163.5	401057.5	488938.0	607106.0	680410.0	722380.0	826975.0	939803.5	987715.0	963298.0	931700.5	925057.5	915203.0	889970.5	818137.0	716581.0	660796.5	647007.0	597501.5	553008.0	545047.5	492318.0	405945.0	336115.5	296340.0	262879.0	218908.0	180271.5	158137.5	140983.5	115788.0	94821.5	82277.0	70997.0	57628.5	47002.0	40597.0	35632.0	29310.0	24212.0	21215.0	18449.0	15032.5	12242.5	10509.0	9416.5	7880.0	6170.5	5110.0	4152.5	2852.5	1983.5	1528.5	1212.5	803.5	502.0	382.0	285.5	183.5	119.5	81.5	56.5	30.5	19.5	16.0
MCW_CT_ROA_196_R2_trim	14.0	9.5	4.5	4.0	4.0	4.0	4.0	4.5	5.0	4.5	5.0	5.5	5.0	11.0	21.5	53.5	90.5	158.5	343.5	766.5	1170.0	1975.0	3880.5	7588.0	10750.0	15330.5	24697.0	36883.0	45934.0	60365.0	85027.0	118632.0	144612.0	178559.5	245714.0	321390.5	364875.5	411560.0	497481.0	613331.0	690697.5	730522.0	834066.0	928799.0	958193.0	943367.0	922051.0	921411.5	916114.5	881177.5	807677.5	716791.0	663508.0	652042.0	598870.0	547482.0	539462.0	486709.0	397924.0	331122.5	295800.0	264369.0	223255.5	184746.0	161275.0	143601.0	117889.5	95867.0	82842.0	71220.0	57311.0	46185.5	39280.0	33843.0	27076.0	21649.0	18378.5	15750.5	12609.0	10032.0	8446.0	7326.5	5966.5	4718.0	3884.0	3175.5	2256.5	1588.0	1222.0	932.0	635.5	426.5	308.0	239.0	172.0	125.5	97.5	72.0	46.5	31.5	23.0
MCW_CT_ROA_198_R1_trim	4.0	3.5	3.0	3.0	3.0	3.0	3.0	3.0	3.5	3.5	3.5	3.5	3.0	3.0	3.5	6.0	14.0	28.0	55.5	119.5	198.5	349.0	667.5	1462.0	2403.0	3887.0	6421.5	9900.0	13635.0	20169.0	31168.0	47779.5	64576.5	86233.5	129168.0	183929.0	221754.5	265703.5	345846.0	454163.5	529163.5	584538.5	704340.5	831375.5	893141.0	906392.0	920041.0	933273.0	921806.0	910455.5	878087.5	809107.5	760672.0	747778.0	706965.0	669362.0	664093.0	616178.5	537856.0	472972.5	429366.5	387901.0	342376.0	297735.0	265688.5	239915.0	203670.5	172904.5	153624.5	135750.0	115866.5	99366.0	88265.5	77765.0	66126.5	56410.0	49655.5	44141.0	37531.5	31876.5	28331.5	24868.5	20100.0	15758.5	13076.5	10752.0	7909.0	5703.5	4237.5	3325.5	2297.0	1455.0	991.0	682.5	444.5	265.5	185.0	126.5	75.0	43.5	27.0
MCW_CT_ROA_198_R2_trim	15.0	10.0	4.5	3.5	3.0	3.0	3.0	3.0	3.0	3.0	3.5	5.0	6.0	5.0	4.5	9.0	18.5	31.5	57.5	123.0	205.5	355.0	719.0	1543.0	2488.5	4000.5	6697.0	10351.5	14083.5	20627.5	31937.5	48760.5	65630.0	87702.5	131268.0	186907.0	225103.0	269521.0	349826.0	460103.0	537626.5	590876.0	713057.5	833945.0	885260.0	901775.0	916408.0	930019.0	921388.0	903240.5	867297.5	805915.0	760456.0	750601.0	708225.0	666934.0	664177.5	614388.5	532364.0	468047.5	426468.0	388738.0	346600.0	301439.0	268409.5	241844.0	205497.5	174221.0	154315.5	135603.0	114826.5	97939.5	86395.0	75581.0	63339.5	53396.5	46564.5	40478.5	33794.0	28251.5	24421.5	21292.0	17104.5	13170.5	10764.5	8851.5	6573.0	4760.5	3527.0	2759.5	1928.0	1249.5	914.5	646.5	427.0	283.5	222.5	170.0	105.0	64.5	45.0
MCW_CT_ROA_199_R1_trim	7.0	7.0	7.0	7.0	7.0	7.0	7.5	8.0	8.0	8.0	8.0	10.5	16.0	19.5	30.0	54.5	79.5	152.0	345.0	686.5	931.0	1417.0	2651.0	5263.0	7311.0	11105.0	19985.0	30927.0	37411.5	45218.0	62036.5	86934.0	104275.0	130528.5	190196.0	258566.0	291747.5	317673.5	395702.5	516276.5	584750.5	611652.0	721775.5	844899.5	889418.5	844713.0	789566.0	785607.5	785107.5	752929.0	673548.5	576257.0	524245.0	509168.5	456928.0	405364.5	390129.5	343460.0	266593.5	210125.0	182183.5	160964.5	130240.0	103789.5	91977.0	84057.0	69939.0	57438.5	50734.0	44999.5	37028.5	30680.5	27241.0	23802.5	19715.5	16552.5	14477.0	13106.0	11133.5	9241.0	8230.0	7380.5	5926.5	4584.5	3864.0	3187.0	2211.0	1519.5	1184.5	957.0	611.0	365.5	287.5	214.5	121.0	67.0	53.5	44.5	28.0	22.0	22.0
MCW_CT_ROA_199_R2_trim	18.0	14.5	9.0	7.5	8.0	8.5	8.0	7.0	7.0	7.5	9.5	10.5	11.5	19.0	33.0	79.5	124.0	189.0	430.5	829.0	1081.5	1659.5	3131.0	5959.5	8072.0	12341.5	22359.0	33256.5	38999.5	48181.5	65645.5	89935.5	107580.5	135466.5	197030.5	263692.0	294680.5	325580.5	400288.0	516006.5	588227.0	613187.5	727129.5	834442.5	857576.0	824411.5	788536.0	789749.0	787434.5	749364.0	663520.5	570852.0	523818.5	511200.5	454411.0	397586.0	383756.0	336841.5	257415.0	203816.5	180827.5	162872.0	136100.0	110670.5	98213.5	89663.0	75160.0	61653.5	54344.5	48173.5	39407.5	31870.0	27560.5	24133.0	19387.5	15624.5	13583.0	11839.5	9487.0	7593.0	6582.0	5726.5	4499.5	3498.5	2911.0	2377.5	1656.0	1152.5	915.5	744.0	497.5	318.5	261.5	207.5	145.5	96.5	71.5	59.0	48.0	36.5	23.0
MCW_CT_ROA_201_R1_trim	6.0	6.0	6.0	6.0	6.0	6.0	6.5	6.5	6.0	6.0	6.5	9.0	10.5	11.0	18.5	44.0	68.0	130.5	296.0	636.0	898.0	1366.0	2637.0	5128.0	7044.0	9830.5	16274.0	24535.5	29985.5	38633.0	55287.5	78051.0	93969.5	115222.5	161985.0	213200.0	239732.5	267997.0	329399.5	408528.5	454302.5	481776.0	550743.5	621675.5	651197.5	632567.5	606611.5	603294.0	600104.5	576761.0	525442.5	460885.5	424554.5	416934.5	386147.0	356606.0	350405.5	318414.0	263947.0	218305.0	193174.5	173943.0	146677.0	122789.0	110518.5	100200.5	84660.0	71335.5	63605.0	56475.5	46895.5	39325.5	35035.0	31542.5	26429.0	22449.5	20715.5	18519.0	15556.5	13162.5	11599.5	10213.0	8241.5	6462.5	5380.5	4418.0	3050.0	2124.0	1678.0	1291.0	812.0	505.5	385.0	286.0	167.0	105.5	80.0	58.0	38.0	21.0	11.0
MCW_CT_ROA_201_R2_trim	17.0	12.0	6.5	6.0	6.0	6.0	6.5	6.5	6.0	6.0	6.0	7.0	8.5	12.5	23.0	57.5	91.0	199.0	427.5	859.5	1209.0	1807.5	3329.0	6298.0	8576.0	11795.0	19119.5	27717.0	33063.0	42495.5	58817.5	80994.0	97463.5	119049.0	165926.0	215667.0	240824.5	272994.5	331333.0	407937.5	458563.0	481306.0	548849.0	614652.5	635291.0	620562.5	601058.5	600109.0	597005.5	572050.0	520758.5	461082.0	428582.0	422772.0	387806.0	355161.0	351523.5	318313.0	261489.0	218562.0	197111.5	177947.0	151855.5	128377.5	115018.0	104083.0	87235.5	72655.5	64537.5	57500.0	47731.5	39271.5	34330.5	30191.5	24541.5	20147.0	17789.5	15750.5	12916.5	10574.0	9211.5	8033.0	6323.5	4839.0	4008.0	3343.5	2419.5	1688.0	1294.0	1030.5	709.0	480.0	365.5	266.5	168.5	128.0	110.0	73.5	47.0	35.5	23.0
MCW_CT_ROA_202_R1_trim	74.0	74.0	74.0	74.0	74.0	74.0	74.0	74.0	74.0	74.0	74.0	74.0	74.5	74.5	75.0	79.0	83.5	92.5	135.5	234.0	340.0	541.0	964.0	1840.0	2741.0	4147.0	6753.0	10523.0	14008.0	19601.0	29054.5	42265.5	53763.5	68429.5	98519.5	135484.0	159161.0	184810.0	232284.5	294707.5	334435.0	360514.0	426412.0	498103.5	530499.0	529766.5	529478.0	533064.5	525789.5	519624.0	497631.0	457359.0	434489.5	430334.0	407628.5	385724.0	382364.5	355557.5	313256.0	276138.5	249928.5	225348.5	194596.5	165605.0	147802.0	133423.5	111393.0	93193.5	82442.0	71856.0	59169.0	49157.5	42840.0	37113.5	30499.0	25171.5	21608.5	18571.0	15064.5	12338.5	10668.5	9345.5	7576.0	5942.5	4907.0	4035.5	2949.0	2091.0	1580.0	1289.5	916.0	590.5	445.0	336.5	218.5	139.0	108.5	88.0	69.0	54.5	42.0
MCW_CT_ROA_202_R2_trim	71.0	71.5	71.5	71.0	71.0	71.0	71.0	71.0	71.0	71.5	72.0	71.5	71.5	73.0	73.0	78.5	86.5	92.5	130.5	232.5	345.0	563.0	1012.5	1882.5	2777.5	4356.0	7106.5	10805.0	14229.5	19955.5	29619.0	43239.0	55166.0	69787.0	100009.5	136969.0	160432.5	186790.0	233063.0	296771.0	339524.5	362806.0	429464.5	497956.5	524159.5	526142.0	527952.0	534073.0	529296.0	517517.5	492237.0	454927.0	434010.0	432051.0	407932.5	384534.5	381995.5	354064.5	308713.5	272449.5	249904.5	227279.5	198065.0	169021.0	150299.5	135347.0	113007.0	93785.0	82358.5	72139.5	59404.0	48615.5	41841.0	36020.0	29224.0	23596.0	19886.5	17047.0	13746.0	11134.0	9558.5	8280.5	6640.0	5211.5	4303.0	3515.0	2646.0	1980.5	1529.0	1205.5	854.0	598.5	471.5	361.0	247.5	182.5	147.5	118.0	88.0	70.5	62.0
MCW_CT_ROA_204_R1_trim	36.0	36.0	36.0	36.0	36.0	36.0	36.5	36.5	36.0	41.0	51.0	63.0	75.0	141.0	279.0	519.5	705.5	1123.5	2204.0	4374.5	6021.0	8531.5	14785.0	25472.5	33139.5	43953.0	66923.5	98257.0	118653.0	135642.5	175638.5	230177.0	263061.0	301593.0	401493.5	496764.0	531483.5	591535.5	710967.0	843981.0	917999.5	951152.0	1012322.0	1078548.0	1113689.0	1076504.0	1025161.5	1012826.5	1005199.0	962702.5	878521.0	788224.0	740236.0	727612.5	684651.5	647732.5	643876.5	595062.0	514176.0	444732.0	403153.0	364261.0	305688.5	256117.0	230701.0	208210.0	175147.0	147427.5	131532.0	117927.0	97755.5	81284.0	72854.5	66880.5	57675.0	49496.5	45134.5	40862.5	34784.0	29390.5	26354.0	24304.5	20543.0	16566.5	14361.5	11975.0	8148.0	5418.5	4217.0	3404.5	2197.0	1303.0	936.0	674.0	413.5	228.5	133.0	99.0	65.5	46.0	36.0
MCW_CT_ROA_204_R2_trim	60.0	48.5	36.5	36.0	36.0	36.5	37.0	39.5	42.0	46.0	60.5	89.0	112.0	186.0	391.5	770.5	1036.5	1675.5	3193.0	5880.5	7835.0	10967.5	18304.0	29871.0	37838.0	50137.0	75584.5	107720.5	128023.5	146962.0	186893.5	238418.0	270647.0	310974.0	408614.5	497992.0	530853.0	595538.5	710604.5	841166.0	921645.5	951486.0	1017058.0	1070381.5	1085369.5	1058732.0	1021822.5	1011923.5	1003753.5	957721.5	872991.0	792089.0	749426.5	733925.0	688925.0	648697.5	640630.0	594468.5	516973.0	446759.5	403798.5	366382.0	310235.5	260801.0	233711.0	210294.0	175193.0	146015.5	130109.0	116042.5	95147.5	77725.5	68399.0	60367.5	49037.5	40242.0	35416.0	30907.5	24783.5	20057.5	17587.5	15828.5	12970.5	10162.5	8535.0	7054.0	4953.5	3452.0	2651.5	2083.5	1341.0	798.5	570.5	421.5	268.0	178.5	151.5	112.0	59.0	35.0	28.0
MCW_CT_ROA_205_R1_trim	27.0	27.0	27.0	27.0	27.0	27.0	28.0	29.0	29.0	29.0	29.0	30.0	31.0	32.0	39.0	47.5	55.5	101.0	221.0	456.0	652.0	1039.5	2138.0	4399.0	6117.5	8556.0	14525.5	24014.5	30748.5	37457.5	53190.5	75730.0	90161.0	111059.0	159497.0	208881.0	230873.0	263925.0	333052.0	418850.5	470343.0	505573.5	574070.0	650919.0	695036.5	688489.0	680853.0	695643.0	703387.5	691164.0	658587.0	618059.0	598904.5	603961.0	593916.5	588746.0	599430.5	575649.5	530655.5	482901.0	451360.5	418090.5	367746.5	322227.5	297957.0	275487.0	237427.5	203662.5	185479.0	169159.5	142493.5	120059.0	108688.5	99066.0	84288.0	72400.5	66309.5	59640.5	50898.5	43587.5	39027.5	35281.5	29593.0	24058.0	20507.5	16920.5	12083.5	8610.5	6635.0	5327.0	3678.5	2336.0	1663.5	1153.5	696.0	439.5	281.5	190.0	104.0	65.0	54.0
MCW_CT_ROA_205_R2_trim	35.0	30.0	23.5	22.5	23.0	23.0	22.5	22.0	22.0	22.5	22.5	23.0	24.0	26.0	36.0	62.0	84.0	149.5	310.5	591.0	814.0	1341.0	2649.0	5251.5	7261.5	10099.5	17017.5	27297.0	34224.0	42054.0	58083.5	79244.5	93164.0	113927.5	162153.0	210649.5	231898.0	267228.0	335733.0	422366.0	477819.0	512013.0	583163.5	647701.0	675659.5	674508.0	678638.5	699464.0	707691.5	689539.0	653256.5	620593.0	606279.5	609329.0	599202.0	594839.5	604179.5	577833.0	530681.5	484134.0	453748.0	422396.5	374893.0	328741.5	302365.0	279195.5	240119.0	204541.5	184837.0	167245.5	140029.5	117154.5	105001.0	93462.5	76926.5	64327.5	57222.5	50540.0	41641.0	34951.0	31183.5	27755.5	22763.0	17974.5	14874.5	12341.5	9021.5	6480.5	4969.5	3982.0	2865.5	1860.5	1291.5	1006.0	695.0	440.0	340.5	267.0	184.5	108.5	60.0
MCW_CT_ROA_206_R1_trim	15.0	15.0	15.0	15.0	15.0	15.0	15.0	15.0	15.0	15.0	16.0	17.0	16.0	15.5	21.5	34.5	41.0	55.5	102.0	237.0	375.0	587.5	1147.0	2454.5	3537.5	5117.0	8644.5	14462.0	18900.0	23019.5	32857.0	46901.0	55859.0	68978.0	101233.5	135281.5	150415.5	171776.0	218660.0	279070.0	315277.5	341926.0	393109.0	446649.0	476763.0	473223.5	469608.5	479355.5	483544.0	478589.5	459396.5	431194.0	416708.0	417499.5	405217.0	397733.0	402613.5	380356.5	344795.0	315676.0	297518.5	273976.0	241634.0	213572.0	197804.5	183964.5	159589.0	137813.0	125530.0	113286.5	96471.5	83336.0	75652.5	67772.5	57913.5	50143.0	45131.5	40730.5	34737.0	29787.0	26834.0	24041.5	19912.0	16046.5	13510.5	11026.5	7847.5	5577.5	4413.5	3595.5	2476.5	1606.5	1177.5	877.5	570.0	359.0	261.0	172.0	90.0	54.0	44.0
MCW_CT_ROA_206_R2_trim	17.0	16.5	16.0	16.0	16.0	16.0	16.0	16.0	16.0	16.0	17.0	18.0	18.0	17.5	21.0	37.0	48.0	72.5	170.5	338.5	464.0	740.5	1482.5	2922.5	4043.0	5885.5	9844.5	16059.0	20649.5	25241.0	35314.5	49009.0	57997.5	70903.0	103159.5	136878.0	151471.0	174613.5	221375.0	282024.5	320361.5	344686.5	397499.5	446229.0	467252.0	466976.5	470409.0	486695.0	493789.5	482954.5	457613.5	432420.0	421251.5	421415.5	409623.5	402168.5	406436.0	384138.0	347499.5	315808.0	295878.5	275689.0	245946.5	216301.5	198974.0	184101.5	159316.0	136952.0	124035.5	111733.5	94145.0	78825.0	69629.5	61733.5	51194.0	42865.0	37948.0	33760.5	28134.5	23613.5	20830.5	18177.0	14794.0	11706.5	9602.5	7825.5	5644.0	4031.5	3137.5	2485.5	1744.5	1203.0	886.5	663.0	442.0	282.5	212.5	173.0	121.5	71.5	51.0
MCW_CT_ROA_207_R1_trim	36.0	36.0	36.0	36.0	36.0	36.0	36.0	36.0	36.0	36.0	36.0	36.0	36.0	37.5	45.0	68.5	96.5	155.5	337.0	647.5	846.0	1324.5	2567.0	4981.5	6970.5	9670.5	15616.5	24976.0	31864.0	38566.5	53824.5	75416.0	89807.0	109133.0	155961.5	205685.0	228133.0	257955.0	323150.5	405043.0	453814.0	488862.0	554665.0	617497.5	649302.5	642495.5	635852.5	645318.0	645542.5	631923.5	599998.5	561039.5	541241.5	539392.0	518696.0	502583.0	504088.5	473085.0	423757.0	383118.0	358359.5	326404.0	282687.0	246901.0	227443.0	210634.0	181490.0	155860.5	141946.5	127339.0	106533.5	90269.0	81442.5	73150.5	62394.0	53386.5	47516.5	42792.0	36017.5	30068.0	26864.0	23988.0	19863.0	15942.0	13363.0	11114.0	8001.5	5691.5	4383.5	3403.5	2300.5	1481.5	1078.5	788.0	526.5	348.0	243.0	165.5	84.5	45.5	26.0
MCW_CT_ROA_207_R2_trim	39.0	37.5	36.0	36.0	36.0	36.0	36.0	36.0	36.0	36.0	36.0	36.5	37.5	42.0	55.0	86.0	119.5	195.5	396.5	769.5	1034.5	1553.5	2897.5	5509.5	7624.0	10681.0	17433.5	27190.5	34020.5	41258.5	56423.0	77062.5	91132.5	110570.0	157096.5	205527.5	227246.5	260330.5	324782.5	408209.5	462432.5	493022.0	557514.0	617654.0	643999.5	638277.5	634985.0	647860.0	649156.5	631734.5	597202.5	561208.0	543410.0	543047.5	522731.5	505466.5	506343.5	474348.5	425576.0	384414.0	357480.0	328876.5	288746.5	252751.5	232530.0	214068.0	183437.5	156207.0	140839.0	126147.0	104904.0	87398.0	77864.0	68808.5	56474.0	47007.0	41371.5	36322.5	29776.5	24732.0	21813.5	19118.0	15561.5	12625.0	10770.5	8831.5	6312.0	4545.0	3541.5	2800.5	1947.5	1306.0	1045.5	831.0	575.5	374.5	277.0	219.0	150.0	103.5	82.0
MCW_CT_ROA_208_R1_trim	4.0	3.5	3.0	3.0	3.0	3.0	3.0	3.0	3.0	3.0	3.0	3.0	3.0	5.5	8.0	13.5	25.0	44.0	91.5	199.0	293.0	468.0	958.0	2006.0	2847.5	4027.0	6783.5	10913.5	13785.5	16958.0	24745.5	35517.0	42117.0	51944.0	74916.5	98800.0	109742.0	124628.0	156130.5	195661.0	219583.5	237298.5	270876.5	305494.0	324680.5	322772.5	322597.5	328290.0	329137.0	326886.0	314212.5	296997.5	289838.5	290881.0	283570.0	278826.5	282508.0	270514.0	247377.0	224494.5	209830.0	192087.5	166414.5	144392.5	132442.5	121572.0	103408.5	88013.0	79789.5	71022.0	58560.5	49049.0	44053.0	39138.0	32449.5	27357.5	24351.0	21922.0	18193.0	15136.5	13648.0	12040.0	9798.5	7792.5	6527.0	5347.5	3769.0	2695.5	2100.5	1593.5	1042.5	695.0	521.5	361.0	204.0	116.5	77.0	53.0	32.0	22.5	16.0
MCW_CT_ROA_208_R2_trim	7.0	5.0	3.0	3.0	3.0	3.5	3.5	3.0	3.0	3.0	3.0	3.0	3.0	5.0	9.0	24.0	41.0	55.0	119.0	268.5	383.0	631.5	1264.0	2483.5	3436.0	4758.0	7860.5	12611.5	15822.5	19431.0	27155.0	37299.0	43859.0	53521.0	76087.0	100129.5	111494.5	127057.5	158001.5	197568.5	222763.5	239232.5	273806.5	305819.0	320113.0	319933.5	322193.0	330797.5	334018.0	328297.0	311380.5	295715.0	290924.0	291321.0	283706.5	279316.5	282759.0	269544.5	245528.5	223352.0	209286.0	193441.5	169167.5	146100.0	133373.0	122660.5	104207.0	87809.5	79021.5	70296.5	57677.5	47590.0	42057.5	36871.0	29565.0	24271.5	21694.0	19062.5	15333.0	12558.5	11128.0	9836.0	7846.0	6096.0	5092.0	4140.5	3001.0	2183.0	1655.5	1298.5	909.5	609.0	460.0	345.0	233.5	150.5	111.0	85.0	53.0	36.0	31.0
MCW_CT_ROA_209_R1_trim	23.0	23.0	23.0	23.0	23.0	23.0	23.0	23.0	23.0	23.0	23.0	23.0	23.0	23.0	23.0	25.5	29.5	34.5	51.5	92.5	142.5	223.0	405.0	911.0	1572.0	2596.0	4327.0	7504.0	10628.0	14401.5	21487.5	32482.5	41693.5	55440.5	88339.0	128401.5	150434.5	175939.0	233360.0	317395.0	373649.5	418136.5	507512.5	600178.5	648526.0	654007.5	669992.5	697917.5	701551.5	701529.5	679620.5	635966.5	617534.0	627530.0	610961.0	597571.5	607109.0	566142.5	506535.5	465119.0	435835.5	395741.0	348240.5	309268.0	285976.0	263999.5	227641.5	197134.5	179929.5	160685.5	136101.0	116020.0	103730.5	92337.0	77256.5	65250.0	57494.5	51037.5	42908.0	36053.0	31946.5	28267.5	23216.5	18538.0	15540.5	12790.0	9062.5	6370.0	4870.0	3745.0	2586.0	1724.5	1285.5	997.0	650.0	397.5	283.0	189.5	95.0	53.0	42.0
MCW_CT_ROA_209_R2_trim	26.0	24.5	23.0	23.0	23.0	23.0	23.0	23.0	23.0	23.5	23.5	23.5	24.0	24.0	23.5	26.5	32.0	40.5	58.0	106.5	164.0	234.0	444.0	996.0	1666.0	2700.5	4690.5	8099.0	11183.0	15373.5	22878.0	33624.0	42635.0	56444.0	89872.0	130092.0	151911.5	178361.0	235183.5	321568.0	382003.0	424549.0	516521.5	600254.0	635197.5	647154.5	671103.0	703581.0	711114.5	702445.5	673417.5	637607.0	624717.0	634137.0	615448.5	600125.0	608188.5	567418.5	506402.0	462307.5	433111.0	398657.5	355554.0	316414.0	292741.0	268439.5	229854.0	197224.5	178954.5	159711.5	133005.0	110909.5	98364.5	86710.5	70590.5	58217.5	50883.0	44464.5	36724.0	30296.0	26264.5	22918.0	18831.5	15034.5	12334.0	9994.0	7183.0	5166.5	3890.0	2997.0	2067.0	1341.5	997.0	780.0	541.0	357.5	267.0	203.0	129.5	65.5	38.0
MCW_CT_ROA_210_R1_trim	49.0	49.0	49.0	49.0	49.0	49.0	49.0	49.0	49.0	49.5	51.0	54.5	57.0	64.0	93.0	159.0	206.0	291.0	552.5	1025.0	1347.0	1863.5	3322.5	6065.5	8030.0	10760.0	17320.0	26585.5	32532.0	37445.5	49796.5	67362.5	77813.5	92224.0	129891.5	165807.0	178415.0	201792.0	248165.5	303915.5	337884.5	357847.0	397897.0	442059.0	466840.0	457146.0	442434.0	442756.0	442781.0	430837.0	400563.0	363138.5	344298.0	341010.0	321819.0	306332.5	306027.5	280994.5	242674.5	214596.5	198325.0	179049.5	151753.5	131123.5	121973.0	111701.5	94164.5	80064.5	72930.0	65367.0	54289.5	46213.5	41870.0	37405.0	31573.5	27021.5	24168.0	21632.5	18158.5	15173.5	13340.5	11803.5	9650.5	7587.0	6345.0	5174.5	3628.0	2649.0	2109.0	1632.5	1107.0	761.5	576.5	427.5	278.0	174.0	126.0	91.0	55.0	36.5	26.0
MCW_CT_ROA_210_R2_trim	48.0	47.0	46.0	46.0	46.0	46.0	46.5	46.5	46.0	46.0	49.0	54.0	56.0	66.5	108.0	184.5	229.5	345.5	680.0	1307.5	1760.0	2417.0	4095.5	7019.5	9017.5	12067.5	19013.0	28849.5	35363.0	40870.0	53201.5	70241.5	80808.0	94612.0	131837.5	166153.0	177073.0	202014.0	248285.5	306612.0	345055.0	361980.5	402579.5	442341.5	458723.5	449875.5	440678.5	446838.0	448292.5	431263.5	396169.0	361723.5	345647.0	342479.5	321911.0	305461.5	305433.5	279988.5	241824.5	213418.0	196435.0	180036.5	156209.0	134364.0	123085.0	113197.5	95618.0	80534.0	72903.0	65289.5	53950.0	44617.5	39207.5	34649.0	28307.5	23334.0	20612.5	17964.5	14648.0	12008.0	10282.5	8989.5	7234.5	5626.5	4605.5	3825.5	2878.0	2114.0	1594.0	1198.0	842.5	594.5	436.0	343.5	248.5	162.5	129.0	106.0	78.0	54.5	42.0
MCW_CT_ROA_211_R1_trim	21.0	21.0	21.0	21.0	21.0	21.0	21.5	22.0	22.0	22.0	22.0	22.0	22.0	23.0	25.0	27.5	32.5	47.0	79.0	135.5	205.0	350.5	657.5	1391.0	2152.5	3222.5	5475.0	9251.0	12466.0	16076.0	23488.5	34389.5	43123.0	55586.0	83860.0	116709.0	134793.5	156622.0	204163.0	269577.0	311449.0	344193.5	407674.5	473150.0	509297.0	514138.0	525201.0	542705.0	543132.0	542526.0	530243.5	502798.5	488527.5	493016.0	480181.5	471107.5	478974.0	452419.0	410483.0	378382.0	354845.0	324636.0	288735.5	257834.0	237520.0	218347.0	188578.5	163389.0	148903.0	133643.0	113785.0	98097.0	88212.5	78328.0	67295.5	58768.0	52786.0	47033.0	39997.5	34353.5	30707.0	27163.0	22583.0	18220.0	15186.5	12652.0	9443.0	6907.0	5252.0	4068.0	2822.5	1842.0	1375.5	1012.5	657.0	424.0	325.0	236.5	149.0	87.0	60.0
MCW_CT_ROA_211_R2_trim	22.0	21.5	21.0	21.0	21.0	21.5	22.0	22.0	22.0	22.5	23.0	23.0	23.0	24.0	28.0	31.5	35.5	55.0	91.5	148.0	223.0	368.0	701.0	1511.5	2306.0	3445.5	5933.0	9967.0	13269.0	17349.0	25119.5	35417.5	43722.0	56464.0	85535.0	118649.0	136601.5	159527.5	206608.0	271891.5	315395.5	348040.5	412854.5	471738.0	499595.0	509694.5	526408.5	547650.5	551963.0	545566.0	527634.0	503865.5	492418.0	495445.5	482555.5	473477.5	480359.0	453906.5	410760.5	376782.0	352913.0	326036.0	292234.5	259901.0	238160.5	218444.5	189457.0	163625.0	147751.5	132326.0	111725.5	94444.5	83632.0	73968.5	62279.0	52504.5	46136.5	40553.5	33980.5	28553.5	24836.0	21874.5	18129.0	14301.0	11649.0	9526.0	7054.5	5164.5	3822.0	2933.0	2117.0	1430.0	1041.5	790.0	552.5	361.0	284.5	217.5	138.0	81.5	59.0
MCW_CT_ROA_213_R1_trim	14.0	13.5	13.0	13.0	13.0	13.0	13.0	13.0	13.0	14.0	15.0	16.5	18.0	25.5	41.5	67.5	108.0	168.0	275.0	510.5	850.0	1482.5	2593.0	4571.0	7148.5	10930.5	16891.5	25724.5	36521.0	51134.5	73555.0	104217.0	135935.5	172535.0	228177.0	298642.0	357443.5	415996.0	498262.0	582376.5	637957.0	681556.0	729373.5	766100.5	786085.5	797471.5	809178.0	812039.5	807316.0	800938.0	794617.0	792125.5	789454.0	779673.5	767060.5	753573.5	736424.5	713005.0	677216.5	626709.5	581368.0	532427.0	470087.5	409866.0	364378.0	321048.0	269902.0	228207.0	200191.5	173259.0	140738.5	113162.0	95190.5	80186.0	63365.5	51012.5	43513.0	36620.5	28807.0	22867.0	19629.5	16999.0	13772.0	11015.0	9064.5	7281.0	5080.5	3501.0	2614.0	1996.5	1356.5	878.5	619.0	441.0	259.0	160.5	128.5	76.5	43.0	39.5	32.0
MCW_CT_ROA_213_R2_trim	18.0	15.5	13.0	14.0	15.0	14.5	13.5	13.5	14.0	14.0	15.0	17.0	18.5	26.5	42.0	69.0	109.0	168.5	270.0	499.5	833.5	1472.5	2591.5	4541.0	7074.5	10855.5	16945.0	25943.0	36783.0	51413.5	73988.5	105069.5	137113.5	173922.5	229512.5	300269.5	359770.0	418474.0	500748.5	584784.5	640437.0	684704.5	733240.0	769127.5	788024.5	799863.5	811845.5	815134.0	810867.0	803075.5	797078.5	793680.0	788404.5	779748.5	768315.0	755515.5	739107.0	714926.0	677768.5	626809.5	581503.5	531593.0	468864.0	407717.0	361060.0	319090.5	268016.5	224610.5	195886.0	169451.5	137542.0	110143.5	92289.5	77500.5	60909.5	48226.0	40432.5	33498.5	26058.5	20725.0	17649.5	15030.0	11996.5	9619.0	7915.0	6346.0	4576.5	3355.5	2585.5	2017.0	1413.0	966.0	734.5	549.0	368.5	243.0	181.5	160.5	121.0	70.0	47.0
MCW_CT_ROA_214_R1_trim	8.0	8.0	8.0	8.0	8.0	8.0	8.0	8.0	8.0	8.0	8.0	8.0	8.5	9.5	10.0	10.5	11.5	13.5	18.0	25.0	33.5	63.5	139.0	236.5	344.0	594.0	979.0	1505.0	2134.5	3071.5	4551.5	6641.5	8717.0	11354.5	15981.5	22133.0	26962.0	31487.0	39370.0	49325.0	55869.0	61540.0	72539.5	82147.5	86343.0	88627.0	92536.0	96028.0	96554.5	97774.0	98128.5	97129.0	96524.5	97034.0	96231.5	95594.5	96155.0	92519.5	85732.5	78591.5	72801.0	66329.5	57920.0	49523.5	43736.0	38420.5	31520.0	26013.5	22589.0	19425.5	15879.5	12827.5	10660.0	8914.5	6959.5	5466.0	4584.0	3839.5	3011.0	2410.0	2072.5	1786.0	1445.0	1110.0	894.0	723.0	517.5	383.5	284.0	198.5	129.0	79.5	63.5	49.5	33.5	22.5	16.0	15.5	16.5	26.0	35.0
MCW_CT_ROA_214_R2_trim	8.0	8.0	8.0	8.5	9.0	8.5	8.0	8.0	8.0	8.0	8.0	8.0	8.0	9.0	10.0	10.5	11.5	12.5	17.0	28.0	38.0	66.5	136.5	232.5	348.5	591.0	992.5	1556.0	2201.5	3172.5	4681.0	6759.0	8828.0	11454.5	16217.5	22321.5	26934.0	31640.0	39687.0	49786.0	56556.0	62271.0	72896.0	81895.5	85788.0	88145.5	92820.5	96697.5	97071.5	98139.5	98151.0	97056.0	96373.5	96711.5	96297.5	95441.5	95429.0	92374.5	85949.0	78285.0	72071.5	66038.0	57953.0	49245.5	43294.0	38193.5	31396.5	25754.0	22304.5	19152.5	15627.5	12608.0	10395.5	8647.5	6660.0	5116.0	4290.5	3609.0	2788.0	2189.0	1853.5	1550.0	1256.0	985.0	780.0	627.0	453.0	345.0	256.5	177.0	123.5	89.0	72.5	51.5	33.0	21.5	15.5	13.0	9.0	7.0	7.0
MCW_CT_ROA_215_R1_trim	21.0	20.5	20.0	20.0	20.0	20.5	20.5	20.0	20.0	20.0	21.0	21.0	20.0	20.5	22.5	23.5	26.5	43.0	81.0	172.0	275.5	515.0	1019.0	2092.0	3402.5	5556.0	9005.5	13999.0	20157.0	28951.0	43468.5	64154.5	86539.5	114252.5	159401.5	219086.5	269876.5	322488.0	400039.0	479434.5	531987.5	577009.0	628915.5	671294.5	695943.0	710774.0	728441.0	739340.0	739445.0	738756.5	738374.5	737574.5	735082.5	730037.0	724339.5	717341.0	706605.5	686959.5	653787.0	605705.0	563446.0	516428.0	456280.5	396571.5	350865.5	311673.5	265482.5	227691.0	201118.5	174800.0	145511.5	121280.5	104963.0	91567.5	75681.5	63046.0	55446.5	47801.0	39271.0	33129.5	29384.5	25928.0	21509.0	17299.5	14365.0	11528.0	8117.0	5813.5	4405.5	3395.5	2331.5	1472.5	1035.5	753.5	490.0	325.0	235.5	156.5	95.5	63.5	44.0
MCW_CT_ROA_215_R2_trim	25.0	22.5	20.0	20.0	20.0	20.5	20.5	20.0	20.0	20.0	20.0	20.5	21.0	21.0	23.0	25.0	28.5	46.5	89.5	163.5	252.0	523.0	1039.0	2092.5	3403.5	5561.0	9025.5	14103.5	20354.0	29300.5	43907.5	64686.5	87252.5	115046.5	160284.0	219645.0	270114.0	323398.0	401446.5	481498.0	534861.0	579825.0	632117.5	674199.5	698059.0	713411.5	730623.0	740448.5	740701.0	740036.0	740231.5	739065.0	735693.5	732263.0	727087.5	720185.5	710345.0	690276.0	655189.5	605658.5	563282.5	516387.0	456660.5	397244.5	351355.5	311439.5	263518.0	224370.5	197968.0	171525.5	142038.5	118295.0	102489.5	88938.5	72845.5	59959.5	52012.0	44547.0	36241.5	30101.5	26340.5	22991.5	19038.5	15310.5	12505.0	10153.5	7393.0	5431.5	4194.5	3183.0	2188.5	1458.0	1094.0	847.0	588.5	396.0	313.0	261.5	201.5	127.5	81.0
MCW_CT_ROA_217_R1_trim	35.0	35.0	35.0	35.0	35.0	35.5	35.5	35.0	35.0	35.5	35.5	35.0	35.0	37.0	41.0	51.0	67.5	99.0	177.0	322.0	538.0	1017.0	1943.5	3836.5	6149.0	9761.5	15636.5	24307.5	34800.5	48960.0	70594.0	100945.0	133421.5	169942.5	226000.5	298692.5	358718.5	418383.0	503850.0	589768.5	644730.0	686089.5	733176.5	769916.0	789317.0	800630.5	811062.0	812334.5	805874.5	797499.0	788811.0	784071.0	781209.0	775542.5	768256.5	761888.0	751429.5	729694.0	691943.0	637183.5	589411.0	536775.0	468396.0	402893.5	353879.5	310787.0	260861.5	220107.5	192455.0	166042.5	136349.5	112150.0	96119.5	82690.0	67228.5	55734.5	48663.5	41783.0	34206.5	28328.0	24950.0	21960.0	18314.5	14889.5	12349.0	10060.0	7184.0	5137.0	3871.5	2894.0	1973.0	1318.0	945.5	658.5	418.0	257.0	173.5	125.0	87.5	68.5	58.0
MCW_CT_ROA_217_R2_trim	37.0	36.0	35.0	34.5	34.0	34.0	34.0	35.0	36.0	36.0	36.0	35.0	34.0	35.5	41.5	53.0	67.0	106.5	190.0	351.0	575.5	1033.5	1928.5	3753.5	5985.0	9554.5	15493.0	24305.5	34836.5	49053.0	70865.5	101017.0	133088.5	170057.5	226766.5	299280.0	359023.5	418978.5	505295.5	590784.0	644510.5	686889.0	735138.0	772463.0	792576.0	803591.0	813566.5	814635.5	808488.0	800058.0	791406.5	786624.5	783047.5	778268.5	771403.0	764487.0	754678.0	732611.5	692481.0	636558.5	589125.5	535625.5	466961.5	401729.5	352480.0	309331.0	257973.0	215885.5	188292.5	162244.5	132589.5	108280.5	92525.5	79125.0	63801.5	52101.0	44572.5	37531.0	30236.0	24831.5	21541.5	18815.5	15491.5	12565.0	10415.5	8460.0	6160.0	4457.5	3357.0	2505.5	1747.0	1200.5	888.5	660.5	465.5	311.5	219.0	173.5	127.0	82.0	55.0
MCW_CT_ROA_218_R1_trim	5.0	5.0	5.0	5.0	5.0	5.0	5.0	5.0	5.0	5.0	5.0	5.0	5.0	7.0	11.0	18.5	31.5	60.0	128.0	303.0	532.0	963.0	1766.5	3344.5	5479.0	8877.5	14446.0	22720.0	33099.5	47611.5	70294.0	101419.5	135103.0	174034.0	233821.0	312582.0	381388.5	450787.0	545679.5	641682.0	708796.5	764750.0	823905.0	869816.5	896686.0	914419.0	931927.5	939680.5	937477.0	934743.0	935993.5	942191.5	946909.5	948096.5	949985.0	951974.0	947089.0	928774.5	890191.0	828365.0	768615.5	699148.0	613292.5	530107.0	463929.0	404625.0	339065.5	287552.0	251829.5	216681.0	178766.5	148385.5	127054.0	108836.5	89728.5	74969.0	65203.5	56103.5	46300.0	38743.5	34158.5	30120.0	25092.0	20399.5	17190.0	13966.5	10160.5	7413.5	5599.5	4260.5	2966.0	1950.0	1357.5	966.0	644.0	414.5	286.5	182.5	102.5	62.5	46.0
MCW_CT_ROA_218_R2_trim	10.0	7.5	5.0	5.0	5.0	5.0	6.0	7.0	7.5	7.5	7.5	8.0	8.0	8.5	14.0	25.5	38.5	67.5	133.5	296.0	509.0	926.0	1726.5	3305.0	5422.0	8775.5	14372.0	22712.0	33110.0	47580.0	70212.0	101363.0	134930.5	173986.0	234352.0	313353.5	382485.5	452059.0	547651.5	644682.0	712067.5	767816.5	826609.5	872737.5	899393.0	917333.0	935338.0	943046.5	940889.5	938178.5	939367.5	945187.5	949500.5	951606.5	954169.5	955497.0	950134.5	930576.5	890989.5	829687.5	770525.0	701549.5	616591.0	532401.0	464621.5	404787.5	338181.0	285616.5	249426.5	214564.0	176905.0	145755.0	123806.5	105712.0	86842.0	71661.5	61296.5	52087.5	42552.0	35405.0	30870.5	26819.0	22228.5	18165.5	15078.0	12321.0	9168.5	6684.0	4944.5	3701.0	2653.0	1844.5	1343.5	973.5	687.5	497.0	379.0	263.5	160.0	96.5	63.0
MCW_CT_ROA_219_R1_trim	37.0	36.5	36.0	36.5	37.0	37.5	37.0	36.0	36.0	36.0	37.5	41.5	46.0	52.5	79.0	153.5	235.5	435.0	961.5	2060.0	3072.5	4824.0	8544.0	15004.5	20473.5	28404.0	43835.5	65137.0	81266.0	102194.0	142925.0	196509.0	234061.5	279527.0	367208.5	471731.5	536771.0	601331.0	708264.5	797322.0	840310.0	862521.0	885705.5	891355.0	890100.5	880020.5	857227.5	827803.5	808325.5	788250.0	754270.0	726683.5	714006.5	701494.0	678781.5	658436.0	647151.0	625875.5	577261.5	514233.5	472532.5	429048.5	361242.0	300511.5	265780.5	235905.5	193316.0	158941.0	139928.0	123588.0	100102.5	81087.5	70914.0	62062.0	50980.0	42231.0	36998.0	33149.0	28225.0	24161.5	21829.0	19739.0	16666.0	13520.5	11531.0	9518.0	6450.5	4357.5	3405.0	2740.0	1825.5	1120.0	833.0	629.5	382.5	235.5	194.0	162.5	115.0	79.5	67.0
MCW_CT_ROA_219_R2_trim	55.0	49.5	40.5	36.0	35.0	35.5	36.0	36.0	36.0	36.0	37.0	41.0	45.0	55.0	98.0	201.5	303.5	501.5	1066.0	2419.5	3647.5	5404.5	9408.0	16510.0	22290.0	30445.5	46822.5	69357.0	86003.0	107123.5	148018.0	201935.5	239868.5	284647.5	371828.5	474999.0	538736.5	602679.5	707069.0	794286.5	837250.5	859562.0	883105.5	888961.5	887370.0	877520.0	856264.0	827228.5	807311.5	788408.0	755058.0	727504.5	715333.0	704432.0	683180.5	662027.0	649562.5	628282.0	581185.5	517578.0	474253.0	431045.0	363730.5	302241.0	266279.5	235882.0	192283.0	157097.0	137844.5	120455.5	96277.5	77637.5	67635.5	58838.0	47005.0	37738.0	32653.5	28396.0	23006.0	19033.0	16839.0	14838.5	12056.0	9532.0	7975.0	6486.0	4472.0	3163.5	2481.0	1933.5	1290.5	863.0	679.0	518.0	352.0	264.5	219.0	174.0	118.5	80.0	65.0
MCW_CT_ROA_220_R1_trim	25.0	25.0	25.5	25.5	25.0	25.5	25.5	25.0	25.0	26.5	29.0	35.0	41.5	54.5	98.0	213.0	329.0	630.0	1372.5	2765.5	3937.5	6138.5	11089.0	19180.5	25445.0	33968.5	51559.0	75612.5	92558.5	114209.5	156780.5	212043.0	250086.5	295839.5	384378.0	484826.5	544619.5	605221.0	703520.5	781226.5	818039.5	833604.5	845804.5	844278.5	840099.0	826657.5	799410.5	766667.5	745669.0	726577.0	693501.5	664441.0	650855.0	637581.0	614754.5	593191.0	578966.5	558910.5	516231.0	459493.0	421213.5	381008.0	319238.0	264274.5	232224.0	205784.0	167988.0	137469.0	120513.0	105443.0	84661.0	68113.0	59110.0	51738.0	42307.0	35205.5	30975.5	27624.0	23034.5	19514.5	17816.0	16045.5	13515.5	11031.0	9475.0	7867.0	5360.5	3546.0	2694.5	2151.0	1408.0	834.0	600.0	455.5	289.5	181.5	120.5	81.5	48.0	34.0	26.0
MCW_CT_ROA_220_R2_trim	46.0	38.5	28.5	26.5	27.0	26.0	25.0	25.5	26.0	26.0	26.0	34.5	45.5	64.5	128.0	291.5	440.5	777.0	1623.0	3245.0	4571.5	6875.5	12251.5	20955.5	27452.5	36651.5	55257.0	80074.5	97386.0	118954.5	162787.5	218687.5	255945.5	300991.0	387990.5	487232.0	546849.0	605799.5	700499.5	776648.0	813748.0	829512.5	842125.5	839210.0	833837.5	820944.5	795100.5	763799.0	743152.5	723592.5	691451.0	663581.0	649719.5	637572.5	616024.5	596438.5	583869.5	563720.0	520684.0	462815.0	423747.5	384679.5	322907.0	267464.0	236067.0	208775.5	169307.0	137584.0	120396.0	104833.5	83380.5	66478.0	57318.0	49897.0	39946.5	32664.5	28646.5	24837.0	19951.5	16401.5	14505.0	12847.0	10570.0	8475.5	7199.0	5924.5	4144.5	2923.0	2232.5	1738.0	1183.0	781.0	593.5	461.0	330.0	252.5	205.5	158.0	95.0	65.5	59.0
MCW_CT_ROA_221_R1_trim	14.0	13.0	12.0	12.0	12.0	12.0	12.0	12.0	12.0	12.0	12.0	12.0	12.0	12.5	14.0	16.0	20.0	29.0	45.0	69.0	108.0	210.5	387.5	751.5	1231.5	2129.0	3781.0	6350.0	9759.5	14817.0	22898.0	34948.0	48242.5	64884.5	92447.0	130295.5	164521.0	201221.0	256170.0	317248.0	362909.0	405841.0	458602.0	506918.5	540877.0	570989.0	604120.0	628513.5	644180.5	659909.0	678000.5	698446.0	718640.5	733871.5	747578.5	761109.0	768450.0	763528.0	743560.5	703095.5	661267.5	612785.0	546523.0	479143.5	428243.5	381815.5	326477.5	280627.5	248326.0	216765.0	181803.0	152399.0	131571.5	112898.0	92321.5	76359.5	66221.5	56999.5	46847.5	38673.5	33122.5	28416.5	23616.5	19506.5	16200.5	12845.5	9199.0	6629.0	4849.5	3536.0	2449.0	1635.0	1115.5	775.0	521.0	335.5	206.0	134.5	89.5	69.5	61.0
MCW_CT_ROA_221_R2_trim	14.0	14.0	13.0	12.0	12.0	13.0	13.5	12.5	12.0	12.5	12.5	12.0	12.0	13.0	15.0	16.5	19.5	26.0	38.0	75.0	128.5	222.5	400.0	787.5	1278.0	2154.5	3768.5	6400.0	9886.0	14980.0	23193.5	35505.0	48980.5	65688.5	93647.0	131691.5	165873.0	202797.0	258237.0	319793.5	365618.5	408921.5	461858.5	510313.5	544540.0	574424.5	607697.0	632036.5	647316.5	664203.0	683027.5	701918.0	720686.5	737143.0	751751.5	764514.5	771337.5	765942.0	744197.5	703100.5	662273.0	611365.5	544279.5	477991.5	426453.0	379666.0	323280.0	276334.0	243880.0	212661.5	177611.0	147501.5	126358.5	108104.0	88201.5	72296.0	61776.0	52363.5	42479.0	34939.0	29918.5	25593.0	21056.5	17258.0	14122.0	11113.0	8088.5	5944.0	4398.0	3163.0	2132.0	1463.5	1066.0	778.0	522.5	316.5	212.0	154.0	112.0	71.0	46.0
MCW_CT_ROA_222_R1_trim	3.0	3.0	3.0	3.0	3.0	3.0	3.0	3.0	3.0	3.0	3.0	3.5	4.0	5.0	7.5	15.5	29.0	53.0	106.0	231.0	399.0	709.0	1319.5	2573.5	4127.5	6536.5	10812.0	17160.0	24705.5	35472.5	53100.0	78842.0	106111.5	138500.0	190937.0	260210.5	320411.0	385447.5	480376.0	579996.5	650071.5	711578.0	785421.5	850047.5	893620.5	931563.5	968912.0	991612.0	1003987.5	1013322.5	1023091.5	1034799.0	1043696.0	1044432.0	1041501.5	1036666.0	1026769.5	1004110.5	961578.0	900623.5	845329.5	781388.5	699475.5	619675.0	557570.5	498797.5	428509.5	370557.5	329890.5	289668.5	243189.5	203361.0	176471.0	151785.5	125077.0	103704.5	88530.0	76130.0	63085.5	53314.5	47344.5	41822.0	35427.0	29077.5	24142.0	19577.5	13801.0	9510.5	6983.0	5229.5	3425.0	2149.5	1591.5	1119.0	688.5	393.0	257.0	173.0	105.0	63.5	37.0
MCW_CT_ROA_222_R2_trim	12.0	11.5	7.5	3.5	3.0	2.5	2.0	2.0	2.0	2.0	3.5	4.5	4.0	6.0	9.5	15.0	26.5	58.0	110.0	222.5	390.0	728.5	1374.0	2558.0	4012.5	6445.5	10840.0	17451.5	25146.0	35889.5	53377.5	79231.0	106611.5	138862.5	191599.5	261560.5	322338.5	387697.5	481775.0	581042.0	652038.0	714735.0	788711.5	853305.5	897402.5	934387.0	972492.5	996421.0	1008421.0	1017509.5	1026242.5	1035330.0	1042612.0	1045655.5	1044852.0	1040458.5	1031036.5	1007858.0	962662.0	899206.0	843623.5	780391.0	699345.0	618248.5	554588.5	496201.0	426049.0	366814.0	325162.0	284613.0	238047.5	197965.0	170750.0	146757.5	119902.5	98514.5	84168.5	71622.5	58235.0	48030.5	41662.5	36182.5	30049.5	24780.0	20804.0	16753.0	11982.0	8422.5	6131.0	4636.0	3142.5	2010.5	1512.0	1170.5	853.0	558.5	395.5	301.0	198.5	118.0	78.0
MCW_CT_ROA_223_R1_trim	23.0	23.0	23.0	23.0	23.0	23.5	23.5	23.0	23.0	23.0	23.0	23.0	23.0	23.0	23.0	24.0	26.5	32.5	42.0	71.5	115.0	197.0	366.0	785.0	1405.0	2466.5	4218.5	7024.5	10920.5	16632.5	26131.5	40702.0	58506.5	79747.5	113450.5	159599.5	203890.0	251352.0	318269.5	392253.0	449660.5	504988.0	566978.5	620567.5	659485.5	693281.5	727884.0	751434.5	765926.0	781485.0	798091.0	813964.5	827014.0	836071.5	840782.0	843478.0	840851.0	825585.5	795960.5	748165.0	699270.0	643268.0	575578.5	506201.5	447800.0	396528.0	339052.0	292244.5	257726.5	222608.0	186145.5	155992.0	134011.0	115055.0	94849.5	78445.0	67203.5	56818.0	46706.5	38887.5	33155.0	28530.0	23836.5	19505.5	16180.0	12856.5	9176.5	6542.0	4708.0	3423.0	2354.5	1566.5	1087.0	770.0	515.5	315.0	217.5	155.5	97.5	65.5	57.0
MCW_CT_ROA_223_R2_trim	27.0	25.5	24.0	23.5	23.0	23.0	23.0	23.0	23.0	23.5	24.0	24.0	24.0	24.0	23.5	26.0	29.5	31.5	40.0	72.5	117.5	204.0	381.5	792.5	1396.0	2451.5	4218.5	7075.0	10959.5	16655.0	26212.0	40791.0	58517.0	79715.5	113286.5	159735.0	204562.0	252329.5	319416.0	393727.5	451666.0	506841.5	568988.0	622965.5	661727.0	695569.0	730297.5	754124.5	768410.0	783677.0	800934.0	816871.0	829482.0	839534.5	844821.5	846512.5	842989.0	827258.0	796781.5	748645.5	699983.5	643263.0	574422.5	504628.5	446489.5	394611.5	336047.0	288828.0	254360.5	219108.5	182185.0	152223.5	130816.5	111778.0	91368.0	74675.5	63261.5	53256.0	43277.0	35611.0	30231.0	25841.5	21505.0	17547.0	14362.0	11304.0	8113.0	5841.5	4219.0	3005.0	2052.5	1394.5	1008.0	746.0	523.0	359.5	299.0	218.5	127.5	73.0	49.0
MCW_CT_ROA_224_R1_trim	4.0	4.0	4.0	4.0	4.0	4.0	4.0	4.0	4.0	4.0	5.0	6.0	6.5	12.0	21.5	65.5	115.5	201.5	431.5	935.0	1372.5	2101.0	3977.0	7275.0	9628.5	13280.0	21606.5	32963.5	40306.0	50933.0	73063.0	102180.0	120480.5	143344.5	190569.5	245020.0	275818.5	306245.5	360859.0	407001.5	428436.0	437800.0	448041.5	448156.0	446329.0	439896.0	424818.0	407369.0	397415.0	386201.0	362732.5	339666.0	328981.0	321478.0	305392.5	289721.5	281879.0	269334.0	243594.5	212851.5	193893.5	174624.5	143198.5	116845.5	103275.0	91595.5	74263.0	60854.0	53761.5	46876.0	37194.5	29830.0	25745.5	22706.0	18188.0	14924.0	13470.5	11847.5	9361.5	7567.5	6859.5	6224.0	5186.5	4092.5	3431.0	2786.0	1773.0	1112.5	846.0	699.5	445.5	236.5	167.0	125.0	80.0	49.5	28.5	20.5	14.0	12.5	11.0
MCW_CT_ROA_224_R2_trim	7.0	5.5	4.0	4.0	4.0	4.0	4.5	4.5	4.0	5.0	5.5	7.5	9.5	15.0	37.0	91.5	139.5	291.5	658.0	1342.0	1880.0	2839.0	5229.0	9270.5	12080.0	16162.5	25307.0	37694.0	45641.5	56241.0	78227.5	106931.5	125040.0	147705.5	193861.5	246251.0	275736.5	306230.0	359171.0	403703.0	425497.0	435048.5	445370.5	445625.0	443762.0	437347.5	423612.5	406712.5	396087.0	385136.0	362373.0	339960.5	329534.0	321878.0	305880.5	290745.5	283188.0	270339.5	243866.0	212754.5	193805.5	174672.5	143731.0	117221.0	103187.0	91612.0	73963.5	59700.0	52129.0	45502.5	35772.0	28264.0	24387.5	21218.0	16480.5	12939.5	11268.5	9656.5	7449.5	5933.5	5243.5	4618.0	3682.0	2828.0	2338.5	1941.0	1307.5	867.5	672.5	505.0	313.5	204.0	157.0	116.5	76.5	57.0	44.5	30.0	17.0	13.5	11.0
MCW_CT_ROA_225_R1_trim	8.0	8.0	8.0	8.5	9.0	8.5	8.0	8.5	8.5	8.0	8.5	9.5	10.5	13.5	21.0	39.5	63.5	109.5	246.5	544.5	803.0	1303.0	2511.0	4575.5	6198.0	8819.0	14318.5	22361.0	28065.0	35978.0	52520.5	74538.0	88966.5	107842.5	146004.0	190540.5	216865.5	244392.0	293781.5	340629.5	365829.0	382946.5	410765.0	429632.0	435993.0	437920.0	436645.0	431670.5	428773.5	421835.0	404912.5	389847.5	384764.5	378948.0	365979.5	353961.0	347724.0	334182.5	306428.0	272986.5	251470.5	229334.0	194318.5	163459.5	146162.5	131980.0	110035.0	91542.5	81515.0	72739.0	60014.0	49764.5	44253.0	39059.0	32355.5	27406.0	24490.0	21935.0	18426.0	15503.0	13923.0	12419.5	10198.0	8007.0	6601.0	5376.0	3712.5	2529.0	1862.0	1421.0	881.5	541.0	422.5	311.5	180.5	93.0	59.5	45.5	29.0	23.0	22.0
MCW_CT_ROA_225_R2_trim	11.0	11.0	9.5	8.0	8.0	7.5	7.0	8.0	9.0	8.0	8.0	9.0	9.5	13.0	21.5	52.5	90.0	151.0	329.0	738.0	1079.5	1623.0	2983.0	5454.0	7353.0	10116.0	16190.0	24932.5	30993.5	39206.5	56097.0	78515.5	93242.5	111842.0	149201.0	192544.5	218260.5	245835.5	294651.0	341074.0	366347.0	383649.5	409562.0	426281.5	432897.5	435830.5	435198.5	430310.0	427486.5	420745.0	405187.5	390354.5	384297.0	380012.0	367534.5	354490.5	348454.0	335812.0	307987.0	273980.0	252660.0	231063.5	196153.0	164631.5	147171.5	132111.0	109367.0	90912.5	80886.0	71645.0	58689.0	47951.5	41796.5	36920.5	30238.5	25020.0	22228.5	19674.0	15956.5	12792.0	11049.0	9692.0	7792.5	6091.5	5043.0	4123.0	2874.0	1970.0	1474.5	1120.5	765.0	519.0	384.5	294.0	196.0	129.0	98.0	81.0	51.5	32.5	30.0
MCW_CT_ROA_226_R1_trim	24.0	24.0	24.0	24.0	24.0	24.0	24.0	24.0	24.0	24.0	24.0	24.0	25.0	26.0	27.5	34.0	46.0	63.0	94.5	165.5	260.5	463.0	894.0	1755.0	2770.0	4450.0	7359.5	11781.0	16836.0	24010.5	35850.0	52517.0	69008.0	88935.5	122584.0	166633.5	201984.0	239199.0	296653.0	358628.0	400714.0	437663.5	487271.5	530677.5	555688.5	576679.0	601544.5	618443.5	626636.0	632950.5	639297.5	643042.5	646336.0	651207.5	654866.5	656562.5	655796.5	642698.5	613673.5	570436.5	533590.0	490203.0	430935.5	373976.5	333540.5	297243.0	251008.0	213828.5	190005.5	166859.5	138486.5	114305.5	99115.0	86792.5	71301.0	59264.5	52154.0	45401.5	37176.5	30492.5	26781.0	23372.5	19034.5	15194.0	12564.5	10048.0	6979.5	4908.5	3626.0	2710.0	1798.0	1137.5	827.5	595.0	387.0	254.0	171.0	127.5	77.0	39.0	25.0
MCW_CT_ROA_226_R2_trim	26.0	24.5	23.5	23.5	23.0	23.0	23.0	23.0	23.0	23.5	24.0	24.0	24.0	25.5	27.0	32.5	44.5	62.5	90.5	166.0	267.0	463.5	900.0	1817.5	2881.5	4519.0	7408.5	11860.0	16877.5	24003.0	35897.5	52729.5	69184.5	89012.5	122608.5	166493.0	201801.5	239723.5	297741.5	359460.0	401499.5	439220.5	489246.5	532671.5	557907.0	578192.5	602895.5	620353.0	628743.0	635262.5	642265.5	645209.0	647324.5	653281.5	657243.5	660058.5	661142.0	646869.5	616432.0	573308.5	536454.5	492867.5	433538.5	376020.5	334897.5	298132.0	251155.0	213004.5	188679.0	165406.0	136476.0	111820.5	96445.5	83684.0	68319.5	56194.5	48599.0	41391.0	33218.5	27143.5	23514.0	20402.0	16514.0	13014.0	10580.0	8594.5	6230.5	4451.0	3296.5	2491.0	1709.0	1111.5	828.0	656.0	478.0	321.5	240.0	207.0	143.5	79.0	58.0
MCW_CT_ROA_227_R1_trim	4.0	4.0	4.0	4.0	4.0	4.0	4.0	4.0	4.0	4.5	8.0	17.0	23.5	44.5	127.5	335.5	508.5	887.0	1958.0	4029.5	5552.5	8034.0	14036.5	23635.5	30171.0	39281.5	58716.0	84247.5	100336.0	120175.0	159989.0	210010.5	241124.5	276470.0	347799.0	426707.0	470609.0	513645.5	585513.5	639873.5	664327.5	669861.5	670884.5	659919.0	651226.5	635804.5	605652.5	575535.0	558597.0	539471.5	502480.0	469730.0	455305.5	443640.5	420482.5	399955.0	390319.0	372521.5	337437.5	295137.5	267716.5	241751.5	199437.5	162178.5	142497.0	126595.5	102352.0	83677.5	74338.0	64922.0	51602.5	41489.0	36006.5	31881.0	25736.0	21301.5	19363.0	17382.0	14255.5	11722.5	10638.5	9826.5	8334.0	6747.0	5845.5	4788.5	3110.0	1965.5	1488.0	1202.0	763.5	441.0	329.5	260.5	161.5	91.5	68.0	49.0	26.0	19.5	20.0
MCW_CT_ROA_227_R2_trim	6.0	5.0	4.5	4.5	4.0	4.0	4.5	4.5	4.0	6.0	10.0	30.0	49.5	83.0	193.5	480.0	715.5	1197.5	2530.0	5019.0	6812.0	9533.0	16214.0	26426.0	33109.0	42566.0	62800.5	88394.5	104194.5	124396.5	164281.0	212783.5	242715.0	277806.0	348124.5	425567.0	468620.5	510213.5	582516.5	637884.0	661605.0	668095.0	670963.5	660083.5	650587.5	635993.0	607073.5	577604.0	560644.0	541607.5	506319.5	474739.0	460072.0	447157.0	423818.5	403653.5	393034.0	375107.5	338475.0	294900.5	267992.5	242024.0	199310.5	161734.5	141965.5	125649.5	100877.5	81122.0	70860.0	61828.0	48467.5	38227.0	33046.5	28585.0	22262.5	17592.5	15197.0	13136.5	10282.5	8251.5	7327.5	6543.0	5275.0	4114.5	3481.0	2827.5	1826.5	1146.5	850.5	652.5	427.0	268.0	189.5	158.0	99.5	58.5	50.5	40.5	23.5	11.0	7.0
MCW_CT_ROA_228_R1_trim	6.0	6.0	6.0	6.0	6.0	6.0	6.5	7.0	7.0	7.0	8.0	9.0	9.5	15.0	27.0	56.0	83.0	175.5	402.5	819.0	1139.5	1762.0	3275.5	5854.5	7711.0	10475.0	16790.5	25827.0	31686.5	39193.5	55523.0	76679.5	89521.0	105345.5	138455.0	175359.5	195572.5	216621.0	253624.5	284559.0	299402.0	307281.0	316139.5	317424.5	317144.5	314419.5	305019.0	293220.5	287132.0	280667.5	265491.0	250554.0	244411.5	239121.5	226973.5	215481.0	210059.5	201121.0	183200.5	161542.5	147387.5	133464.5	111223.5	91682.0	81277.0	72872.0	59855.5	49559.0	44064.0	38868.0	31881.5	26554.5	23590.0	21165.0	17682.0	14948.5	13572.0	12335.5	10449.0	8696.5	7733.0	7008.5	5830.0	4533.5	3700.5	2991.5	2079.5	1426.5	1041.0	788.5	505.0	326.5	242.5	180.5	118.0	74.0	52.0	34.0	17.5	10.5	8.0
MCW_CT_ROA_228_R2_trim	10.0	7.5	5.0	5.0	5.0	5.0	5.5	6.5	7.0	6.5	8.0	10.0	10.0	16.5	36.5	83.0	123.0	242.0	559.0	1127.5	1535.0	2279.5	4126.5	7213.5	9354.0	12445.5	19353.5	28716.5	34675.0	42654.0	59088.0	79831.0	92601.5	108317.0	140678.5	176466.0	196109.0	217302.5	252915.0	283248.5	299091.5	305562.5	314607.5	316317.5	314971.0	312363.5	303517.0	292186.0	286247.5	279153.0	263980.0	249642.0	243297.0	238341.5	227572.0	217252.0	211688.0	202186.0	183635.0	161800.5	147915.0	134068.0	112111.0	92778.0	82249.5	73352.5	59754.5	49184.5	43477.0	38300.0	31270.5	25711.5	22517.0	19842.5	16270.5	13522.0	11999.5	10584.0	8680.0	7094.5	6186.5	5513.5	4536.0	3481.0	2761.5	2268.0	1613.5	1141.0	878.0	659.5	439.0	291.0	207.0	166.5	124.0	88.5	73.0	54.0	32.5	19.5	12.0
MCW_CT_ROA_229_R1_trim	6.0	6.0	6.0	6.0	6.0	6.5	6.5	6.0	6.0	6.0	6.0	6.0	6.0	8.0	11.0	19.0	31.0	60.5	126.5	288.5	501.5	924.0	1820.0	3545.0	5296.5	8145.0	13430.0	21159.0	28349.5	38161.5	55848.0	80332.0	100191.0	123875.0	167582.5	221903.0	259222.0	298267.5	363563.0	427037.0	463322.5	492645.0	533467.5	565167.5	579959.5	587489.5	596782.0	598805.0	595244.5	590902.5	579673.0	566353.0	561091.5	555968.0	545145.5	533710.0	525519.0	510300.5	478413.5	434891.0	402867.5	368001.0	317194.0	270630.0	240585.5	214382.5	179320.5	150868.0	133810.0	117355.0	96756.5	80215.5	69761.5	61086.5	50107.0	41912.5	37359.0	32888.0	27224.0	22531.5	19810.0	17555.5	14452.5	11569.5	9724.0	7737.5	5290.0	3623.5	2702.5	2161.5	1468.5	945.5	688.5	482.5	299.5	187.5	137.0	95.5	62.5	46.5	36.0
MCW_CT_ROA_229_R2_trim	7.0	6.5	6.0	6.5	7.0	6.5	7.0	7.0	6.0	7.0	7.0	8.0	10.0	8.5	11.0	21.0	33.0	66.5	153.0	333.5	542.0	977.0	1919.0	3803.5	5671.5	8472.5	13874.0	22077.5	29577.0	39385.0	57325.5	81927.5	101608.5	125384.5	169276.5	223511.0	260662.5	300096.0	365290.5	429508.5	467069.0	495368.5	534565.0	565843.0	580825.5	590256.0	600444.0	602000.5	599107.0	593666.5	582567.0	570297.5	564805.0	560383.5	548201.0	535230.0	527582.0	511658.0	478663.5	434353.0	401776.0	366815.0	315451.5	268050.0	237852.5	212023.0	176388.0	146933.0	129675.5	113806.0	93162.5	75979.0	65565.0	56992.0	46208.0	37613.0	32523.5	28187.0	22973.0	18778.0	16178.5	14007.0	11370.5	9018.5	7437.5	5925.0	4055.0	2797.5	2139.0	1731.5	1221.0	803.0	583.5	408.5	269.5	184.5	136.5	97.0	58.0	37.0	24.0
MCW_CT_ROA_230_R1_trim	1.0	1.0	1.0	1.0	1.0	1.0	1.0	1.0	1.0	1.0	1.0	2.0	4.0	5.5	11.5	33.0	53.0	87.0	198.5	493.5	765.0	1305.0	2635.0	5017.0	6962.0	10140.0	16555.0	25599.0	32558.5	42294.0	61052.5	85977.0	103833.5	125310.5	167504.0	217635.0	248879.5	283107.0	339693.5	390741.0	418684.0	436932.5	460097.0	472135.0	475494.5	476710.0	473708.5	464953.5	458990.5	449883.5	433205.5	419809.0	414333.5	408168.0	396978.0	386413.0	379770.5	368378.0	342754.5	307352.0	282341.0	257359.0	218700.0	183514.0	162694.0	144512.5	119315.5	98947.5	87333.0	76186.5	61456.0	49928.0	43039.0	37608.5	30385.5	24923.5	22208.0	19463.0	15986.0	13186.0	11558.0	10305.0	8441.0	6653.5	5582.5	4549.0	3044.5	2003.5	1481.5	1113.5	711.0	457.5	354.0	264.0	165.0	98.5	64.5	50.5	35.0	22.0	18.0
MCW_CT_ROA_230_R2_trim	6.0	4.0	1.5	1.0	1.0	1.0	1.0	2.0	3.0	2.5	1.5	3.0	5.0	5.5	15.0	40.0	58.5	120.5	295.5	634.0	929.0	1547.5	2991.5	5491.0	7498.0	10878.5	17684.5	27118.5	34255.0	43746.5	62688.0	87904.5	105691.0	127047.0	168402.0	218931.5	251363.5	283828.5	339213.5	391099.5	419164.5	437267.5	459467.5	471613.0	475943.0	476803.5	474295.5	465368.0	458563.0	450435.0	434388.0	420732.5	414986.5	409650.0	399559.5	389402.5	382700.5	370227.5	343243.0	308161.0	284372.5	258607.0	219654.5	184356.0	162708.5	144250.0	118258.5	97223.5	85384.5	74193.5	59323.5	47759.0	41128.0	35715.5	28457.5	22703.0	19625.5	16886.5	13465.5	10895.5	9458.0	8364.5	6799.0	5265.0	4261.0	3532.0	2531.0	1738.5	1283.0	959.5	656.0	461.5	377.0	301.0	206.5	141.5	110.0	89.0	72.0	49.5	29.0
MCW_CT_ROA_231_R1_trim	10.0	10.0	10.0	10.0	10.0	10.0	10.5	11.5	12.0	11.0	13.5	22.5	28.5	28.5	71.5	231.0	373.5	560.5	1087.5	2236.0	3154.0	4576.5	8130.5	13651.5	17380.5	22588.5	33680.5	48384.0	58005.5	68594.5	89723.5	115783.0	132712.5	152408.5	191639.0	233286.0	256039.0	279860.5	320694.5	360743.5	382746.5	390405.5	408343.0	420311.0	421192.0	419047.0	406732.0	393718.5	387819.0	378580.5	361039.0	343352.5	335057.0	328557.0	316130.0	306243.0	301209.0	287224.5	261608.0	231506.5	210166.5	190840.5	159954.5	131329.0	115418.5	101210.5	81644.5	66347.0	57598.0	49882.0	39565.0	31182.0	26175.5	22176.5	17430.5	14010.0	12161.0	10554.0	8307.0	6499.5	5632.0	4942.5	3901.0	2937.5	2405.0	1939.0	1330.5	899.0	642.0	487.5	330.0	201.0	141.5	119.0	87.5	60.5	44.5	40.0	51.5	130.0	194.0
MCW_CT_ROA_231_R2_trim	15.0	13.0	10.5	10.5	11.0	10.5	10.0	10.0	10.0	11.0	14.0	26.0	36.5	54.5	125.5	293.0	417.5	697.5	1439.5	2769.5	3763.0	5390.5	9350.0	15292.5	19240.5	24942.0	36226.0	51132.5	61297.0	71843.0	92532.0	118190.5	135018.5	154134.0	191786.0	232676.5	255628.0	279510.5	320680.0	360029.5	381413.0	390521.5	408446.0	416777.0	415293.5	415717.5	408206.5	396716.5	390346.0	379813.5	360974.0	344668.5	337490.5	330486.5	317886.0	307832.0	302104.0	288899.5	261851.5	230590.5	210455.5	190337.5	159645.0	131069.0	114248.0	100216.5	80920.5	65142.5	55849.5	48006.0	37497.0	28960.0	23871.0	20204.5	15572.5	12022.5	10295.5	8552.5	6330.0	4909.5	4190.0	3547.5	2744.5	2089.0	1670.5	1346.5	940.5	645.0	474.5	338.5	223.5	159.0	123.0	108.0	81.5	59.5	52.5	39.5	24.5	20.0	19.0
MCW_CT_ROA_232_R1_trim	2.0	2.0	2.0	2.0	2.0	2.0	2.0	2.0	2.0	2.0	2.0	2.5	3.5	4.0	7.0	14.5	24.0	53.0	153.5	361.0	575.0	1022.0	2036.5	3864.5	5468.5	8056.0	13462.0	21450.5	27842.0	36233.5	52380.0	74952.5	92012.5	112258.5	150028.5	195988.0	226423.5	259430.5	313606.0	365162.5	394756.5	415492.5	444839.0	465932.5	475589.0	480673.5	481123.0	473303.5	467478.0	461933.5	450679.0	440126.0	434596.0	429554.0	421312.5	412936.0	407190.0	395393.5	369297.0	333610.5	308107.5	281399.5	240062.5	202340.5	179560.0	159236.5	132126.0	110487.0	97544.0	84936.5	69266.0	56863.5	48955.0	42799.5	34898.0	28730.0	25521.5	22636.0	18828.0	15574.5	13676.5	12158.5	10037.5	7906.5	6526.5	5331.5	3707.0	2451.5	1724.5	1296.0	859.5	545.0	396.0	302.0	190.0	109.5	81.0	61.0	37.5	19.5	11.0
MCW_CT_ROA_232_R2_trim	3.0	2.5	2.0	2.0	2.0	2.0	2.0	2.5	3.0	2.5	3.0	3.5	3.5	7.5	12.0	22.5	36.5	81.5	196.5	424.5	655.0	1175.0	2372.5	4409.0	6090.5	8841.0	14607.5	22995.5	29610.5	38231.5	54955.5	77208.5	93570.5	114363.5	152837.0	199081.0	229635.0	261852.5	315804.0	368031.5	397808.5	418070.0	445806.0	465289.0	474580.0	480104.5	480850.0	474402.5	469975.5	463080.0	450197.0	439755.5	434808.5	429845.0	421446.5	414356.5	410149.5	397604.0	368913.0	332407.5	307592.5	279859.5	238859.5	202358.5	179508.5	158919.0	131079.0	108790.0	95677.0	83145.0	67241.0	54795.0	47228.0	40955.0	32846.0	26426.0	22908.5	19741.5	15953.0	13010.5	11224.0	9947.0	8128.5	6322.5	5210.0	4208.5	2986.0	2076.0	1484.5	1097.5	734.0	500.5	398.0	303.0	202.0	144.0	113.0	84.5	52.5	34.0	24.0
MCW_CT_ROA_233_R1_trim	2.0	2.0	2.0	2.0	2.0	2.0	2.0	2.0	2.0	2.0	3.0	6.5	9.0	11.5	29.5	71.0	117.0	208.0	487.5	1105.0	1700.5	2813.0	5287.0	9560.5	13152.0	18488.0	29194.5	44175.0	55617.5	70818.5	99824.0	138650.5	166532.0	198784.0	260408.0	334539.0	380723.0	427879.0	505941.5	573706.0	608343.5	628809.0	651432.5	656643.0	655475.0	649596.0	633099.5	609312.0	593134.0	576154.0	548308.5	525296.0	514183.0	503165.5	484283.5	466925.0	456084.0	438972.5	404291.5	359953.5	329823.0	298320.0	250672.5	208233.5	183540.5	163023.0	133490.5	110011.5	96938.0	84569.0	68243.0	55124.0	47467.0	41518.5	33444.5	27545.0	24711.5	21961.5	18114.5	14872.5	13066.0	11664.0	9620.5	7538.5	6241.0	5038.5	3348.0	2185.0	1608.5	1270.0	823.5	478.5	337.0	251.5	162.0	110.5	82.5	60.5	38.0	22.0	15.0
MCW_CT_ROA_233_R2_trim	4.0	3.0	2.0	2.5	3.0	3.0	2.5	2.0	2.0	2.5	3.5	4.5	4.5	13.5	35.5	87.0	143.5	258.0	573.5	1312.5	2028.0	3275.0	5875.0	10426.5	14270.0	19825.5	31279.5	47162.0	58990.5	73982.0	102829.0	141325.5	168726.5	200934.0	263045.0	336261.5	381147.0	427869.0	505451.0	573433.5	608606.5	629224.0	651685.0	656736.0	655238.5	649583.0	632880.5	609221.0	594155.5	577399.0	550114.0	527578.5	516415.0	505553.0	486822.5	470312.0	460549.0	442640.5	406144.0	361668.5	331803.5	299955.0	251714.0	208375.0	183017.0	162057.0	132221.5	107750.0	93762.0	81330.0	64765.0	51877.0	44585.5	38488.0	30596.5	24608.5	21368.0	18470.0	14626.5	11798.0	10278.5	9005.0	7253.0	5621.0	4617.5	3730.0	2503.5	1677.0	1284.5	974.5	647.5	431.0	331.0	260.5	187.5	148.0	129.5	92.5	50.0	32.0	25.0
MCW_CT_ROA_234_R1_trim	31.0	31.0	31.0	31.0	31.0	31.0	31.0	31.0	31.0	31.0	31.0	31.0	31.5	33.0	38.0	47.0	58.0	95.5	188.5	397.5	628.0	1052.0	1963.0	3597.0	5154.5	7699.5	12571.0	19564.0	25715.5	34192.5	49635.0	70850.0	87725.5	108074.5	146019.5	193589.0	225977.0	260727.5	318217.5	373354.0	404219.0	427638.5	457674.5	476479.5	484474.0	487226.5	487450.5	481467.5	475424.0	468423.0	457630.5	449571.0	446085.5	441357.0	432295.5	423444.0	417067.0	404513.5	377865.0	342737.5	318356.5	291615.5	251807.5	215797.5	193302.0	173513.5	146063.5	122418.5	108154.0	95871.0	79057.0	64900.5	56674.0	49301.0	40183.5	32944.0	28566.5	25314.5	20894.0	17286.0	15443.0	13801.5	11493.0	9114.5	7531.0	6131.0	4247.5	2829.5	2044.5	1579.0	1007.5	618.5	451.0	325.0	207.5	145.5	114.5	87.0	57.5	41.0	35.0
MCW_CT_ROA_234_R2_trim	40.0	37.0	32.0	30.0	30.0	30.5	30.5	30.0	30.0	31.0	31.5	30.5	30.5	33.5	37.0	50.0	69.5	104.5	200.0	422.5	655.5	1096.0	2020.0	3759.0	5397.5	8021.0	13186.0	20389.5	26588.5	35109.0	50764.0	72346.5	89370.5	109741.0	147319.5	194306.0	226685.0	261471.0	318817.0	374580.0	406094.0	428087.5	457666.0	476894.0	484317.5	487659.5	488793.0	482846.5	476635.0	469896.5	458739.0	450566.5	447354.5	442713.5	434071.5	425755.5	419446.5	406698.0	380128.5	345130.5	320743.0	293254.5	252449.5	215620.5	192803.5	172487.0	144503.5	120869.0	106595.0	93655.5	76275.5	62032.5	53656.0	46484.5	37112.5	29779.5	25694.0	22173.0	17845.5	14446.0	12420.0	10794.0	8752.0	6994.5	5799.0	4671.5	3247.0	2257.0	1698.5	1282.0	854.0	586.5	441.0	324.5	223.5	161.0	128.0	111.0	84.5	57.5	45.0
MCW_CT_ROA_235_R1_trim	6.0	6.0	6.0	6.0	6.0	6.0	6.0	6.0	6.0	6.0	6.0	8.5	11.5	14.5	27.5	68.5	107.0	189.5	444.5	938.0	1355.0	2275.5	4424.5	8182.5	11017.0	15253.5	24928.5	38996.0	48740.5	62812.5	91792.0	131220.5	156980.5	188096.0	254412.5	333975.5	379730.5	429036.0	518513.5	598694.5	638627.0	665867.0	701061.0	717819.5	724602.0	721510.0	708970.5	690146.0	678236.0	663580.5	632537.5	605886.5	595911.0	583628.0	559350.5	536697.5	524169.0	503647.0	459762.5	405185.5	371206.5	336855.5	282073.0	234290.5	208457.5	186918.5	153233.5	125925.0	111564.0	99163.0	80832.0	66280.0	58692.0	51836.5	42309.0	35506.0	31959.0	28556.0	23906.0	19999.5	17810.5	15911.0	13321.0	10730.0	8944.0	7234.5	4816.5	3128.5	2307.0	1814.0	1160.5	725.5	541.5	398.5	238.0	140.0	103.0	73.5	39.0	19.5	12.0
MCW_CT_ROA_235_R2_trim	13.0	13.0	9.5	6.0	6.0	6.5	6.5	7.0	8.0	7.5	8.5	10.5	11.5	19.5	40.5	95.0	144.0	253.5	571.5	1248.5	1804.5	2782.0	5241.5	9459.0	12508.0	17310.0	27951.5	43191.0	53709.0	67515.0	96647.5	136179.5	161643.0	193445.5	258962.0	336841.5	382433.0	431347.5	518320.5	597684.5	638846.5	663229.0	695360.0	711644.0	717890.5	714733.5	703078.5	686027.0	675007.5	659380.5	629750.0	603946.5	592512.0	582882.5	561687.5	539629.0	527509.5	506859.0	463104.0	408834.0	374874.0	340759.0	286354.5	238255.5	211820.0	189201.0	154349.0	126579.5	111886.0	98521.5	79476.0	64798.5	56757.5	49965.5	40517.5	33175.0	29181.0	25707.5	21005.0	17121.5	14936.0	13204.0	10713.5	8289.0	6796.0	5613.0	3980.5	2727.5	2030.0	1605.5	1103.5	769.0	601.0	490.5	357.5	253.0	204.0	159.0	106.5	66.0	41.0
MCW_CT_ROA_236_R1_trim	0.0	0.5	0.5	0.0	0.0	0.0	0.0	0.0	0.0	0.0	0.0	2.0	4.0	4.0	17.5	60.0	95.0	180.0	430.5	1000.0	1460.0	2275.5	4263.0	7825.5	10462.0	14496.5	23568.5	36386.5	44989.5	56803.5	82014.5	115603.5	136821.0	162974.5	216227.0	277472.0	312792.5	350518.0	416455.5	472987.5	501167.5	516725.0	533982.5	538175.0	538663.0	534121.0	519993.0	501917.0	492154.5	480583.5	457942.0	438147.0	429029.5	420142.0	402851.0	385672.5	376043.5	361689.0	332578.5	295617.0	271285.5	247653.0	208144.0	172725.5	153739.5	137288.0	113070.0	94297.5	84389.0	75164.5	61866.5	51005.0	44837.5	40309.0	33729.5	28610.5	26178.5	23939.5	20467.5	17252.0	15476.0	13789.0	11292.0	9043.0	7694.0	6254.5	4171.5	2737.5	2041.5	1573.5	1038.0	652.0	443.0	328.5	229.5	147.5	92.5	64.5	36.5	25.0	20.0
MCW_CT_ROA_236_R2_trim	4.0	2.5	0.5	0.0	0.0	0.0	0.0	0.0	0.0	0.0	0.5	5.5	10.0	13.5	34.5	95.5	144.5	267.0	625.0	1314.5	1832.0	2848.0	5261.5	9295.0	12193.5	16682.5	26562.5	39987.5	48829.0	60936.5	86460.0	119787.0	140734.0	166924.0	219212.5	279469.0	314713.5	351946.0	417116.0	472805.5	500388.5	515315.5	532404.5	536866.0	537257.0	533521.0	520886.5	503444.0	493568.5	481552.0	459210.0	440011.0	431019.5	422127.0	405401.5	388641.0	378655.5	364835.0	334256.0	295549.5	271567.0	247473.5	208100.0	173050.5	153745.5	137438.0	112384.0	92176.0	81780.5	72544.5	59015.0	47879.0	41761.5	37081.5	30586.5	25259.5	22334.5	19710.5	16125.5	13270.0	11574.0	10217.0	8235.0	6346.0	5183.0	4290.5	3004.0	2016.0	1497.5	1125.0	737.0	477.5	339.5	258.0	180.5	134.5	116.5	91.0	56.5	34.0	23.0
MCW_CT_ROA_237_R1_trim	7.0	6.5	6.0	6.0	6.0	6.5	8.0	8.0	7.0	9.0	19.0	34.5	42.0	82.5	215.5	504.0	728.0	1170.0	2386.0	4594.0	6187.5	9127.0	16114.0	26762.5	33623.5	43494.5	65748.0	94884.0	112472.5	134899.0	182635.0	243871.0	280867.5	322674.5	409338.0	506042.5	558800.0	611523.5	701062.0	766655.5	794394.5	801386.0	798576.5	773140.0	755119.0	731323.5	685060.0	637917.5	612367.5	588638.0	546460.5	510950.0	493800.0	478909.0	451775.0	426287.0	412580.5	393744.0	353931.5	305892.5	277083.5	250380.5	205835.0	166893.0	147098.0	130560.5	105111.5	85148.0	74977.5	67070.0	54115.5	43700.5	38726.5	35101.0	29137.0	24420.0	22427.0	20304.5	16961.0	14154.5	12733.0	11493.5	9421.0	7163.5	5836.5	4851.5	3209.5	1957.0	1415.5	1117.5	689.0	416.0	310.0	237.0	152.5	88.0	45.5	35.5	22.5	11.5	9.0
MCW_CT_ROA_237_R2_trim	15.0	13.0	8.5	6.0	6.0	7.5	9.5	11.0	12.0	17.0	33.0	61.0	77.5	154.0	391.5	861.5	1183.0	1790.5	3431.5	6385.5	8463.0	11738.5	19740.5	31831.5	39578.5	50466.5	73763.0	104448.0	123404.0	145631.0	192905.0	252657.5	288413.5	328956.0	412966.5	505123.0	554720.5	605877.0	692959.5	758716.5	787644.0	792646.5	787457.0	761033.0	742137.5	720585.0	677641.5	633728.0	610409.5	587364.0	547475.5	512203.5	493978.5	479653.5	454233.0	430539.5	417546.5	398305.0	358330.0	311317.0	282974.0	254838.5	208747.5	169366.0	149208.5	132434.5	106037.5	85470.5	75405.0	66757.0	53189.0	42392.5	36921.5	32618.5	26387.0	21311.5	18580.0	16454.0	13387.5	10871.5	9533.0	8446.0	6664.0	5035.0	4236.0	3505.5	2364.0	1542.5	1167.0	941.5	604.0	370.5	291.0	243.5	169.0	104.5	77.0	78.5	62.5	32.5	20.0
MCW_CT_ROA_238_R1_trim	20.0	20.0	20.0	20.0	20.0	20.0	20.0	20.0	20.0	20.0	20.5	21.0	20.5	20.5	22.5	30.0	40.0	65.0	111.0	244.0	450.0	816.5	1448.5	2717.5	4253.0	6721.5	10737.5	16395.5	23040.5	32356.0	47037.0	67918.5	89365.0	114262.0	153912.5	205634.5	248336.0	293424.5	361168.5	431530.5	477045.5	513070.5	554453.5	584201.5	599462.0	610248.0	619598.0	618293.0	611952.5	605080.5	599787.0	596156.0	592403.5	588633.0	581233.0	571752.0	562587.0	545917.0	515368.5	475319.0	441730.0	402771.5	352681.0	304447.0	268473.0	236521.5	197899.5	167610.5	148005.0	128731.5	105885.0	87368.5	76141.5	66533.5	54866.0	45745.0	40238.0	35204.0	29166.5	24120.0	21100.0	18648.0	15324.5	12115.5	10030.5	8090.0	5698.0	4024.5	2995.5	2251.5	1523.0	997.5	701.0	487.5	346.0	255.0	181.0	115.0	59.5	40.0	35.0
MCW_CT_ROA_238_R2_trim	22.0	21.0	20.0	19.5	19.0	19.0	19.5	20.0	19.5	19.0	19.5	21.0	21.5	21.5	24.0	27.5	32.0	61.5	114.5	234.5	426.5	816.5	1500.0	2771.0	4249.0	6603.0	10776.0	16857.0	23612.5	32925.0	47872.0	68874.5	90146.5	115122.0	155036.0	207040.5	249940.5	295440.5	364061.5	434734.5	480025.5	516193.5	558004.0	588131.0	603177.0	613698.0	622162.0	620294.0	614490.0	607581.0	602341.0	597683.5	592555.5	588319.0	581951.0	574566.5	565925.0	548154.5	515861.5	474132.0	439657.0	401215.0	351977.0	303596.5	266860.5	234876.5	196411.5	165772.5	145957.5	126374.5	103455.5	84987.5	73629.0	63735.5	52084.0	43076.0	37348.5	32226.5	26317.0	21532.5	18574.0	16201.5	13114.5	10287.0	8456.5	6885.0	4971.0	3495.5	2538.5	1936.5	1358.0	911.0	686.5	523.0	395.5	287.5	212.5	163.0	106.5	62.0	45.0
MCW_CT_ROA_239_R1_trim	10.0	10.0	10.0	10.0	10.0	10.0	10.0	10.0	10.0	10.0	10.5	11.0	11.0	11.5	12.5	18.5	28.0	46.0	94.0	191.0	330.5	664.0	1367.5	2843.5	4363.0	6898.5	11396.0	18240.0	24899.5	34161.0	51228.5	75295.0	95730.5	120542.0	165244.5	222067.0	264241.0	309153.0	380259.0	449473.5	491117.0	523395.0	563965.5	595657.0	612737.5	620248.0	626654.5	628814.0	627853.5	624647.5	616443.0	610933.0	612203.5	611723.0	606407.5	602192.5	599441.5	586439.5	556193.0	511355.0	474329.5	434513.5	379054.0	325944.0	289588.0	257469.0	215887.0	182483.0	161430.5	140159.5	115285.5	94993.0	81528.5	70759.0	58049.5	48159.0	42350.0	36913.5	30308.5	25030.0	21998.0	19318.5	15936.5	12815.0	10650.5	8629.0	5981.5	4088.5	3091.0	2375.5	1576.5	1022.0	728.5	518.5	343.5	204.5	131.0	96.5	60.5	37.5	26.0
MCW_CT_ROA_239_R2_trim	14.0	12.5	10.5	10.0	10.0	10.0	10.5	10.5	10.0	10.5	11.0	10.5	10.0	11.0	13.0	18.5	26.0	46.0	102.0	214.5	366.5	684.5	1387.0	2973.0	4587.5	7096.5	11845.5	19022.0	25796.0	35101.5	52535.0	76800.0	97018.5	121915.5	166440.5	222961.0	265115.0	310405.0	381568.5	451423.0	494107.0	526499.5	566965.0	597673.0	613735.5	621988.0	628876.0	630824.0	630380.5	626981.5	619697.5	613672.5	613167.0	614148.0	609242.0	603569.5	600613.0	588116.5	556388.5	510281.5	473910.5	434418.0	378701.0	325073.0	288251.5	255605.5	213830.5	179220.5	156843.0	135900.0	111226.0	90922.5	77596.0	66338.5	53856.0	44191.5	38018.0	32663.5	26256.0	21229.5	18208.5	15816.5	12920.0	10190.5	8322.0	6803.0	4827.5	3330.0	2511.5	1942.5	1362.0	920.0	657.5	487.0	329.5	210.0	158.0	129.5	83.0	46.5	36.0
MCW_CT_ROA_240_R1_trim	3.0	3.0	2.5	2.0	2.0	2.0	2.0	2.0	2.0	2.0	2.5	3.5	4.0	6.0	15.5	32.5	48.5	95.0	210.5	449.0	724.5	1251.0	2394.0	4479.0	6463.5	9381.5	15103.5	23600.5	30834.0	41496.0	61348.0	89409.5	112209.5	140656.0	194026.5	261802.0	309401.5	360709.0	445818.5	529606.5	578651.5	615830.0	665413.0	699629.5	715125.0	723229.0	728985.0	727726.0	724900.0	717237.0	701210.5	692088.0	692080.0	687193.0	674038.5	660657.5	652695.0	635185.0	596664.5	543593.5	503130.5	461414.5	399907.0	340984.0	303003.0	270317.0	227761.5	191984.0	169541.5	149727.5	122985.5	100551.5	87597.0	76770.5	63643.0	53504.5	47488.5	41646.5	34365.0	28594.0	25412.0	22629.0	18582.5	14772.5	12390.0	10060.0	6894.5	4632.5	3430.0	2627.0	1699.5	1045.5	740.5	564.5	356.0	191.5	127.0	97.0	60.5	36.5	28.0
MCW_CT_ROA_240_R2_trim	15.0	9.5	3.5	3.0	3.0	3.0	3.0	3.0	3.0	3.0	4.0	5.0	4.5	5.5	14.0	38.5	61.5	111.0	238.0	487.0	755.0	1316.5	2549.0	4702.0	6692.5	9869.0	15956.5	24870.0	32466.5	43297.0	63834.5	92414.0	115209.5	143821.0	197423.0	264969.5	312255.5	364496.5	449792.5	533085.0	582228.0	618143.5	666137.5	700072.5	716014.5	725487.0	732615.0	730361.5	726644.0	720661.5	707535.5	696589.5	693210.5	691166.5	681160.0	667310.0	658141.0	638525.0	597555.5	542864.0	501461.5	458501.5	396345.0	337150.5	298496.0	265634.5	222247.0	185875.5	163433.0	142755.0	116022.0	94160.5	80847.0	69458.0	55667.5	45137.5	38864.5	33423.0	26684.5	21531.0	18700.0	16133.5	12979.5	10181.5	8276.0	6636.5	4612.0	3060.0	2124.5	1630.0	1115.0	718.5	502.5	378.0	252.5	147.0	105.5	88.0	58.0	30.5	18.0
MCW_CT_ROA_241_R1_trim	14.0	12.0	10.0	10.5	11.0	10.5	10.0	10.5	11.0	10.5	10.0	10.5	11.0	10.5	13.0	23.0	37.5	71.5	138.5	299.0	507.5	966.0	1856.0	3654.0	5544.5	8529.0	13563.0	21043.0	28579.0	39503.5	60280.5	91125.5	117765.0	150524.0	213032.5	296293.0	357057.5	425891.5	540174.5	653986.0	720668.5	772398.5	840275.5	888741.0	909971.5	921384.5	934448.5	935326.0	929182.5	917535.5	900555.0	889106.5	884513.0	876774.0	861819.5	845349.5	833524.0	813262.5	766996.5	701428.0	652926.5	600199.5	522176.0	449493.5	403527.5	363035.0	308093.5	261110.5	231062.0	202893.5	166736.5	137591.0	120483.5	105830.5	86658.0	72346.0	64300.5	55131.0	44447.5	36748.0	32328.5	28788.0	23854.5	18843.5	15595.0	12743.5	8781.0	6011.5	4552.5	3476.0	2312.0	1460.5	1020.0	702.5	421.0	241.0	148.5	102.0	61.0	34.0	24.0
MCW_CT_ROA_241_R2_trim	22.0	16.0	10.0	10.5	11.0	10.5	10.0	10.5	11.0	11.0	11.0	11.5	12.0	11.5	16.0	29.0	45.5	82.5	165.0	360.0	580.5	1015.0	1912.0	3759.5	5662.0	8675.5	14138.5	22268.5	30090.0	41459.0	62592.0	93943.5	121080.5	154018.0	216736.0	300617.0	362133.5	430497.0	544496.5	659345.5	727202.5	777697.5	841799.0	888036.5	909063.0	920628.0	934617.0	935739.5	929550.5	919178.0	904456.5	892659.5	886098.5	880847.0	867635.0	851252.0	840666.5	819275.0	771575.5	705472.5	656574.0	602776.0	523795.0	450725.0	404190.0	362120.5	304008.0	255925.5	226482.0	198128.5	162455.0	133517.5	115582.0	99775.5	80492.0	65893.5	56758.5	48227.0	38436.0	31111.0	26922.0	23747.0	19464.5	15380.0	12726.0	10278.5	7260.5	5130.5	3824.0	2919.5	2041.0	1376.5	996.5	703.5	482.5	329.0	229.0	179.5	128.5	79.0	50.0
MCW_CT_ROA_243_R1_trim	10.0	10.0	10.0	10.0	10.0	10.0	10.0	10.5	11.0	11.0	11.0	11.0	10.5	11.5	14.5	18.5	27.0	47.0	89.5	195.0	320.0	544.0	1014.0	1977.0	2906.5	4399.5	7470.5	12186.5	16297.0	22572.0	35249.5	53913.0	68109.5	87075.5	124743.0	173720.5	207389.5	245425.0	311156.0	378560.5	418813.5	450910.5	499399.5	538344.5	558171.0	569596.5	583118.5	589702.5	591403.5	590964.5	584923.5	580685.0	582421.0	581181.0	572105.5	562186.0	557627.5	544896.0	513394.0	470635.5	439948.0	405778.5	354220.0	306258.5	275753.5	248838.0	211378.0	180745.5	162604.5	144709.0	121515.5	102023.0	89703.5	79288.5	66167.0	56224.5	50493.5	44862.0	37881.0	31972.5	28222.5	25029.5	20660.0	16443.5	13742.0	11238.5	7959.5	5567.0	4160.0	3174.5	2146.5	1417.5	1033.5	715.0	450.0	272.0	181.5	127.5	69.0	42.0	33.0
MCW_CT_ROA_243_R2_trim	11.0	10.0	9.0	9.0	9.0	9.5	10.0	9.5	9.0	10.0	10.5	10.0	9.5	11.0	14.5	20.5	31.0	48.5	97.5	212.0	336.0	561.5	1098.0	2199.0	3195.0	4788.5	8032.5	12964.5	17173.0	23582.0	36683.0	55340.0	69318.5	88547.0	126216.0	174909.0	208448.5	246189.0	312157.0	380820.0	421945.0	452419.5	500010.5	540048.0	559992.0	570881.5	583961.5	590674.5	592427.5	592186.0	585953.5	581247.0	583153.0	583836.0	575240.0	566151.5	563667.5	549143.5	514626.0	470085.0	438922.0	405521.5	355052.0	307205.5	276352.5	248922.0	210654.0	179143.5	160437.0	142001.5	118562.5	99357.5	87166.5	76485.0	63363.5	53264.0	47049.0	41092.0	34046.0	28437.0	24814.5	21718.5	17767.0	14315.5	12087.0	9814.0	7026.5	5063.5	3774.5	2859.0	2016.5	1376.0	1021.5	776.5	546.5	385.5	314.5	253.0	163.5	97.0	69.0
MCW_CT_ROA_244_R1_trim	13.0	13.0	13.0	13.0	13.0	13.0	13.0	13.0	13.0	13.0	13.0	13.0	13.0	13.0	13.5	15.0	15.5	16.0	20.5	32.5	53.0	108.5	213.5	426.5	698.5	1231.5	2153.0	3508.0	5302.0	8130.5	13076.5	21130.0	30837.0	42687.0	62948.5	92917.5	122202.5	154419.0	202641.0	255395.5	294034.0	329923.0	369168.0	402344.5	426045.0	443973.5	462519.5	474513.0	478998.0	485732.0	494395.0	500927.5	506473.5	513501.0	517947.0	518937.5	517934.5	509790.0	491879.5	462214.0	434179.5	403640.5	364252.5	322964.0	288967.5	258039.5	223071.5	194099.5	172495.5	151110.0	127317.5	107521.5	93692.5	81344.0	67138.0	55823.0	48399.5	40756.0	32999.0	27505.0	24011.5	20736.5	17142.5	14045.5	11632.5	9236.0	6519.5	4678.0	3451.5	2488.0	1650.0	1070.0	730.5	454.5	297.5	201.5	123.0	77.5	50.5	33.5	26.0
MCW_CT_ROA_244_R2_trim	17.0	14.0	11.0	11.5	12.0	11.5	11.5	11.5	11.0	12.0	12.0	11.0	11.0	11.0	12.0	12.5	12.5	17.5	26.5	48.5	77.0	122.0	218.5	439.0	720.5	1233.5	2162.5	3624.5	5516.0	8312.0	13243.0	21318.5	30947.0	42923.0	63307.5	93169.5	122293.0	154592.0	203261.5	256637.5	295771.5	331687.0	370998.5	404013.5	427102.0	444723.0	463554.5	476080.0	480834.0	486991.5	495404.0	502396.0	508030.5	514875.5	519539.0	520559.5	519141.0	510991.5	493147.0	463376.5	434961.0	403530.5	363448.0	321689.0	287418.5	257122.5	221639.0	192071.0	170899.5	149206.0	125356.5	105345.5	91042.5	78414.0	64407.0	53052.0	45140.0	37824.0	30526.0	25276.0	21819.5	18628.5	15216.5	12456.5	10323.0	8172.0	5949.5	4413.0	3254.5	2332.5	1549.5	1042.5	790.5	576.0	405.5	273.5	196.5	145.5	93.5	56.5	41.0
MCW_CT_ROA_245_R1_trim	20.0	20.5	20.5	20.0	20.0	20.0	20.0	20.0	20.0	20.0	20.0	20.0	20.0	20.5	22.5	24.0	25.0	35.0	55.5	103.5	175.5	339.0	639.0	1195.0	1822.0	3147.5	5442.0	8704.0	12069.0	17353.0	27284.5	42589.0	56107.0	73072.0	105413.0	149024.0	182089.0	220797.0	285269.5	353229.5	396216.0	431400.0	477962.0	517039.5	540420.0	555182.5	572278.0	582209.0	585197.5	586506.0	585703.5	588973.5	596117.0	596642.0	594178.0	593974.5	592970.0	581952.0	553769.0	512578.5	481655.0	445886.0	392975.0	342958.5	309143.5	278636.0	237852.5	204029.5	182235.0	160960.5	135395.5	113952.5	99997.0	88374.5	74107.0	62632.0	55472.5	48574.0	40418.0	34039.0	30263.0	27136.0	22859.0	18359.0	15267.5	12516.5	8827.0	6182.0	4722.5	3601.0	2479.5	1647.0	1152.5	821.5	572.0	370.5	255.5	184.5	112.5	75.5	60.0
MCW_CT_ROA_245_R2_trim	22.0	21.0	20.5	20.0	19.0	19.0	19.0	19.5	20.0	20.0	20.0	19.5	19.0	19.0	21.5	25.5	28.5	37.5	60.5	118.0	198.0	365.0	679.5	1302.0	1966.5	3223.0	5609.0	9159.0	12679.0	17946.5	28139.5	43459.0	56730.5	74169.0	107195.5	150855.0	183744.0	223036.0	288242.5	356371.5	399395.5	433965.5	481751.5	520613.5	541843.0	558750.5	577535.0	587033.0	589849.5	590435.0	588675.0	590738.0	597026.5	599871.5	598354.5	596579.5	595317.0	583958.0	554864.0	512533.5	481034.0	445329.5	392838.5	342535.5	308057.5	276760.5	235038.0	200283.0	178099.5	157223.5	131227.0	109359.0	95499.5	83266.5	68762.5	57065.0	49471.0	42694.0	34929.0	28891.5	25215.0	22295.5	18527.5	14805.0	12202.0	9913.0	7109.5	5065.5	3760.0	2830.5	2027.0	1441.5	1079.5	802.5	550.5	364.5	282.5	217.0	143.0	97.0	71.0
MCW_CT_ROA_246_R1_trim	4.0	4.0	4.0	4.5	5.0	4.5	4.0	4.0	4.0	4.0	4.0	4.0	4.0	5.5	8.5	18.0	29.0	54.5	120.0	290.0	454.5	817.0	1673.5	3403.5	4805.0	7148.0	12464.5	20894.0	27136.0	35913.0	55386.0	84961.5	105334.0	132947.0	192423.0	267639.0	313196.0	367738.0	467158.0	558708.0	605625.0	635297.5	676286.5	695811.0	700779.5	698247.0	686999.0	668516.0	656861.0	643768.5	618551.0	602766.5	600252.5	589542.5	568709.0	551830.5	543080.5	525385.0	486332.0	434610.5	400418.5	366629.0	310784.5	260783.5	233755.0	210082.5	174679.5	146162.0	130447.0	116151.5	95571.5	78689.0	69273.5	61605.0	50657.5	42428.5	38232.5	34125.0	28318.0	23619.0	21159.5	19066.0	15567.5	12037.0	9998.5	8223.5	5564.5	3558.5	2567.0	2040.0	1399.0	918.5	668.0	492.0	326.5	206.0	145.0	116.0	80.5	49.5	29.0
MCW_CT_ROA_246_R2_trim	10.0	7.0	4.0	4.0	4.0	4.0	4.0	4.5	5.0	5.0	5.5	5.0	4.0	4.5	15.0	36.0	47.5	66.5	163.0	423.5	645.5	1047.5	2020.0	4020.0	5618.0	8041.0	13844.5	22843.5	29214.5	38365.5	58888.5	88978.5	109334.0	136459.0	195056.0	270763.0	317112.0	371138.5	469477.5	561583.5	609623.5	637946.0	676141.0	694402.0	699548.5	697843.5	687948.0	669700.0	657818.0	644794.0	621087.0	604863.5	600364.0	591585.0	572514.0	556117.0	548262.5	530643.5	489551.5	436602.0	403021.0	368657.0	312465.0	261572.0	233421.0	209410.0	172962.5	142977.0	126541.5	112187.0	91241.0	74490.5	65434.0	57255.5	46161.0	37748.0	33078.0	28950.0	23327.0	18998.0	16731.0	14768.5	11900.5	9263.5	7643.0	6258.5	4325.0	2874.0	2079.5	1615.5	1096.0	724.0	533.5	432.0	317.5	219.0	176.0	125.5	69.5	47.0	40.0
MCW_CT_ROA_247_R1_trim	6.0	6.0	6.0	6.5	7.0	6.5	6.0	6.5	7.0	6.5	6.0	6.0	6.0	6.0	7.0	17.5	32.5	46.5	81.5	190.0	302.0	519.0	1029.5	2123.5	3086.5	4644.5	7784.5	12771.0	16784.5	22565.5	35875.5	56162.0	70707.0	90491.0	132201.0	187961.0	224274.5	268534.5	348257.0	424300.5	465903.0	497702.0	542380.0	573242.5	587604.0	594475.5	603323.0	604368.5	601591.5	598172.5	588220.5	583382.0	585799.0	581421.0	570025.5	560980.0	557273.5	546032.5	517830.5	474951.0	443685.5	411663.5	359080.5	310013.5	282445.5	256774.5	218948.5	187709.0	169724.0	151339.5	125088.0	104159.0	92036.5	81368.0	67011.0	56746.5	51322.0	45545.0	37542.5	31135.0	27920.5	25178.5	20999.5	16784.5	14104.5	11486.0	7736.0	5106.5	3810.5	3035.5	2087.0	1347.5	957.0	684.5	420.0	250.5	168.5	129.0	78.0	37.0	22.0
MCW_CT_ROA_247_R2_trim	13.0	10.5	7.5	6.5	6.0	6.5	6.5	6.5	7.0	6.5	7.0	7.5	7.0	6.5	8.0	16.0	26.0	48.5	94.5	218.5	345.0	608.5	1181.0	2315.5	3299.0	4924.5	8342.0	13605.0	17726.5	23815.0	37457.0	57811.0	72398.5	92189.0	134373.0	190362.5	226445.0	270389.5	350374.0	428911.0	472258.5	503349.0	546683.0	575633.5	588950.0	597636.0	607599.0	609706.5	608769.5	603956.0	593833.5	588625.5	589483.5	586638.0	576983.0	568946.5	565602.5	552906.0	521809.0	476990.0	445492.5	412689.0	359841.5	310066.0	280944.5	255118.0	215520.5	181893.0	163449.5	145134.5	118213.5	96845.5	85197.5	74683.0	60428.5	49369.5	42989.0	37464.5	29988.0	24355.5	21576.0	19095.0	15571.5	12212.5	10113.5	8220.0	5684.0	3836.5	2790.0	2173.5	1525.0	1043.5	774.0	556.0	353.5	228.0	180.5	145.0	94.5	52.0	33.0
MCW_CT_ROA_249_R1_trim	10.0	10.0	10.0	10.0	10.0	10.0	10.0	10.0	10.0	10.5	11.5	11.5	11.0	16.5	27.0	40.0	59.0	108.0	200.5	402.5	649.0	1109.0	2084.0	3840.5	5384.5	7852.0	12881.0	20272.5	26249.0	34476.5	50628.0	73263.0	89891.5	109218.0	147202.5	194235.0	224981.0	259200.5	319094.0	377653.0	410617.0	434914.0	467337.5	490363.0	501755.0	507210.5	509054.0	503637.5	500092.0	496150.5	487500.0	483611.5	484501.5	479801.0	470536.5	463614.0	459140.0	449050.5	427092.0	394211.5	369079.0	341499.5	299534.0	260686.0	235984.5	214395.0	184488.5	159513.5	144397.0	128466.5	107746.5	90690.0	80061.5	71664.5	60488.0	51624.5	46747.0	42167.5	35520.5	29380.5	25995.0	23112.0	19016.5	15173.0	12737.0	10466.5	7262.0	4957.0	3783.0	3049.5	2096.5	1307.0	906.0	643.0	403.0	245.5	149.5	97.5	53.0	34.0	27.0
MCW_CT_ROA_249_R2_trim	12.0	12.0	11.0	10.0	10.0	10.0	10.5	10.5	10.0	10.5	11.5	12.5	13.0	17.5	25.5	43.5	67.5	109.0	231.0	478.0	731.5	1255.5	2356.0	4283.0	5960.0	8556.0	14028.5	21756.0	27793.0	36340.5	52895.5	75153.5	91310.0	111029.5	148861.5	195169.5	225767.5	260320.0	320423.5	378893.5	411928.5	436136.0	468537.5	492223.5	504107.5	508322.0	510194.5	506150.0	502300.0	498177.5	490751.0	486607.5	485950.5	482629.5	475625.5	468992.5	464011.5	453459.5	428758.0	394250.0	370000.0	342748.0	300935.5	261755.5	236851.0	214674.0	183518.0	157377.5	141595.5	125723.0	104892.5	87496.5	76765.0	67666.5	56400.5	47113.0	41195.5	36013.0	29198.0	23681.5	20614.0	18093.5	14624.0	11495.5	9501.5	7800.0	5514.0	3909.0	3099.5	2415.5	1628.0	1054.5	748.0	561.5	387.5	269.0	206.5	155.5	99.5	61.5	42.0
MCW_CT_ROA_250_R1_trim	37.0	37.0	37.5	37.5	37.0	37.0	37.0	37.0	37.0	37.0	37.5	39.5	42.0	43.5	49.0	70.5	107.5	187.5	365.5	747.0	1155.5	1935.0	3475.5	6263.0	9063.5	13330.5	21245.5	32497.5	42707.5	56297.5	80699.5	114910.5	142968.0	176164.0	236508.0	312933.0	365685.0	418647.5	507910.0	596436.5	648418.0	690115.0	743491.5	781418.5	799906.0	809871.5	819226.5	817749.0	811426.0	803408.0	786748.0	773177.0	768040.5	758040.5	741763.5	725607.5	712595.0	688435.0	641691.0	580968.5	536491.0	490604.5	424169.5	361413.0	320832.5	285776.0	239315.5	202917.5	182102.0	162438.5	136389.0	115707.0	103834.5	92677.0	78577.0	67585.0	60851.5	54788.0	46732.0	39871.0	35983.0	32362.5	27186.5	21919.5	18409.0	14889.0	10174.5	6946.0	5248.0	4143.5	2749.0	1669.5	1183.0	872.5	553.0	349.5	255.5	174.5	91.5	76.0	78.0
MCW_CT_ROA_250_R2_trim	49.0	43.5	37.5	36.0	35.0	35.5	36.5	36.5	36.0	38.0	38.0	38.0	41.0	42.0	49.0	73.5	109.0	191.0	397.0	791.0	1182.5	2007.0	3656.5	6641.0	9539.0	13773.5	21804.5	33535.5	44096.5	58130.0	83140.5	117869.0	146353.0	179530.0	239461.0	314671.5	366594.5	422028.0	512498.5	600073.5	652130.0	691468.0	744422.0	783218.0	800996.5	811969.0	822588.0	821245.0	814950.5	807697.5	792472.0	778667.5	772368.0	762330.5	747031.5	729548.0	714421.0	690691.0	643625.0	582051.0	537497.0	490276.0	423384.5	360762.0	319361.0	284619.0	237934.5	200073.0	178182.0	157708.5	130796.5	109432.0	96821.0	85714.5	71097.0	59519.5	52862.0	46416.0	38016.5	31203.5	27288.0	23798.0	19142.5	15119.5	12517.5	9994.5	6883.0	4674.5	3367.5	2583.5	1742.5	1102.5	792.5	602.0	417.0	284.0	213.0	151.5	92.0	58.5	40.0
MCW_CT_ROA_252_R1_trim	8.0	7.5	7.0	7.0	7.0	7.0	7.0	7.0	7.5	8.0	8.5	10.0	11.0	14.0	25.5	68.0	118.5	196.5	447.0	926.5	1308.0	2109.5	4068.5	7608.0	10358.5	14598.5	23897.5	37658.5	47420.5	60090.0	87437.0	125452.5	150571.0	181235.5	244425.5	317192.0	359349.5	405286.0	484890.5	552887.5	586434.0	604576.5	623072.5	627176.5	627746.0	618487.5	597929.0	574108.0	559668.0	546001.0	519168.5	497519.5	489322.0	478795.0	459603.5	441016.5	429406.5	413982.0	380904.0	338472.5	311127.5	285219.0	243448.0	206057.5	185785.0	167524.0	140331.5	117936.0	105456.5	94523.5	78469.5	65403.5	58375.5	52616.5	44263.5	37354.0	33735.5	30099.0	25247.5	21268.0	18894.5	16830.5	13790.0	11005.5	9320.5	7561.0	4982.5	3259.5	2458.5	1928.5	1227.5	732.0	515.5	369.0	221.0	120.0	71.0	47.5	24.5	20.0	20.0
MCW_CT_ROA_252_R2_trim	16.0	12.5	8.0	7.0	7.0	7.5	7.5	7.5	8.0	7.5	8.0	12.5	16.0	14.5	34.5	91.5	142.5	251.0	594.0	1284.5	1813.0	2823.0	5187.0	9309.5	12479.5	17209.0	27686.5	42673.0	52974.5	66022.0	93800.0	131989.0	157282.0	187364.0	248325.5	318552.5	359738.5	404543.0	482439.0	550089.5	584126.0	600004.0	617719.0	621966.5	621056.5	613966.5	595961.5	574144.5	561394.5	547568.0	521313.5	499751.0	490639.5	480986.0	463409.5	446112.5	434754.0	418511.5	385349.0	343439.0	316146.5	288828.5	245708.0	207340.5	186101.5	167190.0	138852.0	116408.0	104389.5	92679.0	75832.0	62327.0	54779.0	48099.0	39210.5	32247.5	28205.0	24676.0	19863.5	16000.0	13878.0	12216.5	9738.5	7544.5	6334.0	5170.5	3552.5	2423.0	1841.5	1431.5	940.0	593.5	438.5	325.5	214.5	140.5	103.5	84.0	57.0	32.5	20.0
MCW_CT_ROA_253_R1_trim	29.0	29.0	29.0	29.0	29.0	29.0	29.0	29.0	29.0	29.0	29.0	29.5	30.0	33.5	39.0	69.0	109.5	173.5	354.5	786.0	1215.0	1882.0	3370.5	6219.5	8799.5	12631.5	20265.5	31389.5	40229.0	52351.0	76022.5	109247.0	134017.5	164649.5	223789.0	295982.5	342522.0	391690.0	475453.5	552537.5	593723.0	621767.0	657314.0	677708.5	685786.5	686038.0	679658.5	666219.0	655832.5	643550.0	622541.0	603872.5	594276.0	584214.0	566386.5	548207.0	536388.0	517210.5	476793.5	426337.5	392236.0	357550.0	304760.0	256566.5	227890.5	203662.5	170510.0	143784.0	128130.5	113801.0	94704.0	79390.0	70611.0	63894.5	54711.5	46980.0	42457.5	37705.5	31637.5	26565.0	23725.5	21347.0	17672.0	14087.5	11890.5	9596.0	6484.0	4311.5	3094.5	2387.0	1571.5	960.0	649.5	481.5	324.5	195.0	129.0	95.0	64.5	40.5	21.0
MCW_CT_ROA_253_R2_trim	42.0	35.5	29.0	29.0	29.0	29.5	29.5	29.0	29.0	29.0	30.0	31.0	30.5	35.0	43.5	74.5	114.5	198.0	424.0	914.5	1369.5	2092.0	3812.0	6959.0	9664.5	13852.5	22332.5	34245.0	43286.5	55901.5	80532.0	113989.0	138602.5	169046.0	228018.0	299362.5	345001.5	393709.5	475775.0	552499.0	594899.5	620833.5	654850.0	675251.0	682262.5	683597.5	679537.5	667022.0	656890.0	645487.5	625555.0	608275.0	599268.0	589203.5	570316.5	550919.5	539034.0	519803.5	480910.0	431102.0	396186.0	359827.5	306052.0	257812.0	228469.0	203633.0	169158.0	141684.0	125986.5	111349.5	91428.0	75268.0	66200.5	58650.0	48612.0	40522.5	35576.5	30938.0	25055.5	20213.5	17461.5	15341.0	12407.5	9646.5	7933.0	6450.5	4445.0	2982.5	2190.5	1684.0	1136.5	737.0	542.5	408.0	288.5	197.0	137.5	102.5	65.5	44.0	36.0
MCW_CT_ROA_254_R1_trim	13.0	13.0	13.0	13.0	13.0	13.0	13.0	13.0	13.0	13.0	13.5	13.5	13.0	13.5	18.0	33.0	48.0	86.5	169.5	306.5	457.5	759.0	1456.5	2716.0	3796.0	5535.0	9023.0	14371.5	18804.0	24636.5	36193.0	52580.0	64662.5	79513.0	109097.0	145772.0	169228.0	195280.5	240382.0	284192.5	309109.5	328592.0	355527.5	376294.0	387648.5	392033.0	396032.0	394868.0	391845.5	388472.5	379587.0	369820.0	364953.5	360636.5	351147.5	340657.5	334665.0	323099.5	299731.0	270577.0	250486.5	230071.0	198566.0	169502.0	151877.5	135982.0	114107.0	96905.5	87021.0	77737.5	65292.5	55010.0	48663.0	43880.5	37235.5	31843.0	28997.0	25925.5	21544.5	17987.5	16266.0	14617.5	12006.5	9434.5	7807.0	6396.5	4476.0	3030.0	2268.0	1716.0	1118.0	731.5	541.0	400.0	252.0	151.5	102.0	80.0	43.5	23.0	23.0
MCW_CT_ROA_254_R2_trim	15.0	13.5	12.0	12.0	12.0	12.0	12.0	12.0	12.0	12.0	12.0	12.5	13.0	15.0	19.0	34.0	54.0	96.5	191.5	370.0	542.5	888.0	1692.5	3069.0	4220.0	6085.5	9957.0	15738.0	20322.5	26163.5	38165.0	54995.0	67080.5	81932.0	111746.0	148630.5	172022.0	196841.5	241078.5	285873.0	311642.0	330538.5	356635.5	376334.0	386836.0	391782.5	396490.5	396040.5	393338.5	389166.0	379297.5	369602.0	365106.0	361325.0	352030.0	341892.5	336427.0	325053.5	300652.5	270681.5	251012.5	230580.0	198958.5	169085.5	150814.0	135665.5	114012.0	96040.0	85907.0	76541.0	63743.5	53276.0	47168.5	41877.0	34740.5	28984.5	25645.5	22407.0	18424.0	15279.5	13392.5	11729.0	9544.0	7634.5	6267.5	5004.5	3478.0	2424.5	1829.0	1385.5	976.5	686.5	509.0	410.0	301.5	201.5	150.0	105.5	62.5	48.0	47.0
MCW_CT_ROA_255_R1_trim	205.0	205.0	205.0	205.0	205.0	205.0	206.5	208.5	209.5	217.5	226.5	257.0	287.5	341.0	498.5	845.0	1103.5	1668.5	2943.0	4965.0	6408.5	8951.0	14303.5	22588.0	28284.5	34760.0	48914.0	67715.0	79710.5	92968.5	120019.5	151424.0	169356.5	188165.0	226209.5	266629.0	288107.0	308706.0	344015.0	368057.0	376951.5	383597.0	388083.5	382118.0	376791.0	367863.5	352320.0	335971.5	326230.0	316018.0	295787.0	278405.5	270494.5	263772.5	250946.0	238712.5	232338.5	222587.5	202843.0	178587.0	162802.5	148082.5	124891.0	104478.5	93305.5	85027.0	72465.0	61972.5	56386.0	51959.0	45505.5	39784.0	36527.5	34203.5	30210.0	26271.0	24160.5	21508.0	17732.5	14572.0	12644.0	10888.5	8376.0	6264.0	5068.5	4086.5	2620.0	1695.5	1331.0	995.0	594.5	375.0	307.5	252.0	181.5	129.0	92.0	87.0	88.0	100.5	110.0
MCW_CT_ROA_255_R2_trim	211.0	206.5	202.0	202.5	203.0	202.5	205.5	209.0	209.0	216.0	246.0	308.0	346.5	405.5	662.0	1216.5	1594.5	2287.5	3936.5	6725.5	8700.5	11499.5	17865.0	26702.0	32183.0	39569.0	54656.0	73655.5	85776.5	98387.0	124482.0	154204.0	170863.5	190225.0	227085.0	265376.0	286553.5	305633.5	337372.5	362694.5	374757.5	378097.0	378885.0	373878.5	370082.0	363792.5	350422.5	335073.0	326471.5	315426.5	296072.0	279905.0	271435.0	264472.5	252460.5	241067.0	234923.5	225553.0	206282.0	182614.5	166901.0	150901.0	127148.5	107377.5	96519.5	87096.0	73839.5	63652.5	57724.5	52799.5	45223.5	38722.0	35288.0	31952.0	27037.0	22611.5	20007.5	17867.0	14355.5	11187.5	9470.5	7984.5	5980.0	4498.0	3644.0	2829.5	1896.0	1358.0	1034.5	820.0	551.5	359.5	321.5	282.5	224.5	169.5	131.5	119.5	104.5	96.0	92.0
MCW_CT_ROA_256_R1_trim	3.0	3.0	3.0	3.0	3.0	3.5	3.5	4.0	5.0	5.0	6.0	10.5	16.0	40.0	93.0	215.5	322.5	528.5	1168.5	2356.0	3176.5	4664.5	8385.0	14346.5	18403.0	24227.0	37179.0	54825.5	66135.0	80067.0	109469.5	148225.0	172831.0	200278.5	255999.0	317998.0	352720.5	387591.0	447590.5	494904.5	516699.5	526623.5	531460.5	523090.5	517436.5	507056.5	484215.5	459778.5	446191.0	431247.0	404562.0	381969.0	371333.0	362016.0	343402.0	325685.0	316568.5	303164.5	274957.0	241395.0	220596.0	199942.5	166506.0	136819.0	120848.0	107465.5	87617.0	71852.0	63454.0	56286.0	45963.0	37814.0	33468.5	30329.0	25811.5	22250.0	20518.0	18492.5	15625.5	13374.5	12175.5	11030.0	9273.0	7414.0	6226.5	5177.0	3494.0	2272.5	1757.0	1384.5	888.0	541.5	385.0	288.0	183.0	103.5	54.5	36.0	22.5	12.0	6.0
MCW_CT_ROA_256_R2_trim	11.0	8.0	4.5	3.5	3.0	3.0	3.5	6.0	8.0	10.5	17.0	24.5	30.5	62.0	145.5	326.0	473.0	776.5	1597.5	3094.0	4140.5	5889.0	10338.5	16958.0	21227.0	27589.0	41502.0	59637.0	70959.0	84935.5	114895.5	152732.0	175822.0	202764.0	256878.5	316449.5	350018.5	384925.5	444029.5	490617.5	512251.5	521750.5	527230.5	519724.0	514311.5	503479.0	481592.5	458777.5	445173.0	431567.5	406692.5	384788.5	374458.5	364895.5	346500.5	328531.5	319082.5	306209.5	278021.5	243600.5	221924.0	200770.0	167381.5	137679.0	121270.5	107793.5	87535.0	71376.0	62881.0	55320.0	44572.0	36383.0	32010.0	28354.5	23196.5	19145.5	17029.0	14925.5	12119.5	9994.0	8878.5	7794.0	6235.0	4928.0	4156.0	3375.0	2311.5	1586.0	1222.0	995.0	669.0	417.5	312.0	252.0	182.5	123.0	89.0	63.0	41.0	27.5	16.0
MCW_CT_ROA_78_R1_trim	56.0	56.0	56.0	56.0	56.0	56.0	56.0	56.0	56.5	59.0	60.5	59.0	60.5	74.0	96.0	147.0	221.0	367.5	656.5	1148.0	1663.0	2534.0	4307.5	7385.0	10074.0	13491.0	20173.0	30218.5	38623.5	48518.5	64876.0	87174.5	105766.0	127021.0	165977.5	209596.5	236113.0	263335.0	314307.0	371065.5	403395.5	424388.0	462466.5	497706.0	512238.5	506576.5	503272.0	506288.0	502134.0	490972.5	471656.5	445332.5	425362.5	416917.0	399802.5	381469.0	374122.5	354408.5	324051.0	296720.5	276995.5	256924.5	229641.0	203652.5	186375.0	171335.0	150199.0	130351.5	116994.0	104954.5	90216.5	77480.5	69097.5	61825.0	52851.5	46036.5	41671.5	36829.5	31815.5	27928.0	25213.0	22956.0	19809.0	16381.5	13909.0	11550.5	8275.5	5637.0	4131.0	3254.0	2174.5	1352.5	955.0	658.5	415.0	268.5	199.5	160.0	103.5	67.5	58.0
MCW_CT_ROA_78_R2_trim	58.0	57.5	56.5	56.0	56.0	56.0	56.0	56.5	57.0	58.0	59.5	59.5	60.0	74.5	101.0	165.0	247.5	396.0	701.0	1252.0	1793.0	2688.5	4578.0	7791.0	10555.5	14341.5	21667.0	31891.5	40107.5	50334.5	66741.5	88326.5	106474.0	127879.5	167158.5	210854.5	237366.5	264736.0	314972.0	370542.0	402848.5	424208.5	462583.0	496794.5	510477.5	505432.0	502204.0	505183.0	501242.5	489492.0	471117.5	446023.5	426150.0	418920.0	403047.5	384309.0	375793.0	355564.5	324324.0	297730.0	279386.5	259671.0	232529.0	206227.0	188739.0	173248.5	150825.0	130557.5	117910.0	105654.0	89794.5	76412.5	68110.5	60223.5	50609.0	43420.0	38522.5	33664.0	28067.5	23376.5	20571.0	18161.0	15024.0	12288.5	10364.0	8547.5	6171.5	4275.5	3183.5	2453.0	1649.5	1078.0	773.0	533.5	358.5	252.5	203.5	162.0	116.0	89.0	72.0
MCW_CT_ROA_79_R1_trim	24.0	24.0	24.0	24.0	24.0	24.0	24.0	24.0	24.0	24.0	24.0	24.0	24.0	24.0	24.0	26.0	32.0	39.0	54.5	111.5	211.0	424.5	861.5	1742.0	3005.5	4576.0	6837.0	10585.0	15406.5	21799.0	31042.0	44627.0	60590.5	79500.0	113469.0	162621.5	202883.5	237943.5	299553.5	379801.5	435429.0	492203.0	592103.0	691601.5	748693.0	782727.5	835511.0	884824.0	898827.5	920694.0	956313.0	967567.0	957625.0	960521.5	962826.0	973603.0	989857.5	970879.0	937856.0	908109.0	881041.5	843931.5	798071.0	747597.0	705355.5	664361.0	612634.5	567399.0	532639.0	497507.5	457447.5	419300.0	390510.0	364678.0	331628.0	301296.5	279894.0	255975.0	228674.5	201870.5	180037.5	160514.0	134745.0	109292.0	91921.5	75569.5	56255.0	40970.5	30385.5	23191.5	16015.0	10556.0	7697.5	5649.5	3556.0	2200.0	1557.0	1077.5	644.0	354.0	215.0
MCW_CT_ROA_79_R2_trim	26.0	25.0	24.0	24.0	24.0	24.0	24.5	25.0	24.5	24.0	24.5	24.5	24.0	24.5	24.5	27.5	35.0	44.0	62.5	117.5	215.0	425.5	858.5	1710.5	2929.0	4484.5	6805.5	10622.5	15461.5	21920.5	31285.0	45092.5	61291.0	80244.5	114197.0	163566.5	203976.0	239686.0	302065.5	383318.0	440291.0	497363.5	597363.5	694078.0	748099.0	784211.0	838556.5	889072.5	906115.0	928112.0	963575.0	977204.5	970013.0	974086.0	976590.0	987288.0	1003127.5	984450.5	949418.0	920150.5	896319.5	859860.5	814376.0	762323.5	717544.5	675588.0	621430.5	573405.5	538169.0	500630.5	456000.5	414305.0	383587.0	354004.5	317499.5	284161.5	259612.5	235198.0	205584.5	177005.0	155861.0	136009.5	111390.0	89153.5	73420.5	59698.0	44483.0	32831.0	24436.0	18220.5	12646.0	8458.0	6118.0	4476.0	2953.5	1941.5	1382.5	1009.5	646.0	351.0	210.0
MCW_CT_ROA_80_R1_trim	29.0	29.0	29.0	29.0	29.0	29.0	29.0	29.0	29.0	29.0	29.0	29.0	29.0	29.5	30.0	32.5	37.5	46.0	68.0	105.0	143.5	250.0	467.0	886.0	1451.5	2236.0	3515.0	5741.5	8633.0	12720.5	18688.0	27269.5	36972.5	49278.5	71000.5	100717.0	124378.0	148658.5	191756.0	249108.5	289923.5	327370.0	398977.0	471255.0	509393.5	533087.5	577140.0	615137.5	622550.0	634837.5	646170.0	640337.5	632963.5	641034.0	637691.0	635855.0	644219.5	619383.5	583960.5	556133.0	531593.0	501848.0	467065.5	430677.5	402882.5	377663.5	341029.5	309721.5	289070.5	268263.0	243890.5	221435.5	205314.0	190577.5	172398.0	156064.5	143846.5	130324.5	114964.0	101285.0	90344.5	79760.0	66754.5	54208.5	45441.5	37385.5	27678.0	20216.0	15146.5	11380.5	7939.5	5309.0	3776.0	2740.0	1781.5	1098.5	699.0	471.5	293.0	184.5	145.0
MCW_CT_ROA_80_R2_trim	30.0	30.5	30.0	29.0	29.0	29.0	29.0	29.0	29.0	29.0	29.0	29.0	29.0	29.5	31.0	38.0	48.5	56.0	69.0	107.0	157.0	272.5	505.5	902.0	1426.5	2286.5	3653.5	5823.0	8607.5	12955.0	19259.0	27866.0	37502.0	49731.5	71602.5	101790.0	125657.0	150518.5	194194.0	253387.0	296311.5	332467.0	402298.5	471426.5	506914.5	534006.0	579218.5	616429.0	625459.0	635950.5	645785.0	641425.0	635625.0	644911.5	641597.5	639411.0	648801.0	623961.0	584736.0	556836.5	535042.5	506853.5	472927.5	436187.5	408037.0	381358.0	344148.0	312283.5	290736.5	268303.0	241992.5	218743.0	202081.0	186437.5	166950.0	149260.0	136297.5	122851.0	106602.0	92144.5	81492.5	70785.5	57926.5	46331.0	38251.0	31302.0	23214.5	16997.0	12780.5	9500.5	6602.0	4516.0	3312.0	2377.5	1572.5	1037.5	740.5	545.0	356.5	204.0	134.0
MCW_CT_ROA_81_R1_trim	6.0	6.0	6.0	6.0	6.0	6.0	6.0	6.0	6.0	6.5	8.5	11.0	13.0	17.5	34.0	78.5	119.5	209.0	459.0	1009.0	1457.5	2215.5	4017.5	7310.0	9888.0	13419.0	21111.0	32261.5	40133.5	50291.5	69621.0	94129.0	111046.0	132146.5	172666.0	215887.0	240678.5	268349.0	317944.0	369277.0	399399.5	422415.0	461408.0	496234.0	512618.0	513500.5	516713.0	521931.0	522527.0	514567.0	496073.5	476216.0	465823.0	462936.5	452499.5	441976.5	438842.5	424209.0	398032.0	369263.5	348966.5	327194.5	293655.5	261643.0	242071.5	225165.0	200381.5	178134.0	164396.5	151609.5	134685.0	120466.0	111515.0	103833.0	92637.5	82426.0	76444.0	70211.5	62092.0	54366.5	49036.0	44562.5	36838.5	28906.0	24356.0	20345.0	14349.5	9671.5	7341.0	5899.5	3783.5	2234.0	1579.0	1159.0	688.0	410.0	269.5	199.5	111.5	48.5	35.0
MCW_CT_ROA_81_R2_trim	11.0	9.5	7.5	6.5	6.0	6.0	6.0	7.0	8.0	7.5	7.5	11.5	15.5	23.0	41.0	93.5	141.5	291.5	636.0	1349.0	1929.5	2743.0	4902.0	8679.0	11434.0	15296.5	23618.0	35195.0	43193.0	53653.5	73139.5	97155.5	113770.0	134859.0	175308.0	218319.5	242867.5	269960.0	318421.5	370038.5	401062.0	423195.5	460334.5	493466.0	509300.5	511611.5	516093.0	520986.5	521291.0	514228.5	498783.5	481962.5	472429.0	469400.5	459479.5	449856.0	446554.5	431312.5	404943.5	375944.5	355033.0	332574.0	299366.0	267583.5	247398.0	229599.0	203280.0	179918.0	165761.0	152970.0	134576.0	118230.0	108493.0	99502.0	86806.5	75205.0	68145.0	62056.5	52679.5	43691.0	38601.5	34062.5	27118.0	20788.0	17002.0	13907.0	9855.0	6783.5	5067.5	3992.0	2638.5	1686.5	1236.0	954.5	634.0	405.5	295.0	220.0	143.5	89.0	57.0
MCW_CT_ROA_83_R1_trim	17.0	17.0	17.0	17.0	17.0	17.0	17.0	17.0	17.0	17.0	18.0	22.0	26.5	33.0	59.0	131.5	195.5	369.5	790.0	1540.5	2139.0	3378.5	6023.0	10756.0	14564.0	19624.5	30416.0	45564.5	56279.5	69232.0	94328.5	126293.0	147775.0	173233.5	220671.5	272990.5	303801.0	334573.5	392055.0	452620.5	486981.5	515705.5	566694.5	614944.5	639233.0	643459.0	654975.0	665616.5	666918.5	662160.5	646950.5	628891.5	619387.0	617150.0	610137.5	604727.0	603573.0	588978.5	560191.5	521699.5	493446.5	466800.5	423427.5	380348.5	355199.0	332187.0	296728.5	264672.5	245449.0	228168.0	204271.0	183698.5	170780.5	159858.0	144111.0	130377.0	122199.0	112938.5	101798.0	90621.0	81586.5	74210.0	62530.0	49912.5	42164.0	35323.0	25792.0	18287.0	13893.5	10936.5	7261.5	4595.0	3338.5	2509.5	1592.0	955.0	659.5	494.5	286.5	153.0	104.0
MCW_CT_ROA_83_R2_trim	22.0	19.5	17.0	17.0	17.0	17.0	17.0	17.0	17.0	17.5	19.0	26.5	34.5	49.5	92.5	196.0	285.5	469.5	945.5	1881.0	2622.5	4010.0	7099.0	12154.0	16018.5	21324.5	32901.0	48716.5	59513.5	72924.0	98269.5	129511.5	150450.5	175268.5	222304.0	274000.5	304013.0	335320.5	392314.0	452768.5	487960.5	515944.5	568579.5	614844.0	634832.0	642501.5	656508.5	668616.5	672008.0	667351.0	654707.0	639339.5	630776.5	629847.0	622483.0	616770.0	617004.5	602314.0	571282.0	533570.5	507797.5	479454.5	434637.0	390297.5	363361.0	338676.5	301168.0	268211.5	248586.0	229731.5	202444.0	178764.5	164559.5	151973.0	133669.5	117365.0	107662.5	97925.5	84158.0	71531.5	63193.5	55561.5	45106.5	35648.0	29531.5	24041.0	17309.5	12433.0	9336.5	7086.5	4804.5	3195.5	2307.5	1699.0	1101.0	736.5	570.5	434.5	274.0	152.5	91.0
MCW_CT_ROA_84_R1_trim	54.0	54.0	54.0	54.0	54.0	54.0	55.0	57.0	58.5	62.0	80.5	112.0	130.0	195.0	315.5	629.0	903.0	1277.5	2305.5	4048.5	5222.5	7271.0	11778.5	18288.0	22810.5	28952.0	41553.5	57176.0	67200.5	79522.5	101514.5	127737.0	145178.5	165047.5	202146.5	240168.0	261549.0	284337.5	323888.0	363254.0	386047.0	404527.5	436721.0	465006.0	478357.0	474636.5	472246.0	472133.0	468597.5	460856.0	442115.5	421213.5	409748.5	402979.5	388409.5	376865.0	373475.0	359620.0	334219.0	305361.5	286128.0	268264.5	240828.5	213977.0	197095.0	183038.0	163061.5	145344.0	133692.5	124003.0	110996.5	99088.5	91101.0	84505.0	75993.5	68854.5	64383.0	59120.0	52412.0	45921.0	41201.5	37237.0	31573.0	25555.0	21387.5	17791.5	12997.5	9295.5	7152.0	5630.0	3885.5	2509.5	1761.0	1330.0	932.5	606.5	398.5	288.5	193.0	120.5	80.0
MCW_CT_ROA_84_R2_trim	54.0	53.5	53.0	53.0	53.0	53.5	56.0	59.5	61.0	68.5	93.5	150.0	192.5	257.5	458.0	862.5	1156.5	1625.0	2877.0	5035.0	6495.0	8585.0	13451.0	20311.5	24868.5	31281.5	44626.0	60636.0	70568.0	82448.0	104197.0	129873.0	146638.0	165505.5	202531.0	240352.0	260523.5	283365.5	322759.5	363558.5	388250.5	404005.5	433321.5	459968.0	471688.5	470739.0	471082.5	471559.5	468105.5	458949.0	440335.0	421099.0	410755.5	406449.5	392652.0	379986.0	376898.0	363197.0	336414.0	308538.5	291597.0	273539.5	245448.0	218052.5	200868.0	185998.5	164664.0	146942.0	135951.0	125204.0	110537.5	98331.0	90803.0	83326.5	73657.0	65406.0	60049.5	54836.0	47614.5	40868.5	36529.0	32338.5	26511.0	21146.0	17465.5	14417.5	10669.5	7983.0	6334.0	4898.5	3356.5	2303.0	1770.5	1358.0	964.0	702.0	561.0	449.5	306.5	187.5	137.0
MCW_CT_ROA_85_R1_trim	1.0	1.0	1.0	1.0	1.0	1.0	1.0	1.0	1.0	1.5	1.5	1.5	2.0	2.5	5.5	14.5	30.0	52.5	95.5	210.5	361.0	643.0	1237.5	2514.5	3911.0	5942.0	9808.0	15760.5	21660.0	29868.5	44109.0	64070.5	82261.0	103567.5	140134.5	187281.0	223082.0	259809.5	321295.0	391792.5	439196.5	484832.5	558887.0	631459.0	674482.0	705751.5	751108.0	789282.5	805896.5	821957.5	841795.0	855274.5	865593.0	881108.0	896455.0	911846.5	924273.0	921904.0	908493.0	880523.0	852934.5	820995.5	774183.0	722364.5	683662.5	647310.5	596908.5	550229.5	518817.0	486265.5	443908.0	404945.5	377550.5	353535.0	321387.0	290604.5	269729.5	247260.5	219757.5	192951.0	172610.0	154094.0	127596.5	101827.0	85286.5	70250.0	51026.5	36278.5	27267.0	21103.5	14168.0	9033.0	6399.0	4720.5	3025.5	1864.5	1274.5	868.0	503.0	279.5	169.0
MCW_CT_ROA_85_R2_trim	9.0	5.5	1.5	1.0	1.0	1.0	1.0	1.0	1.0	1.0	1.0	1.5	2.0	2.5	7.0	18.0	33.0	54.5	103.0	226.5	381.5	689.0	1316.0	2599.0	3994.5	6053.0	10021.0	16241.0	22361.5	30690.0	45111.5	65050.5	83171.0	104680.5	141782.0	189146.0	224720.5	262100.5	323842.0	395265.0	444297.0	489677.0	564030.0	634793.0	675188.0	709581.5	757165.0	796139.5	814820.0	830666.0	851788.0	869345.5	882519.5	898325.5	914234.0	930410.0	942926.5	940479.5	924953.5	897754.0	872527.0	838041.0	788464.0	734796.0	694163.0	656278.5	603572.0	553941.5	520583.0	486215.0	439784.5	397360.5	368716.5	341334.5	304543.0	269710.5	246257.0	223477.5	193342.5	164849.5	145305.5	127362.5	103111.0	80929.5	66411.0	53962.5	39251.5	28305.0	21259.0	16206.0	11090.0	7365.5	5306.0	3988.5	2740.5	1790.5	1300.5	974.0	622.5	354.0	226.0
MCW_CT_ROA_86_R1_trim	11.0	11.5	11.5	11.0	11.0	11.5	11.5	11.0	11.0	12.0	12.0	13.5	16.0	24.5	40.5	94.5	146.0	228.0	467.0	967.5	1342.5	1973.5	3576.0	6254.5	8037.5	10720.0	16876.0	24902.5	29860.5	37216.5	51046.5	67371.0	77669.5	89917.5	114376.0	139873.0	153536.5	168667.5	196706.5	227928.5	246651.0	260603.0	287050.0	308873.5	318646.0	323953.0	327044.5	329007.5	331847.0	330516.0	322293.0	311216.0	306597.5	307132.0	302762.5	298602.5	298368.5	289296.0	273277.0	254579.0	241594.5	228883.5	207672.0	187334.5	175933.0	165263.5	148064.0	132617.0	123535.0	115185.5	103602.5	93455.5	86824.0	81862.0	73893.5	66609.5	62715.0	58168.5	52062.0	46431.0	42466.0	38614.0	32092.0	25652.5	21938.5	18394.5	13249.0	9246.5	7089.5	5609.0	3755.5	2393.5	1729.5	1307.5	770.5	421.0	288.0	200.5	104.0	58.0	42.0
MCW_CT_ROA_86_R2_trim	15.0	13.0	11.5	11.5	11.0	11.0	11.0	12.0	13.0	12.0	13.0	17.5	20.5	32.5	81.0	166.0	221.0	351.0	734.0	1390.0	1823.0	2673.5	4730.5	7986.5	10116.0	13011.0	19727.0	28366.5	33536.0	41177.5	54992.5	70591.5	80531.5	92538.0	116543.5	140986.5	153734.5	168790.0	196618.0	228119.5	247588.0	260233.5	286025.0	307144.0	315041.0	320627.5	325572.5	329534.5	332661.0	331160.5	324246.0	314860.5	311077.5	311678.5	306756.5	302887.5	303303.5	294716.0	278295.0	259170.0	246811.5	234855.5	213617.0	192011.5	179887.5	169353.5	151140.0	134228.0	124944.5	116243.0	103212.0	91952.5	85195.5	78979.0	69527.5	60875.5	55810.5	51011.5	43946.5	37370.5	33342.0	29640.5	23805.0	18652.0	15686.5	12932.0	9256.5	6609.5	5093.5	3966.5	2663.0	1762.0	1359.5	1018.5	656.5	437.5	325.0	248.5	151.0	94.0	76.0
MCW_CT_ROA_87_R1_trim	38.0	38.0	38.0	38.0	38.0	38.5	38.5	38.5	39.0	38.5	40.0	50.0	57.5	67.0	102.5	203.5	286.0	466.5	1003.0	1968.0	2633.0	3618.0	6396.5	11256.0	14563.0	18882.0	29242.5	43123.5	51675.0	63872.0	85866.0	112802.0	131005.5	152542.5	195594.0	239137.0	261828.5	288985.0	340577.0	398910.0	434233.5	456269.5	499455.5	537772.0	553705.5	556035.5	550951.0	552245.5	558523.0	553129.5	532116.5	501659.5	486198.5	483462.5	468689.5	453063.5	448180.0	428110.0	394350.5	360964.0	338291.5	316458.5	282061.5	250513.0	233401.0	217085.5	191478.0	170491.5	159002.0	147825.0	132334.0	119399.0	111270.0	104812.5	94916.0	85759.0	80753.5	74371.5	66204.5	58873.0	53546.0	48876.5	40754.0	32131.0	27052.0	22512.5	15868.0	10839.0	8301.5	6625.0	4303.0	2626.5	1838.0	1328.0	811.5	500.0	343.0	238.0	124.0	80.5	65.0
MCW_CT_ROA_87_R2_trim	40.0	39.0	38.5	38.5	38.0	38.0	38.0	38.0	38.0	41.0	47.0	58.0	66.0	102.0	180.0	355.0	502.0	766.5	1445.0	2626.0	3439.0	4894.0	8352.5	13994.0	17869.5	22623.0	33674.5	48153.0	56972.0	69965.0	91614.5	116747.0	134406.0	156034.5	199298.0	241178.5	262112.0	289312.0	340092.5	397181.0	432124.0	452989.0	498119.0	536708.5	549463.5	552979.0	550505.0	550676.5	554287.5	549058.5	529878.5	503394.5	491097.0	489460.5	474352.0	458900.0	454892.0	434752.0	400234.0	367221.5	345730.5	324494.5	290255.5	257383.5	239479.0	222793.0	196847.0	174883.0	162203.0	149812.5	132061.5	117493.0	109141.5	101235.5	89334.0	78728.5	72575.0	66180.0	56578.5	47744.5	42387.5	37725.5	30347.0	23353.5	19233.5	15794.5	11228.0	7954.0	6217.5	4890.5	3249.0	2117.5	1570.5	1232.5	859.5	575.0	426.0	335.0	226.5	144.5	97.0
MCW_CT_ROA_88_R1_trim	9.0	9.0	9.0	9.0	9.0	9.0	9.0	9.0	9.0	9.5	11.0	13.5	15.0	20.5	45.0	106.0	154.0	239.0	489.0	1038.5	1447.5	2049.5	3627.5	6228.5	7979.0	10366.0	16196.5	23831.5	28330.5	34895.0	47253.0	62012.0	71207.0	81935.5	103563.5	125816.5	137594.0	150418.5	174702.5	202348.5	219130.5	229825.5	251819.0	270839.5	278586.5	282171.5	283405.0	284229.0	286855.5	286024.5	277269.5	265883.5	261523.5	261454.0	256966.0	252031.5	250412.0	242345.5	228563.5	212132.0	200751.5	190748.0	173070.0	155508.0	146091.0	137737.0	123982.0	111443.5	104051.0	97298.0	87969.5	79948.0	74546.0	70345.0	63789.0	57826.0	54674.0	50832.5	45638.5	40736.5	37236.5	33935.5	28396.0	22599.5	19266.0	16249.0	11713.5	8188.5	6347.5	5100.0	3367.0	2104.0	1556.5	1198.0	710.0	400.5	304.0	230.0	130.5	78.5	61.0
MCW_CT_ROA_88_R2_trim	13.0	11.5	9.5	9.0	9.0	9.0	9.0	9.5	10.0	10.0	12.5	17.5	20.0	37.0	82.0	189.5	275.5	416.5	822.0	1539.0	2020.0	2881.5	4891.5	7846.0	9760.5	12585.5	18823.5	26792.5	31674.0	38143.5	50499.5	64968.0	73827.0	83994.5	104933.5	126572.0	137745.5	150466.0	174156.5	201196.5	217926.5	228392.5	250589.0	269436.5	276703.0	281124.0	283145.5	283941.5	286427.0	286424.0	279941.0	270612.5	267129.0	267536.5	263035.5	257896.0	256327.0	248344.5	234113.5	217301.0	206028.5	196375.0	178782.5	160559.0	150632.0	141761.0	126489.5	112844.5	105476.5	97983.0	86901.5	77533.5	71846.0	66502.0	58781.0	51714.0	47349.0	43589.0	37726.5	31772.5	28052.0	24710.0	19901.5	15549.0	12885.5	10706.0	7813.0	5545.0	4201.0	3364.5	2289.5	1480.5	1132.0	891.5	587.5	359.0	275.0	227.0	158.5	94.0	61.0
MCW_CT_ROA_89_R1_trim	11.0	11.0	11.0	11.0	11.0	11.0	13.0	15.5	16.0	19.0	30.5	56.0	73.0	106.0	229.0	501.0	675.5	965.0	1948.0	3627.5	4688.5	6622.5	11134.5	17962.0	22384.0	28420.5	41938.5	58525.5	68214.5	81333.0	106274.5	134961.5	152116.0	171476.5	210132.5	248766.5	268306.0	291132.0	332440.5	378184.0	405948.5	422135.5	457773.5	487189.0	497095.0	497885.5	493403.0	491146.0	493238.5	487352.0	465429.0	439387.0	428237.0	425669.5	414657.5	404201.5	401317.0	384847.5	356393.0	325777.0	306118.5	287344.0	254978.0	226265.0	212029.5	198349.5	175348.5	154338.5	142551.0	133097.5	118668.5	106228.5	98830.0	92552.0	82838.5	74475.0	69992.0	65283.5	58683.5	52224.5	47782.0	43502.5	36312.5	28732.0	24285.5	20293.5	14356.0	9902.0	7614.0	6109.0	4042.0	2560.0	1851.0	1374.0	803.5	460.5	323.0	245.5	141.5	66.0	35.0
MCW_CT_ROA_89_R2_trim	15.0	13.0	11.0	11.5	12.0	11.5	14.5	18.0	18.0	29.5	56.0	90.5	108.5	164.5	357.0	721.5	954.0	1477.5	2670.0	4628.5	5984.5	7973.0	13133.5	20774.5	25421.0	31663.0	45962.5	62837.5	72228.5	85407.0	109722.0	137441.5	154411.0	172789.5	210964.0	248585.5	266411.0	288491.5	328143.0	374407.0	403947.0	418980.5	453859.5	482474.0	491192.0	492861.0	489923.0	489352.0	491948.5	486487.5	468108.0	445126.5	434615.0	432925.5	420906.0	410154.0	408490.5	392849.0	364191.0	333833.5	315472.5	296926.0	264834.5	233993.5	217407.5	204264.5	180922.0	158921.5	147012.0	136463.0	119125.0	104474.0	96778.0	89509.5	78449.0	68355.5	62566.5	57493.0	49307.0	42028.0	37979.5	33298.0	26210.5	20206.0	16811.5	14028.5	10152.5	7182.5	5516.0	4409.5	3018.0	2037.0	1561.5	1184.5	770.0	517.0	391.5	316.0	213.5	116.5	70.0
MCW_CT_ROA_94_R1_trim	18.0	18.0	18.0	18.0	18.0	18.0	20.5	23.5	24.0	24.0	24.5	27.5	30.5	41.5	79.0	153.5	205.0	328.0	658.5	1287.0	1764.0	2696.0	4854.0	8272.5	10571.0	13779.5	21113.5	30619.0	36552.5	44957.0	60768.5	79526.0	91297.0	104660.5	130783.5	158298.0	173343.0	188979.5	218233.5	251214.0	270963.0	283419.0	308005.0	329754.0	339678.0	342751.5	343452.5	345136.5	348009.5	346643.5	337608.0	325390.0	320845.0	320881.0	314326.0	308836.0	309326.0	300869.5	283220.5	263111.0	249685.5	236260.5	213959.5	191826.5	178920.0	167242.0	148502.0	132116.5	122625.5	113305.5	100126.0	89241.5	82733.5	76903.5	68592.0	61419.0	57084.0	52588.5	46768.5	41261.0	37372.5	33701.0	28224.0	22618.0	18949.5	15643.5	11215.0	7872.0	5909.0	4665.5	3151.5	2019.0	1444.0	1040.0	629.5	365.5	238.0	178.0	112.5	58.5	31.0
MCW_CT_ROA_94_R2_trim	19.0	19.5	19.0	18.0	18.0	18.0	18.0	18.0	18.0	19.5	24.0	30.5	34.5	59.0	109.0	234.5	342.5	502.5	1047.5	2019.0	2671.5	3789.5	6450.5	10571.0	13282.0	16937.0	24954.0	35203.5	41580.5	50093.0	65657.5	83865.0	95496.0	108558.0	133460.0	159554.0	174120.0	189781.0	217788.0	249935.0	270257.0	282676.0	307080.0	326555.5	334200.5	338381.5	341449.0	344677.5	347569.0	344807.5	336094.5	326630.5	323448.0	323143.0	316693.0	312149.5	312861.0	304040.0	286021.0	266381.5	253411.0	239588.5	216672.5	194528.0	181897.0	169882.5	150618.0	133639.0	123961.0	114472.0	100212.5	88131.0	81164.0	74600.0	65362.0	57361.5	52445.5	47826.5	41055.5	34926.5	31309.0	27635.0	22260.5	17426.0	14420.5	11825.0	8417.0	5915.0	4502.5	3545.5	2462.0	1625.0	1182.5	918.5	637.5	408.5	301.5	244.0	170.5	108.0	77.0
MCW_CT_ROA_95_R1_trim	20.0	20.0	20.0	20.0	20.0	20.0	20.0	21.0	22.0	24.0	31.5	49.5	62.5	86.5	132.0	236.5	325.0	542.0	1145.5	2148.5	2793.0	3949.5	6739.5	11161.0	13996.0	18217.0	28575.0	41628.0	48975.5	57691.5	75555.5	99045.0	113778.5	131027.0	169260.5	207570.5	225057.0	247366.5	290127.0	337821.0	365783.0	386721.0	428751.5	462989.5	476842.5	480916.0	474915.0	470544.0	473078.0	461298.5	434815.0	402812.5	384239.5	378855.0	366702.0	357486.5	354746.5	334695.0	301530.0	270951.0	253059.0	237982.0	213607.5	190219.5	177486.0	166450.0	148240.5	131908.0	122590.5	113957.0	102009.0	91555.0	84841.5	80263.5	72702.5	65749.0	62186.5	58040.5	52521.5	46729.0	42194.0	38682.5	32682.0	26215.0	22461.5	18900.0	13363.5	9071.5	7008.5	5669.5	3745.0	2333.5	1694.5	1264.0	744.5	457.5	331.0	245.0	144.5	83.0	53.0
MCW_CT_ROA_95_R2_trim	22.0	21.0	20.0	20.0	20.0	20.5	21.0	24.0	27.0	33.5	41.0	71.0	100.5	126.0	250.0	500.0	659.5	921.0	1714.0	2975.5	3739.5	5065.5	8356.0	13426.5	16579.5	21397.5	32094.0	44960.0	52418.0	62157.0	80483.5	102932.0	117208.0	134213.0	171965.0	208709.0	224777.5	246681.0	289475.0	339470.5	369510.0	388062.0	428710.0	458303.5	466428.0	475500.0	476838.5	474511.0	476790.5	462671.0	434744.0	406148.5	390176.5	386446.0	373273.5	361948.0	360041.5	340485.5	306211.5	277494.5	262446.5	246425.0	221745.0	197791.0	183729.5	172580.0	153262.0	135156.5	125237.0	115766.5	100917.5	88470.0	81813.5	75905.5	66280.5	57737.5	53245.0	48707.0	41373.0	34670.5	30882.5	27274.5	21763.5	16731.5	13800.5	11458.0	8097.5	5623.5	4393.0	3451.0	2243.0	1463.0	1117.0	840.5	523.0	357.5	278.0	214.0	138.5	82.0	59.0
MCW_CT_ROA_96_R1_trim	44.0	44.0	44.0	44.0	44.0	44.0	45.0	47.5	49.0	49.0	53.5	67.0	77.5	98.5	171.0	319.5	427.0	611.0	1154.0	2123.5	2762.5	3857.5	6447.5	10762.5	13767.0	17418.5	26109.0	38071.0	45636.0	53962.0	70522.5	91329.5	104554.0	120789.5	154663.0	188651.0	205599.0	226586.0	266338.0	308902.5	333936.5	352583.0	384802.5	410834.5	423393.0	427696.5	423487.5	418774.0	420008.5	413421.0	395865.0	373689.0	359772.5	354402.0	343304.0	334501.5	331975.0	316706.0	291162.0	266080.0	249220.0	234860.5	212373.0	190066.5	176553.0	164604.5	147082.5	131763.0	122071.5	112600.5	100594.5	90602.5	84176.0	79025.5	71292.5	64299.5	60274.5	55529.0	49368.5	43828.5	39946.5	36306.5	30347.5	24224.5	20692.5	17228.0	12147.5	8363.5	6465.5	5014.5	3259.0	2115.5	1549.5	1131.5	663.0	386.0	266.0	182.5	104.0	72.5	63.0
MCW_CT_ROA_96_R2_trim	45.0	44.5	44.0	44.0	44.0	44.0	45.5	50.5	54.0	54.0	59.5	89.5	116.5	149.5	256.5	505.5	679.5	924.5	1629.0	2850.5	3654.0	5002.0	8177.5	12684.0	15546.0	20077.5	30124.0	42043.0	49008.0	57927.5	73624.0	93578.5	107617.0	122855.5	155607.0	188993.5	205262.0	226395.0	265188.0	308621.5	335729.0	352078.5	383070.5	407357.5	416877.0	422995.5	421193.5	418637.0	421335.5	413518.0	395415.0	375242.0	363592.0	359412.5	348034.0	338650.5	336448.5	322460.0	296352.5	271369.5	256331.0	241886.5	219453.5	196595.5	182286.5	169065.5	150698.5	134584.0	123957.5	114448.0	100938.0	89362.5	82586.0	76127.0	67173.5	58803.0	53280.5	48442.5	41502.5	35307.0	31597.0	27798.0	22341.5	17243.5	14090.5	11685.0	8416.0	5884.5	4442.5	3426.0	2335.5	1562.0	1162.0	861.5	546.0	344.0	259.0	213.0	148.5	94.5	74.0
MCW_CT_ROA_97_R1_trim	19.0	19.0	19.0	19.0	19.0	19.0	19.0	19.5	20.0	20.5	21.5	26.5	31.0	41.5	72.0	149.5	212.0	315.0	629.5	1204.5	1575.0	2225.0	3840.0	6632.5	8554.5	11172.0	17372.5	25536.5	30361.5	36084.0	48522.0	64704.5	74583.5	86728.5	112639.0	139972.5	153396.5	168415.0	199761.5	235564.5	255701.0	271626.5	303384.5	330526.5	342587.0	346552.5	345004.0	343677.5	346033.0	339573.0	322369.0	300653.5	288832.5	285085.5	275153.0	268781.5	267857.5	253767.5	230853.5	209472.5	196287.5	185030.0	166589.5	149196.0	140171.0	131718.5	117269.0	104685.0	97935.5	91251.0	81298.5	73036.0	68052.5	63919.5	57395.5	51547.5	48415.5	44860.0	40213.5	35638.5	32197.0	29407.5	24636.5	19696.0	16862.0	14102.5	10034.5	6929.0	5329.0	4238.5	2728.5	1662.5	1221.5	917.5	560.5	341.0	238.0	157.0	79.5	48.0	37.0
MCW_CT_ROA_97_R2_trim	19.0	20.0	20.0	19.0	19.0	19.0	19.0	19.5	20.0	21.0	22.0	36.0	50.5	65.0	117.5	231.5	308.5	453.5	877.0	1635.5	2133.0	2764.5	4655.0	7703.0	9561.5	12632.5	19519.0	27928.0	32788.5	39171.0	51360.0	66274.0	75801.5	87425.5	113679.5	140836.0	153223.0	168437.0	198388.5	234773.5	257106.0	272217.5	302198.0	325938.0	335841.5	341091.0	342179.0	343614.5	346795.0	338234.5	319986.0	300275.5	290195.5	288808.5	279263.5	271681.0	271037.0	257792.0	234520.5	213581.5	202023.0	191145.5	172903.0	155210.5	145802.5	137109.0	121981.0	108005.0	100439.0	93216.0	81960.5	72785.0	67645.5	62476.5	54488.5	47706.5	44116.0	40306.5	34776.0	29510.5	26139.5	23081.5	18616.0	14563.0	12012.0	9837.0	6983.0	5006.0	3864.5	3076.5	2106.0	1412.0	1117.5	890.0	593.5	382.0	293.5	232.0	154.5	87.5	56.0
MCW_CT_ROA_99_R1_trim	100.0	100.5	100.5	100.0	100.5	101.5	102.5	103.0	103.5	103.0	105.0	116.5	125.5	142.5	186.0	294.0	381.0	552.5	1001.0	1893.5	2565.5	3524.0	5982.5	10100.5	12880.0	16586.0	25212.0	37099.5	44696.0	53524.5	71383.5	93614.5	107408.5	123866.0	158791.0	193608.5	210034.0	229593.5	266735.0	306500.5	329261.0	345735.5	376399.0	400906.5	411491.0	413690.0	407448.5	400670.0	399910.0	390783.0	371003.5	348622.0	335332.5	329392.0	318262.5	309714.0	306533.0	292172.5	266921.5	242543.0	227502.0	213542.5	192269.0	172668.0	161922.5	151744.5	135778.0	122658.0	115324.0	107941.0	98169.0	89886.5	84314.5	80397.0	73924.0	67880.0	64602.0	60120.5	54321.5	48128.0	43519.0	39749.5	33228.0	26453.5	22567.0	18770.0	13169.5	9069.0	6969.0	5533.5	3571.5	2231.5	1635.0	1225.5	740.0	445.0	312.5	241.5	156.0	102.0	80.0
MCW_CT_ROA_99_R2_trim	101.0	99.0	97.0	97.0	97.5	98.5	98.5	98.0	98.0	104.5	111.0	124.0	138.0	178.0	267.0	456.0	606.0	878.0	1570.5	2765.0	3580.5	4787.5	7938.5	12784.0	15872.5	20574.0	30256.0	42054.5	49479.5	58771.5	76508.0	97527.0	110773.0	126309.0	160514.5	194610.0	209994.0	229512.0	266085.0	305224.0	327888.0	342646.5	373026.0	395788.5	403323.5	408926.5	407154.5	400967.0	399632.0	390619.5	372304.0	351910.5	339439.5	335169.5	323605.0	314625.5	313044.0	298965.0	274000.0	250543.5	236446.0	222069.5	200292.5	179630.5	167641.0	157421.0	141080.0	126552.5	118204.0	110255.0	98199.0	88089.5	82410.5	76999.5	68704.0	60836.0	56130.5	51438.0	44076.5	37032.5	32917.5	29063.5	23046.5	17861.5	15022.0	12452.0	8836.0	6124.5	4627.5	3608.0	2414.0	1619.0	1238.5	935.5	621.5	430.0	330.0	264.5	190.5	132.5	97.0
