Sample	0.0	1.0	2.0	3.0	4.0	5.0	6.0	7.0	8.0	9.0	10.0	11.0	12.0	13.0	14.0	15.0	16.0	17.0	18.0	19.0	20.0	21.0	22.0	23.0	24.0	25.0	26.0	27.0	28.0	29.0	30.0	31.0	32.0	33.0	34.0	35.0	36.0	37.0	38.0	39.0	40.0	41.0	42.0	43.0	44.0	45.0	46.0	47.0	48.0	49.0	50.0	51.0	52.0	53.0	54.0	55.0	56.0	57.0	58.0	59.0	60.0	61.0	62.0	63.0	64.0	65.0	66.0	67.0	68.0	69.0	70.0	71.0	72.0	73.0	74.0	75.0	76.0	77.0	78.0	79.0	80.0	81.0	82.0	83.0	84.0	85.0	86.0	87.0	88.0	89.0	90.0	91.0	92.0	93.0	94.0	95.0	96.0	97.0	98.0	99.0	100.0
MCW_CT_ROA_082_R1_trim	0.00013291607069446145	0.00013682536689135736	0.0001407346630882533	0.00013682536689135736	0.00013291607069446145	0.00013291607069446145	0.00013291607069446145	0.00013682536689135736	0.0001407346630882533	0.00013682536689135736	0.00013682536689135736	0.00016028114407273293	0.0001876462174510044	0.0002384670680106514	0.00039874821208338437	0.0007896778317729768	0.0011845167476594652	0.0022439360170182607	0.004968715466254721	0.009726328937877062	0.013533983433653692	0.020770090694108047	0.036806023693775135	0.06278329692214855	0.08142282118894832	0.1081076770289599	0.16680185012915533	0.2463794835131688	0.29831839278512806	0.3649327999802346	0.49161745253684397	0.6481613094453444	0.7536028464680213	0.8825431629302395	1.134720132703405	1.3993873038256528	1.5412634814033999	1.7000473650327215	1.994632379949814	2.299303379054898	2.472575114389916	2.612050984102769	2.871937085976213	3.110196961288429	3.2215415355684187	3.222503222432855	3.248351488886731	3.289363915288366	3.2895281057286354	3.2508925314147135	3.154704298490089	3.0394934302713694	2.9746382063648658	2.958743008028287	2.910674301991255	2.8641575865443905	2.849998115719233	2.772476772134787	2.6142753736388027	2.42745792698154	2.311742759553421	2.204686683201426	2.0087801228863804	1.8079556679556397	1.698417188518616	1.5916699465661759	1.4312832514961267	1.2951302835506355	1.2106777578090928	1.135435533907437	1.019102697680208	0.9289074158254254	0.8835752171262201	0.8434853846270524	0.778180591657906	0.718645919875378	0.6892519217709174	0.6434310610471003	0.5746000829083537	0.5018207156107424	0.4532789847338856	0.40933458618457846	0.335769450351391	0.2626460649884527	0.22017156180917852	0.183115343158802	0.12937424834007374	0.08897949073754814	0.06866678769847692	0.05351826493550521	0.03437444145930586	0.02125875271872004	0.014714590885116263	0.010598101989784853	0.006067227697582475	0.003565278131569083	0.0024276729382723696	0.0016731787722714558	0.0008600451633171036	0.0004456597664461354	0.00028928791857029844
MCW_CT_ROA_082_R2_trim	0.00021872507730271514	0.00017576122283253896	0.00012889156341052858	0.00012889156341052858	0.00013279736836236278	0.00013279736836236278	0.00012889156341052858	0.00012889156341052858	0.00013279736836236278	0.00012889156341052858	0.00014060897826603116	0.00019138444263987574	0.00023825410206188615	0.0003437108357614095	0.0005507184982086221	0.0011483066558392546	0.0017693296431808925	0.002937165323779318	0.005886048062414138	0.011873647053575966	0.016755903243368717	0.02508307940067923	0.043487232333721974	0.07244877605157256	0.0927120921416884	0.1216892590793463	0.18474066841680578	0.2675906030551128	0.32106888445562665	0.387186350680276	0.513148560376929	0.6683066620885425	0.7727674155253481	0.8982492112129256	1.142432325191696	1.4021097674143925	1.5426718760210019	1.6974745494819987	1.9871876317843002	2.2936605231349225	2.4716324315701996	2.6134912674208177	2.8775900808489907	3.1002404921282993	3.19544839363421	3.2175279090269284	3.2628469638830606	3.3200279483779136	3.335717566869431	3.3038227636327537	3.2270229208648376	3.125823514562813	3.06267836590651	3.0532849049973483	3.011758386749447	2.9618617284897653	2.9459807255556076	2.8692511872768245	2.710546614668946	2.528789981235341	2.416419972771071	2.2918911934917414	2.0799700284151217	1.8747160723912824	1.7561084934189335	1.6425433086394023	1.4683717484222598	1.314518185564559	1.224012873220657	1.136257247562846	1.006600146381758	0.8948785015394926	0.826456610393261	0.762760743238749	0.6724936849969088	0.5911748258997207	0.5415359507668599	0.49452568236658345	0.42438133123659305	0.35720148606504487	0.3154796775695519	0.2767106576176457	0.22141617691452892	0.17392158870022506	0.14478818956449377	0.1181701288177437	0.083416276356323	0.05941510492730184	0.04624082482476508	0.03575373852909026	0.02373557669229643	0.015455270194407927	0.011424479484115032	0.008616205723746244	0.005479844347423382	0.003511318651698945	0.002593454488017908	0.0019450908660134313	0.0011912705103094307	0.0007303855259929952	0.0005546243031604564
MCW_CT_ROA_090_R1_trim	0.00017761593488971973	0.00017761593488971973	0.00017761593488971973	0.00017761593488971973	0.00017761593488971973	0.00017761593488971973	0.00017761593488971973	0.00018395936113578117	0.0001924172627971964	0.00019664621362790402	0.00021779096778144208	0.00027699627941134866	0.00033408711562590143	0.000524389903007744	0.0009642007894013358	0.0019241726279719637	0.0026938416791607495	0.00433256012605995	0.008362750267724305	0.016186309304533388	0.02195882718844928	0.031799595771505894	0.05648609624576159	0.0944599602301006	0.11931350426216923	0.15364835605668437	0.23160906462077918	0.3361064396475643	0.40166574990060905	0.4886679553407568	0.6505796813206438	0.8396751032403194	0.9588680824038135	1.1002165349693849	1.3840256541690032	1.6711164392132511	1.819747145109301	1.9835259528809452	2.292406407080414	2.6333253927733233	2.836674493467899	2.976754260784258	3.2364456733963514	3.4442838053977227	3.5331277189246437	3.5461634598603	3.495411820940978	3.46796381557427	3.4843108250103705	3.440046396665354	3.2918808753606816	3.10806741302856	3.0197140577980015	2.985081064969921	2.8902849031487796	2.794091073078089	2.7510424680969003	2.6372604315212973	2.425081281492204	2.199845245773301	2.0605140027539774	1.920690086962876	1.7069969725363898	1.5125350120125463	1.4002880845884893	1.3055997610135306	1.1562332176729377	1.0298911971301326	0.9590160956828883	0.8981065168682065	0.8020903027324056	0.7180610497262452	0.674318896808821	0.6311307364502196	0.5730418678396197	0.5188690076982553	0.4802354273843258	0.4486134475477096	0.3998198128630053	0.34871294207390374	0.31729606635257684	0.28291892504975463	0.22881584259709684	0.17736854126612334	0.14825010032128608	0.12461237965304588	0.08927949546248377	0.06202390735857321	0.04735579140226385	0.03726762919561084	0.024098676308787332	0.01470829098920108	0.010642154765475708	0.008005403922529512	0.0046899064712547425	0.002579660006731644	0.001803647529296797	0.0013257760854268367	0.0007929282807576775	0.0005603359850687587	0.0004736424930392527
MCW_CT_ROA_090_R2_trim	0.00029583481277153543	0.000255685802466827	0.0002007450515235419	0.0001859533108849651	0.0001859533108849651	0.0001880664166904761	0.00018384020507945415	0.0001880664166904761	0.0002007450515235419	0.00021553679216211865	0.00027892996632744767	0.00043318669012974833	0.0005472944036273405	0.0008494685338154088	0.0016482225282985544	0.003294331950791598	0.0045178202121824475	0.007167654892293201	0.013821825073847237	0.024905065023752258	0.032429834797176815	0.04519510696826857	0.07560692572118241	0.12115069514736028	0.15051018720912968	0.188529186861883	0.27452414072295733	0.38264331236773147	0.4474332494705032	0.5385313538518866	0.7055956119413892	0.8879038153118478	0.9994736887370215	1.1331339702530066	1.4106418163733454	1.6834015137487013	1.8160876534883457	1.988527652747068	2.2870207526219364	2.6165131146636504	2.8287386700285335	2.9606873358420547	3.217919931758516	3.4141175795885985	3.4839176905562366	3.5028468923620033	3.476986703514161	3.457765893107233	3.4632177060854508	3.41888052007422	3.279962831314123	3.1173170774639445	3.0439796273778805	3.022278030755283	2.9174658696961333	2.815846611509111	2.7869477765129433	2.663307842726691	2.450110258691273	2.236587256361806	2.1001609193464073	1.9651186666336178	1.7469003432043055	1.5489509306614546	1.4428413226377215	1.3398295277248673	1.1798822099883257	1.0436376000722007	0.9655562274527648	0.897102164883237	0.7928901258728527	0.699615522511793	0.6469252292513771	0.5989070129269459	0.5278115681005293	0.4636111875174952	0.4240601861557464	0.3859820195404388	0.3295240586287968	0.2779029969059693	0.24731579037119808	0.21711950841044636	0.17251607106772088	0.1345034107323841	0.11268981950209438	0.09243358725046624	0.0656034828378935	0.04681163290948446	0.03591645937626991	0.028324070217069005	0.019605395663530756	0.012906850260060988	0.009464600902883622	0.007391644107677363	0.0051390733190026724	0.0035711488113135343	0.00284001420260674	0.0022420052596471363	0.0014495905825805235	0.0009403320834523804	0.000705777339040663
MCW_CT_ROA_091_R1_trim	1.5015741001291652e-05	1.5015741001291652e-05	1.5015741001291652e-05	1.5015741001291652e-05	1.5015741001291652e-05	1.5015741001291652e-05	1.5015741001291652e-05	1.5015741001291652e-05	1.5015741001291652e-05	1.8769676251614568e-05	2.6277546752260395e-05	3.0031482002583304e-05	3.0031482002583304e-05	7.507870500645827e-05	0.00019895856826711444	0.0005593363522981141	0.0008784208485755618	0.0014903122943781967	0.0034386046892957885	0.0075191323063967955	0.010413416384395762	0.015263500727812965	0.027782874787639883	0.050400334670835434	0.06642963818971429	0.08902832839665822	0.14208269528947196	0.21476263567097387	0.25999755543736497	0.32597296746179016	0.45127932611756905	0.603430075748407	0.6977589607185212	0.8120362576088512	1.0463831734807598	1.2911322439313133	1.4186046232265284	1.560300663185217	1.8396384930322456	2.1564143191307448	2.3412618447918954	2.4770341749255746	2.737106809067946	2.9618699282457803	3.062178832069659	3.1150830415524595	3.154536901033353	3.205462786639234	3.2631532635661964	3.2390980464821273	3.1511020502793077	3.0575952771290145	3.027481208550924	3.042748463213987	3.0178974118568496	2.986034009452109	2.986247983761377	2.919521784686887	2.7664325512434687	2.5772116910156915	2.460907269090187	2.338574027152664	2.117542319613651	1.9017360899430873	1.7905220042170207	1.6907686828101898	1.5162482330226776	1.358147496020078	1.2725727880537168	1.2009514574128057	1.0765798286343573	0.9714358562080629	0.9207014212999487	0.865878950904233	0.7879547629780298	0.7176285399984804	0.6722810021745796	0.6404025840288374	0.5785527468445171	0.5097506215765988	0.4724815524113929	0.4258351529908803	0.35198398481127763	0.2804339789401229	0.23654296799334742	0.19760715157699815	0.1380134294781219	0.0937282553300625	0.07220694453996124	0.05680454820788632	0.03647323489213743	0.022767617293208472	0.015999272036876257	0.01168600043425523	0.006809638544085765	0.00369762622156807	0.002252361150193748	0.0015954224813872382	0.0008033421435691035	0.0003603777840309997	0.00021022037401808316
MCW_CT_ROA_091_R2_trim	0.00012751860974710998	8.626258894657439e-05	3.0004378764025877e-05	2.250328407301941e-05	3.0004378764025877e-05	2.625383141852264e-05	1.875273672751617e-05	2.625383141852264e-05	3.750547345503234e-05	3.375492610952911e-05	4.1256020800535576e-05	6.750985221905822e-05	8.251204160107115e-05	0.0001537724411656326	0.00047631951287891073	0.0011476674877239897	0.0016164859059118939	0.00252786891086918	0.0053145255885780835	0.01115412780552662	0.01521597058070662	0.02153564285787957	0.0386043838272648	0.0669172657384687	0.08567000246598487	0.11082117296492956	0.1708074272089083	0.2492276216560354	0.2954718704260903	0.3650820291586303	0.49553356692992384	0.6475920079586615	0.7411906675130402	0.852885718009472	1.0796588127079796	1.3149531509754704	1.4368159353255616	1.5847637764636275	1.8563146559200983	2.1636682603367428	2.354233570961762	2.4821872442009507	2.7485886221520452	2.971933716576763	3.0570448874882676	3.1109177495590763	3.168687430321863	3.226577128599705	3.272510081940083	3.253134754353213	3.183175794717542	3.1129918022411394	3.0936802339591436	3.1089262089186143	3.0774703683318783	3.04695966567621	3.0564297977236055	2.988732418137272	2.836358931131512	2.646176176335734	2.5256710901247152	2.4052110104818425	2.184461294820213	1.961525010056155	1.84298521065418	1.735978344339627	1.5519914937586203	1.3778985870750513	1.2799117871264336	1.1913313599203383	1.0503182808241078	0.9291080917121343	0.861515727451475	0.8008431230432692	0.7053241832479928	0.6187352966823596	0.5691418091327703	0.5214310963506237	0.44654766805030605	0.3755498067999299	0.3332586349320354	0.2954456165946718	0.23883860550899144	0.18656347660736738	0.15389995977537974	0.12665973440498973	0.08994187589251307	0.06263039012255851	0.047271898742722765	0.037295442803684166	0.025136168309562675	0.016483655583486714	0.012054259168447396	0.009151335523027892	0.0060046263001506785	0.0037768011769217565	0.0026816413520348126	0.0021828185550828824	0.0013989541598727064	0.0007913654899011825	0.0005850853858985045
MCW_CT_ROA_093_R1_trim	0.00014504883547047958	0.00014504883547047958	0.00014504883547047958	0.00014504883547047958	0.00014504883547047958	0.00014504883547047958	0.00014504883547047958	0.00014504883547047958	0.00014504883547047958	0.00015164196435550137	0.00015823509324052316	0.00018790417322312128	0.00022416638209074116	0.000263725155400872	0.00033295300869360083	0.0006098644218645164	0.0008768861417078992	0.0014241158391647085	0.0030394324159950495	0.006764550236032367	0.009589705963264207	0.01429390342272726	0.02606593504693368	0.04720020968787106	0.061958928696992356	0.0823251038228247	0.13151314186952984	0.2003783730735825	0.24276230211094518	0.3047146376790525	0.4246469486620415	0.5691254784839667	0.6593623369688175	0.7667808893280352	0.9883067233003251	1.226440648933985	1.3535627669660903	1.4983248013300714	1.7762977082514755	2.093173372158951	2.283332395460749	2.424619850902324	2.6985973217194053	2.9385443577964456	3.047591412990264	3.088178714406458	3.124932111376012	3.175468444279704	3.2236213610914612	3.214750306176664	3.1277440808454737	3.024053942870736	2.9964979606957876	3.005500878188285	2.9585578005269295	2.916496934804933	2.9209275174156675	2.843702198785407	2.685615450944797	2.5117612353756575	2.401636203609138	2.285277368481831	2.0866791402072042	1.9061427885130946	1.8145873042512397	1.7204967619330935	1.5601518674493635	1.4210368479754034	1.3459509996683325	1.2798515860315467	1.1688826337677447	1.0719768254156943	1.0188625791179586	0.9656692152736028	0.8922975804766377	0.8209994847140121	0.7725960290046244	0.7284814036349436	0.6560558828329791	0.5828227037425995	0.5380092067111064	0.48368841782741173	0.4028764370836995	0.32273036235737457	0.2706907960678975	0.22615091388513273	0.16069762687907882	0.11096235913491688	0.08551288163873273	0.06840041561765865	0.045340947342294914	0.027829597023677013	0.0195387374507621	0.014092812991734096	0.00835349429732262	0.004717383717233097	0.002983390820472364	0.0021493600165171066	0.0012098391504015002	0.0005768987774394075	0.00037580834644624256
MCW_CT_ROA_093_R2_trim	0.00022424792850976038	0.0002176524012006498	0.0001846747646550968	0.0001516971281095438	0.00014510160080043319	0.0001483993644549885	0.0001549948917640991	0.0001582926554186544	0.0001582926554186544	0.0001582926554186544	0.00016818594638232028	0.0001813770010005415	0.0001879725283096521	0.0002539278014007581	0.00047158020260140785	0.0010420933148394746	0.0014806958808953295	0.002301839030879599	0.00489717902701462	0.0098932909636659	0.013237223309384974	0.019011607468511302	0.03363059374915495	0.05757235788122643	0.07330928604076432	0.09583630956503157	0.14947773317002808	0.22230554571722733	0.266386752487668	0.32705900820417644	0.447737371378973	0.5909262692597642	0.6778553191938419	0.7842543657444141	1.0033874628259591	1.2349992975763415	1.3570528281950878	1.5108638228072016	1.795563056868615	2.1061068646907786	2.2924865731552804	2.436242686384655	2.7238109748255317	2.949463750652133	3.033236840768801	3.1057216858959267	3.1691409787366793	3.212598908176409	3.2594865118168768	3.252782158307166	3.1885087446798828	3.10410248394154	3.0742544251041597	3.089100957076968	3.0488088807456113	3.005057450340626	3.008905940525492	2.9343072288957965	2.7689507637290847	2.587850774875526	2.4794433902593296	2.3645657933528956	2.1607079375192506	1.9678349324189295	1.8699012451696009	1.763736339838502	1.5927538898771187	1.446425520997191	1.3611882238179	1.2740382237189671	1.1435885868357232	1.0318339721101533	0.9627194414379833	0.8993595083430123	0.801659962313157	0.7088411064920435	0.6539300438800433	0.6005656324220293	0.5166342496499424	0.43628094044304794	0.38740478531888384	0.3430531619287696	0.2800922582359998	0.2190011865353629	0.17759446608876656	0.14555998994841637	0.10467761392289433	0.07482955508551431	0.05759873999046287	0.04484628793829752	0.0303954876040362	0.01992508800082312	0.014272721096915337	0.010585821331122514	0.006757117728183809	0.004372834605940327	0.0033835055095737376	0.0026678907965352375	0.001714837100368756	0.0008376319682570462	0.00044849585701952076
MCW_CT_ROA_100_R1_trim	0.0003285720685046477	0.00033222286926581045	0.00033222286926581045	0.0003285720685046477	0.0003285720685046477	0.0003285720685046477	0.0003431752715492987	0.0003614292753551125	0.0003650800761162752	0.00037238167763860075	0.00043809609133953025	0.0006133345278753424	0.0007557157575606898	0.0008907953857237115	0.0013580978831525439	0.002792862582289506	0.003924610818249959	0.005257153096074363	0.009280335534875716	0.016921461527989356	0.02209464620655698	0.030663075593005955	0.05245835613714759	0.08594715151929352	0.10739560599112467	0.13858804769449923	0.20845342186087082	0.29690867350308314	0.3505498890868475	0.41458493443764216	0.5416254993245836	0.70758360032552	0.8144096813979034	0.9455062859304966	1.224945877791416	1.5179080356716823	1.6617276808569277	1.821154499296144	2.142600204715002	2.5230391996334887	2.7482899557964693	2.898932947604328	3.2313128013028685	3.5167178016075282	3.628925163001865	3.6644182480018896	3.626833254165719	3.620623242070981	3.6606469708156086	3.5679750442942524	3.3784108655716385	3.1603010756974923	3.027930341699253	2.9887572495319765	2.876469570520894	2.789806862052412	2.775079531781882	2.627645593843085	2.386955601261147	2.164924851369512	2.025015213799472	1.9005156062422996	1.7127074626858043	1.5387102984087875	1.4466918652236804	1.366983932205214	1.223554922701413	1.0900706944710192	1.0144005470943989	0.9481786720876677	0.8509322922125754	0.7672486371652029	0.7169442534771413	0.6704732105883006	0.6006370428280183	0.5422753418600706	0.5115721074586919	0.4736329859486885	0.42482177977194246	0.37792359319404584	0.3424670162016331	0.31004425464174673	0.2586300275222917	0.20659881507420016	0.17546843698376535	0.1476858431913168	0.10558845961434911	0.0723150614771118	0.055236615516392445	0.043776751927102564	0.028129419864759003	0.01745447843911912	0.012989549108217074	0.009827955649050129	0.006042075259724355	0.0036142927535511246	0.002373020494755789	0.001752384365358121	0.0009930178070362687	0.00054396931341325	0.00042349288829487925
MCW_CT_ROA_100_R2_trim	0.0003356643887338042	0.00032836733680480847	0.00032836733680480847	0.00032836733680480847	0.0003210702848758128	0.0003210702848758128	0.0003356643887338042	0.00037214964837878296	0.0003940408041657702	0.0004232290118817532	0.0005399818427456851	0.0008172698160475233	0.001025235796023902	0.0013645487107222041	0.0022110067344857103	0.0040608093984861315	0.0054326551611373316	0.007771360304380468	0.013871695717020911	0.023131654614916508	0.02908604898897704	0.03979082416881379	0.0637798823853873	0.10143267033900535	0.12669506411718862	0.1597798975632553	0.23410401998604147	0.3269261690488318	0.38274861630564927	0.4539313578730028	0.5832351180548073	0.738914072433967	0.8402372869940375	0.967928398699534	1.2491969138286394	1.5227232568610805	1.6420154617963028	1.8073009850399855	2.1265834921931943	2.512400518834986	2.74986483123433	2.8919566749217	3.217959766901514	3.472229189893335	3.5529966091694245	3.617608355474717	3.615565180934598	3.615944627634906	3.6543234722554594	3.5524347361708917	3.3637366218130267	3.1649685757931465	3.048992880959653	3.0221251357570904	2.9057809398011822	2.810444956348853	2.798984936294365	2.660180414501008	2.4171156147461597	2.2058404217199814	2.086442409531789	1.9653624268739622	1.7791307160680976	1.6057162769755133	1.513933957812605	1.4241948131898154	1.2647688226451164	1.1201157137306692	1.0411798544887578	0.9698584689347534	0.859060032444882	0.7596924278017825	0.700360098567118	0.6459934131701353	0.5690095153192302	0.4992241591962794	0.4568903124302105	0.4174424497020595	0.35893833586133617	0.30490001780115816	0.2712533113565588	0.24015692456114346	0.1931055337229789	0.1495421337068743	0.12383461976102228	0.10214413290208244	0.07360536280778007	0.05202433172777516	0.03924719380010361	0.03074247977685907	0.020632414329235467	0.013740348782298987	0.010507754777753871	0.008238371627836196	0.0054581948428888164	0.0036047436529238973	0.0028640928821308297	0.0023861359807816084	0.0016418366840240425	0.0009157800170889658	0.0005618729985326724
MCW_CT_ROA_101_R1_trim	0.0001672439369891743	0.0001672439369891743	0.0001672439369891743	0.0001672439369891743	0.0001672439369891743	0.0001672439369891743	0.0001672439369891743	0.0001672439369891743	0.00017321693473878766	0.00017321693473878766	0.00019710892573724116	0.0002807308942318283	0.00034046087172796195	0.0005017318109675229	0.0009915176264358192	0.001935251270874731	0.0025743620300833613	0.004318477372970465	0.009084929577161933	0.01782342528484629	0.023850180014206177	0.03381314026056128	0.05952092257489721	0.10060917409448758	0.12672909325354684	0.1620593749425099	0.2449884756981419	0.35940722058973557	0.4294525651994515	0.5074360238184037	0.6748472047445672	0.877660343332689	0.9932916067674543	1.129027980627418	1.4147582739756728	1.6999569705242117	1.8357291823706732	1.974105621235966	2.2570226326441527	2.5665732410178657	2.7396826617971604	2.8652291014962836	3.1016284064304815	3.2982236543612564	3.384730580768906	3.410330849123749	3.3937856453573203	3.3558690556427746	3.34806832058178	3.2918564387601683	3.160420623279926	3.009990674955913	2.928023226837969	2.8978476422069224	2.8293552770121058	2.7770437627209916	2.7583423067669526	2.6572791848434942	2.4677798582392607	2.2668243219512685	2.1440851911944634	2.016699068188459	1.805643192705871	1.6122255795778906	1.5066468713557248	1.404419014871092	1.2498796440953452	1.1119750720522719	1.0262028243678238	0.9533740628067882	0.8498859037969869	0.7601834235932933	0.7045987065353914	0.6672077406228116	0.6039596674521557	0.5430888473858458	0.5112527693804065	0.4744411842495394	0.4266631752503821	0.3771589699015865	0.33927821817353854	0.31099010083136963	0.2613843545208306	0.20770502374505528	0.1771650862512821	0.14787350528717816	0.1038405658770284	0.0710846462181487	0.05451555046072121	0.043352017666693825	0.02810295441193089	0.01695136761340274	0.012244645386707404	0.009323849487146466	0.005602671889137339	0.003088039836550111	0.0020248462371189315	0.0014992224351529553	0.0008481656804450982	0.00041213684472332244	0.0002389199099845347
MCW_CT_ROA_101_R2_trim	0.00017905869203713463	0.00017309006896923013	0.00016712144590132566	0.00016712144590132566	0.00016712144590132566	0.00016712144590132566	0.00016712144590132566	0.0001969645612408481	0.00022680767658037054	0.0002506821688519885	0.0002805252841915109	0.0005491133222472129	0.0008236699833708193	0.0010862893983586168	0.0021546729275135203	0.004565996646946933	0.006249148352095999	0.00906036981707901	0.015888474606761748	0.028553892756855066	0.03745310975110066	0.05064376673116958	0.0825938060136623	0.1320975657388621	0.16370739350648428	0.2073619026251377	0.3029374638114922	0.4183407908294255	0.4852788985359744	0.5732743084260903	0.7417625690099661	0.9300308464408772	1.039268585829665	1.1643470508406715	1.4328574967964909	1.7014097231137855	1.827735630345984	1.9723792417735813	2.2475805141885212	2.538598637733408	2.708328371915408	2.8351019258776993	3.0659264857827697	3.2386285942525865	3.3081451471244696	3.3541930740933528	3.363981615924716	3.3472694713345836	3.3526651065879696	3.296834606410791	3.1605231927859876	3.009421531198918	2.935637412833483	2.9198563734419434	2.8515872627912513	2.795506080445221	2.78531167224524	2.6933710025072397	2.5033598871405003	2.305165789547664	2.194352333668949	2.0693216176424856	1.8576802122776606	1.660357533652738	1.5520449308394755	1.4484236657575857	1.2786819943294498	1.1312271614368696	1.0498748290213313	0.9689403002205466	0.8465477155900971	0.7470507690481294	0.6930645733989332	0.6437876213503139	0.5677354262190748	0.4963865060653446	0.4536869766375559	0.41586381225624514	0.3587142463810597	0.30133190420622596	0.26571713036003985	0.2353010272059986	0.18989174290538127	0.1481830049068647	0.12309091352939423	0.10039820862522138	0.0703760345936618	0.049820096747798755	0.03824096799606405	0.02911494332523809	0.019398024970689584	0.013059347272575017	0.009782573208295455	0.007478684704084322	0.004667463239101309	0.002817190088050918	0.0019935201046800987	0.0018323672818466776	0.0013429401902785097	0.0005849250606546398	0.0002864939072594154
MCW_CT_ROA_102_R1_trim	0.0007730647821976749	0.0007730647821976749	0.0007730647821976749	0.0007730647821976749	0.0007730647821976749	0.000777008990270112	0.0007888416144874233	0.0008164510709944832	0.0008361721113566687	0.000844060527501543	0.0008992794405156626	0.0010057730584714646	0.0010767688037753328	0.0014356917383671105	0.0020549324057397376	0.0035892293459177764	0.004918427466329084	0.006677544266636039	0.011836568425383788	0.022008681044199112	0.02891893358710894	0.03852702445156576	0.06384884027661204	0.10419808885764376	0.13013520114199023	0.16839401944463026	0.2531116646325071	0.3616996570747733	0.4268776954717967	0.5006225538021535	0.6516305040634809	0.8412404187297504	0.9595193304059948	1.0897491925417235	1.3716023013980798	1.661241276989427	1.799848637071012	1.9494051187616828	2.243761367207665	2.5758991847795216	2.766723915532102	2.9068300746812135	3.1806369990697982	3.4098783164479154	3.5087043939108997	3.5414018788314037	3.5101874161461364	3.472465010141348	3.4802705979167006	3.4095233377213963	3.2556361155671896	3.0692683399364635	2.95519789827351	2.9040139101174933	2.8033971621896225	2.737765539864269	2.718809675868136	2.587826469990572	2.3719520737699433	2.160976383975282	2.0299813454735007	1.9147907487179747	1.716617958326444	1.5226891358208559	1.4209719538407752	1.334510968684881	1.1866702175057207	1.0570280423727851	0.9860086318204824	0.9195566142160618	0.8242882124344156	0.7452344500385586	0.6993002028269559	0.6623745268527996	0.6016771088260648	0.5470774364793178	0.5171566740418099	0.4847273952702319	0.44086780150473115	0.39390806019429486	0.3607885450100404	0.33298976651550355	0.2800861036399045	0.2226466014810028	0.19148341350067713	0.16174802884257372	0.11517087571516381	0.07959806310985346	0.062314543336434006	0.05052530540791947	0.033450828662339185	0.02107784793910395	0.015508626140822742	0.01188784313032547	0.007304673350153541	0.004393847792694948	0.0030607054642112024	0.0023231385546654618	0.0014396359464395475	0.0009111120647329739	0.0007257342853284295
MCW_CT_ROA_102_R2_trim	0.0007570745362356574	0.0007531314396927633	0.0007491883431498693	0.0007491883431498693	0.0007491883431498693	0.0007610176327785515	0.0007846762120359157	0.0008398795636364324	0.0008832536256082671	0.0008832536256082671	0.0010646360665813933	0.0014510595277850101	0.0016561005480155006	0.002003093043790177	0.0031308186550578748	0.0055006196773371985	0.007140947839181122	0.009944489481178792	0.01698685990678756	0.029340581375674617	0.037739377012038944	0.049785536950580266	0.07933510244302826	0.12581238139412043	0.1559967854299744	0.19620848397440788	0.285373726098871	0.3912695268548336	0.4517329692435709	0.5317147395196339	0.6833780618489677	0.8650365195800964	0.9802064834049459	1.1063382556190409	1.3800601314336598	1.6536124540969346	1.779125160153795	1.9343057245993902	2.2290167033118347	2.5606547811484814	2.758156600788958	2.898660959901902	3.1786129282542936	3.3796241038179464	3.4447956034788993	3.5011503392699415	3.5079994979649483	3.4929684139434363	3.505270875157265	3.4198791764243524	3.2570371753959133	3.083442350095003	2.9804565545876964	2.944511286502674	2.852522787253499	2.782729978444274	2.7691262953712896	2.646973107568975	2.4241605512196607	2.2162489567059436	2.099485981877765	1.9802230838413915	1.7820627670782512	1.5913785613604374	1.4878249599509543	1.3900479949768105	1.22853876057987	1.08887033793402	1.0108837745086616	0.9357835577527016	0.8237996159345106	0.7311841643350151	0.6797977301880199	0.6339750052630482	0.5607950765234775	0.4906671045081068	0.44925276151809057	0.4134888758740416	0.35824215021155303	0.3041901828015614	0.27184890495674446	0.24040271002716437	0.19172912630168024	0.14911608196262427	0.12540229935365943	0.1044841721936065	0.07411444262023655	0.051189279319850546	0.03930478633956788	0.03167883762561079	0.02152142093111572	0.01382843957592943	0.010275709590781893	0.00839485253982143	0.005808181207682934	0.003899722480922215	0.003126875558514981	0.00257089894596692	0.0017113038996160173	0.0010646360665813933	0.0008753674325224789
MCW_CT_ROA_103_R1_trim	0.00016776934338586904	0.00016776934338586904	0.00016776934338586904	0.00016776934338586904	0.00016776934338586904	0.00016776934338586904	0.00016776934338586904	0.00016776934338586904	0.00016776934338586904	0.00016776934338586904	0.0002135246188547424	0.0003431645660165503	0.0004194233584646726	0.0005414374263816682	0.0010676230942737118	0.002127620309302612	0.0028673305960493977	0.004430635841235905	0.008769761131534062	0.017188731817806762	0.0232589316966773	0.032867539545140705	0.05553165266072265	0.0919833554509251	0.11602775270981805	0.15166348642082558	0.23228428179698052	0.33755191889236846	0.40179995152991155	0.4738950139103663	0.6260541824821048	0.8220240273152895	0.9420553666286339	1.0856582986876928	1.3808027030996606	1.6808734255037772	1.8312862677284534	1.992581239635477	2.3133409724307685	2.656619926635991	2.8408306656736757	2.982961803038486	3.252300232086009	3.4641624092653824	3.5530725353806485	3.574318234956695	3.5253753419634903	3.4979069249236763	3.5255812407030995	3.4128631195855306	3.2048901408210115	3.019375376432464	2.9217793738573574	2.8795320028410973	2.783194270341385	2.715506966164431	2.6952450050109653	2.5691587175772397	2.3542461886999417	2.1419493364036137	2.009754719694794	1.8907223705625198	1.695011805623659	1.5143623521933018	1.4208919502896384	1.3276732024010538	1.1775577694669253	1.0480779657692583	0.9755787317888284	0.9196810369243549	0.8249523649452972	0.73955776916189	0.6956708341079956	0.6674016997474767	0.6187180866485954	0.5707665579572161	0.5446021662682653	0.5055042833801131	0.45013277418353137	0.39479176850392905	0.3578901388382827	0.321529946599018	0.26117111237632923	0.2048006129986772	0.17318371764968574	0.14477731746276018	0.10257570172196928	0.07052413125602348	0.053693815762722905	0.04182032177855026	0.026789713787025358	0.016258374549939673	0.011133783697425854	0.008235949584397207	0.004743296890273206	0.0027148130111531534	0.0019903544828959916	0.0013879100225558255	0.0007397102867467862	0.00040417159997504815	0.00016776934338586904
MCW_CT_ROA_103_R2_trim	0.00024395320062787454	0.00020583551302976916	0.00017534136295128483	0.00017534136295128483	0.00016771782543166376	0.00016771782543166376	0.00017534136295128483	0.00019058843799052698	0.00019821197551014806	0.00023632966310825344	0.0003888004135006751	0.0006327536141285497	0.0007623537519621079	0.0011968953905805095	0.002180331730611629	0.0044673929864979525	0.006312289066246254	0.008972903660594011	0.015712110827939045	0.027627699971106794	0.03582300280469945	0.04824936896168182	0.07821749495131228	0.12463721490828504	0.15423178755945405	0.19520830172741738	0.2845180437697783	0.3969652221841893	0.4642353172573256	0.5454412389163295	0.7010223926167564	0.8826150563341305	0.9940330571833926	1.1301589431337467	1.4184506379757373	1.696099874440337	1.8238246220440686	2.0006144571240814	2.307972619302644	2.631538422247922	2.828103713653832	2.9646336470927257	3.2224464389312715	3.410496238927765	3.477049721474057	3.5147557380461025	3.5106771454731054	3.498388002991476	3.51500731478425	3.415756479816303	3.233805509835507	3.063899729135712	2.971288995347355	2.9403907977803305	2.838159159642212	2.759430887677085	2.7465928504940433	2.6294419494300265	2.4175457240721583	2.205275945375829	2.075851148905222	1.96282458163932	1.7698728470177103	1.574702662977891	1.4669973249006845	1.3665953357672747	1.2050983169516218	1.0639713903883965	0.9854108362487011	0.9159451623699139	0.8070581759771659	0.7125186871963449	0.6615705859527173	0.6152042307583818	0.539876056527006	0.4704866180234149	0.4285266675154205	0.390210767941805	0.3337203549214128	0.28102646358579186	0.250844878545612	0.22020588125425486	0.1744265384489303	0.13596579166244196	0.1135983325798737	0.092869934064024	0.06623329397046794	0.04693812050830699	0.03586874402981718	0.028130853447401787	0.01843371372244377	0.01178598900533419	0.008530738484455989	0.006929795605335562	0.0048714404750378705	0.0029655560951326	0.0022413200307685975	0.0019440020675033755	0.0013646132160121734	0.0007318596018836236	0.00045741225117726484
MCW_CT_ROA_105_R1_trim	7.338072505159582e-05	7.004523754925056e-05	6.67097500469053e-05	6.67097500469053e-05	6.67097500469053e-05	6.67097500469053e-05	6.67097500469053e-05	6.67097500469053e-05	6.67097500469053e-05	6.67097500469053e-05	7.004523754925056e-05	8.672267506097689e-05	0.0001034001125727032	0.000113406575079739	0.0001967937626383706	0.0004402843503095749	0.0006404136004502908	0.0010606850257457942	0.0024515833142237696	0.0054001542662969835	0.007581563092830787	0.011787612833288165	0.023178302653797243	0.04357480873063854	0.058310992515999915	0.07950801559340408	0.12784590047739164	0.19518272217473784	0.23962475765598618	0.2982125956346807	0.41928078550730674	0.5766324084304447	0.6792820363151202	0.8034622360274344	1.0554950071921447	1.3314699076486898	1.4841418416060372	1.6457362046321582	1.9518272217473784	2.2889482790969167	2.489554503950468	2.652616481477621	2.9488444620484064	3.213308595134358	3.3420283933373636	3.378838833413246	3.415002188913673	3.4709283078654964	3.5035260272259166	3.4556451041297502	3.3452838291396523	3.2143292543100754	3.143199983322562	3.1392207467322644	3.0833313181429673	3.013512893743876	2.9943571890179075	2.899792782838917	2.696298025808334	2.4832871229335614	2.3553444933186016	2.217712272509329	1.9910158644124332	1.769282661719027	1.6409597865288	1.5217761470949989	1.3458425232962956	1.194454752027351	1.1044766411640852	1.027750422147637	0.9140870145302173	0.8244257749796744	0.7781091955221081	0.7419825303842065	0.6831645437678501	0.6280322708415852	0.5995305301340449	0.559411286455836	0.4996460213888136	0.4350943317559257	0.39262690487606583	0.35326815234839165	0.2861181179511768	0.22189664158102107	0.18713752631908107	0.15545039504680105	0.10798640788842793	0.07274698242615023	0.05535575058892202	0.04367820884321124	0.02758781713189768	0.016430611436552774	0.011500760908086473	0.008695615918614105	0.005116637828597636	0.002738435239425462	0.0016777502136796681	0.0012708207383935457	0.0007771685880464467	0.0003969230127790865	0.00021347120015009695
MCW_CT_ROA_105_R2_trim	0.0001535092446938028	0.00011346335477368032	7.008030736021431e-05	6.340599237352723e-05	6.00688348801837e-05	6.00688348801837e-05	6.00688348801837e-05	6.00688348801837e-05	6.00688348801837e-05	6.00688348801837e-05	7.008030736021431e-05	9.344040981361909e-05	0.00011012619728033678	0.0001535092446938028	0.00027030975696082664	0.0005906768763218064	0.0008776724207493506	0.0016085099117915857	0.0035640842028908993	0.007558661722423115	0.010588800726379048	0.01584482377839512	0.02895317841224854	0.05269371681989448	0.0699034380130671	0.09323350604903179	0.14663803741500844	0.2187373250586956	0.2652239289409711	0.3262305050767843	0.4493115477462807	0.6034682009937922	0.703132409532497	0.8303915733836594	1.081582755065121	1.3516956197338403	1.5030891065768632	1.666089227181735	1.9633632166887776	2.299495068048312	2.509559120781808	2.6609092245774173	2.9465765803226107	3.2063576053919385	3.330282948907251	3.3842881686220294	3.4442669002498927	3.502036433617163	3.52940112506258	3.494214136452766	3.4027159523002726	3.2902637562470756	3.229744405105291	3.2272415369852827	3.17296267035605	3.100659816105269	3.077676812448612	2.9845534325968606	2.792086211325765	2.575791685552197	2.436421977157691	2.287040796283154	2.0484640699265313	1.8180867395310534	1.6814134543911687	1.5607685366918131	1.3721290350655828	1.205601538990247	1.111056530046331	1.0233059737588626	0.8944983688307888	0.7840184328561576	0.7220574296772481	0.6662301219711041	0.580618683636869	0.5034268936583396	0.4590593847843372	0.4168943998559416	0.3526841525265186	0.29373326540660494	0.2594439721625001	0.22546503456527617	0.17624196153845897	0.13575222967172182	0.11276588885757151	0.09204547798140149	0.06440046530654361	0.044457612126322626	0.03365857047786293	0.026590470906961317	0.01736990475285312	0.010835750380886472	0.008139327126264891	0.006537491529459992	0.0042515386465196685	0.0025595997973944943	0.0018287623063522594	0.001448326352111096	0.0009644385155762828	0.0005339451989349662	0.00028699554442754435
MCW_CT_ROA_106_R1_trim	3.2481390959988595e-05	3.2481390959988595e-05	3.2481390959988595e-05	3.2481390959988595e-05	3.2481390959988595e-05	3.2481390959988595e-05	3.2481390959988595e-05	3.4285912679987956e-05	3.6090434399987324e-05	3.4285912679987956e-05	3.6090434399987324e-05	3.6090434399987324e-05	3.2481390959988595e-05	3.4285912679987956e-05	3.6090434399987324e-05	4.691756471998352e-05	6.135373847997846e-05	6.135373847997846e-05	9.563965115996643e-05	0.00021654260639992394	0.00037353599603986884	0.0007037634707997529	0.001438203810839495	0.0028601669261989955	0.004745892123598333	0.007775684091477269	0.013073759861395407	0.02222990306867219	0.0333060573860283	0.0489783285242228	0.0766091651008531	0.11997362655415786	0.1673603669213412	0.22408189814608132	0.3234713454402064	0.4635238851727972	0.583797062332475	0.7193382977650674	0.9470382619597474	1.2311529886867676	1.4455951318046123	1.654845665934019	1.996077114142459	2.3539390345224134	2.5971019453357678	2.764747426688869	2.952285955483243	3.1105226605882677	3.1892449206232403	3.2928352944815233	3.391741129954689	3.403300896093005	3.409201682117403	3.4679767590595016	3.468900674180142	3.462579434594984	3.496385344497452	3.4370093618225925	3.3018380533426006	3.1480837801900545	3.023541104640858	2.8795240306894287	2.694271830914294	2.502969069812001	2.349084871095615	2.1941558543033493	2.0060344649934154	1.8491331059611906	1.7270193166471135	1.6038552956919967	1.460561834950287	1.3286928012178933	1.2332823243163669	1.1461455795010373	1.039290825851275	0.9403200275961898	0.8687202147900549	0.7904905891846423	0.6956449275814758	0.6048973348044275	0.5385937932464908	0.4751395914844332	0.3935066379151018	0.3149269350960094	0.259067965253429	0.20963670177748636	0.15310103628990623	0.11111522943068099	0.08249010138633103	0.062180209427738165	0.042725660764424994	0.028092794136950133	0.01987861126751302	0.013708951506835185	0.008280950173077091	0.005045442729118228	0.0033185154430788342	0.002118508499279256	0.0012523380736795603	0.000714590601119749	0.0004366942562398466
MCW_CT_ROA_106_R2_trim	7.585435025601746e-05	5.237562279582157e-05	2.8896895335625703e-05	2.8896895335625703e-05	2.8896895335625703e-05	2.8896895335625703e-05	3.070295129410231e-05	3.070295129410231e-05	2.8896895335625703e-05	2.8896895335625703e-05	2.8896895335625703e-05	2.8896895335625703e-05	2.8896895335625703e-05	2.8896895335625703e-05	3.792717512800873e-05	4.334534300343855e-05	3.973323108648534e-05	4.5151398961915156e-05	0.00010655730155011977	0.0002636841699375845	0.0004244231502420025	0.0007314526631830256	0.0014755477180753874	0.0029601257159431577	0.004921502486848752	0.007944840161338592	0.013382874652311652	0.022868280546230788	0.03407846988049508	0.050067483280888475	0.07789519348909603	0.12071678026457636	0.16803544637666346	0.2256847525712367	0.3257583132304255	0.4664825814030057	0.5873998338789729	0.7264932335210488	0.9550550332341387	1.239633464555339	1.4579495088159913	1.6680479984655747	2.0204131280762776	2.375140578880668	2.6033447795139795	2.771551801206698	2.961752972361745	3.127785502680458	3.2141799955101447	3.3107100743788025	3.4066459608371216	3.423265287767023	3.432380452189455	3.504136861475689	3.5066942367128915	3.496567680953713	3.5330247265315218	3.4636866261736876	3.3207734181794337	3.174332982898276	3.0560850811289364	2.915458339978114	2.7313056502280055	2.5313842859044375	2.3675515317431493	2.209095406170246	2.018793095881524	1.85852369012631	1.735598103424517	1.60569391649917	1.4542507062130312	1.31599351047973	1.2141211180858984	1.1161985700732555	0.9967857622106991	0.8898094556782128	0.813597506342417	0.7342105106316194	0.6373354750748926	0.5489019450680855	0.4850018792012248	0.4231029233363561	0.34684221048968134	0.27759080081785437	0.22827283075973367	0.18363073957810894	0.13524108228264523	0.09944144107372194	0.07382073124677281	0.05612860707753597	0.04010708466989	0.027444826345010512	0.020242275182605803	0.015273815240836658	0.010386627817198964	0.006895521649463682	0.005246592559374541	0.003957068605022244	0.0026079448040402194	0.0015893292434594134	0.0010727972393351042
MCW_CT_ROA_107_R1_trim	3.2759703898140346e-05	3.2759703898140346e-05	3.2759703898140346e-05	3.2759703898140346e-05	3.2759703898140346e-05	3.2759703898140346e-05	3.2759703898140346e-05	3.2759703898140346e-05	3.2759703898140346e-05	3.2759703898140346e-05	3.2759703898140346e-05	3.2759703898140346e-05	3.5099682748007514e-05	3.977964044774185e-05	4.211961929760902e-05	5.849947124667919e-05	0.00012167890019309271	0.0002971773139331303	0.0006107344798153307	0.0010717103132391627	0.0015420460620624635	0.0025763167137037514	0.0048577960923242396	0.009554133644007645	0.014180271830195034	0.02060585375193028	0.03378461463438216	0.0529396814993948	0.06984134873198534	0.09716060180418454	0.14674943359056955	0.21605024720823557	0.27340546879732974	0.3467216861213678	0.48494891674072116	0.6584068689236745	0.7749144158585608	0.898027723086622	1.130436762434279	1.4187010969282652	1.6034049874636802	1.7640094358243135	2.0796164231789973	2.414369117483295	2.601132189406593	2.7064452775237147	2.854353000644968	2.9872942190424716	3.0510773625321512	3.1059639064346354	3.142664134715952	3.1344227292067197	3.1450836728467144	3.1891829142513117	3.2151824192521854	3.242120255771856	3.2777628136130326	3.2279329640051118	3.117099865781153	2.9761161400766563	2.8708053919383842	2.7675210654840976	2.5975496817874464	2.416542957834821	2.302958044483419	2.1930983774610056	2.0205483370718005	1.855774046400704	1.7495226267647859	1.6455901261690855	1.5034598108281538	1.3779924848771263	1.2946120185198096	1.2196671759162638	1.1121147280398191	1.0121742313619926	0.9476914341962029	0.8736428034921563	0.7823227888972403	0.6924769609777405	0.6240255596825762	0.5618546616204555	0.4676939127018006	0.37467975341958076	0.3158526851339201	0.26021032806292876	0.18865845479169052	0.13479916160429792	0.10183587954621914	0.07938144250289379	0.05380781365269552	0.034458528543143914	0.024829515575940514	0.018373513929157002	0.01150099604709713	0.006863157966660403	0.004567638714940711	0.003350849713009784	0.002150440563027927	0.0011231898479362405	0.0006083945009654636
MCW_CT_ROA_107_R2_trim	4.207680152351683e-05	3.9739201438877006e-05	3.9739201438877006e-05	3.9739201438877006e-05	3.740160135423718e-05	3.740160135423718e-05	3.740160135423718e-05	3.740160135423718e-05	3.740160135423718e-05	3.9739201438877006e-05	3.9739201438877006e-05	3.740160135423718e-05	3.9739201438877006e-05	4.4414401608156655e-05	5.376480194671595e-05	8.649120313167348e-05	0.00015428160558622836	0.00033193921201885495	0.0006334896229373923	0.001288017646636543	0.0019682592712667317	0.002936025706307619	0.005278300991116722	0.010304141173092344	0.015147648548466059	0.022267978406278963	0.03676343653113051	0.0578065124930582	0.07616602355781939	0.10493486779948169	0.155387290426263	0.22551061776528844	0.28409788868661634	0.35789358575861097	0.4976470068188028	0.6728992227643351	0.7900410382058058	0.9149039467268422	1.1475793087515516	1.4388115528964887	1.6287205213727125	1.7888531399707945	2.104639535404788	2.4233128669433124	2.592267588260825	2.7069689492139317	2.85949735473668	3.0002091918315745	3.0767445562027667	3.121427781820657	3.1631726441321546	3.1769481214309376	3.1957447637115264	3.2470013207674238	3.2675909023129313	3.2917266231868374	3.336772176817847	3.2851556293489153	3.1687150939328363	3.0307592873377325	2.93166841974985	2.8250925566909513	2.6521335264284507	2.4641086636204466	2.3426703392234076	2.229895160740044	2.046143430886761	1.8738810054494834	1.7675903296009106	1.6530198742525437	1.4930275116595402	1.3540057594258406	1.2645715177876056	1.1786553642767534	1.0577126110976582	0.9423333461200059	0.8649213817170733	0.7924370782925617	0.6935823083132282	0.5966186568023683	0.5309204064235661	0.46751534172779546	0.38016156416488994	0.30262336935738693	0.25160290991003814	0.20553114984187187	0.14996639582998325	0.1087498311376139	0.0821082029729738	0.06308481348417493	0.04373883518369574	0.029343893862483705	0.021578386381310214	0.016508131797726436	0.011311646809572107	0.007438243469323921	0.005605565002966297	0.004427414560307826	0.0030622561108781692	0.0018139776656805034	0.001168800042319912
MCW_CT_ROA_108_R1_trim	6.611929863292782e-05	6.611929863292782e-05	6.78592801758996e-05	6.78592801758996e-05	6.611929863292782e-05	6.78592801758996e-05	6.78592801758996e-05	6.611929863292782e-05	6.611929863292782e-05	6.78592801758996e-05	7.133924326184318e-05	6.95992617188714e-05	6.611929863292782e-05	6.611929863292782e-05	7.829916943373031e-05	0.00010091892949236351	0.00012353868955099673	0.00021749769287147312	0.0004141156072272848	0.0008282312144545696	0.0013954651974633714	0.00250557342187937	0.004750149612312972	0.009220162196207488	0.014196509409106791	0.02229786347318342	0.03841183254264512	0.06276809418116416	0.0864214032763226	0.12218846387365061	0.18294861935422535	0.2663180950041754	0.3404169489931719	0.43408711537751493	0.6046366262565234	0.8141826034766153	0.9656201570876217	1.1305338677489445	1.4013115354477568	1.7231298217281028	1.9419777402769223	2.130503000476372	2.456006567664733	2.7751000428487855	2.9551150533215607	3.04992490761655	3.1576123653110737	3.2506717981738333	3.291897180871464	3.3143916622590037	3.302189171698142	3.2540108227547964	3.2339262158042734	3.2489927159848655	3.230782069156123	3.215506771190374	3.231479801754855	3.166308793062847	3.015749930131041	2.8428079446304464	2.7111974807016037	2.5718858584635678	2.3854903356727153	2.187563955196589	2.0435404629401854	1.9134542228429858	1.7378726853417028	1.5851388454811828	1.4836927015812988	1.389074245256036	1.2629951826523005	1.150667194182671	1.0765561603228737	1.0148355350305787	0.9353601380737995	0.8572175669789366	0.8060273099847066	0.744023067700907	0.6638203584591656	0.5785543029273763	0.5146360809463078	0.45792834247931435	0.3768800022076886	0.2980814580711254	0.2474497351521894	0.20375009870045305	0.14718851868306923	0.10373943957352078	0.0774117788468147	0.059928444303034206	0.040524170135812866	0.025932684916451478	0.018271546182746713	0.012905443104221728	0.007951715651381057	0.0049328476743250105	0.0034747431413146546	0.002481213680277765	0.0014998640900416786	0.0007394921557630085	0.000323636566992752
MCW_CT_ROA_108_R2_trim	0.00013597485762124957	0.00010633931172943876	7.496049843222732e-05	7.147396362142605e-05	6.973069621602542e-05	6.973069621602542e-05	7.147396362142605e-05	7.496049843222732e-05	7.670376583762796e-05	7.496049843222732e-05	7.147396362142605e-05	6.973069621602542e-05	6.973069621602542e-05	7.321723102682668e-05	8.716337027003178e-05	0.00011679891616184257	0.00013597485762124957	0.00021442189086427817	0.0004026947706475468	0.0008803500397273208	0.001473060957563537	0.0024824127852905047	0.004889865072148783	0.009828541631648783	0.014990356419040065	0.02317499688739605	0.039826687143782916	0.06561484187187452	0.09010600565034804	0.12489813652733393	0.18654530178451662	0.27282832201482105	0.3482298671006147	0.4419444362801421	0.612448191400162	0.8228779999060727	0.9756701581872221	1.1453197122785959	1.421254536809841	1.7472176493412732	1.9710061159747692	2.160042546881603	2.489439896201675	2.796438002629754	2.9603870723054673	3.0671238490033375	3.188840522515815	3.29166017735375	3.3415455174266944	3.360796419384534	3.358371534423622	3.3293531051933223	3.313895553109635	3.3310371015069395	3.3151541921763346	3.3015445035423716	3.318785418181784	3.252508134695857	3.100136103859409	2.9197218735396864	2.781724825728172	2.641729993470069	2.4451504445000665	2.2327402842216206	2.0824601742716533	1.949436668367747	1.7618994474295575	1.593724697563153	1.4852376803902605	1.3764787135021255	1.2367784934355348	1.1129716423039817	1.028297657888862	0.9481910340758921	0.8443707437472572	0.7479732860308183	0.6826931515007807	0.6181695950246869	0.5323537704590298	0.44891576263433924	0.39186210699038726	0.3425380990219817	0.278206301960482	0.21890731789837398	0.17870408499502452	0.14550878706138565	0.10571347873089994	0.07507206754617297	0.055646838847793686	0.042338735474965236	0.028936495662245147	0.01914979244832598	0.013817137455205436	0.009997638569972645	0.006613956536090012	0.0043355060372313806	0.0032930321288018004	0.00263407704956036	0.001745010672806036	0.0008751202375111189	0.000449762990593364
MCW_CT_ROA_109_R1_trim	5.75389263423346e-05	5.75389263423346e-05	5.75389263423346e-05	5.75389263423346e-05	5.75389263423346e-05	5.75389263423346e-05	5.75389263423346e-05	5.75389263423346e-05	5.9936381606598545e-05	6.233383687086249e-05	6.233383687086249e-05	6.473129213512642e-05	6.712874739939037e-05	7.43211131921822e-05	8.391093424923796e-05	9.110330004202978e-05	9.829566583482161e-05	0.0001390524053273086	0.0003188615501471043	0.0007096467582221268	0.0010788548689187737	0.0018052838139907483	0.0036417345464169275	0.007547189171902888	0.011109807694599107	0.01656162096553531	0.028886938479116234	0.046714415824182905	0.06069158001484169	0.08365920144649025	0.12839092176712688	0.1939013868631391	0.24873358621211972	0.32090178457699287	0.4629102522451389	0.6400797988189799	0.7585284736052043	0.8971085802454528	1.1503278052570105	1.4649122952126679	1.6758811661021018	1.8590683253892455	2.2347783347625763	2.619869586584972	2.819162850337441	2.921984911711193	3.062017876241585	3.191981528662069	3.2508989917813556	3.302621691652586	3.311789560583131	3.2604192866357478	3.248513523793413	3.295064912659626	3.28325984293839	3.2691795881713683	3.303014874315925	3.221717166304735	3.067867667086389	2.9025199724206336	2.776876534386353	2.6566633325256306	2.4816107389501347	2.300020284868991	2.1833553167993793	2.0710345376686132	1.9005251218188974	1.7412885406217506	1.6334294257377802	1.5300775267506261	1.4010800488016404	1.2864601100724455	1.2070252248015885	1.134437471765469	1.0319534515839783	0.9415118491948853	0.8843948749790612	0.8140918968097854	0.7283588965597068	0.6456682670399793	0.5819510984816365	0.5215879698379989	0.43227317142311	0.344782836464326	0.29068905333673867	0.23876976213383877	0.17229552002159243	0.12310453290942489	0.09284864747441393	0.07198119685426059	0.048258377014368886	0.03144742070135013	0.022958031610591508	0.017019534921009723	0.01060154717857515	0.006348461539770919	0.004514408262609002	0.0034739126779184514	0.002188876656272979	0.0010860472347115656	0.0005610045318377625
MCW_CT_ROA_109_R2_trim	7.672390461760903e-05	6.953103855970817e-05	6.233817250180732e-05	5.994055048250704e-05	5.754292846320676e-05	6.233817250180732e-05	6.233817250180732e-05	5.754292846320676e-05	5.754292846320676e-05	5.754292846320676e-05	5.754292846320676e-05	5.754292846320676e-05	5.754292846320676e-05	6.953103855970817e-05	8.391677067550986e-05	9.350725875271099e-05	0.00010309774682991211	0.00016543591933171944	0.00043876482953195155	0.0008751320370446029	0.0011940157656115404	0.0020979192668877465	0.004147886093389487	0.008358110359280782	0.012199100834199833	0.018152396308122435	0.03143522229504599	0.050652162779737754	0.0655126240553609	0.08912440570143007	0.13504606023708837	0.20120843985967965	0.25636333679166334	0.3292846128866621	0.4731707055089106	0.6555626077611216	0.77803314050698	0.9145369549318031	1.164709631669633	1.4861755991513568	1.705066501403376	1.8862811712441105	2.2653859720698133	2.6289733631866046	2.8026211379344277	2.924533024749789	3.0775037072031663	3.2177837763083876	3.2910790814383963	3.3274725860693555	3.3370702670126144	3.3082460550965864	3.302218433340066	3.3559875047448937	3.346399414289712	3.3306590257330058	3.370512298937815	3.283852648672226	3.112067826233399	2.9513887889879715	2.8437187769672536	2.7196202588702905	2.5443684749915554	2.361254888511535	2.233818880563706	2.114124794116197	1.9303854282891393	1.7592503614175432	1.6489213865774215	1.537189802856009	1.389985401359049	1.262208931084479	1.1784695844383974	1.0926323185254279	0.9733098634909109	0.8660810139217443	0.796677049329059	0.7252902513264124	0.6289034485285218	0.5397862356931497	0.4796946350234267	0.41922181245263496	0.3370097510328476	0.26404771536352073	0.21749069099274787	0.17712912191984692	0.1278771703993805	0.09164670406573397	0.06854082066573715	0.052404824475846254	0.03620888773547286	0.023913882020501008	0.01692721145625999	0.012505996452670271	0.008207060172064864	0.0051309111213026035	0.0038889429153050573	0.003126499113167568	0.002203414635736959	0.001309101622537954	0.0008247819746392969
MCW_CT_ROA_111_R1_trim	5.8378467429208155e-05	6.129739080066857e-05	6.129739080066857e-05	5.8378467429208155e-05	5.8378467429208155e-05	5.8378467429208155e-05	6.421631417212897e-05	7.297308428651019e-05	7.58920076579706e-05	7.297308428651019e-05	7.297308428651019e-05	8.172985440089142e-05	9.048662451527264e-05	0.00010508124137257467	0.00016345970880178283	0.0003123248007462636	0.00046118989269074444	0.0007939471570372308	0.0015295158466452536	0.0030531938465475864	0.004576871846449919	0.007589200765797059	0.01424726497609825	0.02649214851937466	0.03601367655707851	0.04931812928419505	0.07913785044703457	0.12154105026423992	0.1502574183926674	0.19268396959684445	0.27662636791330286	0.387936591760574	0.46482395228821266	0.5654538355193102	0.7656715463378939	0.989970374971026	1.1189459230623757	1.264346252964933	1.543973274104097	1.8706533399912029	2.0650069337565227	2.2252062051523844	2.558211577985445	2.893114251009955	3.0593936397885684	3.1054921965940427	3.1709957559729856	3.2530583676382236	3.295645459627831	3.2842324692454206	3.2168753935256005	3.124917631631112	3.0844029752352413	3.0947388828935827	3.0669945162478514	3.0421165323528943	3.0528961163636974	2.97075469376743	2.8028144375904556	2.6187617244030195	2.506972797122829	2.3969731698693435	2.2109122374023427	2.0213952996635327	1.9133192429118397	1.8229143482509682	1.6639439435944912	1.5149329054814376	1.432073427735791	1.361931699119597	1.2407642710469042	1.134950379908093	1.0822171102792892	1.022352910854008	0.9440265211042391	0.8702040301166342	0.8161660017407875	0.7759782647625206	0.7083964319430978	0.629789825549669	0.5807956967597061	0.5221749586906667	0.432137848374599	0.34511890482462126	0.29158293126866597	0.24307042483499403	0.1727302094295411	0.12042310261297058	0.09245689779100841	0.07233092114478891	0.04647509792039261	0.028386529787452465	0.020298193125135675	0.015108347370679072	0.008812229658438971	0.0051168726701700945	0.0037975193062699903	0.002878058444259962	0.0016696241684753534	0.0007997850037801517	0.00042616281223321954
MCW_CT_ROA_111_R2_trim	0.00014011934431619892	0.00011384696725691162	7.297882516468694e-05	5.838306013174954e-05	5.838306013174954e-05	5.546390712516207e-05	5.254475411857459e-05	5.838306013174954e-05	6.422136614492451e-05	5.838306013174954e-05	5.546390712516207e-05	7.881713117786188e-05	9.925120222397424e-05	0.00012260442627667407	0.00018390663941501108	0.0003357025957575599	0.0004962560111198711	0.0008728267489696558	0.0018332280881369358	0.0036839710943133964	0.0052719903298969846	0.008550199156294722	0.015932737109954454	0.0293024578801251	0.03958371476932619	0.054132773354158184	0.08750453052546622	0.13259960617122957	0.16211808137384215	0.2071635314184935	0.2949161899495197	0.4071079974516962	0.483335839912715	0.5850478881212424	0.7864840413408113	1.0135999835593303	1.1456128399762358	1.2953653892141732	1.5750290047042734	1.9047590134103554	2.1084137229149307	2.263411990105706	2.5910197745759986	2.9047586631119944	3.0513993952449097	3.1161374514720004	3.20610282798202	3.3028581543853615	3.3514241029559577	3.3446224764506085	3.2930702343542744	3.21164629954153	3.1700688032687037	3.1913961351348323	3.1630745126649207	3.1269178835253277	3.1399723357707874	3.055246838907592	2.879376627719717	2.700633969973359	2.5964931864633503	2.4856004020491054	2.2952803834786217	2.0961649568992895	1.9796703178654032	1.8758973476342249	1.7019654540427234	1.53841990684866	1.4457309605834943	1.3548110210403208	1.2125285843462406	1.089807391949303	1.0207314743544236	0.9538974662686032	0.8480548165557544	0.7477381234843757	0.6881027467128001	0.6322301581667159	0.5465413408113471	0.46269158985012837	0.41024900608678433	0.3612539420242201	0.28934936516595733	0.2257731318354887	0.18771321493560114	0.15374595055094928	0.10840858520563915	0.07645845554853921	0.05860783491325679	0.04545996977158678	0.030186961241121107	0.019438639870866012	0.014470241453654126	0.011148245332157577	0.007283286751435756	0.0047728151657705255	0.003692728553333159	0.0028782848644952528	0.0018303089351303483	0.0009545630331541052	0.0005020943171330461
MCW_CT_ROA_112_R1_trim	4.303103858396901e-05	4.303103858396901e-05	4.303103858396901e-05	4.303103858396901e-05	4.303103858396901e-05	4.303103858396901e-05	4.572047849546707e-05	4.840991840696514e-05	4.840991840696514e-05	4.840991840696514e-05	5.10993583184632e-05	5.3788798229961256e-05	6.454655787595351e-05	8.606207716793802e-05	0.00012909311575190702	0.00026894399114980633	0.00041417374637070173	0.0007530431752194577	0.0016997260240667756	0.0038136257945042534	0.005626308294853948	0.008619654916351293	0.01660729145350054	0.031235155132138502	0.04202249861715723	0.05746795202889061	0.09296049054093054	0.14268285562470673	0.17616369308294613	0.22431273581849592	0.3191154926988027	0.4427866975891296	0.5264363471564538	0.626236083392324	0.8281511636278641	1.0581789592582933	1.192605234354701	1.3304390298189768	1.5891873542642938	1.8798916037380309	2.054812775581865	2.2035576287670886	2.484297503368725	2.761436217928866	2.9087395313215265	2.959537672369902	3.023764186896387	3.086379726915885	3.1163777396887347	3.1300669888382595	3.1020026833617775	3.0374480571660896	3.0119091357665035	3.0184740585904706	2.9954712790274276	2.993741969164334	3.0181540152410022	2.9625095034721074	2.8351941075017004	2.6752800103640255	2.5670784638446356	2.45978325857542	2.2783079216672655	2.0953453244880524	1.988972597108481	1.8854184027561596	1.7227583874688452	1.5787254330085665	1.4916333003545246	1.4047805278526062	1.2830457196985579	1.1747016328638584	1.1053866980248188	1.0520766200991043	0.9652157792774513	0.8852156996700299	0.8413939657520806	0.7832321382260233	0.7105204407787618	0.637289681428581	0.5806178036134938	0.5305592585407803	0.44621573347628957	0.35721140904517273	0.3044930078999877	0.25374058733010774	0.1809105545267402	0.12598681265412676	0.09660199218109893	0.07780818607955045	0.0517878549358067	0.03272241540319693	0.024215716963128558	0.01813220388331994	0.010964846519177602	0.006683258180072686	0.004964706076625424	0.0038243835541502454	0.0023129183238883343	0.0011241858830061903	0.0005755401410605854
MCW_CT_ROA_112_R2_trim	6.990289090395622e-05	6.18371727227305e-05	4.8394309087354314e-05	4.301716363320383e-05	4.301716363320383e-05	4.301716363320383e-05	4.301716363320383e-05	4.301716363320383e-05	4.301716363320383e-05	4.301716363320383e-05	5.108288181442955e-05	5.914859999565526e-05	6.18371727227305e-05	8.334575453933242e-05	0.00016131436362451436	0.00041404019996958686	0.0006237488726814556	0.0011883491453672558	0.0025299469361778	0.005008810990541171	0.007092454854024482	0.010512319362864186	0.019739500962186407	0.03569349152465088	0.04714412276926432	0.06545330304064671	0.10346165568330937	0.15426492593412308	0.18906043416793084	0.23800052351888143	0.3339879470209216	0.45653578049373805	0.5390588317785855	0.6401975606257019	0.841313554901838	1.0672155011488809	1.1997755794573255	1.3441277377467222	1.6002223557188202	1.891808822261038	2.076371274256572	2.2220730960549604	2.503701089216092	2.7691196774056865	2.9003193379142314	2.963452402691412	3.048680158139697	3.1293937999792227	3.1711392687125204	3.1726583123033176	3.148412763450553	3.1152734160166236	3.1025510898721036	3.1164214365710845	3.100249671617727	3.0943966487908843	3.115905230607486	3.0575309395572283	2.9225914743853223	2.7660412616331853	2.6653703444405803	2.548788453849143	2.356738326808705	2.1611097094685294	2.0431969753771906	1.9372860299395156	1.762813791388695	1.6019779937096004	1.507638665289257	1.412764310896226	1.267368986388724	1.1375378093982609	1.061392052622036	0.9895184379091336	0.8825885234078972	0.7811701829971649	0.7187038842562988	0.6619077853968344	0.5740640486851051	0.48754040118236974	0.4347906042771536	0.3835840481172786	0.30954075521362645	0.2426275571821779	0.20044653966709447	0.16414811927885167	0.11632916475509145	0.08189123669398472	0.06265987597721552	0.04889976076004446	0.032558615724881154	0.02102463872572837	0.015279158807968585	0.011571617017331831	0.007458100744906714	0.004957728108726741	0.003981776208798429	0.003199401545219535	0.0021239724543894393	0.001145331981734052	0.0006936517635854118
MCW_CT_ROA_113_R1_trim	0.0004186096909538821	0.0004212930864087147	0.0004212930864087147	0.0004186096909538821	0.0004186096909538821	0.0004186096909538821	0.0004186096909538821	0.0004186096909538821	0.0004186096909538821	0.0004186096909538821	0.0004186096909538821	0.0004186096909538821	0.0004186096909538821	0.0004212930864087147	0.00044544364550220796	0.0004937447636891943	0.0005554628591503436	0.0008238024046336015	0.0012719294455906418	0.002353337813888171	0.003654784609481971	0.006340863459769381	0.012491205842245648	0.024539651434443928	0.03536715209469338	0.05220545857376781	0.08519780569093434	0.13424222441890937	0.17444217172775622	0.2170732753186814	0.3009428002594736	0.41765976896287144	0.5023423627264779	0.6111755155835775	0.8564405435507301	1.129696069507241	1.2735260658862673	1.4376666824629212	1.7621240770930926	2.15452772803508	2.4012847238751194	2.6126074827340946	2.974761216713754	3.322019422523638	3.5105950381119975	3.532478128046157	3.5671958984407808	3.645269289199135	3.6602963037461973	3.629670711420193	3.5432224434473065	3.3936150966540257	3.291501166015827	3.2505686517478107	3.1403562336269273	3.0673303097191136	3.0641692698733203	2.9186111668213823	2.7007972743571673	2.510037374868574	2.370956988444602	2.216667116582638	2.00570929950552	1.8071675531979123	1.6820676570936177	1.5586663503122318	1.3836499319571416	1.2383548016597767	1.149955705191227	1.0662793847231828	0.9559274300386479	0.8592634755692139	0.7936222559530994	0.7400428989064572	0.6693971467670801	0.6071557891922384	0.5685068444562849	0.5223443924467999	0.4671952490590808	0.41426259031705337	0.37333007604903723	0.337238407181539	0.28236297013021283	0.22665836388334337	0.19289588227063986	0.16129890078998627	0.11653718120792403	0.08171744178601649	0.06147658987021436	0.048223299718796256	0.032758891712596105	0.02120419088408703	0.015555643451664453	0.01157616799214774	0.007272001682596286	0.004559088877760549	0.0031556730548831114	0.0022486853911497	0.0013497479137807866	0.0008560031500915923	0.0006762156546178096
MCW_CT_ROA_113_R2_trim	0.0004295247818349674	0.0004214711921755618	0.00041341760251615623	0.00041341760251615623	0.00041341760251615623	0.00041341760251615623	0.00041341760251615623	0.00041610213240262473	0.00041878666228909324	0.00041610213240262473	0.00041341760251615623	0.00041341760251615623	0.00041341760251615623	0.0004241557220620304	0.00046442367035905857	0.0005476440968395835	0.0006362335830930456	0.0008724722131022776	0.0013395804133478047	0.002552987922031588	0.003938205343449358	0.006909979927770039	0.013803852676221268	0.026219803401138296	0.0370760422620171	0.054066431913476536	0.0891559220595069	0.1392304580318047	0.1781051353177557	0.2248669614101513	0.3128953809173414	0.42598388691471545	0.5076580241806344	0.6174069749992416	0.8625985121798463	1.1314219659510336	1.271567848674124	1.4410771192954075	1.7661441587179976	2.162724389786223	2.418648677452929	2.621365582769828	2.990883068052564	3.320441325975216	3.476229964346759	3.5095073968194224	3.5721696934293714	3.6747321577419023	3.697854013654056	3.6459915807773697	3.5481512045351375	3.415680392757461	3.321716477671288	3.2896980897153782	3.183881975180448	3.102436022954878	3.0936495566364663	2.9573506052406855	2.741133199124736	2.543570591189856	2.4045978480271524	2.2539232390893322	2.0498452771199935	1.8453887964366624	1.7084804567566532	1.5882376786118404	1.4148251015356317	1.2622337382588729	1.1701194642644777	1.0804105290483583	0.9580469722932355	0.8498416261593478	0.7788438642519141	0.7169466586596088	0.6369154536842085	0.5646130102519512	0.517343808011013	0.46948669372493823	0.4047868389311598	0.3468788447501468	0.3083504718195502	0.2703106833282909	0.220160980519172	0.1753159087657149	0.1465538555620909	0.1211447801866661	0.08783781788525084	0.06329047660338245	0.048265162828818	0.03701966713440126	0.02534464665814955	0.01726958075965216	0.013205202511538781	0.010373023481314463	0.007205278215281579	0.004797254907119293	0.0036133772271866637	0.003060364070574143	0.0023113802322494185	0.001497967676649449	0.0011167644327709154
MCW_CT_ROA_114_R1_trim	0.0002944416994676607	0.0002944416994676607	0.0002944416994676607	0.0002944416994676607	0.0002944416994676607	0.0002944416994676607	0.0002944416994676607	0.0003019914866334982	0.00030954127379933567	0.0003133161673822544	0.000332190635296848	0.0004114634005381413	0.0004756365914477597	0.000596433186101159	0.0009286238213980069	0.0017402259417255335	0.0023064599791633423	0.004031586346557201	0.008557683752476754	0.016922847932224656	0.023208045747784335	0.03350973033556954	0.05858634840689864	0.09815100804946983	0.12635701290103857	0.1677071972083303	0.25467319557161194	0.3697470515533064	0.44257984834214037	0.5064850218073714	0.6512748400738022	0.8452137727898348	0.9666973980753252	1.1018914368539765	1.4132824085089424	1.7217365129563973	1.8568550538633906	2.0339013377958617	2.3785906457457537	2.759103693797544	2.971698150600361	3.1027511311185507	3.3496820199515964	3.579890130212312	3.6934729032287534	3.641511493059877	3.5624199227105633	3.5469051100847677	3.528328858763225	3.454276771347108	3.288373973271413	3.0783124700627345	2.960883080485299	2.93265065137865	2.815493054139184	2.70254068835109	2.6778566592123845	2.5595779185787917	2.3568623582824735	2.154811179256748	2.017427702200004	1.8691763065180371	1.6537053808050362	1.4664102607949405	1.3545261898908123	1.2471229176696086	1.1022085279149416	0.9801850928470938	0.9026034799309481	0.8333304077908065	0.7428575332889934	0.668699748852555	0.6221477611880013	0.5843195525935727	0.5248612037690199	0.4747155174135275	0.44730601510795454	0.41107836139268356	0.3692412158131953	0.3305636561626101	0.30063252494364745	0.27396667667390956	0.2288680230387795	0.1825651783506984	0.1564013909274887	0.1282746588411613	0.09145057193978909	0.06483002239304622	0.04886222253730001	0.03915319624203304	0.02562775253443524	0.01551103773221305	0.01115103564394192	0.008418012689908761	0.005450946333734642	0.0034200535861243666	0.0020875161513540562	0.0015137323267504098	0.0010418706288855687	0.000679480844925371	0.0004680868042819222
MCW_CT_ROA_114_R2_trim	0.00029449363725731127	0.00029449363725731127	0.00029071807780529446	0.00029071807780529446	0.00029449363725731127	0.00029071807780529446	0.00028694251835327766	0.00028694251835327766	0.00028694251835327766	0.00029826919670932807	0.0003662292668456307	0.00052102720437832	0.0006229673095827739	0.0007437852120473118	0.0012950168920417664	0.002895854099696894	0.0040587264109180725	0.006105079633911183	0.012028932414125561	0.022755296817305322	0.030147842224354238	0.042123916806151566	0.07127501133517336	0.11434281800432915	0.14385636624074455	0.1896199223586403	0.2789836390284262	0.39200501122454945	0.4651678022857313	0.53272766312012	0.6824965554627229	0.8603744879255909	0.9638890014215359	1.107647203116528	1.4109227916592304	1.6968874401144356	1.826521273899433	2.015597515696983	2.3559490980584905	2.7412071845422856	2.975563710847873	3.0970800918110344	3.3372547552321796	3.5508608067894825	3.6435054846230712	3.6109677132655906	3.5588234616737866	3.5469719805539057	3.526266812519045	3.458997669762462	3.29365459468029	3.1031436402909733	3.008811287382333	2.9808079629267246	2.8667596385596528	2.752348860485187	2.7256254506838125	2.6169270940602485	2.4116990089269703	2.193505652635467	2.0508763432166277	1.916322955465653	1.7109400723948422	1.5064293435574476	1.3806805604485757	1.2785856573065892	1.1335852965518836	1.001640820382252	0.9198206714975957	0.8536690943388091	0.7523028741710618	0.661164644558828	0.6105306167478305	0.5613539548853116	0.49371480730243034	0.43548435387397505	0.39874816040585154	0.3638468888314081	0.31166110608563174	0.2638096655907707	0.23636512393406048	0.20754627863681613	0.16581879557312634	0.12869749504089706	0.1067879235408435	0.0888917717382838	0.06389756816593252	0.044898953003383923	0.03431228429992878	0.026663000850142723	0.01720144886338859	0.010650853214139425	0.0078154080656748	0.006399573271168496	0.004557100258584291	0.0028920785402448772	0.002019924306828994	0.0016310416832712624	0.0011326678356050435	0.0006191917501307572	0.0004077604208178156
MCW_CT_ROA_115_R1_trim	9.446614935428844e-05	9.446614935428844e-05	9.446614935428844e-05	9.446614935428844e-05	9.446614935428844e-05	9.741821652160996e-05	0.00011217855235821754	0.00014169922403143266	0.00016236369420268327	0.00019188436587589842	0.00040738526909036893	0.0008708598143598466	0.0011513061952553904	0.0016383972778634401	0.0034834392574393863	0.007758032515720939	0.010925600586256924	0.016035628852890463	0.03067788200280517	0.05520660809607963	0.07151973126269832	0.09544033151950454	0.149029206807892	0.22722356193590423	0.2786220033861391	0.3410257512361486	0.47201782765170613	0.6420303278849194	0.7486796584387438	0.8468270355506822	1.04760597980172	1.2820916269692355	1.4184417052934817	1.5640406100529458	1.866037081269937	2.1486561836006293	2.280312475128834	2.4484356523749615	2.7300658122046015	2.9989282815355756	3.157117752763666	3.2492606252572727	3.3875472596432816	3.517184337229039	3.5928753393991624	3.5385602555876137	3.433375150348781	3.3684621454065478	3.3350447450724685	3.239273782030224	3.0516758176812764	2.857329427787832	2.755282369947862	2.7132154128135304	2.600986675313468	2.515143514154926	2.4929941541985126	2.3827137810288828	2.1819053161061714	1.981648887743749	1.8546214375339047	1.7084675441469837	1.491561456960868	1.3016638322885772	1.1881450414363957	1.0880433958596902	0.9417891321890807	0.8162465717643986	0.7407179332884777	0.6749842536737295	0.5905935095615095	0.5216155081298749	0.4784651423451363	0.44138717872357813	0.39070018546066776	0.3497668221185876	0.3272897827066016	0.2994990223934369	0.26515172090165107	0.23581407739280985	0.2133577024509951	0.19319213163102184	0.16294820350181294	0.13193083377476578	0.11341546850132524	0.09477906847402452	0.0692407354095261	0.049240480350922856	0.0370897718902275	0.02940849312085692	0.020186235290144513	0.012994999670549304	0.009328532248735984	0.0069137413058669855	0.004298209795620124	0.0026391480475854334	0.001780096501894873	0.0012782450834502156	0.0007822977993402013	0.0004162414705923335	0.0002952067167321514
MCW_CT_ROA_115_R2_trim	0.00012989137332053037	0.00011513098998865192	0.00010037060665677346	9.741852999039778e-05	9.446645332402209e-05	9.446645332402209e-05	0.00011217891332227623	0.00018893290664804418	0.00025387859330830935	0.0003542491999650828	0.0006051757166070165	0.00121920766321316	0.0017003961598323978	0.0027483833763957675	0.005839207646091115	0.011725648518844242	0.0158231309317737	0.022542057424444772	0.0394545046461111	0.06722173777004084	0.08571059393155178	0.11197817210896269	0.17101675335981012	0.25252063804177655	0.3044417624499922	0.3721417366399859	0.5064169438100842	0.6711280614105158	0.7749585019202816	0.8735991916505589	1.0720171206276683	1.2981757140387098	1.4291741161091311	1.5691556874753334	1.86391759053628	2.142053397812198	2.26945912257964	2.4266513009108133	2.7016520027670405	2.980750187036197	3.146190467573224	3.229855272374977	3.3701497638678157	3.486432063756354	3.5415030539675922	3.499734121215043	3.414422057633452	3.360948140898722	3.3303705307884033	3.2418170870271314	3.0560842314854386	2.877551490933036	2.792882980064715	2.745192181519416	2.622698712324823	2.530921600843869	2.5097109299959595	2.4065151859694645	2.2069607074758006	1.9950517881333545	1.8623943189764298	1.7294091693095381	1.5202161605001574	1.3264713688859209	1.2123204683505056	1.1066095550042585	0.9554484693024914	0.8290198819116196	0.7531160866657678	0.6841555757392317	0.593290655948188	0.5167403559124	0.4690495573671007	0.4284762156644332	0.37518237560635287	0.3275358582110492	0.2975929445840006	0.26982275938340444	0.23247013332375285	0.20038991619024824	0.17796003767912574	0.15604086843128623	0.126124523494235	0.09926652998354896	0.08313933515513856	0.06879519463321909	0.050879041344985027	0.037216830532998325	0.028156907243891333	0.02147930982454952	0.0147544791785457	0.01011086258233674	0.007462849812597746	0.005502670906124286	0.0036399105296412264	0.002450223633091823	0.0018066709198219224	0.0013992843398620773	0.0009328562265747182	0.0005136613399493701	0.00032472843330132596
MCW_CT_ROA_116_R1_trim	0.00024103178662308812	0.00024103178662308812	0.00024103178662308812	0.00024103178662308812	0.00024103178662308812	0.00024103178662308812	0.00024103178662308812	0.00024103178662308812	0.00024103178662308812	0.00024103178662308812	0.0002472120888441929	0.0002472120888441929	0.00024103178662308812	0.00025030223995474535	0.0002812037510602695	0.0004326211554773376	0.0005654976532310914	0.000914684728723514	0.001696492959693274	0.0033126419905121856	0.004666128176934142	0.006937389243190164	0.013534861864219564	0.02723659188840896	0.03744954130878468	0.052711797643803036	0.08797351196631661	0.1442482538405866	0.1833788373535118	0.21870853500045748	0.3033385034651564	0.4276521924915694	0.5056877784863494	0.6033674550909112	0.8576034574093897	1.1156990584649482	1.2193550873173185	1.3859976662560785	1.7261398694479138	2.148974516358132	2.411210919901831	2.5953777457885336	2.957101564336467	3.3408025375826496	3.5509142721935505	3.53732069745823	3.5454014426123246	3.6325622448365658	3.66262323484002	3.6121332558447037	3.460134903018852	3.2697012506799488	3.1850929132730244	3.1827505787312256	3.0824906259493523	3.0007932108885678	3.01176942763325	2.863015733473478	2.621779996877093	2.421847220024352	2.2941281844741104	2.153946569495011	1.9523574716470138	1.7725446686750794	1.6679152422228856	1.5717682805691575	1.4162440653261654	1.2795388703464372	1.2020656918537775	1.120720554019596	1.0092062708930911	0.9163719512298755	0.8584656095692339	0.8090170114981742	0.731210096685575	0.6650190598975423	0.6305237030504457	0.5874408162671241	0.5319911447393716	0.4745915878608605	0.4307670648110062	0.3963149700794573	0.334561390286178	0.26562320916086424	0.2255964818258788	0.18979090090790804	0.13769713348621548	0.09697203200024523	0.07445410085764981	0.05891991122490283	0.03905641988627193	0.024473996795575104	0.017579869667932672	0.013673918664194424	0.008392850416260351	0.004962782683547173	0.0035567639282458262	0.0027378738839494367	0.0018417300618892376	0.0011217248531305254	0.0007539968709747884
MCW_CT_ROA_116_R2_trim	0.0002719407851412544	0.0002626700765568935	0.0002533993679725325	0.0002503091317777455	0.00024721889558295855	0.00024721889558295855	0.0002503091317777455	0.0002503091317777455	0.00024721889558295855	0.00024721889558295855	0.0002503091317777455	0.0002533993679725325	0.0002533993679725325	0.00027812125753082836	0.00034610645381614194	0.0005284303893085739	0.000670581254268775	0.0009734244013578993	0.002005563290416751	0.004131645792430195	0.005673673653628898	0.008192216152380288	0.015995062544217415	0.031341175487529564	0.04227134090849112	0.05952103934779206	0.09835603760768004	0.15672132861862179	0.19666881190863308	0.23613730858845242	0.32360953431809275	0.4413382626308924	0.5140360691132561	0.6157944567713967	0.8688415378177234	1.1225962829526566	1.22771993782692	1.3972564759453232	1.7246299179486664	2.1541511173706938	2.439172872324481	2.6171735673804064	2.9888084624016833	3.3438580597655387	3.512016352541067	3.515922411091278	3.557535531690279	3.6743186477274743	3.71594721950745	3.6416548511485756	3.470604097294727	3.2954340585932265	3.221243668028781	3.2309531901528015	3.131373419011986	3.039720103710799	3.0540587996546105	2.9180853168477885	2.680514138664955	2.4737155325098104	2.346777900336545	2.221113445475533	2.02654290394316	1.8341757008176702	1.7205322647543793	1.619200329691119	1.4568794930875433	1.3093516171484127	1.2232143734549206	1.1367310233076122	1.0062797925808744	0.8952259744488147	0.8321480732408228	0.7720738816141638	0.6814496149658409	0.5993791221046881	0.5527041946186256	0.5092153006493884	0.44120229223832175	0.3723672809994417	0.32942535883668184	0.29304400811545467	0.23837772982967298	0.18594569231272226	0.153961747696677	0.12687273721317432	0.0912454041234752	0.06559026323435369	0.05024724052723632	0.040166890059841184	0.02782757693405677	0.01789555780401141	0.013349820361479761	0.010713848887326466	0.007280596474918129	0.004830039172452052	0.0037948100471984136	0.0030995069033713427	0.0021291727382082306	0.001356613689511485	0.0011001240853441654
MCW_CT_ROA_117_R1_trim	0.0008978651601854453	0.0008978651601854453	0.0008978651601854453	0.0008978651601854453	0.0008978651601854453	0.0008978651601854453	0.000901803165273978	0.000913617180539576	0.0009214931907166414	0.0009451212212478373	0.0009687492517790333	0.001027819328107023	0.0010790133942579474	0.0012325955927107212	0.0018587384017874134	0.002914123765514165	0.003626902686538575	0.005481703083237456	0.00940395615141598	0.01708306607405466	0.022812863477869674	0.031196876311355697	0.05340722501067987	0.0888532088125623	0.111851158529593	0.14515092955822512	0.2199533362149029	0.3243695411373463	0.39047683255854393	0.451618299563102	0.5913544721245947	0.7719828895254105	0.880333161531298	1.0138118440071124	1.3228861733805977	1.609651703927546	1.7238538514949928	1.9128308396834979	2.2630336942016185	2.661162070647181	2.9072676986550294	3.066678144638831	3.3368843637884997	3.6141789920975262	3.7834226367873947	3.736166575725002	3.6482112320726254	3.6214367354756924	3.603593634419551	3.5438422832112444	3.3668210784715247	3.1426855808526	3.0318425516256715	2.9954829506432494	2.8687658229044457	2.7655428335238277	2.7451282151448746	2.5838590307592852	2.331744006986336	2.114259799961943	1.982194861312912	1.840942556792334	1.6292117752022872	1.44367660346116	1.3389256681061912	1.2552509359850494	1.1128684240040627	0.9920701179133234	0.9286209799268854	0.8661248391718721	0.7761414228989011	0.6971489788280245	0.650715960829136	0.6145768881316718	0.5577396606888799	0.5073135055302193	0.4771090065011739	0.441970187096197	0.3969509129240916	0.35032887068095353	0.3148435068281858	0.28624177587017313	0.2404860947465122	0.19125709313476547	0.161533030726521	0.13543193299972656	0.09913140209363253	0.07106130182257177	0.054864286893436955	0.043577964309702365	0.02927906783324029	0.01831959967185391	0.013278953158532114	0.010447527499877134	0.00648195637572475	0.0037765468799028164	0.002740851541618728	0.0019886925697089907	0.0013113556944813743	0.0009845012721331637	0.0009293692008937067
MCW_CT_ROA_117_R2_trim	0.0008975930923125285	0.0008936562805041401	0.0008936562805041401	0.0008936562805041401	0.0008897194686957521	0.0008897194686957521	0.0008936562805041401	0.0009094035277376934	0.0009212139631628582	0.0009212139631628582	0.000999950199330624	0.0012558429668758624	0.0014408731218701117	0.0017007027012237383	0.002389644767691688	0.004188767764125133	0.005625704074186857	0.007991727971028215	0.013983555543395181	0.02423501349243827	0.031100813286267435	0.04173807879253257	0.06876035504530975	0.10957721987467947	0.13556411462185053	0.17150720643243555	0.2522118485043954	0.3613520822683437	0.4288880888412447	0.49278648130319497	0.6325905422426796	0.80384185590757	0.9051202764901669	1.0355665357611126	1.3429606753836867	1.6114197462213005	1.7075330697112918	1.904239808529221	2.256600212627206	2.649659377200309	2.897745446929513	3.050395324799769	3.340341514487566	3.6019623432140095	3.7272395685805413	3.685686519943003	3.632539560529761	3.644456289873752	3.63498432066277	3.5429495342062687	3.340172231579805	3.1445599264446082	3.0538006670140248	3.01788119607429	2.883549303548465	2.7677991627582323	2.7452372942843595	2.5998902023186643	2.3587329213722232	2.1359644883827635	2.00243570546585	1.8787765097525655	1.6785384507425123	1.4860007956296666	1.3809745302054837	1.2913254517048658	1.1423761769344951	1.014319562431241	0.9460906769800638	0.8830505094923422	0.7833074455150166	0.6932528753981347	0.6406885641325344	0.5940609650739835	0.5279933893056113	0.46767749558929445	0.42869124825082533	0.3925237581671621	0.343317547374117	0.2948357099538153	0.261333441464431	0.22899253245852125	0.1831483589498397	0.1433314443198006	0.1187066864583319	0.09876673464884525	0.07346878196814215	0.05337135768631996	0.0405530984382077	0.0314826840316811	0.021581602333584568	0.014558330067419871	0.011196292783056276	0.00896412048770012	0.006070563808534732	0.0037360344061604803	0.0028148204429976225	0.0022912244724819807	0.00169676588941535	0.0011338018008158256	0.0008424777269950926
MCW_CT_ROA_118_R1_trim	0.0003251648278761551	0.0003251648278761551	0.00032848283632387095	0.00032848283632387095	0.0003251648278761551	0.0003251648278761551	0.0003251648278761551	0.0003251648278761551	0.0003251648278761551	0.0003251648278761551	0.00033180084477158676	0.0003450728785624503	0.0003649809292487455	0.00041475105596448347	0.0006138315628274356	0.0009522684244944542	0.0011613029567005538	0.0018481307053777383	0.0037559855628143623	0.007555105235449031	0.01047163466099128	0.015123482504688927	0.026829416308230505	0.04802817228068719	0.06355645181599745	0.08559134591727853	0.13577954169742876	0.21035178155984288	0.2613064372914155	0.30533972740105275	0.40898435728235333	0.5546316561032891	0.646115785023711	0.7582611525480596	1.0400529739956728	1.3242370795340892	1.439965896181971	1.6090615607029148	1.9610757129379868	2.390578634461015	2.645418273287832	2.8200417398826705	3.141215003596223	3.4745985383973705	3.6709350522740616	3.6468396749267487	3.6088617502341935	3.6765623946013877	3.712157989228484	3.639171757404078	3.4680487897215797	3.2620568712620353	3.1597593528105072	3.145189977716587	3.0222444926949232	2.9247481324672404	2.929180991753389	2.7802422285523187	2.5362292512903983	2.323252925048412	2.1878118202126506	2.0468064152100696	1.8369390628835927	1.6385420657608702	1.5250993569334648	1.4257250039243745	1.2653988357307437	1.1276318069731333	1.052077436610195	0.983368117674895	0.877941717257171	0.7858105766894444	0.7331736906748799	0.6835960084491094	0.617610774449384	0.5581255189987339	0.5174201913621556	0.4886198780359819	0.44407561462539635	0.39316077499519636	0.36210753393302353	0.3256923912193419	0.27277679249516923	0.22038875711418338	0.18542026608370585	0.15463910171424575	0.11022424063312113	0.07650000277053705	0.05924304083396682	0.04742761275165062	0.031826337030490606	0.01996113882145866	0.013932317471958932	0.01035218635687351	0.006410392320987058	0.003868797850036702	0.002737356969365591	0.0021202073980904398	0.0013603834635635059	0.000779731985213229	0.0005972415205888563
MCW_CT_ROA_118_R2_trim	0.0003787090314064729	0.00036209898616934686	0.00033884492283737047	0.00032887889569509487	0.00032555688664766963	0.00032555688664766963	0.00032555688664766963	0.00032887889569509487	0.00033220090474252005	0.00033220090474252005	0.00033884492283737047	0.00037206501331162246	0.0004086071128332997	0.0004650812666395281	0.0007109099361489929	0.001292261519448403	0.0017141566684714033	0.0026742172831772863	0.005102605896845108	0.009673690346102184	0.01318505390923062	0.018875655407469986	0.03285466947903524	0.056371171525758226	0.07277857421099129	0.09694619003100963	0.15177927136781	0.22951760508660707	0.28096888121312863	0.33095847335878303	0.4386679727034503	0.5777804235734281	0.6652821418826078	0.7818746934200901	1.0588139776586918	1.320113243302016	1.4235207409302675	1.619798323488338	1.980116712808265	2.4067689787871784	2.67804423759992	2.8376833823739385	3.1682864007646465	3.4745224827924917	3.6169901628003687	3.617033348917985	3.6259429771831795	3.7098768577754244	3.74439585378722	3.666664164086517	3.4921390967709875	3.307036752648455	3.2175052868112988	3.1952013180668857	3.0752203173010297	2.9751049306387762	2.968975823946277	2.82717918976598	2.588532703817048	2.3711437537625906	2.232549536304011	2.09492534548728	1.8931897020642896	1.6968423573162232	1.5772201335274894	1.4675240727724617	1.2991181461222885	1.1525145648503672	1.0686172263576437	0.988609960459455	0.8662371131794531	0.7587302563866787	0.6956752026575009	0.6390349483989013	0.5590476145549973	0.4862657183349586	0.4408937187652252	0.4023019396612866	0.3464490015469267	0.29393800453427654	0.262275936303267	0.23128491389983732	0.1856205775339305	0.14445091940919	0.11956907164397525	0.09917193609278452	0.0708551309725321	0.049398274535212734	0.03810344377396705	0.030326620593944656	0.02094526704401589	0.013397662488265835	0.009567386056584578	0.007534316519560355	0.005315214475880321	0.003650887943120295	0.0027971316179320185	0.002119441772257278	0.0014184978632505606	0.001059720886128639	0.0008703663704254026
MCW_CT_ROA_119_R1_trim	0.0002049554644585448	0.0002049554644585448	0.0002049554644585448	0.0002049554644585448	0.0002049554644585448	0.0002049554644585448	0.00020815789359070956	0.00021136032272287434	0.00021136032272287434	0.0002145627518550391	0.0002145627518550391	0.0002145627518550391	0.00021776518098720385	0.00022096761011936863	0.0002465870431766867	0.00033945748800946486	0.0004579473658995611	0.0006244736807721287	0.001162481774975809	0.002187259097268533	0.0030455101046886895	0.004992587017044865	0.010289404801645382	0.02193343712619646	0.03192501601855052	0.045221501775298614	0.07535635990896904	0.1260091814924191	0.16571930273126212	0.20397231871497024	0.28376724540111964	0.3983821840412965	0.47785686781422937	0.5916519845965721	0.8635061936260389	1.1476225038025643	1.2764402156438919	1.4456597734166101	1.8175674758223004	2.3027547039200553	2.5967152812488554	2.8002424623144546	3.1974141281437927	3.626911113633202	3.8704334321304072	3.8484199342759062	3.8311748533991987	3.9061661363871014	3.9301042941500333	3.878173703342849	3.6915169189454935	3.425689681542761	3.2863872167227264	3.264607496194874	3.118973828980549	2.999167752717133	2.999116513851018	2.8147910978618786	2.533275160140671	2.3167589265150115	2.1769921094708127	2.0150260536824476	1.8019588362321295	1.62190866313443	1.5182236151223316	1.4154800812750894	1.2540296165770028	1.1187429978887025	1.0422049416299646	0.9691703428418151	0.8653796146683551	0.7801885948945081	0.7297151093424593	0.6795970934240808	0.6091948913825707	0.5519963046529759	0.51919062062308	0.47851977064458745	0.4250872405744184	0.3762053623010555	0.3431883179484368	0.3130342452399734	0.2611036544327896	0.20753341990993746	0.17595106380852854	0.14496115709657015	0.10360818971292657	0.0736686797563182	0.05621864341515241	0.04414228315775909	0.029369477571083036	0.01878224686014633	0.013949781299709706	0.01068330358490165	0.006680267169695695	0.003849319816862045	0.002507502010485009	0.0018830283297128806	0.0011848987789009622	0.000688522263415424	0.0005251983776750211
MCW_CT_ROA_119_R2_trim	0.00023053572468040545	0.00021452629935537728	0.00019531498896534352	0.00019211310390033785	0.00019211310390033785	0.00019211310390033785	0.00019531498896534352	0.00019851687403034914	0.00019851687403034914	0.00020171875909535478	0.00020171875909535478	0.0002049206441603604	0.00021132441429037166	0.00021452629935537728	0.0002465451500054336	0.0003714186675406532	0.0004994940701408784	0.000720424139626267	0.0013864162331474383	0.0027984475468149214	0.004002356331257039	0.006320521118321115	0.012573802650277114	0.024734562127168503	0.03447789837998064	0.05079150278618433	0.08647651183567209	0.13833104046343828	0.17650071232337042	0.2212566617620191	0.30354830981772885	0.41265894717792573	0.4910827180751086	0.6024442806360045	0.8688251086191481	1.1482728295525795	1.2756374136683735	1.459018976996441	1.8236208312336972	2.312061994130176	2.6317478046755336	2.8171465555945545	3.2117596785461084	3.5976508665805875	3.7815863560249006	3.782412442371672	3.8080179172365227	3.9291804499814003	3.9785086912928773	3.88927215453117	3.677409823549877	3.4490385731734157	3.336569158380028	3.3169576123568683	3.165105011263911	3.032303626307738	3.0264761954894275	2.845252702695174	2.5640247336655992	2.342860926570465	2.2014368651342315	2.056170541619991	1.8601735511358015	1.673958319525204	1.5617482574220818	1.459592114423077	1.292312831086923	1.1482119937363442	1.0698426548852664	0.9872692409438363	0.8683768447100473	0.7687277777169419	0.7108601089370952	0.6574238490872162	0.5773062809906453	0.5067367341579212	0.46627771447651006	0.42426898242363614	0.3626070798417577	0.3085176354386176	0.2771871900775375	0.24571586177359714	0.19904838695114008	0.15609830068915453	0.1287157796132264	0.10522995266141007	0.07620166266206901	0.05521970983108712	0.04218163384638419	0.03226219391499674	0.02156789779787793	0.01460059589642568	0.011139358141154592	0.00874434811253038	0.006041957117665626	0.004156046814377309	0.0033459698929308845	0.00263835329356464	0.0016969990844529844	0.000963767404566695	0.0006403770130011262
MCW_CT_ROA_120_R1_trim	0.0006038184459085517	0.0005998975469091455	0.0006038184459085517	0.0006038184459085517	0.0005959766479097393	0.0005959766479097393	0.000611660243907364	0.000654790132900832	0.0006822364258966754	0.0006508692339014259	0.0007606544058847989	0.0009919874468497635	0.0010978517198337303	0.0013879982457897877	0.0021016018636817123	0.0035209673014667494	0.004622739920299886	0.006638082005994662	0.011703883513227447	0.02140810853675774	0.02832849527070965	0.03848754457817106	0.06230308510056419	0.09903014602800188	0.12311230768235465	0.15619685343934397	0.23346208912164218	0.3370443988879546	0.4014451649532011	0.46409721006471244	0.6003876592840713	0.774546151039695	0.8790185048788727	1.0103058869749892	1.3027618224416968	1.5680067188525253	1.6752903572742772	1.8470610215392627	2.1769850678442957	2.5512387982366147	2.7778706813012914	2.9253435344669567	3.1869851246973315	3.445195928303225	3.5958290260624115	3.565261697463041	3.495810813486559	3.502711595725514	3.5179913391262003	3.4487012120086944	3.2680457906110543	3.064939301542815	2.968351875591443	2.9541268540215975	2.849376116353462	2.7424139916496615	2.722562480015668	2.599955968304237	2.3805189349034706	2.170770442930237	2.034750535741837	1.9122773345963857	1.7328805217775554	1.5599845594997404	1.4552416636296037	1.3609479635928845	1.2229754487027804	1.1000474232733977	1.025981641174615	0.9650547916228426	0.866800983596723	0.7811136568637004	0.7333492652529343	0.6982650610062477	0.6403063319970256	0.5843433405785012	0.5558344839538188	0.5139828080341573	0.4534872573723194	0.3946933768762237	0.35597057835808826	0.319913991159549	0.26331973500212025	0.20676468783468546	0.17209217798293666	0.14456354610810584	0.10626812558090569	0.07507345314163012	0.056837351895391984	0.04400424947033556	0.02967336362750597	0.019482947128049308	0.014146603589857497	0.010147286610463194	0.005889190297108083	0.0035484135944625927	0.0025838724406086725	0.002003579388696558	0.001352710154795132	0.0009527784568557016	0.000784179799881236
MCW_CT_ROA_120_R2_trim	0.0006118780352925759	0.0005844219696063707	0.000553043608822136	0.0005608881990181946	0.0005726550843122827	0.0005687327892142534	0.0005844219696063707	0.0006393341009787813	0.0006746347568610453	0.0007060131176452799	0.0009295839382329518	0.0012551344313693866	0.001400259349996472	0.002051360336269341	0.003153525258815584	0.005451990186260773	0.007362147899001059	0.010609808240169346	0.0181053141725034	0.030134993238159366	0.03820707654990373	0.050405414304774965	0.08018740098411167	0.12298748509380777	0.14898445700354618	0.1860266119093352	0.27391347817087847	0.38554984125098934	0.4509815680763147	0.514142286039881	0.649198673150325	0.8164767144910801	0.9162795132604364	1.0406437239336526	1.3180558893319732	1.572118632011725	1.6771694616222448	1.8608309295874683	2.1761991446494187	2.537670016293606	2.7810719608969143	2.9360261510396612	3.1973412173556697	3.414730500868847	3.5290026462548334	3.525147030173471	3.4956670602166824	3.521899369832303	3.5441819282842077	3.4666969886226378	3.2791995160515417	3.098060083834351	3.0207320359767027	3.0037328090218436	2.883063400330971	2.7707916254449794	2.7614604854067677	2.6400223068766815	2.426943625676238	2.226635937314978	2.094666396446683	1.967627180516611	1.7765211964553278	1.597739063592053	1.4908447552854593	1.389151410278853	1.2348443988272808	1.1045692894413346	1.0335326029209253	0.959154120976995	0.848435574949823	0.758175720153972	0.703608750750188	0.6489907915101295	0.5722236318514994	0.5015321072997168	0.45774360482531723	0.41696350269110627	0.3599490211461519	0.30707256092961843	0.27210530013068696	0.23876579179743762	0.19314949980735646	0.15092991537216874	0.1226580123055733	0.10141093975954842	0.07476678915863515	0.05364523005574719	0.04053299754303513	0.03105281029109823	0.02128237320190716	0.014308532517611007	0.010892213487227458	0.008319187902920215	0.005459834776456831	0.003616356080383045	0.0028201301754830904	0.002278853451955043	0.0016042186950939973	0.0011453101686245653	0.000964884594115216
MCW_CT_ROA_121_R1_trim	0.00029493061734185575	0.00029493061734185575	0.00029493061734185575	0.00029493061734185575	0.00029493061734185575	0.00029493061734185575	0.00029493061734185575	0.00029493061734185575	0.00029493061734185575	0.000297234762789839	0.000297234762789839	0.00029493061734185575	0.00029953890823782226	0.000352534253541437	0.0004308751987728674	0.0006105985437155608	0.0007972343250022039	0.0011105981059279257	0.0019631319216817274	0.003792623407380427	0.00533409671208122	0.008278794594603811	0.015573719082918774	0.031050664057022257	0.043605952603082976	0.06196768767806148	0.10444460901163266	0.16966805420769446	0.21632239123845928	0.2538453998588665	0.3427554602601961	0.47720695544091457	0.5661677070420998	0.688976355274159	1.001614330383766	1.3163444695601418	1.4433973537073863	1.6340469563644162	2.0579659400298222	2.619214296540478	2.9604628456776925	3.17375989394295	3.608807900122115	4.079729146780931	4.339039979642414	4.283689797690961	4.22153777837706	4.29281882195587	4.304477797922666	4.206245165038795	3.934468905303724	3.574554473892396	3.380006257137379	3.3321514603282143	3.1149534938195216	2.9156472167144187	2.8866380255243094	2.6378571373601103	2.2733920186890155	2.005267829488997	1.836258760879426	1.6636990041345125	1.4493627862722147	1.283047263691336	1.1923100159497557	1.0994506502505828	0.9580659814168826	0.8443333621044294	0.7801905611234718	0.7181099703184592	0.6387160306173004	0.5693981189601723	0.5219050729863417	0.48472538203768395	0.43414478116355565	0.39234527859169155	0.3699489848372944	0.3416356455724762	0.3022462791392026	0.2651449291357763	0.2398707577168481	0.21717722919966106	0.18104362028438778	0.14377406766325873	0.12157132212649216	0.10177640858286806	0.07242620386645744	0.04990779040331716	0.038405496326984784	0.03042624064061879	0.02023961361508485	0.012946993272217872	0.009414738300459554	0.007198150379499667	0.004564512132454814	0.002804145010195613	0.0020437770123611413	0.0014631323594693627	0.0008456213794098522	0.0005138244349002643	0.00035944668988538675
MCW_CT_ROA_121_R2_trim	0.0003224900952925983	0.00030866909120862976	0.0002948480871246613	0.0002948480871246613	0.0002948480871246613	0.0002948480871246613	0.0002948480871246613	0.0002948480871246613	0.0002971515878053227	0.0003017585891666455	0.0002994550884859841	0.00030866909120862976	0.00032479359597325965	0.0003570426055025195	0.0004330581279643462	0.0006127311810559367	0.0007947077348281885	0.0012047308559859206	0.002236699160922235	0.004346705784408092	0.006122704809198045	0.009552617322702893	0.017771507751302824	0.034232323615309306	0.04751430854000303	0.0674741419379342	0.11122453036573648	0.1770079028040652	0.22432180678485067	0.2669296588750449	0.3566256718793198	0.4830187542272117	0.5683312054361879	0.6918218769264464	1.0019790295747835	1.3182957430432092	1.451180090309205	1.6493180048569773	2.045893289041008	2.61124376459642	2.9915609409763424	3.1854166477587653	3.625065091170484	4.0471424313901165	4.235052802915753	4.21035006161634	4.201131451892333	4.313344184050073	4.345316773497653	4.209401019335908	3.9040650936121946	3.578704836471492	3.412578670882872	3.359499104698391	3.1300174563888583	2.9262336616727844	2.8970022380351916	2.6480744369795155	2.2828083340470346	2.0210845867102845	1.860095227639539	1.7022271119910892	1.5041767304691822	1.331163097845384	1.2288254731056392	1.1363491347798058	0.9942300532850384	0.8745654964253585	0.8077570661841356	0.7393131504596429	0.6457057932996049	0.5691166991682934	0.5217544216732141	0.4767071623621994	0.4174150548419746	0.36602395465641835	0.33547032162812535	0.307823706458827	0.2659414570830412	0.22472491940396644	0.19904319031527232	0.17684896125709956	0.14379833349096954	0.11267803929523384	0.09382849322538146	0.07749436989881137	0.05560420293048593	0.03940368264339419	0.030466100002427887	0.02430193218097794	0.016762574453173123	0.011252600825031019	0.008539077023211869	0.00683218301884176	0.004934098457976753	0.003376931997849636	0.0025269402466855735	0.002089275117359904	0.0015525594587657942	0.0009905052926844089	0.0006634081960304878
MCW_CT_ROA_123_R1_trim	0.0	0.0	0.0	0.0	0.0	0.0	0.0	0.0	0.0	2.3620487919915584e-06	7.086146375974676e-06	1.8896390335932467e-05	3.306868308788182e-05	4.724097583983118e-05	0.00010629219563962014	0.0002551012695350883	0.00040154829463856495	0.0007157007839734423	0.0015613142515064204	0.0032360068450284357	0.005035888024526003	0.008276618967138421	0.015242300854721526	0.027829658867244547	0.03942731843592309	0.05789853998929708	0.09541259890370703	0.14996647780354405	0.19516428143830253	0.2545509121665543	0.36503102031437545	0.5085916217940384	0.6154696055340725	0.7375001322747323	0.9536559413274639	1.2039315451805135	1.371140979165596	1.5467451345574164	1.8232843589286203	2.0934578618054065	2.266258265281133	2.4400554533470795	2.688689433289695	2.914253282680929	3.054103105508373	3.1657925826376943	3.3098681107540115	3.4067900588358007	3.4528051313525885	3.484036140480301	3.5081880893784145	3.525079100289946	3.535455580633165	3.518659051673313	3.4818417971525406	3.4296570531910717	3.384331698921545	3.30855008752808	3.1492346206058333	2.9270012600113073	2.7616271379376025	2.5844522200991076	2.3204601989109634	2.0543517820051944	1.8777201353888575	1.714736406692648	1.4688778340806226	1.2542975115721495	1.129893125795538	1.0159597023138254	0.8540459817203878	0.7190241866237744	0.640790768584222	0.5676948066672513	0.47783066037593236	0.40409694528512385	0.3583039053547835	0.32150318517555504	0.2712553212235186	0.22616144773560778	0.20020016946282854	0.1762017537361943	0.14149853288425432	0.1097148043392159	0.09015467829273381	0.0739297651405438	0.05040139712351588	0.03307104513667381	0.024740099047319587	0.018863321652844586	0.011666158983646308	0.0071215771078545495	0.005116197683453716	0.0036895202130908145	0.002248670449975964	0.0012991268355953573	0.0009070267361247585	0.0006755459545095858	0.0003991862458465734	0.00021967053765521496	0.00015117112268745974
MCW_CT_ROA_123_R2_trim	6.618569834846828e-05	5.436682364338465e-05	2.1273974469150515e-05	4.727549882033448e-06	9.455099764066896e-06	7.091324823050172e-06	7.091324823050172e-06	7.091324823050172e-06	4.727549882033448e-06	9.455099764066896e-06	1.181887470508362e-05	1.4182649646100343e-05	2.363774941016724e-05	4.727549882033448e-05	0.00012528007187388637	0.0003120182922142076	0.00048221008796741163	0.0008178661295917865	0.0017397383565883088	0.003718217982219307	0.005720335357260472	0.009202175845378106	0.01687026175403636	0.030726710458276397	0.04315071154826029	0.06204672842674799	0.10139412609491236	0.1583752848230615	0.20456817472041033	0.2663950720776438	0.3792913270355435	0.5237368861311935	0.6321348773763384	0.7529899625606414	0.9667319478271377	1.2134533210706993	1.37819661558486	1.5538534590016946	1.8345399143727255	2.110044975073048	2.2816077602920415	2.4482562574086613	2.6993033387942837	2.9259704454382596	3.059006062893622	3.1805442790358787	3.32887588413456	3.4275540328222442	3.4798620084920033	3.5140894696379252	3.5453291192584024	3.55646013545565	3.558909006294544	3.5449012759940786	3.5134512504038513	3.4643438260042285	3.418900252763182	3.338621728216372	3.172885648226984	2.9482135676332266	2.783141708402265	2.598424515636513	2.3231251033560594	2.053546026432866	1.8762865436060219	1.708678353863349	1.4615149547058175	1.2433928944736172	1.1124515816159957	0.9932653215400504	0.8269004774163523	0.6889103876846191	0.6072112343982581	0.5322653861183818	0.4373550946866783	0.362113774539175	0.3179679137407466	0.27826358605648877	0.22498646266091282	0.18112661863034749	0.1563377108239051	0.13622671362573482	0.10808833672787174	0.08269193876158805	0.06699410937829599	0.053782971232953516	0.03678506563210226	0.024952008277372536	0.018588726136155517	0.014388298065968799	0.009689113483227551	0.006396374990391255	0.004718094782269381	0.003614211884814571	0.002510328987359761	0.0017066455074140746	0.0013118950922642817	0.0010424247489883754	0.0006689483083077329	0.00036874889079860894	0.0002174672945735386
MCW_CT_ROA_124_R1_trim	0.0	0.0	0.0	0.0	0.0	6.141589053870395e-06	6.141589053870395e-06	6.141589053870395e-06	1.228317810774079e-05	6.141589053870395e-06	0.0	1.842476716161119e-05	3.684953432322238e-05	4.299112337709277e-05	0.00010440701391579673	0.0003070794526935198	0.000497468713363502	0.0010317869610502264	0.0024750603887097695	0.005097518914712429	0.007099676946274177	0.01118997525615186	0.022140428539202776	0.04160926583997193	0.05516989447091776	0.07615570426799291	0.12438560310803712	0.19484805432309216	0.24051076893861859	0.299298059362266	0.4289162963442007	0.590065451528706	0.6829324196122802	0.7981547718519428	1.0317623946940109	1.2865769245390937	1.4250144834023863	1.5671799868213783	1.8355735700645686	2.100312907820706	2.244959613217461	2.3774091227532304	2.608130198739979	2.813615485304375	2.9225979830653053	3.015452667970772	3.1520784580631727	3.2453753373805174	3.288575274785442	3.3170599648172927	3.337167527379665	3.3364612446384694	3.3421053649789765	3.3436591870096057	3.328919373280317	3.299752966863486	3.280474518823387	3.2231120770602377	3.0799516362145183	2.8798402400722596	2.75215046205324	2.606484252873542	2.336235909736083	2.067498397505876	1.9232017626851912	1.7865329814694135	1.5446464965827278	1.3238747948632485	1.2074425495799737	1.1058115339165264	0.935898331152148	0.799518204621902	0.734687590569246	0.6765206006400396	0.5796923076167189	0.49802759796740426	0.45732728730740513	0.41676209160659117	0.35900658814399394	0.31397645720101625	0.2885318537508312	0.25031888665764956	0.19313455097706234	0.14737357093667403	0.12188597636311187	0.09820400897138763	0.06534650753318101	0.04340875143275595	0.03275923601334469	0.02548145298450827	0.015783883868446917	0.009372064896206223	0.006467093273725526	0.004759731516749557	0.0027575734851878076	0.0014187070714440613	0.0008659640565957258	0.0007001411521412251	0.00047904394620189083	0.0002763715074241678	0.00013511495918514871
MCW_CT_ROA_124_R2_trim	4.909284401841128e-05	4.909284401841128e-05	2.454642200920564e-05	0.0	0.0	0.0	0.0	0.0	0.0	6.13660550230141e-06	3.068302751150706e-05	3.6819633013808466e-05	2.454642200920564e-05	6.136605502301412e-05	0.0002209177980828508	0.0006811632107554566	0.0010370863298889384	0.001675293302128285	0.0035592311913348186	0.007744396143904381	0.01100293366562643	0.0156422074253663	0.028381800448144024	0.051203836311202976	0.06668649199350943	0.08949625464556378	0.1421053736167938	0.21664672065324903	0.2639538124704906	0.3236445741913764	0.4531269502899362	0.6120159399555243	0.7039607001965065	0.816033526485037	1.0404123700711858	1.285993185667786	1.421648986901661	1.5612444888680137	1.8297271161992024	2.0915515265603943	2.2283610096287023	2.354222788480904	2.575343094545331	2.7811525698815154	2.8950479680042296	2.9892816820975705	3.131902530576557	3.2268296810916577	3.2677792496085147	3.2989470689547042	3.3401911945356715	3.3614974888396625	3.3713406040653537	3.3778269960812866	3.3817114673642434	3.3611967951700494	3.335754428757508	3.285692001069733	3.1405612809403043	2.9255468973506678	2.789283572172065	2.6442326279141666	2.3720005346210717	2.0962092101366414	1.9501334527598586	1.8020019325398047	1.547510765753863	1.3251692751944784	1.2080460225775536	1.102490271332467	0.9319540044235106	0.790339559246901	0.7177987456041961	0.655518336361339	0.5527547406197996	0.466744077899543	0.42368965369539635	0.38204051215127666	0.3148139988735647	0.25550984329932386	0.22357494826534732	0.19418060790932357	0.1495797591185969	0.11039753298640238	0.08796210326998843	0.07103734529464113	0.04861418878923178	0.03299652778587469	0.024656880908247067	0.01944076623129087	0.012647543940243209	0.007768942565913586	0.005627267245610394	0.004246531007592576	0.0028719313750770604	0.001963713760736452	0.0014973317425615443	0.0012886871554832963	0.0009020810088383075	0.0004418355961657016	0.00019637137607364513
MCW_CT_ROA_125_R1_trim	4.829731090473831e-06	4.829731090473831e-06	4.829731090473831e-06	4.829731090473831e-06	4.829731090473831e-06	4.829731090473831e-06	4.829731090473831e-06	4.829731090473831e-06	4.829731090473831e-06	4.829731090473831e-06	4.829731090473831e-06	4.829731090473831e-06	7.244596635710747e-06	9.659462180947661e-06	1.4489193271421494e-05	3.6222983178553734e-05	6.520136972139671e-05	0.00010383921844518737	0.0002149230335260855	0.000545759613223543	0.0009659462180947663	0.001803904562291976	0.003395300956603103	0.006578093745225358	0.010246274508440234	0.01635588433788963	0.02850507289597655	0.04736034307318639	0.06652954577127702	0.09349634931493767	0.13932083790135336	0.2018924190439871	0.2569344494165721	0.32388176692717513	0.4396166130481995	0.5857691055770281	0.6933924183316018	0.8084172939823265	1.0046879060370022	1.2249405478214255	1.3743579385674145	1.531418378764078	1.770695331313878	2.012544115669355	2.1704256101513995	2.3234170019043385	2.5487915735102096	2.7470761834296127	2.8611737507109667	2.9728274740605407	3.127835278543753	3.267767077428051	3.359116611273273	3.4305000367904763	3.526874905835337	3.6116511756664234	3.646942020744516	3.6407261568310765	3.594049220707192	3.482255435155994	3.3881312207992944	3.2460260429242833	3.019067319520737	2.774801254754478	2.6054346597392866	2.4450875875355558	2.1934416936630523	1.9598855575899188	1.8211370428227864	1.68494587066806	1.478455547625942	1.3056115462256097	1.2085580999625383	1.1133399515138465	0.9801697761562117	0.8668208171938814	0.8007259472207471	0.7274951495614375	0.6283190364841026	0.5413210903513974	0.48475769468531316	0.42406729380241903	0.33521956066206243	0.2552078205517277	0.20735243004176776	0.16702659030185651	0.11491379183564386	0.07899749658133522	0.059086930160856845	0.04494547752794947	0.0288745473243978	0.017971429387653125	0.012859159028386576	0.009490421592781078	0.0059164205858304435	0.003400130687693577	0.0022385803604346205	0.001543099083406389	0.0008935002517376588	0.0005240258233164107	0.00034774063851411585
MCW_CT_ROA_125_R2_trim	4.827266059282351e-05	3.137722938533528e-05	1.2068165148205878e-05	7.2408990889235264e-06	4.827266059282351e-06	4.827266059282351e-06	4.827266059282351e-06	4.827266059282351e-06	4.827266059282351e-06	7.2408990889235264e-06	9.654532118564702e-06	7.2408990889235264e-06	7.2408990889235264e-06	9.654532118564702e-06	1.4481798177847053e-05	3.861812847425881e-05	7.240899088923528e-05	0.00013274981663026464	0.0002823950644680176	0.0006347854867956291	0.0010475167348642702	0.0019188382585647347	0.003820781085921981	0.007306067180723839	0.010919275826096678	0.017525389428224576	0.030083522081447614	0.04963636325457078	0.069531940317903	0.0963329214790386	0.14375839687845807	0.20783794018240162	0.2624801783404482	0.3283506373523855	0.44336025121478756	0.5905966932889586	0.6996180836048207	0.8154314372660932	1.0092992694729317	1.227834431242703	1.3787371818888992	1.536682913715588	1.7771990314863015	2.0238481907853334	2.1866742885979567	2.341233693284059	2.5632106957540985	2.764275981655327	2.8867702715426464	2.99618508404234	3.1545290653189193	3.3049056439646542	3.3998796900480044	3.4760491211974207	3.582688255713027	3.6732743169484903	3.7074875651436536	3.700891106073644	3.6529153223434667	3.5276139772426744	3.4222178637373335	3.2838949684416274	3.054160549414321	2.8019141751195518	2.6301045351706036	2.4635228243638587	2.1986603902231545	1.9530321976956613	1.8092955235144699	1.6673425241421833	1.4617251263470517	1.287890448286235	1.1831267066346596	1.0793670363234151	0.9358065573533877	0.8136501760902181	0.7407584585950546	0.6674081508242593	0.5635446942927402	0.46683765969410723	0.4053431173649094	0.3521852635200921	0.2775702120417648	0.20963851042251394	0.16742889600014907	0.13372251074121005	0.09306727598993408	0.06459606077228677	0.047765797656598864	0.03633965889427754	0.024295630076368074	0.015454492288792449	0.010897553128829908	0.008143597842009326	0.005459637913048339	0.0035263178563057574	0.0026453418004867284	0.0020419335430764346	0.0013009482029765936	0.0007482262391887643	0.00048755387198751746
MCW_CT_ROA_126_R1_trim	0.0	0.0	0.0	0.0	0.0	2.9856105216736366e-06	2.9856105216736366e-06	0.0	0.0	2.9856105216736366e-06	2.9856105216736366e-06	0.0	0.0	0.0	2.9856105216736366e-06	8.95683156502091e-06	4.478415782510455e-05	9.852514721522999e-05	0.00016719418921372364	0.0003642444836441837	0.0007284889672883674	0.0011852873771044338	0.0021018698072582404	0.004263451824949953	0.007681975872266267	0.012593305180419399	0.021341144008923153	0.037072325847621546	0.05793278656255524	0.08625428797115135	0.12999646772419182	0.19407961196139475	0.2680361701937724	0.3545233357856143	0.4883712410827651	0.6682841311188185	0.8325225659160851	1.0132475420140337	1.2644657681392186	1.53995700780561	1.7631612504059309	1.993916102015565	2.281054208327005	2.5509832555915186	2.751717793405724	2.941704133341904	3.156617335523537	3.336509326285939	3.4609674864924265	3.5689510478403186	3.683637304809368	3.7747551523203255	3.825988228872245	3.846920344239699	3.8604989008922708	3.8442541940438444	3.793543599333218	3.7135352085734077	3.5764509014707624	3.374963989805096	3.18643164219297	2.9761730068146264	2.709351980103175	2.421150996446019	2.179331472243063	1.9582290994499998	1.7024757309423928	1.4916349015123223	1.3365742334586803	1.1831646080235239	1.0151135485900797	0.8724043512646017	0.7711055718747367	0.6788233362603263	0.5772618231445542	0.4950828935354874	0.4396878759163548	0.38245670782639285	0.3170658661806968	0.2592256335443135	0.21895273321745778	0.18492871571246505	0.14335707480868132	0.10815971236867084	0.08547205801447287	0.06705382670626821	0.04728012822122371	0.033199989001010836	0.023977438099560978	0.01749567765700751	0.011234852393057894	0.006980357399672962	0.004994926402759994	0.0034752506472281127	0.0021526251861266918	0.0012181290928428437	0.0007284889672883674	0.0004985969571194973	0.0003105034942540582	0.0001791366313004182	0.00013733808399698727
MCW_CT_ROA_126_R2_trim	5.980824042721265e-05	2.9904120213606326e-05	0.0	0.0	0.0	0.0	0.0	0.0	0.0	0.0	0.0	0.0	0.0	1.1961648085442531e-05	3.588494425632759e-05	3.588494425632759e-05	5.681782840585203e-05	0.00012559730489714656	0.00020334801745252302	0.00035286861852055465	0.0006848043528915849	0.001220088104715138	0.0021949624236787045	0.004324135782887475	0.007736195899259957	0.012798963451423508	0.021776180339548125	0.0373352940866875	0.057825597257050554	0.08611489497912214	0.13016964487780697	0.19431996356003528	0.26840443097722355	0.3552071207212587	0.4890609532093819	0.67105742882939	0.8377340236639677	1.0181096959683982	1.271158361215935	1.550319304233993	1.775177355356163	2.0064348882040446	2.2952967278193963	2.5669337941917107	2.7678326641987394	2.956847636832881	3.1737003549738683	3.3574970586307358	3.484299499572491	3.5897175041494958	3.7063704866907528	3.798131279566204	3.844587330318041	3.8701134873323753	3.886091258762505	3.8674280973371937	3.8155504295906293	3.7348093050138917	3.5984076414835697	3.3910046253300816	3.1936075278000664	2.976407921864601	2.7055393913817762	2.4154783965458586	2.171517593431237	1.9498443311118159	1.6910510843712454	1.4780171223815355	1.32281772888494	1.167148840700991	0.9995811030840478	0.8560921630631004	0.7511944901778123	0.656030608422053	0.552637112783509	0.46742233182281645	0.40692629663069085	0.35139434539402387	0.2883893545159767	0.23240884147610563	0.19472366918291897	0.1635605855083198	0.12745435076241152	0.09601315876982583	0.07433865243900398	0.0582472453520624	0.04162653533734001	0.02973665714041013	0.02159675561826649	0.016145234503326056	0.011172179311803324	0.007485001289465663	0.005705706136756087	0.004279279602567065	0.002984431197317911	0.0021022596510165245	0.0016267841396201842	0.0012978388172705147	0.0008403057780023378	0.0005023892195885863	0.0003588494425632759
MCW_CT_ROA_127_R1_trim	0.0	0.0	0.0	0.0	0.0	0.0	0.0	0.0	0.0	3.93718954276158e-06	3.93718954276158e-06	2.7560326799331056e-05	5.512065359866211e-05	8.268098039799316e-05	0.0001929222875953174	0.0005157718301017669	0.0007992494771806007	0.0014449485621934998	0.003236369804150018	0.006685347843609161	0.009216960719604858	0.014205379870283778	0.026725642616265602	0.048443180134138474	0.0634320607234318	0.0854133899406697	0.1389276702058851	0.21269485347906605	0.25766936962603154	0.31649491858443235	0.4450441571555979	0.6027285983431991	0.6930752867809491	0.8014936752199747	1.0189997743202954	1.2557705418533485	1.3880443617319664	1.5196764197151145	1.7716447388832273	2.0142779816454524	2.1405239643341023	2.266758135454124	2.473460586449107	2.6561658671809583	2.7607218726785345	2.8446312562138694	2.9641564563530256	3.047176035051696	3.089500822636383	3.1215022992399493	3.1510627183270032	3.1580945388503756	3.165264161007744	3.1846902542117297	3.1841232989175716	3.1710242693088047	3.1720951848644354	3.131872856495583	3.017509311846988	2.848670812684743	2.7419336041804763	2.6133410565243405	2.375015099121897	2.136878126817505	2.001954578376609	1.8787599175835987	1.6667737582222297	1.4707647140253874	1.3642283021878017	1.2617786930956028	1.0985703749795068	0.9680722275846744	0.9014825408479479	0.8436412892752374	0.7438492831244025	0.6592154567131995	0.6184773565142455	0.5687034063146535	0.49966478768232925	0.43943366205716267	0.40047910872107956	0.3570361593062483	0.2846824270789188	0.21526977544003212	0.17690186334582053	0.14525079661156018	0.09965420451683833	0.0669873428805455	0.049604651049253136	0.03810412039484656	0.0238869289559345	0.014299872419310057	0.010213069673923537	0.007543655163931187	0.004472647320577154	0.002759969869475867	0.0019410344445814586	0.001299272549111321	0.0006102643791280448	0.00027560326799331056	0.00015748758171046318
MCW_CT_ROA_127_R2_trim	4.717122608669434e-05	3.144748405779623e-05	7.861871014449058e-06	0.0	0.0	3.930935507224529e-06	7.861871014449058e-06	1.1792806521673585e-05	1.5723742028898116e-05	1.9654677536122643e-05	2.75165485505717e-05	5.50330971011434e-05	8.25496456517151e-05	0.00014544461376730757	0.00029088922753461513	0.0007468777463726605	0.0011832115876745832	0.002110912367379572	0.004618849220988821	0.009320248087629357	0.01263009578471241	0.018498982496998634	0.03453719936647471	0.059687324741697245	0.07580022938581059	0.09965314604364903	0.15452507478899621	0.2317011316023354	0.2801341879868488	0.3389173975618844	0.4656153798952382	0.6210563626574178	0.7111848519670618	0.8124968527947595	1.021052636130557	1.2506743028495704	1.3776671053459661	1.5120264809829005	1.7554142838482143	1.9921312891577683	2.125637651789635	2.2438408824918765	2.45220404998782	2.646030617978047	2.750404817565873	2.8333632805103393	2.9578992483147193	3.052591553748251	3.100486071968275	3.1449174360064336	3.189851959789517	3.2108077769785313	3.2289451134088654	3.2532933279406135	3.264531872555769	3.2567211037029136	3.2567918605420436	3.2244992253501943	3.1093699862146025	2.9255515800257688	2.8091094084307637	2.672760979427174	2.425174937440144	2.1805174424059968	2.0434535831400917	1.9049077611879632	1.6730729777783824	1.4651933153498276	1.350598683443218	1.2492434423249408	1.0862747180664263	0.9470056039809684	0.8725183070545709	0.8024886909933658	0.6894742951606606	0.594239520627132	0.5442105044266854	0.4943308637755134	0.4162271061824692	0.3436620367191044	0.3014005490809335	0.2617216860710091	0.20161375123003886	0.15049586589409109	0.12201623814424938	0.09989686404509694	0.0690390203133844	0.04636145337220609	0.033770666942565926	0.025578597345510008	0.016800818357877636	0.010574216514433982	0.007728219207203423	0.005876748583300671	0.003746181538384976	0.0023231828847696963	0.0016706475905704247	0.0013168633949202171	0.0008569439405749472	0.0004913669384030661	0.0003852316797080038
MCW_CT_ROA_130_R1_trim	0.0	0.0	0.0	0.0	0.0	0.0	0.0	0.0	0.0	3.5806554088950926e-06	1.0741966226685278e-05	2.5064587862265647e-05	5.729048654232148e-05	0.00011816162849353807	0.0002900330881205025	0.0007304537034145989	0.0011458097308464296	0.0022056837318793774	0.0049771110183641784	0.01084938588895213	0.01542546350152006	0.023098808042782245	0.04192231352734375	0.07352159751084295	0.0952884017415162	0.12653678149494368	0.19939953841054991	0.29869111289921085	0.3596052227153342	0.43981548452999314	0.6080096110520223	0.8105959327764889	0.9296491444668419	1.0681954442032195	1.3396771566502368	1.6292734048108541	1.7881112787494404	1.9463296993022876	2.229140605463049	2.4792386438081446	2.609134080076632	2.737500576485521	2.942149355725511	3.0983196413844705	3.1746305694588424	3.2372490712496003	3.316299200711777	3.342599114690111	3.3468135461063806	3.341392433817314	3.2985391498836574	3.250193140552756	3.239325851386759	3.215160008032126	3.1456630672008816	3.0734985380900097	3.03661778737839	2.9669847816416075	2.801594308304743	2.5772161177617408	2.4356334222386202	2.2789152963020998	2.007240228463002	1.747785937534464	1.605970499409765	1.4797738801786662	1.266352495186883	1.0813436108646826	0.9857329501363656	0.8990202180991532	0.7620171808440092	0.653143772481145	0.5959499636348637	0.5506582533677497	0.47731210797194257	0.4139703137885884	0.3834523877385755	0.3520034912822499	0.30570919750064524	0.26625037489462133	0.24271830754736276	0.21575955297379162	0.1728597205198195	0.13312160679190174	0.1102555413506977	0.09079825985876176	0.06295150274378462	0.04318628488668372	0.03310673991064403	0.026017042201031744	0.016521144056641957	0.010093867597675266	0.007365408176097205	0.00575053258668552	0.0035806554088950926	0.001887005400487714	0.0011458097308464296	0.0008772605751792978	0.000497711101836418	0.0002506458786226565	0.00020051670289812518
MCW_CT_ROA_130_R2_trim	7.870726888460172e-05	4.650884070453738e-05	1.073280939335478e-05	7.15520626223652e-06	7.15520626223652e-06	3.57760313111826e-06	0.0	0.0	0.0	3.57760313111826e-06	1.431041252447304e-05	8.944007827795652e-05	0.00017530255342479477	0.00022181139412933212	0.0004364675819964278	0.0011555658113511981	0.001785223962428012	0.003302127690022154	0.007190982293547704	0.014596620774962502	0.02000595670921331	0.029483027403545584	0.052780378993387694	0.08929697415271177	0.11354596817543135	0.14732211933631884	0.22716348841348508	0.3321840283274616	0.39465971180617976	0.4750949630031116	0.6442941254862187	0.8457310697838323	0.9631050733095602	1.0968358783507608	1.3519118263932306	1.62695079990734	1.7821042924976767	1.9339985886355648	2.2093738568439996	2.4587077518610245	2.5886749184082887	2.7081453973688516	2.9040907208601987	3.059881026807875	3.1357727220282863	3.1988351324205078	3.2869049886992463	3.3264231928855783	3.336451214462103	3.32885954061787	3.297609177267552	3.264337468148152	3.2539767294804336	3.2397307138123206	3.1901594448275463	3.1189043232650637	3.0746135965018198	3.0155044375694837	2.852515994121998	2.6155105194948067	2.4675336987854934	2.3086630765419245	2.0314238771021773	1.765232316131323	1.6195380062196632	1.489148682502927	1.2721312765692934	1.08477220059263	0.9865669946434338	0.8985865784429734	0.7589813490604767	0.645303009569194	0.5840902199957605	0.5320575600567766	0.4546167626805907	0.38936485917212477	0.35418986518697	0.32021336825073987	0.26944360221704067	0.22432287152737715	0.19742645118763008	0.1717857695469055	0.13355550248777578	0.10072026095037237	0.08182336121180574	0.0669441097894849	0.04695246349279605	0.032942569631336946	0.025329430168317284	0.019734058871248326	0.013215665966350855	0.009004827081024661	0.007133740643449811	0.005688388978478034	0.003613379162429443	0.0022073811318999667	0.0017816463592968935	0.0014131532367917129	0.0009373320203529842	0.000604614929158986	0.00042931237573419126
MCW_CT_ROA_132_R1_trim	0.0	0.0	0.0	3.259964889526147e-06	6.519929779052294e-06	3.259964889526147e-06	0.0	0.0	0.0	3.259964889526147e-06	9.77989466857844e-06	1.955978933715688e-05	2.9339684005735324e-05	8.801905201720597e-05	0.0002868769102783009	0.0007660917490386445	0.001154027570892256	0.001998358477279528	0.004508531442214661	0.009985272456618588	0.014356885373473151	0.022001503039411965	0.041189656379162866	0.07296453415737422	0.09431404421888095	0.12914024913368877	0.21015689656819259	0.321357558914819	0.39092846962219646	0.4771089014417097	0.6654272932149665	0.8982018261866916	1.033702266819846	1.1847885995898246	1.4870362443222414	1.8166773740213464	1.999988459724291	2.1792571889642236	2.5016546766788013	2.79349977344874	2.946936540904067	3.0773872959233453	3.280678706434196	3.437251560113247	3.5166317051732086	3.5794381887348194	3.63344276709471	3.632031202297545	3.6303849200283347	3.6008268183750003	3.514649646520377	3.413271258385893	3.358921123747713	3.303961375675192	3.195459964257093	3.0599367038697123	2.9695802570267156	2.8656101968050582	2.6355740343405354	2.3498707114224637	2.179736403802984	2.0119166712550673	1.7243649482446344	1.454951669879525	1.309260579001712	1.1808570819330562	0.9771940354247997	0.8109586458131929	0.7229950131991089	0.6495936437465382	0.5363815830630742	0.44371382111340385	0.39781677543376526	0.35712589368269987	0.2997309518377025	0.25487383495782273	0.2297362456946866	0.20861493317544672	0.17570232765079075	0.1454628933355462	0.12853715562912643	0.11178093609696205	0.08614457220572842	0.06419196863965936	0.0523778558800166	0.0423665037042818	0.027928119208570502	0.018272103205794053	0.013796171412474653	0.010767664030104863	0.006568829252395186	0.003941297551437111	0.0029013687516782705	0.0020961574239653125	0.0011964071144560959	0.0006552529427947555	0.00040423564630124226	0.0003031767347259316	0.00018255803381346422	9.453898179625825e-05	4.5639508453366055e-05
MCW_CT_ROA_132_R2_trim	9.773571116934132e-05	6.515714077956089e-05	2.2804999272846307e-05	9.773571116934131e-06	6.515714077956088e-06	6.515714077956088e-06	9.773571116934131e-06	9.773571116934131e-06	6.515714077956088e-06	6.515714077956088e-06	1.9547142233868263e-05	7.493071189649502e-05	0.00012054071044218763	0.0002085028504945948	0.0005733828388601358	0.001325947814864064	0.001837431369983617	0.003094964187029142	0.006870820495204695	0.014015300981683545	0.019064979392099515	0.028923254792047076	0.0528391833151849	0.09172822278946581	0.11806473909256432	0.15602203145369753	0.24322183295898384	0.36211406773944854	0.4354223668305325	0.5219966597843351	0.7094016280945081	0.935689120164884	1.0669025702667638	1.2166858054908183	1.5112188868137064	1.8282507288477765	2.005797421758002	2.179118674088673	2.477408064577503	2.752762141511927	2.90816192227118	3.0384957509725354	3.2386031038776837	3.392914760385918	3.471445404310484	3.5342145358804733	3.6023558737077384	3.618185801060133	3.62087027526025	3.5987363945374335	3.5163973157343027	3.4148336225441627	3.3656106605422433	3.316860087810976	3.2131071146906414	3.082818895987832	2.9972773437153855	2.892361315632136	2.662545564388547	2.3764144963691836	2.203614501164749	2.0265011032407076	1.73311478759554	1.4671563703615282	1.320878589311414	1.1888995428053746	0.9797158001896334	0.8080267342354903	0.7178557671106561	0.6435212430522941	0.528968473847748	0.43402474616081094	0.38519924271764705	0.34344003119202643	0.2818046338716008	0.23173788689658625	0.20533947130974714	0.18169720277788348	0.14702383031204017	0.1174457462551585	0.10085022249860434	0.08664922366569904	0.06589015861333095	0.04921644628784131	0.04000322658161141	0.0321094389761676	0.021488825029099178	0.01437366525597113	0.010913821080576449	0.008760377577811961	0.005939073382056974	0.004033227014254819	0.003166637041886659	0.002505292062974116	0.0016158970913331102	0.0009350049701866987	0.0007297599767310818	0.0006874078352243673	0.000508225698080575	0.00027040213423517765	0.0001628928519489022
MCW_CT_ROA_133_R1_trim	5.695567985635452e-05	4.881915416258959e-05	4.068262846882466e-05	4.068262846882466e-05	4.068262846882466e-05	4.068262846882466e-05	4.068262846882466e-05	4.068262846882466e-05	4.068262846882466e-05	4.068262846882466e-05	4.068262846882466e-05	4.068262846882466e-05	4.068262846882466e-05	6.916046839700193e-05	0.00010577483401894411	0.0002034131423441233	0.0003010514506693025	0.0005817615871041926	0.0015133937790402772	0.003396999477146859	0.004837164524943252	0.0077581772490048625	0.015243780887268599	0.028599887813583736	0.038266080337776474	0.05354647559066702	0.09013643163552791	0.1442280544476772	0.17924766103364143	0.2274972583976675	0.33497262628660845	0.47436758447218924	0.5587148780766035	0.6636964008404055	0.8742737540578888	1.1111646313690078	1.2455068070987607	1.3919927474264575	1.670200902210515	1.951236499673156	2.106749915258085	2.256108049155681	2.5153458942847253	2.746073353382817	2.8683938124000328	2.9838673850459445	3.1456011745237573	3.248121398265195	3.3005084189445006	3.343469274607579	3.380966453267295	3.394049986582869	3.412589060376112	3.426482177998216	3.4205913333959304	3.3960068210122194	3.3795344247451924	3.329982983270164	3.188313866153176	2.9804825903573384	2.849899489498105	2.685631172266685	2.3968577388692736	2.1282303430896246	1.9817159249219993	1.8423738541534278	1.5946939437723764	1.3808782533287747	1.272939103475289	1.1666313270234034	0.9981564260083068	0.8667393312654625	0.8008619509858946	0.7304362528435123	0.6312886190021397	0.5520714048476444	0.5051236515946207	0.4673661041127045	0.406984946939275	0.3463312161551043	0.31205203340727267	0.2760194293724347	0.2213419767103343	0.17091992698607303	0.14069680229658318	0.11450532608835387	0.07959149433640857	0.05527548730059206	0.04147593972396674	0.03145174006924834	0.019910078372642786	0.012513976517010465	0.00889322258328507	0.006383104406758589	0.0035841395681034524	0.0019202200637285238	0.0011716596999021502	0.0008055160436827283	0.00045564543885083617	0.00023189098227230056	0.00013832093679400385
MCW_CT_ROA_133_R2_trim	0.0001301243158917411	8.946046717557202e-05	4.473023358778601e-05	4.06638487161691e-05	4.06638487161691e-05	4.06638487161691e-05	4.8796618459402924e-05	5.286300333101983e-05	4.8796618459402924e-05	4.473023358778601e-05	4.473023358778601e-05	5.286300333101983e-05	5.692938820263674e-05	7.319492768910437e-05	0.0001585890099930595	0.00036190825357390496	0.0005123644938237307	0.000862073592782785	0.0021307856727272607	0.004623479599028427	0.006388290633310166	0.010104966405968021	0.019640638929909675	0.03551173908383048	0.046344588381817924	0.06366332155003435	0.1052055093984727	0.16447306890228916	0.2022131868957657	0.2513717136087425	0.3594480907265768	0.5005313138473254	0.5862385077863951	0.6839578026362211	0.8887328120011054	1.1244001472356635	1.2564437967868076	1.4017113299404502	1.673366171288818	1.9442809305905515	2.0937815703955467	2.2392483564078987	2.4938894434534213	2.7241403540389855	2.8485920630348214	2.963072996325452	3.1257446567296148	3.248179438829128	3.318133457775554	3.356556728427462	3.398895927710738	3.4312074219006052	3.459497261452445	3.471147454109627	3.466686629905463	3.4490303867929026	3.43436293656098	3.382642587378885	3.2389853426344026	3.019839729133224	2.8771502839881866	2.724640519378194	2.437110511491034	2.147819758954464	1.9919348949010298	1.8487778154957564	1.6011268440445436	1.383371934169458	1.2687608765629352	1.159911886319494	0.985171195616372	0.8426525386359426	0.7676927999125565	0.6956201944480184	0.5913174224910447	0.5062161198978459	0.4584848942748066	0.4113188961489221	0.3422147516406643	0.28360188010117815	0.2511033322072158	0.21908868411297586	0.17062957559791717	0.12861162071949964	0.10451422397029782	0.08610163327161646	0.061479672873976064	0.043042683866064996	0.03256767643677983	0.0250326652696737	0.016391597417487764	0.010885712301318469	0.008490611611936108	0.0065590787979180765	0.004383562891603029	0.0028668013344899214	0.002273109143233853	0.0017932757283830574	0.0011101230699514166	0.000634356039972238	0.00042290402664815866
MCW_CT_ROA_135_R1_trim	2.0080947302624243e-05	2.5101184128280306e-05	2.5101184128280306e-05	2.0080947302624243e-05	2.0080947302624243e-05	2.0080947302624243e-05	2.0080947302624243e-05	2.0080947302624243e-05	2.0080947302624243e-05	2.0080947302624243e-05	2.0080947302624243e-05	2.5101184128280306e-05	4.5182131430904546e-05	8.032378921049697e-05	0.00014558686794402574	0.00023093089398017877	0.00032631539366764393	0.0005120641562169182	0.0010090676019568682	0.00217878278233473	0.0033334372522356246	0.00560760453425782	0.010969217464058493	0.021300864851258667	0.029539073482160262	0.041562540679606526	0.07191991276434873	0.11819143558642065	0.1519123663443524	0.20023214579129198	0.2984380185747758	0.42930555214597804	0.5156335445999596	0.6235736565883906	0.8360802814184116	1.0849585220503108	1.2356158291882493	1.3904198519441797	1.681744194937001	1.977079707153521	2.1406239622229184	2.2995395589390615	2.564201424150823	2.803164697052052	2.9312761206059688	3.050105126269248	3.2163201473298946	3.3257663303660223	3.3814457769993735	3.415442820782716	3.4488324159101547	3.4646712630950995	3.477176673027809	3.482367597905537	3.4663982245631253	3.4333198841188772	3.4111354575863033	3.3441152959637948	3.179436467371799	2.954218602899217	2.806924854434468	2.6467441580382602	2.3654402077494483	2.0907679903073286	1.9355322271843916	1.7865868208040019	1.5512833005486768	1.3430438770204634	1.2242700939622666	1.1255320760752632	0.9689609299567019	0.8397199531170123	0.7748484528558847	0.7237273812602291	0.6374997935427605	0.5599070131654205	0.522576532129842	0.47534112383724414	0.40649359601019686	0.34150161006525354	0.29927639812466045	0.26020389491057927	0.20232558454759056	0.15102378442621128	0.1216001763910411	0.0993354260692565	0.06814971490828102	0.045252414746463736	0.033394615364264114	0.025708632784184688	0.01601957571066849	0.009658935652562262	0.007048412503221109	0.005130682035820494	0.0030824254109528214	0.0017018602838974049	0.0010442092597364606	0.000748015287022753	0.00040663918287814094	0.00023595113080583486	0.00019076899937493032
MCW_CT_ROA_135_R2_trim	0.00010036603996605822	6.021962397963493e-05	2.0073207993211642e-05	2.0073207993211642e-05	2.0073207993211642e-05	2.0073207993211642e-05	2.0073207993211642e-05	2.5091509991514555e-05	3.0109811989817465e-05	2.5091509991514555e-05	3.0109811989817465e-05	4.0146415986423284e-05	5.018301998302911e-05	8.531113397114948e-05	0.00016560396594399605	0.000281024911904963	0.0003813909518710212	0.0007527452997454367	0.001630948149448446	0.003542921210801855	0.005279253702214662	0.0082751799952015	0.0158578343146372	0.02901582215418743	0.03859576066894768	0.05401198440773422	0.09052013144538791	0.14348329073547683	0.18067894514689797	0.23019453096415282	0.3320108602077206	0.46666695772818256	0.5548084140263748	0.6597712186228786	0.8644978669456441	1.099364437070217	1.240203082652588	1.395283669306143	1.6816179447253103	1.9747319461441852	2.142338214585504	2.300555239987998	2.5609047476599534	2.795515384382613	2.9215751305799817	3.0376584924047245	3.211221485318029	3.3388921064568535	3.402775090895249	3.4450091205129665	3.489882776981791	3.508846940233378	3.523058771492572	3.533160613415156	3.5298234425862844	3.4963614048616005	3.46451526038037	3.404747283580582	3.2473432231018133	3.016626788729837	2.8618623551021756	2.6898500175063464	2.3914667989892537	2.1028642510668534	1.9408834991656319	1.7900383593986449	1.5482114044024258	1.3348382217365844	1.215302268137009	1.1073786653615068	0.9447756440124957	0.8059142094174558	0.7284115533556658	0.6633944326656532	0.5642026753671979	0.4772756481525949	0.43013371918053733	0.3861232106554209	0.3196658372918954	0.2598326225661298	0.22376608610432677	0.19113206820936296	0.14702621194627868	0.10982553923285919	0.08751918685040276	0.06988487362836633	0.04777423502384371	0.033296433758739814	0.025432754527399154	0.019370645713449236	0.012610992921735214	0.008079466217267687	0.005695772768073803	0.004195300470581234	0.0029206517630122938	0.0019521194773398321	0.0013599598415400887	0.0011391545536147607	0.0007678002057403453	0.0004717203878404736	0.00037135434787441537
MCW_CT_ROA_136_R1_trim	3.883423006964207e-05	3.559804423050523e-05	3.236185839136839e-05	3.236185839136839e-05	3.236185839136839e-05	3.559804423050523e-05	3.559804423050523e-05	3.236185839136839e-05	3.236185839136839e-05	3.236185839136839e-05	3.559804423050523e-05	3.559804423050523e-05	3.236185839136839e-05	5.177897342618943e-05	8.090464597842099e-05	0.00017799022115252616	0.00032361858391368397	0.0006181114952751363	0.0012815295922981884	0.0026342552730573873	0.003935201980390397	0.006352632802225615	0.012242491029454662	0.02312902019231099	0.0318181791703934	0.04451050003148809	0.07414748994630325	0.11897837237586589	0.15207808113855747	0.19781185941723933	0.28946711475327286	0.4106396211280735	0.4921138358141826	0.5941410667646497	0.7857297408132289	1.007893898669973	1.145655093656189	1.2969014750340884	1.5649774013906665	1.8372474245947665	1.998244433905985	2.1529276446450476	2.4143402643588434	2.659050928956854	2.793006369396245	2.9071563525001185	3.081745342335712	3.2121280336086957	3.2772206755770945	3.3294332979057284	3.380700953969334	3.4162601639697696	3.4496802551305357	3.4705051110053815	3.492883336083013	3.489336476403319	3.4771328196039333	3.4379005386760775	3.3081650845709207	3.0945962363029245	2.9478966960290123	2.797582336172784	2.5185907549807975	2.2292466152894117	2.063065236263896	1.9078998338348019	1.6614772269278881	1.439474878363101	1.310283103478919	1.1963920152421763	1.0259712327673913	0.8886210333827456	0.8129590084637264	0.7500605004942626	0.657172258353518	0.5794779087275207	0.5381582879334216	0.4883404431257491	0.4196006197166435	0.35684774010994097	0.3157028733511552	0.27626347652959454	0.21832604145152773	0.16610371056537654	0.13545379448291153	0.11027303246858779	0.0761183271223376	0.051520078559058484	0.03868536552104178	0.030170960578272753	0.01982163826471314	0.012339576604628767	0.008550002986999528	0.006106682678451215	0.003488608334589513	0.0018252088132731776	0.0011003031853065255	0.000705488512931831	0.0003300909555919576	0.00013591980524374725	6.472371678273679e-05
MCW_CT_ROA_136_R2_trim	0.00010991576282234454	7.758759728636086e-05	3.879379864318043e-05	3.232816553598369e-05	3.232816553598369e-05	3.232816553598369e-05	3.232816553598369e-05	3.556098208958206e-05	3.879379864318043e-05	3.879379864318043e-05	3.556098208958206e-05	4.8492248303975535e-05	6.465633107196738e-05	7.112196417916412e-05	0.00012284702903673803	0.00027478940705586135	0.0004267317850749847	0.0008179025880603874	0.0018588695183190621	0.003720971853191723	0.005175739302310988	0.008136999265407095	0.015873129278167992	0.02901452856854536	0.03860952809962532	0.05344169044753464	0.08768691619980216	0.13729771903132273	0.1728522354877976	0.22081106906042938	0.31645394679863714	0.4407169494858513	0.5237065832332749	0.6206522860425828	0.806241818751558	1.0233028206098134	1.1573515590047696	1.3014931506800602	1.5655851677600645	1.833637385118227	1.9873351825259542	2.1415922571974537	2.399832876315445	2.6462252227644987	2.7835520371448035	2.9045563607459903	3.0849151962712438	3.220748449403786	3.2921839967886495	3.354008380559664	3.416211003867451	3.4507601143757567	3.4831464706097046	3.5171104413218095	3.5506573786985	3.5534052727690586	3.545924535264032	3.4987609745635853	3.359963228651393	3.1489314296655984	3.0073437630676505	2.838173705634402	2.5375831896642715	2.2447191052572415	2.078102972901336	1.9160806728680924	1.6545587449481987	1.4278057590622557	1.3018261307850807	1.1826127875545873	1.007174298823911	0.8611318110151047	0.7759923542595382	0.6987506683444122	0.5950354476718693	0.5105554854932368	0.4594058619822034	0.4095461322760558	0.342921015922947	0.2856839988414879	0.24910144672096873	0.21570645172229755	0.1692444122139818	0.12819087479983612	0.10339193901718303	0.08358123917673223	0.05888898634034789	0.04117961725973602	0.0313162939547074	0.024630829321865975	0.016820344528372312	0.011240503156861528	0.008276010377211825	0.005951615275174597	0.0039052423967468296	0.002634745491182671	0.0020560713280885624	0.001532355046405627	0.000850230753596371	0.00043966305128937815	0.0002844878567166565
MCW_CT_ROA_138_R1_trim	1.3458578415448214e-05	1.3458578415448214e-05	1.3458578415448214e-05	1.3458578415448214e-05	1.3458578415448214e-05	1.3458578415448214e-05	1.6823223019310266e-05	1.6823223019310266e-05	1.3458578415448214e-05	1.3458578415448214e-05	2.6917156830896428e-05	5.04696690579308e-05	6.392824747337902e-05	0.00011103327192744776	0.00029945336974372276	0.0007805975480959964	0.0011271559422937878	0.0019481292256361288	0.004353850117397497	0.009478203849079405	0.013347545143520767	0.01998935359154446	0.03743840050717307	0.06790189275054011	0.0892000930929869	0.12176648821376772	0.19730612421507468	0.30103138806293406	0.3669313172741762	0.4570062179641673	0.6416007148658511	0.8619849364188156	0.9938419937995655	1.1478417773183318	1.440017420783901	1.7528385235387676	1.9333618004697783	2.10816181692962	2.4151789077428245	2.691904103187459	2.8402882948623795	2.9622701203307944	3.1388634923644942	3.269785178545371	3.340429256648058	3.3854717539599593	3.425362980383348	3.4268602472320664	3.4237782327749287	3.406312362636281	3.335614450219931	3.253029248418138	3.2205873451477	3.178512464376405	3.085809776250797	2.9859504890527755	2.9290610780906756	2.8495006917877537	2.667385937959116	2.432086246877231	2.2840519782411124	2.1316638594875963	1.864487525428722	1.6064327428909182	1.4636136733907856	1.3435665185695913	1.1475154067917572	0.9796465582158717	0.8892856627345523	0.8053108627113632	0.6805599347339698	0.5847382210605825	0.5344939831911103	0.48809216945924877	0.4246517954534298	0.3702421275643765	0.33768919102201117	0.3072189694894364	0.26695090287041534	0.23306893170952445	0.21022635949390495	0.18451711007579502	0.14819913622170802	0.1155519896304345	0.095636658220175	0.07828855064266227	0.05539550875798485	0.038871739108418304	0.028999871840687037	0.022681069274634105	0.015356237972026412	0.009767563285011542	0.006894156793313348	0.004878734675599977	0.002954157962190883	0.0016957808803464748	0.001069956984028133	0.0007940561265114447	0.0004878734675599977	0.00027926550212055044	0.0001816908086085509
MCW_CT_ROA_138_R2_trim	4.03520175504375e-05	3.362668129203125e-05	2.3538676904421875e-05	1.6813340646015623e-05	1.34506725168125e-05	1.34506725168125e-05	1.34506725168125e-05	1.34506725168125e-05	1.34506725168125e-05	2.017600877521875e-05	3.0264013162828124e-05	6.72533625840625e-05	0.00010424271200529687	0.00020512275588139062	0.0005313015644140937	0.0013282539110352344	0.0019200835017749844	0.003211348063388984	0.007085141748230985	0.014893257144240642	0.020542539601301892	0.02940653278988133	0.05279725229661827	0.08942343355989871	0.11315041987955596	0.15072487355527167	0.23469742207773212	0.34470710992461234	0.41344677182178263	0.5031997468583432	0.6845753404113014	0.9006435810532482	1.0310142244224534	1.1741461933419843	1.4529181065891819	1.7495558756068355	1.9159306066354183	2.090954120092312	2.3881568173556715	2.651527710571119	2.7974944087235682	2.9209110544015813	3.0973368004683524	3.224633965167466	3.2934207044184447	3.3492578087038627	3.4018095862270497	3.4093184241595598	3.4089115413159266	3.3869566811003593	3.3264589187878655	3.2597738471176383	3.2299570688159944	3.200133565178092	3.1257378954876023	3.0327802977239107	2.974474995031658	2.8924393433516182	2.70528332328456	2.464929893413508	2.313878841049704	2.152605277573122	1.8807772740127289	1.6256751817269925	1.4829500956510948	1.356903843496045	1.154094603287546	0.9789264951010969	0.8823540290985125	0.8011523191145153	0.6787915512290721	0.5776996592608384	0.5225821659550701	0.4738369287541415	0.40533265362601545	0.34721566034899787	0.3139992245687294	0.28225227476092274	0.23649981219498495	0.19624867468842358	0.17169110934085316	0.14842817122302593	0.11689306950735903	0.08959156696635887	0.07278831432473085	0.059737799315293515	0.04287401864733985	0.03052966394503517	0.023067903366333437	0.017707810368383654	0.012092154592614437	0.008019963488149453	0.0058174158635214065	0.0045194259656490005	0.0031239186920297033	0.002014238209392672	0.0015132006581414063	0.0011634831727042813	0.0007666883334583125	0.00045732286557162503	0.0003093654678866875
MCW_CT_ROA_139_R1_trim	6.2940786126642275e-06	6.2940786126642275e-06	6.2940786126642275e-06	6.2940786126642275e-06	6.2940786126642275e-06	6.2940786126642275e-06	6.2940786126642275e-06	9.441117918996341e-06	1.2588157225328455e-05	1.2588157225328455e-05	1.2588157225328455e-05	9.441117918996341e-06	9.441117918996341e-06	3.147039306332114e-05	8.182302196463495e-05	0.00020455755491158737	0.00030840985202054715	0.00048149701386881343	0.0010070525780262764	0.00215886896414383	0.00332012646818038	0.005784258245038425	0.011171989537479004	0.020685489360520986	0.028417764936178987	0.04055904258000828	0.06783128520868238	0.10795603636441682	0.13857043473641562	0.179755738138384	0.2603765910880001	0.369015534981891	0.44502597534773053	0.5362995563492808	0.7076967580900467	0.906831964276824	1.0333775618237446	1.176989553528904	1.4287338157996352	1.6906209857546748	1.850679404874726	1.9983982828746492	2.249494255048276	2.4862365809457216	2.6222547668047023	2.7515382885481316	2.930919529009062	3.069483669666865	3.152914828717036	3.219798855094512	3.280816800204986	3.329438557487817	3.378944632815727	3.4168821916535608	3.443254381040624	3.4465996838232553	3.444724048396681	3.4159412269009675	3.3136530083272544	3.147747390176039	3.0308663503388638	2.880733693190984	2.6243632831399446	2.366992114589492	2.2076197500382206	2.0596333736972596	1.8243292447628074	1.608939580558825	1.4800714680038312	1.3576768153019625	1.185335501769297	1.0417486863785879	0.9522028299562139	0.8749241327499225	0.7708767192039703	0.6789894655376852	0.6236896908468172	0.5641351190137884	0.48696027410460596	0.4232579044658313	0.3830230069343752	0.3374129662677039	0.26979882677115846	0.21011837336587622	0.1733672483465298	0.1390267554358338	0.09697601622462408	0.06841348748035382	0.051989089340606524	0.039728224203136604	0.025843486783599316	0.01615689979870907	0.011577957607995846	0.008116214371030522	0.0047897938242374765	0.002832335375698902	0.0018473120728169506	0.001189580857793539	0.0006168197040410943	0.00040911510982317474	0.0002958216947952187
MCW_CT_ROA_139_R2_trim	7.549164167552566e-05	4.718227604720354e-05	1.5727425349067847e-05	9.436455209440708e-06	6.290970139627138e-06	9.436455209440708e-06	9.436455209440708e-06	6.290970139627138e-06	6.290970139627138e-06	9.436455209440708e-06	1.2581940279254276e-05	1.2581940279254276e-05	1.5727425349067847e-05	3.1454850698135695e-05	9.436455209440708e-05	0.0002390568653058313	0.0003397123875398655	0.0005410234320079339	0.001277066938344309	0.002717699100318924	0.003944438277546216	0.006385334691721546	0.012748650987954397	0.02397803268718884	0.032354459428102375	0.044886071946239635	0.07354144093224126	0.11567206795732421	0.14751066783397715	0.19016659086571894	0.2724996625680891	0.3806257118429306	0.4557336043399389	0.5452132181209256	0.7159312747999872	0.9158708877776169	1.0423351150094715	1.183042098637442	1.4303086799754867	1.6850520793244783	1.8404358962881986	1.9946684657163674	2.2453007160791127	2.484222325526942	2.6294650986255834	2.7532682454883757	2.934435603569358	3.083144701214934	3.167855759630083	3.2370658676211916	3.314759348845586	3.37527533610373	3.423435858007645	3.4608356754877287	3.491170733501011	3.5051744330318204	3.5085023562356836	3.477377781469878	3.3672040214145884	3.1898332638128712	3.0674109848957265	2.9171448721405926	2.65364444235724	2.38757415127185	2.2250280648041643	2.0718303599639643	1.8225475226961692	1.599664741619319	1.4745845278181824	1.3469564711104969	1.1676418037356346	1.021033890116694	0.9285031558179884	0.8435090037465558	0.730513743583643	0.6328653050763505	0.5740352978156273	0.5147366132795019	0.43150393284716504	0.3586953899361904	0.3151492946296913	0.27412587834918273	0.21522981590199347	0.16435788586789862	0.1331735468857669	0.10592735521104177	0.07475245268411948	0.05310207894859268	0.03944438277546216	0.029649342268062703	0.019524025828332823	0.0122862646826918	0.008539991964543841	0.006231205923300682	0.004120585441455776	0.002733426525667992	0.0021766756683109898	0.0015381421991388354	0.0008712993643383587	0.0005378779469381203	0.0003963311187965097
MCW_CT_ROA_140_R1_trim	1.654122901331569e-05	1.654122901331569e-05	1.654122901331569e-05	1.654122901331569e-05	1.654122901331569e-05	2.067653626664461e-05	2.067653626664461e-05	1.654122901331569e-05	1.654122901331569e-05	2.067653626664461e-05	2.8947150773302456e-05	4.135307253328922e-05	5.3758994293275985e-05	0.00012405921759986766	0.00030601273674634024	0.0007030022330659168	0.001013150277065586	0.0018236704987180548	0.00425936647092879	0.009039781655777025	0.012451410139773385	0.01865023571251344	0.035604995451162025	0.06345215449507899	0.08158961210817964	0.10907699942105699	0.1722769001736829	0.2613348771813746	0.3169837068894219	0.3869324290794806	0.5371391944421471	0.7203002233065916	0.8264990488793318	0.9495285749731205	1.1948350012405922	1.4554420643453807	1.5952443966586718	1.7487221900587213	2.0224671243073358	2.270089322636672	2.4010503680423456	2.5249234968158136	2.7290877512199154	2.8991067736332807	2.988148209411959	3.0636506492432387	3.163377718964519	3.2188197833099	3.248507154081548	3.2578653543958316	3.241994045157555	3.2191257960466464	3.216772806219502	3.2094988007608967	3.1801298486477543	3.140836159126623	3.1177363328095278	3.0605202216524687	2.909039781655777	2.7031386982052767	2.578951286080556	2.434463650649243	2.1771731039616244	1.925370109999173	1.7881316681829458	1.6594285005375897	1.4426102059383012	1.2469853610123232	1.1402613514184103	1.051885700107518	0.9033495988751965	0.7824497560168721	0.7223968240840295	0.6718302869903233	0.5863865685220412	0.5128525349433464	0.4772764866429575	0.436233562153668	0.37960879993383506	0.33477793400049627	0.30757174758084527	0.27085021917128443	0.21352245471838557	0.16332395997022578	0.1350715408154826	0.11117773550574808	0.07752874038541063	0.053084939210983374	0.039723761475477626	0.030700521048713916	0.019349102638326027	0.011917955504093953	0.00867173931023075	0.006480026465966421	0.003572905466876189	0.0018981060292779755	0.0014018691588785046	0.0010710445786121909	0.0005996195517326937	0.00032255396575965595	0.00021503597717310394
MCW_CT_ROA_140_R2_trim	8.261019808025464e-05	4.956611884815279e-05	1.652203961605093e-05	1.652203961605093e-05	1.652203961605093e-05	1.652203961605093e-05	1.652203961605093e-05	1.652203961605093e-05	1.652203961605093e-05	4.5435608944140055e-05	8.261019808025464e-05	8.674070798426738e-05	8.674070798426738e-05	0.00023543906452872573	0.0005906629162738208	0.0012474139910118452	0.001743075179493373	0.002829399284248722	0.00565466805859343	0.011635646399603867	0.016080075056321568	0.023052375774295062	0.04203619929313758	0.07269284380072008	0.09229624380516452	0.12102394018757306	0.187839068394883	0.2802633580070719	0.336719167375118	0.4053434589203855	0.5502995734918084	0.7278412806959876	0.8327066661390629	0.9531151603509379	1.1942625895670094	1.4472026245590373	1.5811426692164579	1.7267348823130988	1.994396054603028	2.246873472485806	2.3830109484121618	2.504898165169674	2.7109114771422123	2.8838476658034176	2.9703529347231563	3.044867333391546	3.1487083523784256	3.2184024459888327	3.256779013507015	3.273073875078345	3.281491854262723	3.2823510003227576	3.287501746173062	3.2855769285577923	3.2662007065980685	3.228741112278577	3.2010873484712112	3.1381301165142497	2.9783578629171332	2.7639100497205997	2.634459869328841	2.484691710719243	2.2155022497648296	1.9538096642861986	1.8131327579753331	1.6796594609370656	1.4478222010446389	1.2483392252303442	1.1461917153041092	1.0530817610478542	0.8968328323988606	0.7645573832327568	0.6976679058471746	0.6362389625546973	0.5400269953605287	0.4591557419498633	0.4162727881264032	0.374674422883091	0.3113950111536159	0.25599248181109313	0.22394798597576232	0.19388200438445363	0.14955337209458902	0.1110404977495743	0.08828138817846413	0.07142064675028416	0.04977677485325745	0.034526932287642434	0.025625683444494993	0.019314264311163537	0.012246961865397752	0.007790141678968013	0.005799235905233876	0.004419645597293623	0.0028459213238647726	0.0018380769072856658	0.001437417446596431	0.0010698020651392977	0.0005534883271377062	0.00030152722299292946	0.00021478651500866209
MCW_CT_ROA_141_R1_trim	0.00014784022770124425	0.00014784022770124425	0.00014784022770124425	0.00014784022770124425	0.00014784022770124425	0.00014784022770124425	0.00015068330900319126	0.00015636947160708526	0.00015921255290903227	0.00016489871551292627	0.00019332952853239635	0.00026440656108107143	0.00032979743102585254	0.0005458716099738249	0.00114860484598659	0.0022346619033303456	0.00299945077355409	0.005228426514280541	0.011150564866236152	0.022193092642998315	0.03023901272750834	0.04294189998460756	0.07501185707056977	0.12589164005021336	0.1597953845759314	0.20863952134338093	0.3127446293767744	0.4478251081948804	0.5348631991726861	0.6419592287357277	0.8546217101213638	1.0980207434623488	1.242437901276049	1.4008288036888183	1.6949882105947653	1.9990898728136208	2.1745307337941666	2.3419455762593158	2.6193137449959636	2.8612571207103517	2.9954135981053254	3.10382881739247	3.2463069937582425	3.3391478136733217	3.3905166066369	3.433196943141729	3.453038807548017	3.4303822926528014	3.42195539967383	3.393831639434971	3.3082577353276674	3.223081862602637	3.1846036002620863	3.1217516019199443	3.013973232844435	2.9087877539163016	2.8359707556108353	2.736087623310833	2.5339871889619303	2.2903010044094487	2.133570461477016	1.9720777573638222	1.7108526042596293	1.4576335681017194	1.3069730037489438	1.1821702638373761	0.9956726596735586	0.836798433439458	0.7434600742965378	0.6584007679048873	0.5464174815837987	0.4586487187113927	0.4065208230401944	0.36567143089381987	0.3107630017093173	0.26235954254366955	0.2343381332316799	0.20897216185570872	0.17568820905381516	0.1484543332624648	0.1320696557193442	0.1145960780375779	0.08878942905980496	0.06696593698605975	0.05541734073755101	0.045270383570902156	0.030978213866014563	0.02098478308967084	0.015628417916802684	0.012120055590200081	0.007889550612902937	0.004745102692949551	0.003289445066352684	0.002379659049729643	0.0014073252444637672	0.0008841982849055184	0.0006908687563731221	0.0005145977156524078	0.00032126818712001153	0.00023597574806160138	0.00020470185374018432
MCW_CT_ROA_141_R2_trim	0.0001989444801660311	0.0001818920961517999	0.00016199764813519676	0.0001591555841328249	0.0001591555841328249	0.00015631352013045302	0.00016199764813519676	0.00017336590414468426	0.000179050032149428	0.0001818920961517999	0.00024725956820635295	0.00042915166435815276	0.0005655707364720027	0.0008924080967447681	0.0017819741294871645	0.0036008950910051633	0.004888350084079621	0.007721887894444379	0.01571945599711883	0.029443783064572602	0.038811226016390296	0.05410721447715571	0.09128425369218218	0.14762533047520218	0.1838985933374744	0.23256609731409036	0.34104483822062237	0.47993082188853103	0.5669150327451247	0.6753568268196258	0.8814320455676079	1.1144329786740612	1.2561837628563606	1.4059605357813583	1.69018398840256	1.9910534098856534	2.1643340521102665	2.3244928848359288	2.592388679763504	2.829425343753325	2.9627010930805517	3.0735557994930667	3.2176683388613374	3.315125555566671	3.3707362219010815	3.409106927997104	3.429424843550061	3.410701325902435	3.4020159783111863	3.383607929767824	3.3135396838533477	3.2403224310242438	3.2059704034275742	3.1493479623083203	3.0494977277129887	2.944338517561227	2.8707375860918027	2.7709242983285023	2.571752453042282	2.321957763745813	2.156595111831808	1.9880379799791368	1.7183261061540462	1.4695602440264361	1.3242170909451387	1.1907963963537909	0.9925510639323435	0.8297178489804493	0.7360547877182819	0.6519808504001172	0.5407509915392892	0.45159544378488353	0.39758770154781076	0.35007975968416255	0.28879064947301314	0.24108660519320124	0.21382552728245025	0.1875591717725294	0.15188558441475764	0.12157781389346399	0.10329481616620571	0.08751283476103472	0.06741375813626083	0.0507336845063403	0.04110192960230203	0.033090151179615716	0.02217378334650535	0.014937888396466563	0.011030050393205239	0.008364194358980422	0.005374343028485212	0.003268373602727654	0.0023645972499733983	0.0016654495053899175	0.0010828263849036836	0.000784409664654637	0.0006053596325052089	0.0004632564323866153	0.0003154691042632779	0.00021599686418026235	0.00016483971213756863
MCW_CT_ROA_142_R1_trim	1.9679250842407232e-05	1.9679250842407232e-05	1.9679250842407232e-05	1.9679250842407232e-05	1.9679250842407232e-05	1.9679250842407232e-05	1.9679250842407232e-05	2.9518876263610843e-05	3.9358501684814464e-05	4.427831439541627e-05	5.9037752527221687e-05	0.00019679250842407232	0.0003148680134785157	0.0004575425820859681	0.0010921984217536014	0.0024500667298797	0.003379911332183442	0.005082166530051667	0.010115134932997318	0.01965465177885422	0.02616356399498041	0.03687891607867115	0.06449382482327909	0.10610560072954918	0.13157547113233473	0.17102252944594004	0.2628951120037182	0.38115265012845384	0.45022190077259266	0.5324122919159064	0.7079856481191532	0.9211709724949507	1.0419228556639615	1.1722191754915396	1.432319833875636	1.6980536778133715	1.8354591270077694	1.9794079271072678	2.2450532144162123	2.474803548188606	2.587585334766442	2.6916196943448276	2.8642903610488197	2.998847238683779	3.063823205152697	3.1168538663602736	3.182321814100252	3.2002053333032894	3.202758716100092	3.1945377090606764	3.162878714267954	3.121749080007323	3.1035162541018324	3.0859771217885372	3.033748390052788	2.975369892428787	2.94318447767603	2.8855931500857253	2.7386334246073387	2.536611155271897	2.4170400271534302	2.2812777954043737	2.0295408186283	1.781400224943677	1.648378328874425	1.5277691202740218	1.3135653946671295	1.128737870755241	1.0367422928796979	0.9548520103117306	0.8134811920725876	0.6952876115130899	0.6386408879632207	0.5916517567642627	0.5190156419049378	0.45684888849377325	0.4229808977939904	0.39097751611152565	0.3395261147840519	0.2960792487367274	0.27286757236810805	0.24150868615073215	0.19368810660368257	0.14932615539218608	0.12244429874145779	0.10215499112293594	0.07127824655119899	0.04677265943969139	0.03439933047252784	0.026739182082120828	0.01712094823289429	0.01096626253193143	0.008098011721650575	0.005820138436641939	0.0033553122686304326	0.0020023637732149357	0.0012889909301776737	0.0010085616056733704	0.0005460992108768007	0.00021647175926647956	0.000127915130475647
MCW_CT_ROA_142_R2_trim	4.912804354984897e-05	3.4389630484894286e-05	2.4564021774924485e-05	2.4564021774924485e-05	1.965121741993959e-05	1.965121741993959e-05	3.930243483987918e-05	5.404084790483387e-05	4.912804354984897e-05	0.00012282010887462242	0.00028985545694410896	0.0005011060442084596	0.0006141005443731121	0.0009530840448670701	0.00215672111183837	0.004180796506092148	0.005408997594838372	0.008395982642669188	0.016256469610645027	0.029555430999589145	0.038393566034206975	0.051687614618796104	0.08365523255668283	0.1309016720385726	0.1604374518207418	0.20225032968601825	0.29481247653828874	0.4104205886197933	0.4776424906090516	0.558870797814372	0.7334767773948903	0.9362331259294719	1.0479355585487635	1.1693260413560853	1.4191667068288423	1.680783364340498	1.8150208305361053	1.9498036180151161	2.201683097295192	2.4323540001747976	2.549602988910867	2.6380678569310803	2.8029219198669533	2.945742055270719	3.0114409879099324	3.065535876662671	3.1281446553625982	3.1608688451711533	3.1835561756824733	3.188144734950029	3.16996244603223	3.143718245167901	3.1395816639010032	3.1301294283220127	3.099532482799167	3.058800421891987	3.032354796049103	2.9688125845217286	2.808257225396467	2.599104405591695	2.4773061600229096	2.3363185006435527	2.0726433781071583	1.8178358674315116	1.6836180524533242	1.5565925830508347	1.3367445881652606	1.1493751428704917	1.0551279041244614	0.9655478295156666	0.8157613375365321	0.6932163457057889	0.6336142032711122	0.5783549798862421	0.4899441527139338	0.41955840472006517	0.38456449929950776	0.34809183976809993	0.2900028410747585	0.23764708506368443	0.2079344443247358	0.18263350189656355	0.14414659257961188	0.10893652376743511	0.08822905341117376	0.07193819417004385	0.04895118259306951	0.03274384102597434	0.024794923579608774	0.019439966832675237	0.012768378518605749	0.00810612718572508	0.005693940247427496	0.004254488571416921	0.0029034673737960742	0.00216654672054834	0.0018226504156993969	0.001390323632460726	0.0007467462619577044	0.0003733731309788522	0.0002751170438791543
MCW_CT_ROA_144_R1_trim	9.66376850249277e-06	4.831884251246385e-06	0.0	0.0	0.0	0.0	0.0	0.0	0.0	0.0	2.8991305507478305e-05	6.281449526620301e-05	7.731014801994216e-05	0.00017394783304486985	0.000376886971597218	0.0008745710494755957	0.001294944979334031	0.0026527044539342653	0.0057789335644906755	0.011649672929755033	0.015988704987374286	0.023874340085408386	0.04458379598625039	0.07900130750787838	0.10130045332738045	0.1341186111618459	0.210819941766131	0.3148455778112144	0.3787714064552041	0.45945420968251627	0.6320394513685346	0.8472950628773098	0.9733782505293329	1.1087628153650053	1.3803968523173233	1.6691405914033046	1.8257806150602103	1.9851458214348183	2.2770399490526123	2.540976794392695	2.6756317447064295	2.7882967897927413	2.970971005795362	3.1054133532020414	3.16894779922168	3.221523531759492	3.2813470906741733	3.2903633866869995	3.285884229986094	3.2835552617769928	3.2478331415075288	3.196151307556197	3.176098987913525	3.1566119987282484	3.098977283379381	3.0185554019016365	2.9687241796185324	2.9023389218906583	2.7392386689898367	2.5120386396119807	2.3663669932054043	2.2131672711353865	1.9521875389570669	1.7085832625462292	1.5758997210070034	1.4563105857886554	1.2482641455827397	1.0726831356609485	0.9881638163381468	0.9160624395410483	0.7945792056962118	0.693177282799555	0.6429836691976076	0.5896300032953451	0.518263072904436	0.4597199633163348	0.42262075603526505	0.3953351056684767	0.34697760808200284	0.2948512407795569	0.2645215033344833	0.23184830202755527	0.1815290594350754	0.13930322296343325	0.11625996696923925	0.09485955162046902	0.06364557935741738	0.041853781384296185	0.03159569111890011	0.02377287051613221	0.014321704920694284	0.008856843832534622	0.006363591558891489	0.004575794385930326	0.0025608986531605836	0.0015172116548913647	0.0010920058407816828	0.0007344464061894505	0.0003478956660897397	0.00022709855980858007	0.00018361160154736262
MCW_CT_ROA_144_R2_trim	8.687867508862108e-05	6.274570978622633e-05	2.4132965302394745e-05	9.653186120957897e-06	9.653186120957897e-06	9.653186120957897e-06	4.826593060478948e-06	4.826593060478948e-06	9.653186120957897e-06	9.653186120957897e-06	2.4132965302394745e-05	8.687867508862108e-05	0.00013514460569341057	0.0003089019558706527	0.0007046825868299264	0.0015300300001718267	0.0021912732494574426	0.0039288467512298645	0.008615468612954922	0.017201977667546973	0.0231338605388756	0.033477249467481984	0.05859483975421444	0.09841423250316575	0.12436682338936107	0.1604214735511388	0.24543225712535455	0.3589054599772146	0.42658877446431087	0.5057931665867704	0.6815245933257486	0.8909022002893252	1.0069093644979368	1.1413058482669731	1.402241122302586	1.6796157723021903	1.8350513752218542	1.9937449284573416	2.269560588898411	2.5165711419545422	2.6510062384680624	2.765811581004615	2.943391592885756	3.0795401299357468	3.1515866845495157	3.2062575041455608	3.274442784310947	3.300453294313868	3.3054391649453425	3.2969491877519603	3.2621784113442702	3.2228127183430035	3.20796129149591	3.1872359008942133	3.1344233196264524	3.0675363929943353	3.022484973367825	2.9497144297949838	2.773703060658498	2.5389520539759833	2.3958146101744195	2.246421901766475	1.9837538808221502	1.7320615324973545	1.5957392380971873	1.4684812854645992	1.2590554125704176	1.0813981752003086	0.9875885124768397	0.9028962840446155	0.7708213915376696	0.6647425292544632	0.6082713904468595	0.5533351082324881	0.469318602828731	0.400206616795733	0.36403130180744325	0.32821798129868945	0.27200265192329115	0.22102417601851249	0.19233008027396514	0.16697598692726923	0.12760064073988198	0.09539761184036642	0.07823907351036376	0.0632814616159395	0.04273465495748061	0.02847207246376532	0.02112117123265588	0.016096687856697295	0.010246857067396808	0.006622085678977117	0.00509688227186577	0.0037840489594154953	0.0023264178551508532	0.0015638161515951791	0.0013031801263293163	0.001028064321882016	0.0006033241325598685	0.0003378615142335264	0.00026063602526586326
MCW_CT_ROA_145_R1_trim	3.92887788104615e-05	3.92887788104615e-05	3.92887788104615e-05	3.92887788104615e-05	3.92887788104615e-05	3.92887788104615e-05	3.92887788104615e-05	3.92887788104615e-05	4.256284371133329e-05	4.9110973513076876e-05	5.565910331482046e-05	6.548129801743583e-05	7.530349272005121e-05	0.00013423666093574348	0.00024882893246625616	0.00042235437221246116	0.0006679092397778455	0.0012965297007452295	0.0025537706226799978	0.004868534507596355	0.006999950758063892	0.011354457076223373	0.02074447521192367	0.036849600459312015	0.04988037876478174	0.06933159834086107	0.11016573578453404	0.16958019154065446	0.214562569213732	0.2718194162001779	0.38193931507609974	0.5230580604334757	0.6187622515508591	0.7290687721261305	0.9404653205807196	1.1810567057563823	1.3265888906001335	1.4771631353912271	1.7447819263235866	2.0151443836428764	2.1745651517961258	2.319838685512708	2.54510417288739	2.75962090519251	2.889110172021989	2.992154816647127	3.1285425382227436	3.2244791879480887	3.277764594209777	3.310737701826457	3.34492548752136	3.372299944157549	3.397038778548536	3.4040747440205097	3.3915056088660624	3.3787236594930596	3.369205952826225	3.3105969170357192	3.172932310148763	2.97312595144326	2.8280652319452346	2.664185187396998	2.3903522212827837	2.1157956868254773	1.950782815821539	1.7968755729613577	1.5517692522873927	1.3439185161204479	1.228691075999166	1.1131722441017067	0.9522388579642546	0.8234076781798504	0.7490111014373407	0.6848590737696588	0.5929789904564937	0.5139070490355391	0.4704896743850782	0.4321765669150765	0.37697583268637813	0.328408353946846	0.2988271775674693	0.2635262098062697	0.2111739120413297	0.16396517023565932	0.1358900637106837	0.11115450338459734	0.07780487830431726	0.05323302122327447	0.03914144588992227	0.030432433253603307	0.020168239789370237	0.012693549620679936	0.009390018135700298	0.007166928068008353	0.00436760257776297	0.0025308521683738952	0.0017909135007768702	0.0011262783258998964	0.0005664132278508199	0.00033395461988892277	0.0001964438940523075
MCW_CT_ROA_145_R2_trim	5.235170226958699e-05	4.90797208777378e-05	4.253575809403943e-05	3.926377670219024e-05	3.926377670219024e-05	3.926377670219024e-05	4.253575809403943e-05	4.253575809403943e-05	3.926377670219024e-05	4.253575809403943e-05	5.562368366143618e-05	8.834349757992804e-05	0.00010797538593102315	0.00015051114402506258	0.00031411021361752193	0.0005791407063573061	0.0008179953479622966	0.0014233119054543964	0.0028498957923006416	0.0057815911193975136	0.008431896046795354	0.013300604357866945	0.02426828598334542	0.04167849896937494	0.05504127097368702	0.07599503980708922	0.12000646150885262	0.18110744202024434	0.2258027078329042	0.28532659331342464	0.39718582115657275	0.5386761124843072	0.6357099926409866	0.7413230080070947	0.9447715389708853	1.1808482683741959	1.3250902960524755	1.4747245490645224	1.7427783526103753	2.0082342029310998	2.159972339978106	2.3049145716742414	2.5330174824256155	2.7475580303077747	2.8746843233252912	2.9773852752526535	3.119844073072375	3.2213082160336186	3.274644784702152	3.316918784284843	3.361901984459986	3.393803803030516	3.422963701194676	3.439464303353771	3.4360123629853705	3.424494988486061	3.414126079455291	3.354114668747385	3.2141752965993873	3.012215517168888	2.866520729752627	2.7008275920693845	2.4171795252099786	2.1291437313041026	1.9577508020362586	1.8030678817365884	1.5565895234885891	1.34525224538905	1.2279778883423917	1.1125685606890872	0.9472680607728662	0.8105973980353257	0.7314547121292776	0.6625107922216233	0.5678261947042916	0.4868970069582938	0.43992771407829867	0.3984488059738266	0.3382410763824097	0.2843253670075188	0.25198510293048143	0.21826406270608367	0.17030663144575017	0.1307941841577794	0.10804082555886015	0.08740771090185918	0.06125803561820047	0.042856412270440646	0.03149936485933212	0.02386910425353982	0.016039252782844713	0.010359093086594525	0.007692428252237438	0.006046621612137298	0.004099792683987031	0.002732104462194071	0.002192227532538955	0.0016294467331408949	0.0010732098965265332	0.0006609402411535357	0.0003991817298056008
MCW_CT_ROA_146_R1_trim	1.5284450112484636e-05	1.5284450112484636e-05	1.5284450112484636e-05	1.7831858464565408e-05	2.0379266816646183e-05	1.7831858464565408e-05	1.5284450112484636e-05	1.5284450112484636e-05	1.7831858464565408e-05	2.0379266816646183e-05	1.7831858464565408e-05	1.5284450112484636e-05	1.5284450112484636e-05	1.7831858464565408e-05	2.5474083520807726e-05	4.585335033745391e-05	8.40644756186655e-05	0.00015539190947692715	0.00032861567741841974	0.0007412958304555049	0.0012813464010966286	0.002369089767435119	0.004363710507114363	0.007894418483098315	0.012571460217518616	0.020099051897917296	0.03349841982986217	0.054359146825051614	0.07678143514006658	0.10560026582715634	0.15332850871174172	0.22051130918116793	0.28337625249381726	0.35869802264814155	0.48353122153350775	0.6390479540196868	0.7591709948620556	0.8918170951632536	1.0999683790201256	1.3319302887438966	1.4967985572905642	1.6686849358472144	1.9269029834558817	2.180128110694471	2.341050443703766	2.497354325370738	2.717238972097294	2.9107477527464054	3.0257912613347253	3.1247860973049364	3.2585097513390644	3.386140004595015	3.4747516041221447	3.537904404578579	3.6157455615931116	3.6874398222540723	3.7203905492882376	3.6970206250662483	3.6216122430279536	3.4798489682346583	3.3527434810992367	3.193020977423772	2.9503446681711494	2.6824693954997434	2.490234319026672	2.303539855719376	2.030613072285794	1.7900256378818777	1.6419116740668454	1.4946994928084496	1.2949368246549797	1.1314747255186606	1.032365256172606	0.9402789916532382	0.8198400721752113	0.7214693512512602	0.661508453459983	0.5969291043263834	0.5183619359315081	0.4513116006963901	0.4044825929600893	0.3566804752332936	0.290086126093198	0.22769500073403573	0.1875911510472281	0.1511708538375293	0.10628806608221816	0.07594843260893616	0.057856738492458516	0.04450067650249902	0.02983524661957001	0.0191182996823662	0.013697414709138316	0.009914513306298367	0.006123969678402178	0.0038338495698815632	0.002690063219797296	0.0018392288302023182	0.0010367951992968747	0.0005527876124015277	0.0003158786356580158
MCW_CT_ROA_146_R2_trim	2.5477566149506894e-05	3.057307937940827e-05	2.5477566149506894e-05	1.5286539689704136e-05	1.5286539689704136e-05	1.5286539689704136e-05	1.5286539689704136e-05	1.5286539689704136e-05	1.7834296304654826e-05	2.0382052919605515e-05	1.7834296304654826e-05	1.5286539689704136e-05	1.5286539689704136e-05	2.0382052919605515e-05	3.312083599435896e-05	7.13371852186193e-05	0.0001222923175176331	0.00016815193658674548	0.00032866060332863893	0.0008152821167842206	0.0014165526779125832	0.0024713239165021685	0.004529911261382326	0.008231801622905677	0.012983367709788713	0.020669949417094942	0.034458408217208074	0.055505425613315715	0.07804033287255456	0.10830258594493884	0.15682715843328968	0.22407519428491313	0.28765955612423744	0.3647623145624902	0.4900100297534661	0.6445212774237655	0.7648212492685073	0.8990625453102591	1.1092142496944668	1.3419416254437524	1.5076655499764497	1.6786149233264114	1.9369905649184054	2.1896541361796804	2.347979375502561	2.5055937907298707	2.725875375415122	2.920332899051233	3.03985835288503	3.143760963155949	3.284397128301227	3.4212447793600735	3.5138531845569156	3.584232413288314	3.6767975066227025	3.7500531525723795	3.778137073738981	3.7529524996001937	3.6718752408426174	3.522604728529272	3.391097175335362	3.226180889649604	2.9722026759750144	2.6968182112216095	2.5034638661997715	2.313987206745889	2.0325671065716655	1.7813328267713782	1.628454691091262	1.4812529571492559	1.279954707002002	1.1115454469971464	1.0084835964091612	0.9093376477383551	0.7816338951705668	0.6766688703912134	0.6110284689636238	0.5485319991988834	0.4654674902816461	0.3914271352945641	0.3446299417911498	0.2971881658641531	0.23477831982432096	0.18241937363046937	0.14809854427046862	0.11848342137828181	0.08417278304474088	0.0604251436367855	0.04567363283622101	0.03475394798454236	0.023261017894499792	0.014904376197461534	0.01097573549720757	0.008392310289647572	0.005689140521184889	0.0036381964461495845	0.0026139982869394073	0.002040753048575502	0.0013783363286883228	0.0007643269844852069	0.0004993602965303351
MCW_CT_ROA_147_R1_trim	3.752573327159099e-05	3.752573327159099e-05	3.752573327159099e-05	3.752573327159099e-05	3.752573327159099e-05	3.752573327159099e-05	3.752573327159099e-05	4.2216449930539864e-05	5.159788324843762e-05	9.381433317897748e-05	0.0001454122164274151	0.0002579894162421881	0.0003658758993980122	0.0007270610821370756	0.001486957180886793	0.003382006711102138	0.004845510308694187	0.006989167821833822	0.013790706977309691	0.026737084956008583	0.035443055075017695	0.0495902565184075	0.08494887869356411	0.13744737954051992	0.16973358230406502	0.21470817363006683	0.3173645077111629	0.45096549959134474	0.5294411892955595	0.6237761920236802	0.8177748516044877	1.0427556947176526	1.1700101469582767	1.3094698439454857	1.587254084488438	1.876169395663076	2.0315916014406876	2.1797291242469523	2.4447546154775637	2.6815982810212105	2.803495934837315	2.8864324960841894	3.021539208011894	3.1221879153629604	3.172477088663551	3.211743077815612	3.235801763559361	3.2213027583665497	3.2188260599706244	3.1959822698415437	3.1283139913195472	3.061152310196717	3.032468577827245	2.9964344924532	2.9163545776516244	2.8447930043027005	2.8138952536702044	2.7487318178440865	2.589378791506275	2.3780010267040623	2.2464311151372054	2.103809875121865	1.8619377613198251	1.6294705344189777	1.4938196993588353	1.3738686929561947	1.1771681805798326	1.0131009839997778	0.9289120014049634	0.8481144069545692	0.7239698998588282	0.6291142275815641	0.5776148493829644	0.5330483504062911	0.46581630853357686	0.40997801742544954	0.38322216960280514	0.35132998703861174	0.3074154976775324	0.2739988321991806	0.2533127717332161	0.22513563676291015	0.18322877413186092	0.1435124761805408	0.11881585297117499	0.0981813903884589	0.06888786485332317	0.04723082603895621	0.035635374458034594	0.027520434638053048	0.018120238453519504	0.0116705030474648	0.007974218320213085	0.0059572101568650705	0.0037056661605696104	0.002087368913232249	0.001454122164274151	0.0010741741148992921	0.0006238653156402003	0.0003940201993517054	0.00031896873280852343
MCW_CT_ROA_147_R2_trim	7.505229385843796e-05	6.097998875998083e-05	4.221691529537135e-05	3.752614692921898e-05	3.752614692921898e-05	3.752614692921898e-05	4.221691529537135e-05	7.036152549228558e-05	9.381536732304745e-05	0.00013134151425226644	0.00024391995503992333	0.000515984520276761	0.0007364506334859225	0.0011726920915380932	0.002378219561639253	0.005112937519106086	0.007040843317594711	0.010699642643193561	0.020081179375498307	0.0350916381471859	0.044735857907995176	0.06055781960702713	0.0990408832829412	0.15671857111315077	0.19276712600703175	0.23898526671873108	0.34236041997199707	0.47365502654060193	0.5508603830791038	0.6436156367514009	0.8395677944790501	1.0583123956978338	1.1754971710210522	1.3074391036241861	1.575661929569145	1.8503767789328587	1.9933701618066475	2.1469881350297717	2.413925690442405	2.6422253868230405	2.7606954326785846	2.859262548356545	2.9980342397007966	3.0915728516902408	3.1449678680021536	3.1892299583051678	3.226835848296611	3.2222576583712463	3.2199544911034654	3.209287683838835	3.1608601912266776	3.103492094108634	3.0806902690807676	3.060698214304226	3.00916074226531	2.938367666083338	2.892979791372448	2.833238165461131	2.6670911499320145	2.4383692843984246	2.3017037480505755	2.157969223774934	1.8997142806080491	1.6503389619582907	1.514494310074518	1.3910239051406552	1.18953194997258	1.0165457941656129	0.9238655927871743	0.8403276989543667	0.7138223668876035	0.6140450329711763	0.559177115392292	0.506626437386287	0.4289332409377052	0.3649605419601192	0.33072731442393916	0.300706396880564	0.2519927673980716	0.20660958345554736	0.18157026191702605	0.1584588461769933	0.1230904526962044	0.0929241213334785	0.0760326644469638	0.06170236708836831	0.04299089207578649	0.02965972837918145	0.022018466710719234	0.016666300004939377	0.01111243025941497	0.0073175986511977015	0.005103555982373781	0.003738542387823441	0.0024485810871315386	0.0015760981710271971	0.001247744385396531	0.0008865552212027984	0.00047845837334754203	0.0002720645652368376	0.00017824919791379015
MCW_CT_ROA_148_R1_trim	2.607202292043679e-05	2.607202292043679e-05	2.607202292043679e-05	2.607202292043679e-05	2.607202292043679e-05	2.607202292043679e-05	2.607202292043679e-05	2.607202292043679e-05	2.607202292043679e-05	3.910803438065519e-05	4.3453371534061314e-05	8.256140591471651e-05	0.00013470545175559007	0.00017381348613624526	0.000430188378187207	0.0011819317057264677	0.001807660255816951	0.002702799709418614	0.005640247625121159	0.012279922795525727	0.017259679173329153	0.025576654484948492	0.046451654169911545	0.08181400792433065	0.10549175007324066	0.13932019981250737	0.2194699436070835	0.32810337244223675	0.3946609016209585	0.4825627268972111	0.662181583470407	0.8758591926520001	1.000227087319637	1.1387216730729972	1.411787005130192	1.70057376700841	1.8595479267657735	2.0181049341564097	2.3091338900057856	2.5656087248112756	2.6913845087166157	2.8005437233473316	2.981057719374129	3.1182834666786943	3.182876903464077	3.22703421961699	3.278404795444557	3.292718336027877	3.295434171748756	3.2957557266981077	3.257681882559963	3.2001887266832467	3.178066615235256	3.1497219809835877	3.0811264886799186	3.0093632455914165	2.9700335990159377	2.9023506275144837	2.734494598615558	2.5137210538624526	2.382696102675798	2.242120100425956	1.9843503551487511	1.7282926727099877	1.5879209013063562	1.4644611821037812	1.2556938039055368	1.0729680312676557	0.9769795335489141	0.895213324333271	0.7610597303961636	0.6520656385772775	0.5989308558654274	0.5494200843395178	0.4711909795667473	0.40755786229226787	0.37593249848977806	0.3446851790196346	0.2981596541181151	0.2609374960620382	0.23961927198742772	0.20940614275979488	0.163849628043485	0.12498927788057398	0.10344075093683296	0.08562052327071443	0.05943117624713566	0.04037687282944978	0.03076933238326882	0.023191064387728524	0.014152763108643772	0.008816689084261042	0.006500624381495573	0.004745108171519496	0.0027288717323390504	0.0015990840724534564	0.0010950249626583452	0.0007951966990733222	0.0004214977038803948	0.00019988550905668205	0.00016512281182943302
MCW_CT_ROA_148_R2_trim	6.949642197671453e-05	5.21223164825359e-05	3.0404684614812607e-05	2.606115824126795e-05	2.606115824126795e-05	2.606115824126795e-05	3.0404684614812607e-05	3.4748210988357265e-05	3.4748210988357265e-05	3.4748210988357265e-05	5.21223164825359e-05	0.0001129316857121611	0.00016071047582115236	0.00026495510878622416	0.0007166818516348686	0.0017982199186474886	0.0026625816669828754	0.00426099937244731	0.00894332080312845	0.01766946528757967	0.02363747052483003	0.033992437399360496	0.0613045312362093	0.10301541500135865	0.12878121344922555	0.16562300414963135	0.25038692132935536	0.3622805042382393	0.42993961455894447	0.5155678934870038	0.6956809016187802	0.9068805280060157	1.0267575123894745	1.1585401025628197	1.4186652100216621	1.6922899974494814	1.8428235909774184	1.9985259808898739	2.2813503571768607	2.529930371534822	2.65479372419511	2.7691283689259256	2.941614144745758	3.069978379663123	3.135917453539905	3.198125438261811	3.2750492903372868	3.292236624197403	3.289812936480965	3.2879278460348464	3.260255239508994	3.2212590597273096	3.206273893738581	3.190828313954256	3.13699030455417	3.063289349047864	3.0204100566882315	2.9524164948367635	2.787015010532183	2.562502475810033	2.4224584984742057	2.277475931651659	2.0158349334884496	1.7535684675274492	1.6086467100741317	1.4830883931940764	1.2641659769146785	1.073667597223757	0.9781838569541247	0.8916999033304771	0.7533412142275855	0.6381291771693135	0.5781103297396734	0.5249585975066074	0.44224482477519644	0.3749809753544839	0.3394248684606473	0.3076259118799269	0.25587279513914224	0.2096750486301213	0.18519059046245004	0.15916418043217045	0.12184460183067473	0.0902888827268728	0.0720113237469969	0.06022299316919669	0.04236675624755459	0.02809827211046039	0.021005293542461966	0.015736596051352296	0.010072637660250062	0.006510946033943442	0.004782222537272668	0.0036789668383923257	0.0024714665065469106	0.0016331659164527913	0.0011770956472306022	0.0008339570637205744	0.000495162006584091	0.0002823292142804028	0.00017374105494178633
MCW_CT_ROA_149_R1_trim	2.6233785225274574e-05	2.4359943423469244e-05	2.2486101621663922e-05	2.2486101621663922e-05	2.2486101621663922e-05	2.2486101621663922e-05	2.2486101621663922e-05	2.2486101621663922e-05	2.2486101621663922e-05	2.2486101621663922e-05	2.2486101621663922e-05	2.2486101621663922e-05	2.4359943423469244e-05	2.8107627027079903e-05	2.6233785225274574e-05	4.309836144152251e-05	6.745830486499176e-05	8.807056468485035e-05	0.00013866429333359416	0.0003166792645051002	0.0005621525405415979	0.0008956963812629462	0.0016564761527959086	0.00329983541297918	0.0053123415081181005	0.008662770649746025	0.015238081532280916	0.02582528771248101	0.037077707732321996	0.05315714423361351	0.08116170996159411	0.12174162802149027	0.1616469630327365	0.20922005869697013	0.29186585136559406	0.4024112746212975	0.49253931760453007	0.5945643821874247	0.7592825719333202	0.9501258640799854	1.0906002885941235	1.2418024574235973	1.4694142734052866	1.7076020525163653	1.8802128639314648	2.0504420224164694	2.275126897503739	2.47960426260034	2.624529061393766	2.7629366384005127	2.9468017436772547	3.129214621557598	3.2545259182115274	3.3600513192801946	3.4882745660941294	3.5981678924028047	3.6594162855366132	3.6949424522570404	3.7022616783348923	3.6300962828637657	3.550122588604516	3.438900708458361	3.2572186288807217	3.0396618480075195	2.870240315339093	2.7014540150414783	2.4544854132471396	2.22344821445175	2.0676270255808262	1.9109775986335047	1.7072010503707788	1.5283784533826947	1.4086980513431904	1.298969623113074	1.1576238621610966	1.0348178919961808	0.9548704315221566	0.8687149331587513	0.7598297337394473	0.6593412194340331	0.5874419094987626	0.5161534719908809	0.41814592423105684	0.3256006253234954	0.2656283184567159	0.21391403241049245	0.1514401467383029	0.10667593993497544	0.07896744121168008	0.059627519975247296	0.04022201427575134	0.02608575172293195	0.018586636832107033	0.013426076509935166	0.008389189746682447	0.005006905294423832	0.003507831852979571	0.002520317223428164	0.0015234333848677306	0.0008301119181997596	0.00044597434882966776
MCW_CT_ROA_149_R2_trim	3.7455448382824494e-05	3.932822080196572e-05	3.183713112540082e-05	2.2473269029694697e-05	2.2473269029694697e-05	2.2473269029694697e-05	2.4346041448835924e-05	2.4346041448835924e-05	2.2473269029694697e-05	2.2473269029694697e-05	2.4346041448835924e-05	2.6218813867977147e-05	2.8091586287118374e-05	3.183713112540082e-05	3.370990354454205e-05	5.618317257423675e-05	8.24019864422139e-05	9.73841657953437e-05	0.00016293120046528657	0.00034459012512198534	0.0005524678636466613	0.0009626050234385896	0.0018540446949498125	0.0034964661065366664	0.005449767739700964	0.00902114474300328	0.015832418031419913	0.02655216735858429	0.03802477119824343	0.054409657093310006	0.08254244437364949	0.12319471527594805	0.16334882871475506	0.2107093704224175	0.2942874579438521	0.4050507099015407	0.4945074300466596	0.5968544427527275	0.7635143331045242	0.9554154501215064	1.0949594686165574	1.2463356632557425	1.479018272471944	1.7165120340329194	1.8837787026485178	2.056453938010596	2.2827316655533347	2.487047390936804	2.6322715281791105	2.7743512805296784	2.9627615497573814	3.1514658442548895	3.282713480933145	3.3907087752553426	3.53097942944902	3.653844536779199	3.7186499535711626	3.747393264660142	3.7501986777440157	3.6764245538367852	3.590308859687415	3.475470454945675	3.283125490865356	3.057550052979795	2.8874274064250067	2.7136191437493475	2.4608229587515695	2.229649804105196	2.0746572859246486	1.9110537601608906	1.6972243508881837	1.5114228536403447	1.3897900305619604	1.2727848281312741	1.1227851212201576	0.9936050252926343	0.9085530658773355	0.82253475589376	0.7082113635672839	0.6010157430680593	0.5265543116830043	0.4559545370262183	0.36479546675210006	0.2842568888669317	0.23125742940523503	0.18562545664043992	0.13267468926164094	0.09474542945677371	0.0704181157321292	0.05318860947602993	0.03683181516725047	0.024559537504618024	0.017898086009732684	0.013497070824750807	0.00960170419293706	0.006678306446657608	0.005166979104410639	0.0040189696114770685	0.0026349907937317034	0.0015937293286891823	0.0010974446376167577
MCW_CT_ROA_150_R1_trim	1.5855997731323846e-05	1.5855997731323846e-05	1.5855997731323846e-05	1.5855997731323846e-05	1.5855997731323846e-05	1.5855997731323846e-05	1.9819997164154807e-05	1.9819997164154807e-05	1.5855997731323846e-05	1.5855997731323846e-05	1.5855997731323846e-05	1.5855997731323846e-05	1.5855997731323846e-05	1.5855997731323846e-05	3.9639994328309615e-05	5.945999149246441e-05	6.738799035812634e-05	0.00013081198128342173	0.00030126395689515303	0.000511355926835194	0.0007452318933722207	0.0013794718026251744	0.002576599631340125	0.0046220233386809004	0.007646554905930924	0.012649122190163595	0.021187576968481486	0.0354262629312103	0.052404072502025306	0.07669942502584627	0.11624031936833511	0.17259649930489288	0.23149360287789528	0.3016524288395705	0.41678679236614574	0.5680530107229752	0.695321176513446	0.8349173805400212	1.050099125751817	1.300037217990675	1.488648275004205	1.673029744622904	1.9350302871358664	2.200015721221751	2.3912588738586806	2.582252294531342	2.819537300580603	3.023905255339636	3.160028995863051	3.2829209062796765	3.4311982690641516	3.561296730449664	3.6419046589162813	3.6996799506497924	3.762949345597208	3.797812720608956	3.787732270051267	3.737393441253747	3.641900694916848	3.4875108450069483	3.3427059457256334	3.171199546264769	2.9253443734417273	2.663716446875451	2.4703882305368516	2.2714707749979612	2.004899741138945	1.7697830427794423	1.6130227212087092	1.4673338500538728	1.2758052894577792	1.1104589451155342	1.0088656036515093	0.9187084005512022	0.7984010177647823	0.6939139567147911	0.6317346616114046	0.5616828636344159	0.47224710843088374	0.38981177622573104	0.3350491240611713	0.28491245923472536	0.21709239293842042	0.15922196521852122	0.12474706215119034	0.09837457392456596	0.065988698558337	0.04460292161821398	0.033182639252227975	0.0241724685414032	0.01475796988842967	0.00886746673124286	0.0062155511106789475	0.004499139356263141	0.0027391236080861942	0.0015618157765353987	0.001038567851401712	0.0007769438888348684	0.0004756799319397153	0.00022991196710419573	0.00011891998298492882
MCW_CT_ROA_150_R2_trim	9.515551384572199e-05	6.740182230738641e-05	2.775369153833558e-05	1.585925230762033e-05	1.585925230762033e-05	1.585925230762033e-05	1.585925230762033e-05	1.585925230762033e-05	1.585925230762033e-05	1.585925230762033e-05	1.585925230762033e-05	1.585925230762033e-05	1.585925230762033e-05	1.585925230762033e-05	2.775369153833558e-05	4.7577756922860994e-05	7.533144846119658e-05	0.00013480364461477282	0.0003013257938447863	0.0005193905130745658	0.0007889978023041114	0.00144319195999345	0.002830876536910229	0.005027382981515644	0.007838435453041349	0.012897536939172234	0.022250530987591326	0.037106685586754666	0.05401661335975485	0.07819007868964514	0.11874218684023033	0.17664431701535216	0.23554558008585408	0.30487430154861633	0.4191917569950206	0.572348521342787	0.7027393290029645	0.8440135485592464	1.0624311361528704	1.3115086232702016	1.4981284099870469	1.6869724568400362	1.9511281280888373	2.21315469471534	2.4027758449314027	2.6030345886328017	2.84841290514938	3.0543254722984456	3.195230964238575	3.324353031714143	3.47812434208883	3.606572391341324	3.685539573394043	3.747267748188378	3.8259692877649436	3.8644160801716927	3.846982797072541	3.803314345843508	3.70928087409855	3.5463825640208277	3.393428005139984	3.20899679524159	2.95118086010276	2.6730650820101762	2.4655784840695794	2.265260268172027	1.9946815997386396	1.753474266578965	1.5921301632273894	1.4386165657027017	1.24357551601051	1.0746824085605071	0.9645993734802375	0.8601384433430193	0.7301718706820708	0.6210840036841043	0.5513191527828825	0.48456755982010846	0.39866195488280604	0.32094765376238954	0.26951609852877684	0.2261251842151276	0.1723028466961411	0.12796434205711155	0.10043664486415954	0.0782336916334911	0.053346559949757885	0.03660711913906463	0.02666733275526359	0.019356217441450614	0.012671542593788646	0.008250776013039477	0.0059273955499730985	0.004488168403056554	0.003017222751524768	0.0018872510246068193	0.0013678605115322537	0.0011141124746103283	0.0006978071015352945	0.00034097392461383716	0.0002537480369219253
MCW_CT_ROA_151_R1_trim	1.6927918047208917e-05	1.6927918047208917e-05	1.6927918047208917e-05	2.5391877070813374e-05	3.3855836094417835e-05	2.5391877070813374e-05	1.6927918047208917e-05	1.6927918047208917e-05	1.6927918047208917e-05	1.6927918047208917e-05	1.6927918047208917e-05	1.6927918047208917e-05	1.6927918047208917e-05	1.6927918047208917e-05	1.6927918047208917e-05	1.6927918047208917e-05	1.6927918047208917e-05	2.5391877070813374e-05	5.078375414162675e-05	0.00011003146730685797	0.00019467105754290254	0.00037241419703859616	0.0008379319433368414	0.002090597878830301	0.003783389683551193	0.005857059644334285	0.010436061476104297	0.018705349442165852	0.029615392623592002	0.04558688330113361	0.06953988733793423	0.10545246547508794	0.14836473772476255	0.19922466749760173	0.2804956020422517	0.3897822409550325	0.4901140112208398	0.6025915626855194	0.7694923706719756	0.9641803561329255	1.1288466789371503	1.3013590917562563	1.5220145035016244	1.7403677183925725	1.9243487956886625	2.1110044840362114	2.312954546339414	2.4970541190618345	2.648922935822369	2.7994121272620567	2.982470633024574	3.156430382836716	3.2847186097574887	3.3957149683930377	3.5280405037680698	3.6400440735274278	3.687645379076179	3.6995033856682493	3.6819237427762226	3.6083719388611	3.518163063587523	3.4012927173895933	3.2250900184361955	3.011070350565333	2.823585194233471	2.626611939836148	2.3933536931046326	2.2025675927535646	2.0552862417838234	1.9025456372438572	1.7138670626896668	1.5452903908165367	1.4306206739647436	1.3154685114486049	1.1771420291258372	1.0553625866942162	0.9610910110893098	0.8576191120257454	0.7434149129202504	0.6370991236247547	0.5557520134488924	0.47875537821116254	0.38498317618864875	0.299192487525394	0.24135825551710471	0.19372309413225883	0.14025626498014948	0.10083960780722352	0.07282390343909276	0.05166400588008162	0.03352574169249726	0.021532311756049742	0.014718824742048154	0.009877440180546402	0.006204081964302067	0.0037241419703859615	0.0025222597890341286	0.001608152214484847	0.0009479634106436993	0.0006517248448175433	0.00042319795118022296
MCW_CT_ROA_151_R2_trim	5.086108667424271e-05	3.39073911161618e-05	2.5430543337121353e-05	2.5430543337121353e-05	1.69536955580809e-05	1.69536955580809e-05	1.69536955580809e-05	1.69536955580809e-05	1.69536955580809e-05	1.69536955580809e-05	1.69536955580809e-05	2.5430543337121353e-05	3.39073911161618e-05	5.086108667424271e-05	4.238423889520226e-05	1.69536955580809e-05	1.69536955580809e-05	2.5430543337121353e-05	8.476847779040452e-05	0.0001780138033598495	0.0002458285855921731	0.0003814581500568203	0.0008561616256830856	0.002178549879213396	0.0038230583483472433	0.006086376705351044	0.010807980918276575	0.01844562076719202	0.028948435165423142	0.0455376262690053	0.07087492428055721	0.10798656385719631	0.15115067274807029	0.20141838007778018	0.2829741325599283	0.3936648108586386	0.4948529427970444	0.6093582025963228	0.7781576724203553	0.9719977505836733	1.13705045368937	1.3123855731510428	1.5350977948497724	1.7541310646123984	1.9387483323921206	2.1295791295938793	2.340347472771941	2.5290251506378234	2.68286298413185	2.8413037459698947	3.0235983574581593	3.1970855241040015	3.3297651455415425	3.438217936026586	3.5697023219272825	3.688183223334931	3.7386628518591167	3.743172534877566	3.7274988433341205	3.6535213927664345	3.552197631263564	3.4252144515335385	3.2468022363280737	3.029972946987998	2.834937633287835	2.6323833556076637	2.391259420532858	2.191070183383039	2.0405807047617337	1.890794804506089	1.7001420211076899	1.5199242373252901	1.3947635798677578	1.2711202781626736	1.121520868558168	0.9941562306780851	0.9001225582651894	0.7961201128641422	0.6778596094987487	0.5728653729075537	0.4955226137715886	0.4227743061318635	0.33572555628889705	0.26317221614808983	0.21477789217754792	0.17128318622329136	0.12563536093315855	0.09054121112793106	0.06385609431951172	0.04529179768341313	0.03026234657117441	0.01971714793404809	0.014207196877671796	0.01048586070267304	0.007459626045555597	0.004992863341854826	0.003721336174998758	0.0029414661793270365	0.0017886148813775354	0.0009239764079154091	0.000695101517881317
MCW_CT_ROA_153_R1_trim	1.8743928490113394e-05	1.8743928490113394e-05	1.8743928490113394e-05	1.8743928490113394e-05	1.8743928490113394e-05	1.8743928490113394e-05	1.8743928490113394e-05	1.8743928490113394e-05	1.8743928490113394e-05	2.061832133912473e-05	2.061832133912473e-05	2.061832133912473e-05	2.2492714188136074e-05	2.2492714188136074e-05	2.9990285584181428e-05	4.873421407429482e-05	7.12269282624309e-05	0.00011433796378969169	0.00027366135595565554	0.0007010229255302409	0.0012014858162162686	0.0020130979198381784	0.0037694040193618035	0.00752943607447855	0.011362569450706739	0.016998868747683835	0.02854887748329171	0.046760478404285884	0.06461032150542087	0.08930919607684329	0.1332487132433671	0.19572410129376402	0.24668509407268432	0.30740792480925566	0.42214888306148485	0.5702202949548336	0.6768713736707298	0.7948512827660505	0.9947908935772412	1.2127471684531286	1.35597889801033	1.5062920837510965	1.7433859096153896	1.9810682948342726	2.138999013113421	2.288881088498915	2.5006312486517257	2.6802561897653314	2.790931589928055	2.897620156500931	3.0313693326349846	3.159472837507816	3.2614173157798443	3.3560291692265403	3.4586971631382877	3.5394891181092234	3.593272946518755	3.606665483424941	3.562418565831179	3.4556531491514932	3.363678566443356	3.2318487685866906	3.0202822989330826	2.7856626716294843	2.6164799730777206	2.4620637413904687	2.2205238556883202	1.9981889991171422	1.862604792383907	1.7320945670929455	1.5527845239779738	1.3918885162116894	1.2896385119052718	1.1911185493683867	1.067358012726715	0.9583564453781587	0.8806984752507698	0.8076158980678178	0.7060313032227993	0.6018356791391078	0.5336508904706223	0.4672036639731704	0.37332469813043745	0.28781864514423816	0.23569552879893085	0.18941864374968992	0.1315992475362371	0.09174028360201099	0.06831412177506727	0.0511596784209155	0.03275126625077513	0.020363403911659188	0.014331607723540701	0.010097354277624085	0.006084279187890808	0.0034844963063120796	0.00222490431177646	0.0014507800651347765	0.0008715926747902728	0.0005173324263271296	0.0002999028558418143
MCW_CT_ROA_153_R2_trim	8.244441391502815e-05	5.8085837076497104e-05	2.997978687819205e-05	2.435857683853104e-05	2.2484840158644038e-05	2.0611103478757037e-05	2.0611103478757037e-05	2.435857683853104e-05	2.6232313518418047e-05	2.435857683853104e-05	2.435857683853104e-05	2.2484840158644038e-05	1.8737366798870032e-05	2.997978687819205e-05	5.0590890356949086e-05	8.057067723514115e-05	0.00011055046411333319	0.00013865651431163825	0.0002997978687819205	0.0007307573051559313	0.001216055105246665	0.002124817394991862	0.004273993366822254	0.008058941460194001	0.011574071471662018	0.017641230841136134	0.030253352433455553	0.04919495653043327	0.0672840104380624	0.09294858174247468	0.13814873167138886	0.20081960240356947	0.2519051592440087	0.3142593684772884	0.4304310426302826	0.5765075541942734	0.681661656669532	0.8011948144262435	1.002261750071558	1.2222290676068928	1.3687515285006966	1.521933249554819	1.75936941415674	1.9986343457582312	2.1607781493522533	2.3144714005199845	2.5236253836756912	2.707770603364946	2.8275379782066437	2.9364601651451547	3.081755328513633	3.2157331223355934	3.3124085663343634	3.4067324707998754	3.5174834247379563	3.6079980225332577	3.662160255002071	3.671182297115727	3.6247585971348464	3.5096268468391902	3.4092582678443626	3.2738451917256084	3.0521615313914974	2.8114838023333717	2.643913657314397	2.4817754749304153	2.2323230370003784	2.0005811581686337	1.8549112474641785	1.7134534968161093	1.5246951374209723	1.3555716646943714	1.2420944238870548	1.1361308671660848	1.0015853311301188	0.886185636489238	0.8089652004377348	0.725769418114072	0.6158148022649429	0.5150227587804612	0.44717850107511264	0.3870652809109778	0.3060936240263408	0.23410840825844195	0.18936545007942018	0.15233666581149324	0.1078935055012534	0.07583012343502701	0.0556068834490066	0.040933651508811474	0.026738222421987534	0.017101594677328677	0.012357293403854785	0.009200047098245186	0.006190825990346659	0.0038730137173264355	0.002775004022912652	0.0021379335517510705	0.0013978075631957045	0.0007719795121134453	0.0005021614302097168
MCW_CT_ROA_154_R1_trim	3.966907856317209e-05	3.966907856317209e-05	3.966907856317209e-05	3.966907856317209e-05	3.966907856317209e-05	3.966907856317209e-05	3.966907856317209e-05	3.966907856317209e-05	3.966907856317209e-05	3.966907856317209e-05	4.46277133835686e-05	5.4544983024361624e-05	5.950361784475814e-05	6.942088748555116e-05	9.421406158753371e-05	0.00016363494907308486	0.000223138566917843	0.0003570217070685488	0.0008181747453654243	0.0021470888772316893	0.003376830312690024	0.005191690656955147	0.010437926296934656	0.020375030477009264	0.027664223662992135	0.03952527815338059	0.06770024120287357	0.10942219458168981	0.13713104595806552	0.17778193421567612	0.26511341067249944	0.38256859366323165	0.4589018180884155	0.5504084650640128	0.733620104408023	0.9472678442796272	1.075175829471755	1.21442421249813	1.4757641020723076	1.743262616093418	1.8969257505426853	2.0400269928245085	2.287309152682862	2.5299797821582466	2.66920833064534	2.788701512547255	2.9591347499591034	3.082808061014613	3.149347981669514	3.2022962842817075	3.2637684801501634	3.323718375128757	3.372079940532084	3.3986780577086915	3.4229654510589937	3.425900962872668	3.421725792353894	3.3924301778349917	3.2807518044100212	3.0849402739873835	2.950764574382274	2.8103905812516694	2.5635051121789476	2.30991556882905	2.156500366120802	2.0137214351023047	1.7750474652921593	1.5639137532744964	1.4463941080310991	1.3378148813688766	1.1722262301765556	1.0341282504285128	0.957532218357848	0.8790072773420486	0.7776825334220664	0.6953939885775864	0.6410870200246037	0.5919667834937559	0.5178103997547261	0.4432722011345257	0.3982230037912234	0.35101184166622823	0.280852117592438	0.21781795175555754	0.1800629062330585	0.14733591641844154	0.10359084003290352	0.07164731451990919	0.053657387391510644	0.04099303406021796	0.026637786255170055	0.016725475249197434	0.011960227186796384	0.008390010116110897	0.0046016131133279625	0.0023751860789699287	0.0015917217773472802	0.001095858295307629	0.000629746622190357	0.00033718716778696273	0.00014875904461189533
MCW_CT_ROA_154_R2_trim	7.933083646136475e-05	7.933083646136475e-05	6.445630462485885e-05	4.958177278835296e-05	4.958177278835296e-05	4.462359550951767e-05	3.966541823068237e-05	3.966541823068237e-05	3.966541823068237e-05	4.462359550951767e-05	5.949812734602355e-05	5.949812734602355e-05	4.958177278835296e-05	4.958177278835296e-05	7.933083646136475e-05	0.00019832709115341185	0.000317323345845459	0.0004958177278835297	0.0012345861424299888	0.0027716210988689306	0.003961583645789401	0.006539835830783756	0.013079671661567512	0.024845426344243672	0.03344786392302291	0.04644820474812905	0.0771343639268407	0.12361231773864279	0.15486866730442048	0.1950447777948229	0.28365236394488846	0.3994059706965773	0.472628332750417	0.5661494725838083	0.7482286167944768	0.9606121405333867	1.0903775562750642	1.2274414089711871	1.4803729064964122	1.7426604845467992	1.8969292124004808	2.0476627598543526	2.3010404933346726	2.5360630545287446	2.6687934602831658	2.7943890489333425	2.9740138953909874	3.1026488467130906	3.172469899153649	3.234184331743312	3.311472399165796	3.3694582824417756	3.406803273705963	3.4382133267673844	3.471284369217216	3.475617816158918	3.4690036076689514	3.4405387119111586	3.329148301164844	3.1392600277400105	3.012524058315701	2.865504185643677	2.6010548422997175	2.3330802349105064	2.1758266843349663	2.0255195401270742	1.7775511780579634	1.558821187402144	1.4359922616735572	1.3180025169691139	1.143241642422006	0.997570393969825	0.9122748702420216	0.8310698427692571	0.7238690918235591	0.6339029650990926	0.5751783134085674	0.5176832896831932	0.43776243012564714	0.36485739141765294	0.3187760917881577	0.27834215607925583	0.2208520905311606	0.16996631711847396	0.13959748128560778	0.11236717167024432	0.07991590138026732	0.057529730966325944	0.04282377715730045	0.0324909357082077	0.021845729090548317	0.014195261549305454	0.01053116854024617	0.008066954432665028	0.005320124220190273	0.003411225967838684	0.0026179176032250367	0.002037810861601307	0.0012494606742664946	0.0007685174782194709	0.0006544794008062592
MCW_CT_ROA_156_R1_trim	9.745292408595064e-06	9.745292408595064e-06	9.745292408595064e-06	9.745292408595064e-06	9.745292408595064e-06	9.745292408595064e-06	9.745292408595064e-06	9.745292408595064e-06	9.745292408595064e-06	9.745292408595064e-06	9.745292408595064e-06	9.745292408595064e-06	9.745292408595064e-06	1.4617938612892598e-05	1.949058481719013e-05	2.4363231021487663e-05	4.629013894082656e-05	9.745292408595065e-05	0.0001583610016396698	0.0003386489111986785	0.0006529345913758694	0.0012547063976066147	0.0023607970859821545	0.004426799076604308	0.007301660337139853	0.011504317688346475	0.018574527330782194	0.030619708747805695	0.046304756879439454	0.067259571881021	0.1000232449587176	0.14693220996748996	0.19779532737104977	0.2560648670051418	0.3485964184247519	0.47305354777491954	0.5839038125995862	0.7001700236803297	0.8762430942726209	1.0810428505623484	1.241791448842124	1.4107845644995711	1.6320197564363943	1.8565196213300967	2.031893467192071	2.210510059103006	2.429998407375588	2.62540370178343	2.7654411173718385	2.904172663777496	3.084967328541752	3.254070078738795	3.376064085432691	3.477807374501525	3.5914959557401955	3.690357074579188	3.7317721309926144	3.739258951885518	3.710403141063668	3.6142390318987543	3.509155543856873	3.3717493572187855	3.1798158232315057	2.9456754278226005	2.7460942756176756	2.553822092719197	2.300534634050505	2.080232553861805	1.9241592596150527	1.753994272545472	1.5507318361332005	1.380403615415776	1.26127716101311	1.1465312155481073	1.0180468441100878	0.9080078748784366	0.8238645838995245	0.7357427772948038	0.6341310496734852	0.5442599630814215	0.48061833100709145	0.41865532555014184	0.3392214471276835	0.264699196079157	0.21346819388717275	0.17032822071742457	0.12144339767280955	0.08627507369329211	0.06347352578028181	0.04735237581336342	0.03182081603716504	0.020267771886775587	0.014103874438339208	0.00971605653136928	0.0062564777263180325	0.003998006210626125	0.0027262455513044695	0.0017054261715041365	0.0009477296867358701	0.0005238094669619848	0.0002874861260535544
MCW_CT_ROA_156_R2_trim	1.4633662359849758e-05	1.7072606086491384e-05	1.4633662359849758e-05	9.755774906566505e-06	9.755774906566505e-06	1.2194718633208133e-05	1.2194718633208133e-05	9.755774906566505e-06	9.755774906566505e-06	9.755774906566505e-06	9.755774906566505e-06	9.755774906566505e-06	9.755774906566505e-06	1.4633662359849758e-05	2.1950493539774636e-05	2.9267324719699517e-05	5.1217818259474156e-05	0.00010975246769887319	0.0001756039483181971	0.00037803627762945203	0.0007268052305392046	0.0013219074998397614	0.002395042739562077	0.004394976595408211	0.007190006106139514	0.01142889030304266	0.018770110920233955	0.03065264475643196	0.04595701664110816	0.06782946398163027	0.10148688740928472	0.1483999699912364	0.19934950444077995	0.25849632875556605	0.35141764579688534	0.47559890458257037	0.5873220388125701	0.7056449547668618	0.8815318205573494	1.0864518724697787	1.249785494899242	1.4168872853863663	1.6370409798153993	1.864852957546087	2.043339737349174	2.2253020119627265	2.4496580064327627	2.644139379195166	2.781247039732052	2.9236496470994764	3.1081191558640158	3.278325721715155	3.400063158886745	3.506779141645949	3.630582364154005	3.7311497697783462	3.7713557571120333	3.777916515736699	3.755158731823406	3.655947378911078	3.5380756675462153	3.396448644283862	3.1979942321907595	2.9570802487605534	2.7519236193066394	2.5544594183665534	2.296306980676444	2.0743240784524297	1.9172951255563353	1.744564252948122	1.5399856531574223	1.3657840974820443	1.2418564888439299	1.1225384838491683	0.9878161102769382	0.8721516429846856	0.7852081770173649	0.6955769950632853	0.5914414147668677	0.49808840468593285	0.430800386211617	0.3710730932898902	0.297819418460209	0.23215817545156311	0.1863670069838666	0.1468658743871788	0.10575991681836083	0.0765852719602737	0.055851811340093246	0.04094254833913298	0.027845420527067444	0.018470120841857035	0.01348491986460155	0.009697240257127105	0.006536369187399559	0.004275468352802771	0.0029828281776827087	0.0022267556224238047	0.0014706830671649006	0.0007975345986118118	0.0004731550829684755
MCW_CT_ROA_157_R1_trim	0.0	0.0	2.1852532728210476e-06	2.1852532728210476e-06	0.0	0.0	0.0	0.0	0.0	0.0	2.1852532728210476e-06	4.370506545642095e-06	4.370506545642095e-06	2.1852532728210476e-06	6.555759818463143e-06	2.185253272821048e-05	3.714930563795781e-05	7.429861127591563e-05	0.0001464119692790102	0.00033215849746879927	0.000594388890207325	0.0010664035971366713	0.0020825463689984587	0.00400556924908098	0.006627873176466238	0.010860708765920608	0.01833646021224141	0.03009749332656429	0.04419019168298723	0.06466601484932044	0.09640463338377335	0.1407303107696755	0.1883447943311733	0.24382181916828122	0.33209293987061467	0.449257479346188	0.5496480146995869	0.6599290063657739	0.8263229315714598	1.0181597606326012	1.1684789627634153	1.3268486379513023	1.5481732746758907	1.7734138852653747	1.9375220355476896	2.103988074111379	2.31920274268516	2.5075409812565144	2.639672320397639	2.77482149430853	2.9418294756838783	3.1027602677075117	3.2230540898697644	3.3175903317052757	3.4310552373899634	3.5395749149182567	3.60208189953403	3.6281366743058747	3.6279006669524105	3.5652909754328146	3.483046783256922	3.359529712517258	3.1760034016526544	2.970263991269826	2.804991100993097	2.632128826099861	2.4001904142291806	2.1886404153939205	2.0376918603205336	1.8837713607961104	1.6865959579894674	1.5145247447809924	1.4022136528243547	1.300562226332538	1.1663636375953246	1.0447389961899236	0.9666620820053003	0.87984196947612	0.7686497271951667	0.6683422314661349	0.5955667417213756	0.5224000916407813	0.4251781735329728	0.33383458672905303	0.2721558131036789	0.2176468554664307	0.1548317501391897	0.11059785339074607	0.0815733194211369	0.061130275053896	0.04158318452851172	0.026996618932431226	0.018998591953906192	0.013413084588575592	0.008577119095822613	0.005377908304412598	0.003603482646881908	0.0023535177748282687	0.001367968548785976	0.0007932469380340404	0.00045453268074677796
MCW_CT_ROA_157_R2_trim	2.619927966827171e-05	1.528291313982516e-05	2.183273305689309e-06	0.0	0.0	0.0	0.0	0.0	0.0	0.0	0.0	2.183273305689309e-06	4.366546611378618e-06	6.5498199170679275e-06	1.3099639834135855e-05	2.4016006362582395e-05	3.4932372891028944e-05	7.641456569912581e-05	0.00018557823098359127	0.00037770628188425043	0.0005960336124531813	0.001061070826565004	0.002098125646767426	0.004180968380395026	0.006940625838786313	0.011239490977688563	0.018870031181072697	0.030878034362363898	0.04510642649554112	0.0658999214589261	0.09836737878783182	0.14273804217935565	0.19003647507380883	0.2456684621760781	0.334562618090524	0.4518153109725684	0.5520690378965157	0.6618090873336832	0.828331708905218	1.0219967842130826	1.173935140102613	1.3315216240339616	1.5522112563196484	1.7787411446980539	1.9430324609511747	2.1109108952455427	2.32493499412896	2.5111485576445065	2.646585733889637	2.7878631662274866	2.9586606369315613	3.1205263365420612	3.2423246044465506	3.3450890956720407	3.4664397925488637	3.5749179100153428	3.635516843888055	3.6668708318310594	3.6727962355827004	3.6052130104050875	3.5179082774571837	3.3932870371684376	3.205302839001977	2.995667119462995	2.829699049311105	2.650670638244582	2.4080543921498574	2.192139578583713	2.041168412768603	1.8862695382765582	1.6860699259647653	1.5062489866882771	1.3878850076936369	1.276797878626859	1.1370683870627432	1.0116677182038665	0.9267907851718888	0.8385363283360099	0.7212705358141315	0.6148752610812801	0.54107625680237	0.4693426290706421	0.3787236872447017	0.2974557049870285	0.24084342817050475	0.19181365954463991	0.1374523375062818	0.09957909547248939	0.07398676578319931	0.05534379502591829	0.03834264579451564	0.02538055217863822	0.018232515375811418	0.013442413743129076	0.00910424968472442	0.006023651050396804	0.004510642649554112	0.003248710678865692	0.002139607839575523	0.0013798287291956431	0.000925707881612267
MCW_CT_ROA_158_R1_trim	1.6293190753793472e-05	1.6293190753793472e-05	1.6293190753793472e-05	1.6293190753793472e-05	1.6293190753793472e-05	1.6293190753793472e-05	1.6293190753793472e-05	1.6293190753793472e-05	1.6293190753793472e-05	1.6293190753793472e-05	2.443978613069021e-05	3.2586381507586945e-05	3.2586381507586945e-05	4.887957226138042e-05	0.00026883764743759227	0.0005702616763827716	0.0007169003931669128	0.001270868878795891	0.0030386800755824823	0.0063950773708639375	0.008928668533078823	0.013938824689870314	0.026786005599236468	0.05006897518640734	0.06676949570904565	0.0920035748889833	0.14917230794635614	0.23113520403331417	0.28549336168565764	0.35498382025058683	0.5030074582488006	0.6881184717003366	0.8000404722858324	0.9317790661256296	1.185337773933852	1.4611570536094447	1.618871066808477	1.7771879280653997	2.0679928699367944	2.3441054270459554	2.494536383978042	2.6213096279356205	2.8155489015069692	2.984228232083305	3.084838684987979	3.1609197392128183	3.2523408325323535	3.298699033524584	3.317562475119788	3.3263037719591986	3.3130003817087266	3.289204176612811	3.286536166626877	3.2725566089601226	3.224275811458944	3.172418658587308	3.147787427465261	3.087376349447883	2.930676587373274	2.7094232035321357	2.563497313843473	2.4094696350524862	2.1440983639477635	1.88069856892425	1.729212627890855	1.5951074480940692	1.3733367554464981	1.178661639022485	1.0750736055075547	0.9766423668661999	0.8254578498617502	0.7076988136887079	0.6463753169891178	0.5940334416925562	0.5188281464707339	0.4591136023580809	0.42630318947762935	0.3905559289638064	0.34190038807529066	0.3039128138328212	0.28072353009248463	0.24790904391434457	0.2002718274479409	0.15926593961833121	0.1342803315973889	0.11046376001303129	0.07732748331750382	0.053494618542392416	0.04128694537011266	0.032272737585576416	0.021254467338323584	0.013633327363236688	0.010008092420517641	0.007393035304533788	0.004496920648046999	0.002712816260506613	0.0017637378990981434	0.0012342091995998555	0.0006761674162824291	0.0003503036012065597	0.00021995807517621185
MCW_CT_ROA_158_R2_trim	5.7008825902823325e-05	4.072058993058809e-05	2.4432353958352855e-05	2.0360294965294047e-05	1.6288235972235235e-05	1.6288235972235235e-05	2.0360294965294047e-05	2.0360294965294047e-05	1.6288235972235235e-05	1.6288235972235235e-05	2.0360294965294047e-05	4.072058993058809e-05	5.7008825902823325e-05	8.551323885423498e-05	0.00028911618850717543	0.0008021956216325854	0.0011849691669801135	0.0019586603756612873	0.004202364880836691	0.009076619495528085	0.012847346123100541	0.019484802281786402	0.035166301464055874	0.06239208789164707	0.08206013282812112	0.10948137808737915	0.17257793218482537	0.2601964255384718	0.3165252175894543	0.3877170249651014	0.5355531267081015	0.7171547416215452	0.8264121564643061	0.9519374469843369	1.1967129851160951	1.4627243108966548	1.614868651054311	1.768804697168913	2.0434528600737507	2.31130068446018	2.464748083495615	2.590912687277556	2.798640632690465	2.9707462060320955	3.060445521531195	3.1450669794659505	3.240121052540922	3.2925651003125265	3.322221905958974	3.3268681252700536	3.31694451750397	3.3044514405132652	3.304520665516147	3.304044234613959	3.273833628944456	3.224663516603271	3.1993027331945005	3.1384417394842434	2.9776849945562676	2.752223232228588	2.603690808397775	2.4428078296410143	2.1645355342323542	1.8952909936113058	1.7448650623487205	1.6060282109803803	1.3782209426726983	1.1759862048414256	1.0655886134806083	0.9706770624703936	0.8232603828036786	0.7000480217917051	0.6348747176077989	0.5788879785122334	0.4965753780265426	0.4282095795920782	0.3900543868271172	0.35316967646799047	0.29914159774808624	0.25140485017245784	0.2227375548613238	0.1950842022394614	0.15606980502696496	0.1215061682938818	0.09991611151268398	0.08184838576048206	0.058238587718727086	0.04091604876225491	0.030780693928531538	0.023841905404359327	0.016092777140568414	0.010444831317195844	0.007855001797610442	0.006075512017643743	0.004055770757086573	0.002553180988647873	0.0017876338979528172	0.0013559956446885834	0.0008999250374659968	0.0005130794331254099	0.00032576471944470475
MCW_CT_ROA_159_R1_trim	0.0	0.0	0.0	0.0	0.0	0.0	0.0	0.0	0.0	0.0	0.0	1.7092679628358994e-05	3.418535925671799e-05	6.837071851343598e-05	0.00016238045646941045	0.0005042340490365903	0.0008717266610463087	0.0015041558072955916	0.0033715310566938116	0.007204564463353317	0.010242788267294127	0.016105577379821264	0.031044579375007025	0.056747696366151866	0.07557100980688221	0.10459865298574286	0.1689568649564216	0.2634451979419901	0.3300211850944484	0.41198485708233684	0.5764378009566858	0.78346433661537	0.9156206623319346	1.0641517751324672	1.336728737165908	1.636589889056117	1.81761418583016	1.9946259760614458	2.306221252516523	2.586848866654921	2.7383199203515316	2.8780696689929943	3.078639444922066	3.242447140140445	3.335033912517358	3.3994904073959	3.4621222587241145	3.4766382168984986	3.4846803226636416	3.470241281547585	3.423009934564522	3.369159447395377	3.3389951410212304	3.299652065686655	3.2263586554402512	3.148723704568245	3.093975851718611	2.99979946013626	2.806152219456674	2.5617183544313264	2.3964620546144446	2.2206211129377014	1.9387030014873623	1.671202565303544	1.515364331961888	1.3776742512156421	1.1682333745594522	0.9879056044802649	0.8856315559239788	0.7987921970721009	0.6660718129278004	0.5584605751575593	0.502930732214928	0.45394311240005114	0.3862902864310062	0.33087154590595924	0.30069869319199855	0.27034636734194	0.22828982911636272	0.19435231371425593	0.1747000053115502	0.15384266299504512	0.12241777149830711	0.0926636894352412	0.07461809291760119	0.061606290550512914	0.04162067489505415	0.02697652162345758	0.02027191803923377	0.015520153102549967	0.009832563956213512	0.006320018292585738	0.004687667388077454	0.003367257886786722	0.0018972874387478483	0.000987102248537732	0.00067943401522727	0.0005341462383862185	0.00032903408284591065	0.0001837463060048592	0.00011110241758433348
MCW_CT_ROA_159_R2_trim	3.4174859341618774e-05	2.5631144506214075e-05	8.543714835404693e-06	0.0	0.0	0.0	0.0	0.0	0.0	4.271857417702347e-06	2.5631144506214075e-05	5.126228901242815e-05	6.40778612655352e-05	0.0001025245780248563	0.00028194258956835483	0.000973983491236135	0.0015976746742206777	0.0024477743003434448	0.005045063610306471	0.010372069810181298	0.014490140360846358	0.021107247500867295	0.0382288520310183	0.06937923632090381	0.09195600277346071	0.12350794166061023	0.19305378042080443	0.28920047532103116	0.3546496028176488	0.4387582035147903	0.6044849120345528	0.8066249331828103	0.935075413875702	1.0764183602552195	1.3406968194013753	1.63119166751997	1.8035824736113486	1.9803946521300484	2.2814239006406978	2.564306298840947	2.7289821304359547	2.8589277612250426	3.0552324251407184	3.2165890235221712	3.300834323656679	3.3632162575273865	3.436764826687968	3.462652282639244	3.4695342449391626	3.4648309299222726	3.4325826782760376	3.3842850583114945	3.3563428389423033	3.3272087713535736	3.260191872184659	3.1783473559189	3.1206730089225005	3.0394137371229664	2.8538015323237995	2.597759214278974	2.4250437470238504	2.248419530231529	1.9648664504167004	1.6896007739922143	1.5274026196994739	1.3881101648804537	1.1687203834795141	0.9833089559789793	0.8841206985973484	0.7943305275346628	0.6597841063067097	0.5493053297700916	0.49047758127091257	0.44084286993462907	0.3688364413018383	0.30907742788560016	0.27810646160725816	0.24600345311322505	0.20093535735646526	0.1633131090787607	0.14133013080726442	0.12187609212704796	0.09345969658449194	0.06927671174287896	0.05536327213342241	0.04455547286663547	0.031235821438239556	0.021880453693471417	0.015955387455118264	0.012012463058578999	0.007736333783458949	0.005036519895471067	0.003690884808894827	0.002776707321506525	0.0018539861192828184	0.00118330450470355	0.0009013619151351952	0.0007134001887562918	0.00046563245852955575	0.00024349587280903375	0.00011106829286026101
MCW_CT_ROA_160_R1_trim	4.2337334140847415e-05	4.2337334140847415e-05	4.2337334140847415e-05	4.2337334140847415e-05	4.2337334140847415e-05	4.2337334140847415e-05	4.2337334140847415e-05	4.657106755493217e-05	5.0804800969016905e-05	5.0804800969016905e-05	5.503853438310164e-05	7.197346803944062e-05	9.737586852394906e-05	0.00014394693607888123	0.00021168667070423712	0.00038526974068171153	0.0005884889445577792	0.0012997561581240158	0.00311602779276637	0.006752804795465164	0.009572471249245602	0.014758794681499411	0.0277478887959114	0.05256603406927616	0.07110978642296732	0.09611421596655181	0.15467521655017197	0.23926097643017105	0.2938083977372388	0.3615269636955243	0.5085772263669296	0.6997641598801684	0.816301905836265	0.9519718930906106	1.2170205397459717	1.5065655679352272	1.6734635728518619	1.8416443989929643	2.144347870633195	2.4248581117167936	2.573618802687489	2.714898486715497	2.923519934427937	3.0796811914064524	3.1671501237414432	3.2432641830598588	3.3190395437051476	3.3415206681339376	3.3608730635697186	3.364602982707528	3.325186924622399	3.2839291925021428	3.2826633062113317	3.2751780655352296	3.2285942967800554	3.1699570889949817	3.142772286743144	3.079113871128965	2.906944868111795	2.673526443793061	2.524084121742698	2.371707822436374	2.0958081170407135	1.8243030269288731	1.6760461502344535	1.5354565647529417	1.3148621189454701	1.12809943684995	1.0225609303036456	0.9237286574852512	0.7801966272809504	0.6673506968619357	0.602472966024501	0.5520492010627517	0.4829546717448887	0.4267222245390152	0.3965526402302474	0.3595836800584594	0.31174672621271593	0.2690325897980149	0.23939645589942174	0.2126392607224062	0.17098779139464046	0.13010686154823822	0.107464855249713	0.08924710036890636	0.062400996790195014	0.04262522801300518	0.03262938342235111	0.025571749821071844	0.016663974717837544	0.01002548072455267	0.006867115597645451	0.005186323432253809	0.00311602779276637	0.0018120379012282696	0.0013420934922648631	0.000850980416231033	0.00047841187579157585	0.0002751926719155082	0.00013547946925071176
MCW_CT_ROA_160_R2_trim	0.00010156179614236983	7.19396056008453e-05	4.231741505932076e-05	4.231741505932076e-05	4.231741505932076e-05	4.231741505932076e-05	4.231741505932076e-05	4.654915656525284e-05	5.0780898071184915e-05	4.654915656525284e-05	4.654915656525284e-05	7.617134710677738e-05	0.00011425702066016606	0.00019889185077880762	0.0004062471845694793	0.000939446614316921	0.0013964746969575854	0.002208969066096544	0.004963832786458325	0.010278900117909013	0.013913966071504668	0.02079477776015022	0.038174540125013263	0.06746665482907509	0.08794828371778633	0.11630941529054313	0.1830312836145742	0.2731165967928562	0.3283027377717164	0.4043005834767506	0.5580693745778045	0.747363635621158	0.8636688191701953	0.9902063536805762	1.2413305898671034	1.5204604913398891	1.6812328146332607	1.840892189910572	2.1238391222217086	2.4005907849681605	2.556801290918137	2.680664364796769	2.884989771669193	3.061169865785663	3.15758586425682	3.2326781172795847	3.3168389923495614	3.3531600296949766	3.3767900742641013	3.382422522208497	3.353693229124724	3.319877382750821	3.3150531974340582	3.3080115795681877	3.2721602655299304	3.2215740275680185	3.1918375800058336	3.1274643282175956	2.952545293069893	2.7120554232877727	2.5572033063612007	2.3942008552942027	2.108008177248016	1.831171879671446	1.6780209228302583	1.538356526168476	1.3112982039261845	1.1160033334274189	1.009354983994919	0.9083221555407907	0.7629702982950356	0.6449935768511552	0.5748439979073192	0.5137715044937075	0.43386352963719205	0.3712041331588558	0.33488732755494677	0.29909102615626726	0.25089149040370096	0.20820168209185816	0.1803822134318607	0.1568875845909258	0.12431587021976662	0.0946048131066175	0.0778894341581858	0.06375118578686673	0.044475603227346124	0.030866322544268566	0.022974124635705244	0.017819863481479972	0.012246659918167431	0.008031845378259081	0.005979450747882024	0.004582976050924439	0.0029537555711405894	0.001959296317246551	0.0015318904251474116	0.0011256432405779323	0.0007490182465499775	0.0004401011166169359	0.0002285140413203321
MCW_CT_ROA_162_R1_trim	0.0002779511111790547	0.0002779511111790547	0.0002779511111790547	0.0002779511111790547	0.0002779511111790547	0.0002779511111790547	0.0002779511111790547	0.0002779511111790547	0.0002779511111790547	0.0002779511111790547	0.0002779511111790547	0.0002905852525962845	0.0003032193940135142	0.00029690232330489933	0.0003095364647221291	0.0004295608081858118	0.0005685363637753392	0.0008022679799940898	0.0014339750508555777	0.0029374378795059193	0.004301925152566733	0.00603280252672721	0.011850824649361515	0.023448966470378432	0.032690840917082006	0.047081127991306704	0.07859067668587771	0.12661304821276803	0.16333418024194632	0.21294213651669897	0.3116463663388065	0.4439195099064934	0.5314930611400215	0.6393949459138724	0.8485594741468196	1.0905159164281868	1.2410517114144795	1.4050744523636647	1.6915409748579322	1.9718862558355519	2.136635459916228	2.2824713542953114	2.5203911883938734	2.755992657542374	2.8987079189914016	3.0003306354808887	3.138750288848058	3.2482124900869365	3.309936587980813	3.3483254266770652	3.3758804891080434	3.3976807001234732	3.4263602011405854	3.445020828013833	3.4391649034669474	3.4075100621460783	3.3843516809282965	3.335564943845663	3.191320951285151	2.9764394740609075	2.834905504834391	2.6719693000470874	2.4033674535167826	2.14296516476626	1.9864155184653662	1.8382738932776386	1.5959194755416288	1.3793576575088935	1.2640268975817115	1.1729789574584455	1.0176358716628968	0.8759818780929167	0.8024764433274741	0.7407776137164326	0.6559519882411519	0.5740258982211255	0.5177028957831152	0.4740140347623347	0.40788693858455416	0.3420567447300785	0.30391427179146185	0.2643125555191552	0.20841279681862213	0.15841949923064397	0.12737741376851042	0.102222838206806	0.07014475314845962	0.04718851819335315	0.03367630394762593	0.025868404551777933	0.01656967646869683	0.01032841060858533	0.007788948183722147	0.005344241819488188	0.002893218384545615	0.0017814139398293963	0.0012949994952660504	0.0009286093941663873	0.0006001217173184137	0.00044219494960304163	0.00035375595968243327
MCW_CT_ROA_162_R2_trim	0.0003030931221414135	0.0003030931221414135	0.00029046424205218796	0.0002778353619629624	0.0002778353619629624	0.0002778353619629624	0.0002778353619629624	0.0002778353619629624	0.0002778353619629624	0.0002841498020075752	0.0002841498020075752	0.0002841498020075752	0.00029046424205218796	0.0003220364422752519	0.0003662375225875413	0.00047989744339057145	0.000606186244282827	0.0009092793664242405	0.0017427854523131279	0.003536086424983158	0.005083124235913289	0.007804647895141399	0.01504731062631226	0.028566526761828224	0.03935159035802686	0.053773771419922456	0.08676040621297962	0.14004796574946687	0.17998048459159813	0.22944780790109467	0.33289096471194124	0.4706467887252137	0.5589731760692573	0.6577499616871351	0.8651224871922634	1.1028674693119793	1.2423534498974755	1.4035800475565736	1.685608197709159	1.9600716486882983	2.122510618835962	2.284343402739343	2.537104123285148	2.7626054061583596	2.892594468916758	2.992286848341105	3.142040108439142	3.2664535206381475	3.3338475392343	3.384590379432808	3.417968509508631	3.4382820631321502	3.4713507856457873	3.4972336753886557	3.508694384069628	3.473358777579975	3.436375102238677	3.3899576534707285	3.25172824645411	3.029459956883741	2.874004757425418	2.7072025092069274	2.426216241661703	2.1553835937082164	1.9967269731472754	1.8400278290001646	1.5943329668642814	1.3794778299062866	1.2628438078422441	1.1568243594931955	0.9861450450873119	0.840748748620058	0.7629864194706517	0.6907871120005491	0.5904190874914289	0.5094300794792254	0.4593502554854014	0.40528601982342677	0.3323352939880153	0.2718555872407141	0.2354023248631645	0.20343231491729	0.15762736683366887	0.11525747413431711	0.08908412014939712	0.07129634254372293	0.0511343354812743	0.03620699921580969	0.02631227166590146	0.019959944981021004	0.01330452517399913	0.008234029818175068	0.00599240360233753	0.004350649190738207	0.0029046424205218797	0.0020521930144991544	0.00156598113106397	0.001243944688788718	0.0008777071662011767	0.0006503873245951165	0.0005430418438366993
MCW_CT_ROA_163_R1_trim	0.000287459789703339	0.000287459789703339	0.000287459789703339	0.000287459789703339	0.000287459789703339	0.000287459789703339	0.000287459789703339	0.000287459789703339	0.000287459789703339	0.000287459789703339	0.000287459789703339	0.000287459789703339	0.000287459789703339	0.0003072846027863279	0.0003568466354938002	0.0004163210747427668	0.0004559707009087447	0.0006641312382801281	0.0011746201751670923	0.0024334958059368875	0.0036378532007284633	0.005456779801092694	0.010403070665298424	0.018997127136774112	0.025816862837322294	0.03802894769644345	0.06497582487949612	0.10756447958502702	0.13997804897571386	0.17958306931225493	0.2622376712585064	0.37248345681300765	0.44501253547712255	0.5370492302148985	0.721757013709106	0.9376343595730429	1.0658860316101688	1.1968289220233104	1.4526284852331162	1.7121105074730871	1.8513203449418352	1.9974986042092537	2.2464338258890746	2.476793197710135	2.610105153286694	2.743803692718371	2.932724248992714	3.0773462604331177	3.158756855358411	3.2117188435096167	3.283271550129394	3.354239424763224	3.39865691847566	3.4268478026796703	3.451227366568476	3.4639053345350472	3.4780206014501354	3.452917431883801	3.3442427627661266	3.166944503161686	3.0459784499325586	2.9045829268214107	2.660945886438019	2.4001455141280292	2.2326555807963975	2.0798360091461774	1.8263162994409154	1.5892214473749098	1.4584272430598904	1.3419862034169552	1.159974594502034	1.0056780742771316	0.9209765603800615	0.8473967666225481	0.7338798869093537	0.6354149965294187	0.5856596718943873	0.5361075515934565	0.4652338448217712	0.40250813622719434	0.3611882695589747	0.3193133081244314	0.25490744662107123	0.1961417444398214	0.16339115322672376	0.1337282766513016	0.08996004556733286	0.06066888423721677	0.047639025838422326	0.03638348821055538	0.02311077585149431	0.014561325209455345	0.010759917300792225	0.007865494590675844	0.004629093854877908	0.0027754738316184456	0.0018883134461546926	0.001367912102726234	0.0009961968574201921	0.0007929925233195558	0.0006145692055726558
MCW_CT_ROA_163_R2_trim	0.00029734950088647317	0.00029239367587169867	0.00028743785085692407	0.00028743785085692407	0.00028743785085692407	0.00028743785085692407	0.00028743785085692407	0.00029239367587169867	0.00029734950088647317	0.00029239367587169867	0.00028743785085692407	0.00029734950088647317	0.0003072611509160223	0.0003072611509160223	0.000332040275989895	0.0004906266764626808	0.0006442572519206918	0.0008177111274378012	0.0015115266295062388	0.0031370372343522924	0.004514756588459618	0.006913375895610503	0.013385683364906068	0.024055574621715682	0.03203940872051749	0.04708033764035826	0.07567544797560742	0.11787925380142752	0.150776020249501	0.19271716734953806	0.2740719907920771	0.3803496582339174	0.4530516112006601	0.5480795558589622	0.7334769696616782	0.9414878130068105	1.064317935997998	1.1952111862882233	1.445881771360535	1.7070041913890062	1.8523188924722256	1.9955571028742545	2.2446864263669717	2.47663886035848	2.607705564524222	2.7432771136283947	2.9344877101734412	3.0723984086845877	3.1471173824323433	3.2092584722926016	3.2989242142849178	3.3830443880857013	3.4338267270120957	3.4779979953687814	3.537512497971209	3.563748635599426	3.569878991142702	3.535118834489073	3.4124720770234327	3.217291864641551	3.0840297299942634	2.944701665528892	2.687836299188112	2.4134025331699562	2.2448400569424294	2.0828836954595973	1.8214490584551948	1.5879850978341805	1.4609375677554202	1.3375623040126077	1.1486066078492836	0.9837163979577046	0.8895259877268993	0.811937591295589	0.6896080066308939	0.5873247341509619	0.5378011747783198	0.48532394369687204	0.4048661245820071	0.33029086975967964	0.28435037187271955	0.248113379364688	0.19624075893504275	0.14981459019663476	0.12256250844038949	0.09797170471707814	0.06645761344812677	0.0462923614630091	0.03522600420501753	0.026845704105033754	0.018063982178853247	0.011799819360178211	0.008573577275559978	0.006789480270241139	0.004717945414065375	0.0029487158837908593	0.0021359605813678325	0.0017543620552301917	0.0012191329536345402	0.000733462102186634	0.0004856708514479062
MCW_CT_ROA_165_R1_trim	0.00024224225752932384	0.00024750839356257	0.00024750839356257	0.00024224225752932384	0.00024224225752932384	0.00024224225752932384	0.00024224225752932384	0.0002685729376955547	0.0002949036178617855	0.0003317665700945087	0.0004160247466264475	0.0006056056438233096	0.0007688558608539408	0.0010058319823500186	0.0018431476116361593	0.00335452865317781	0.004291900867095628	0.006582670041557713	0.012923097825586101	0.024887758893121403	0.03326618132201606	0.04476215628259245	0.07558485048518228	0.12721931429116096	0.15989042224142022	0.20339397201206683	0.30150208631144293	0.4341876498051135	0.5157916937762961	0.6040626659655685	0.8011214763296401	1.0402461813272823	1.1743009401895967	1.3216895554880905	1.6078724520788203	1.9083476418637804	2.0706499544084274	2.2227570275927095	2.5074601399580976	2.754125951755348	2.876105460693429	2.9715225794798164	3.118642621840615	3.217445866096379	3.259095735983323	3.2927305468276664	3.3127629282981355	3.2784382536334364	3.257378975636485	3.231353731360182	3.1688920918698495	3.1088423426827436	3.0781723664251177	3.0378758934987182	2.9562771156635685	2.8707234696674515	2.8194576353838	2.7470377326545985	2.571975572501396	2.3567275282784923	2.226848815290542	2.083099099991021	1.8304878206122355	1.5898148716208191	1.4624165087045278	1.3353657107664307	1.1347469924438847	0.968105383807843	0.8773277308667454	0.7940859185892232	0.6674880083499853	0.5712019771181123	0.522184782920657	0.48615388018118666	0.4266360107334385	0.3762127582151064	0.3531207517093219	0.3222190654662334	0.2763510206166593	0.23409027894985873	0.20829674465901898	0.18431476116361595	0.1447871440980702	0.10686043238663127	0.08610132414357488	0.07178270026917855	0.050207340940968986	0.033518955851611874	0.025266920687515126	0.01914240448084983	0.01176981403430519	0.007167211141248037	0.004987030823484123	0.0034387868297097494	0.001858946019735898	0.0010953562949152034	0.0008794447175521103	0.0006793315482887559	0.0004265570186929398	0.000279105209762047	0.0002106454413298468
MCW_CT_ROA_165_R2_trim	0.00024203564606285614	0.00023677400158322883	0.00022625071262397423	0.0002209890681443469	0.0002209890681443469	0.00023677400158322883	0.00025255893502211074	0.00026308222398136534	0.00027360551294062	0.00033148360221652034	0.000515641159003476	0.00109442205176248	0.0015627084104493103	0.0020099481912176313	0.0031412017543375028	0.006161385685643576	0.008429154456362945	0.012085997369703925	0.02096765325131482	0.03791014847571475	0.05011190202397047	0.06509180385746942	0.10249683446313994	0.16199551023876554	0.2002003108053394	0.24562408759796198	0.35387716112181417	0.48995381065393556	0.5669842858356794	0.6622884522951688	0.86105233415757	1.0834567846669367	1.2052375461479106	1.3407827695875898	1.6162140731626404	1.9025790739663564	2.0514836127398093	2.1953895892576165	2.452889208446097	2.691362721196245	2.8233773811900944	2.926916021260201	3.0717375239174625	3.17045649764423	3.2206578476243544	3.2518593993885445	3.279609312374099	3.2655659832579733	3.254495483272837	3.2402890431778437	3.200521534200821	3.1457425535234207	3.109300403857522	3.0760889039021144	3.005177721250177	2.932446009608289	2.891384136089277	2.812301619560479	2.633426753831069	2.415036938059658	2.27976005848844	2.122899913261791	1.8577288164220134	1.6092266092936953	1.4726237953136112	1.34825956639314	1.1413611821652352	0.9662431305942791	0.8755060715431062	0.7889467582087574	0.6550536911356812	0.54932620696205	0.49560481682505536	0.44608221898280315	0.37259809218032813	0.31429907134605756	0.2835710675850341	0.25423739961111186	0.20888728584120408	0.16884617135124028	0.14685775907087778	0.12664252098014966	0.09832435039079548	0.07442069951984863	0.05979858951096435	0.049280562196189356	0.03448481791947737	0.022483006861447483	0.016263743086528008	0.01262268510662591	0.008297613344372264	0.00509853350075886	0.0036884127802187428	0.002678177040130299	0.0017416043227566388	0.001304887830947572	0.0011259919186402437	0.0008418631167403691	0.0005103795145238488	0.0003525301801350296	0.00027360551294062
MCW_CT_ROA_166_R1_trim	3.628578159065545e-05	3.628578159065545e-05	3.628578159065545e-05	3.628578159065545e-05	3.628578159065545e-05	3.628578159065545e-05	3.9914359749721e-05	5.080009422691764e-05	5.805725054504873e-05	9.434303213570417e-05	0.00017780032979421173	0.00019594322058953944	0.00017054317347608064	0.00037374355038375116	0.0008744873363347963	0.002064660972508295	0.002993576981229075	0.004898580514738486	0.01018179031433792	0.01878514912948233	0.02417721627385373	0.03535323700377561	0.0619362005970898	0.1042200218846806	0.13233061688296138	0.16783262559125867	0.25583290310491624	0.37665367006732176	0.4476758303747117	0.5283754086323293	0.70788842731762	0.923629170343021	1.042374390598441	1.1690262826624649	1.4327368289507125	1.7087954267142602	1.8527592651751856	2.001726912917462	2.2739283320979236	2.520965561745265	2.6497619435012965	2.7487459271024455	2.9103192553693162	3.0481181395379893	3.11956484348999	3.155592996031351	3.1991504482527744	3.216944995544832	3.2229684352888803	3.214568276850644	3.173220628728092	3.1288467464208796	3.1172606963589833	3.1083997084945447	3.0604698195914484	2.990543489888096	2.95177576083664	2.895318713259739	2.7401679683344145	2.5249388548294416	2.394408012713377	2.2474723687401768	1.9903041488727242	1.7455638092000711	1.6134726784756082	1.4972493200407389	1.2932216273128012	1.1069957390332392	1.0050508356542929	0.9263106896025706	0.7947457027111721	0.6802930904179266	0.6232518417574162	0.5664065363174954	0.4919190838681978	0.4325301451387721	0.39507233280273846	0.3705649159164097	0.32954383982817376	0.28424104151224044	0.25670739044125107	0.22650673442334854	0.18022059142630845	0.13877134311530273	0.1145288124345858	0.09500706193881317	0.06594940804101629	0.043328851797401674	0.032537460352340744	0.025639533271957143	0.01638303038818094	0.009858846858181086	0.006985012956201174	0.005134438095077747	0.0029464054651612225	0.0017598604071467896	0.0011829164798553677	0.00079828719499442	0.0004826008951557175	0.0003265720343158991	0.00025400047113458815
MCW_CT_ROA_166_R2_trim	0.0001523703161727595	9.795234611105968e-05	3.990651137857987e-05	3.627864670779988e-05	3.627864670779988e-05	3.990651137857987e-05	5.8045834732479804e-05	5.8045834732479804e-05	4.353437604935986e-05	7.981302275715974e-05	0.0001559981808435395	0.0003410192790533189	0.0005079010539091983	0.0008344088742793972	0.0017196078539497143	0.0037367006109033877	0.005176962885203043	0.007382704605037275	0.014112393569334154	0.025743327703854797	0.03306435860948881	0.04467352555598477	0.07740049275109104	0.12403306522929701	0.15090465884576437	0.19282100725195636	0.28646707799880017	0.4067743262112062	0.47833032897767064	0.5632731523793133	0.7341201833203552	0.9434552305537022	1.068743536959089	1.193698079814764	1.446614665338191	1.7117571548021464	1.853555873324253	2.0006440185363568	2.260609545115109	2.5001828443794074	2.631645776454462	2.7363459508531722	2.906079227340285	3.037248302377006	3.101904106539647	3.155817803412108	3.216878393686006	3.2394364562089164	3.2466160003923896	3.2480091004259695	3.2248197894503434	3.1804981667674244	3.1607879780110766	3.1525200744263695	3.1104259606513094	3.05284812046136	3.0219495970603267	2.959227444767212	2.791210148269378	2.5733242240070027	2.4467697928315135	2.290851425010731	2.021743679461613	1.769784850211272	1.6342514539756028	1.5047657081461234	1.2865133695519992	1.0964676787731897	0.9922427546463515	0.9020939454421395	0.7586010141187786	0.6394945891124008	0.5774399639187091	0.5201487250377516	0.4353800391403063	0.36778929245900444	0.332178172850628	0.2978513173357078	0.24657507807890347	0.2019922491396882	0.17540725683221242	0.15130372395955016	0.11816318019197498	0.08942323627005593	0.07201674157965354	0.05811113629655385	0.039503818400123285	0.026599503766158872	0.020065719494084113	0.015345867557399348	0.009820629663801428	0.00635964676787732	0.004756130583392564	0.0035988417534137482	0.0023762513593608924	0.0016180276431678746	0.0012697526347729957	0.0010049185138060568	0.0006530156407403979	0.00035915860240721883	0.00023943906827147922
MCW_CT_ROA_167_R1_trim	0.0003883300208039851	0.0003883300208039851	0.0003883300208039851	0.0003883300208039851	0.0003883300208039851	0.0003883300208039851	0.0003883300208039851	0.0003883300208039851	0.0003883300208039851	0.0003883300208039851	0.0003915130537613948	0.0003978791196762142	0.0004169773174206725	0.0004488076469947696	0.0005156513391003736	0.0007416466790764633	0.0010153875134136987	0.0015214897536418434	0.0026164530909907847	0.004933701083985057	0.007842993207057536	0.013002689631018681	0.023411207401748447	0.042808610244203245	0.06290628033728818	0.09282360710398208	0.14284178699671835	0.2138807165401883	0.28088992635957766	0.36910450174123044	0.5074932256305326	0.6890820728177993	0.8451079823241087	1.0249811747473316	1.3522287930986243	1.7465811122580288	1.9906242491026314	2.2090980822003616	2.623468495628916	3.142121434808127	3.4480363662788593	3.6175583355245866	4.047439668554597	4.483569295280004	4.630803667757948	4.533348747700935	4.539963090186432	4.558940332678509	4.423734641746617	4.311411774745542	4.069959626728272	3.6702566291674614	3.3650992595405924	3.249698399669703	3.031727485779243	2.8240186701434724	2.7432078294207547	2.4764410202932035	2.116070760987106	1.8220380915463834	1.6250179005815941	1.4431393973952034	1.2095047783213302	0.9979285776423066	0.8665202450286038	0.7652202211590398	0.6247497937155917	0.5082603365732683	0.4388574859699069	0.37588754497347054	0.3039223528393943	0.24774818720702768	0.21278893623579678	0.18327267162173652	0.14818928236516665	0.12017540930700375	0.10218490703172406	0.0882432226782695	0.07153548268482592	0.05775613301219926	0.0495439079820822	0.04348659626413151	0.03511203655318655	0.027603261806657044	0.023096087138964886	0.01915549233769166	0.013324175959717063	0.009183050082127024	0.007241399978107099	0.0058567806416338734	0.004160224075334496	0.0026737476842241597	0.0018493421482550438	0.001413266633089913	0.0010504008759452056	0.00077984307456538	0.0006206914266948943	0.0005188343720577834	0.000423343383335492	0.0006334235585245331	0.0008657849644154422
MCW_CT_ROA_167_R2_trim	0.00040167187309923135	0.00039529612908178324	0.00038892038506433503	0.00038892038506433503	0.00038892038506433503	0.00038892038506433503	0.00038892038506433503	0.00038892038506433503	0.00038892038506433503	0.0003921082570730591	0.00039529612908178324	0.0004048597451079554	0.0004271748491690238	0.00043992633720392	0.0004813686733173328	0.0007045197139280169	0.0010009918107393542	0.0014791726120479628	0.00263955802322352	0.005132473934045733	0.008109946390194004	0.013296614148388045	0.02384209475324723	0.04423809986506375	0.06489232260958692	0.09436738720224956	0.14649547028890536	0.22146784419007776	0.29026531001035166	0.3816010309323047	0.5205093658404467	0.6971079115077333	0.8501959011106801	1.032892845930656	1.3626654537451248	1.7628039604081598	2.013555596870377	2.2336749712007644	2.639825804472253	3.158569089219866	3.4776559500610924	3.651009242023498	4.084821240714685	4.474905199062205	4.576748146124912	4.511307509529824	4.522420431352236	4.551630902568175	4.4492492051359935	4.313618002652819	4.049690891178546	3.666588372530132	3.3853479281764782	3.269459217043333	3.041915288804627	2.8208012984075177	2.7326693888543323	2.4637436940703794	2.0893249387737303	1.8002869594867372	1.615817557829911	1.4416354191452372	1.2168011821139468	1.0081358319109048	0.8773215040329132	0.770725439805198	0.6279597797664999	0.5096387222906976	0.43711782196423415	0.37466422144132105	0.2985952195691476	0.23706291405675584	0.20037050723634192	0.1712269813325866	0.13458239259230356	0.10511689161566708	0.08846982398611006	0.07545374257448974	0.058953317057334004	0.046520616223310184	0.04002054519752182	0.03459159916666475	0.027272245034634317	0.021148342905875403	0.0175173566879387	0.014198781926856953	0.009978039387306301	0.00703882139526272	0.005470388366970483	0.004431142092126441	0.0032356900888549193	0.002193255942002152	0.001590748132353305	0.0011922641312627977	0.0008639133143642197	0.0006439501457622598	0.0005164352654132973	0.00045586569724754026	0.00034747804895092233	0.000274156992750269	0.0002614055047153728
MCW_CT_ROA_169_R1_trim	0.00010963771423346407	0.00010689677137762748	0.00010415582852179088	0.00010689677137762748	0.00010963771423346407	0.00010689677137762748	0.00010415582852179088	0.00010689677137762748	0.00010963771423346407	0.00010689677137762748	0.00010415582852179088	0.00010689677137762748	0.00011237865708930068	0.0001233424285126471	0.00014526997135933992	0.0002494257998811308	0.0003700272855379413	0.0005290019711764642	0.0011457141137396997	0.0025435949702163666	0.0039853309123864195	0.0067344965967905315	0.012868726708152846	0.026129408244690327	0.038532174667350955	0.056120804973254425	0.09090885169953258	0.1413613868469169	0.1826153177701136	0.24177582837049083	0.339484959295354	0.4769733938869738	0.5920984757178228	0.7432751789314905	1.0495865068426542	1.4036916553310406	1.6003104501516234	1.803776120226086	2.2248753939968307	2.7731297477926913	3.1001790493511145	3.2928454045735815	3.807575286299704	4.334622965219957	4.524562082300866	4.397629018647073	4.376899267828381	4.451754417221278	4.371710663002282	4.24240668377819	3.95804208531371	3.571525287555056	3.323853691101661	3.2696433232989244	3.101533075121898	2.9560164189055325	2.94619562065307	2.7119628670218416	2.355341532991797	2.0648289997016755	1.883976108187865	1.7094520537281812	1.4762224851821888	1.2680040201957055	1.1454290556826927	1.0471333629866804	0.8920480752605896	0.7543376242976471	0.6797291597617748	0.6118140776798554	0.5118080366418012	0.42537240368299395	0.3783378242768379	0.3393287255525713	0.28359165257913405	0.2377822746295369	0.212584786955831	0.19507290304989097	0.16647116434923603	0.14019648613318636	0.12719893511080918	0.1149798118594896	0.09570824264010247	0.07602827293519566	0.0642504414836658	0.053785521660081645	0.03810184663898461	0.026384315930283134	0.020540625761639494	0.01662655936350483	0.01130090739461431	0.007071632568058434	0.005213273311801218	0.0038208743410362233	0.002381879341722007	0.0014828500850076016	0.001047040170929582	0.0006879766568149871	0.00033165408555622884	0.00026038957130447717	0.00024120297131362096
MCW_CT_ROA_169_R2_trim	0.00020315879531117184	0.00016197795842377217	0.00011256095415889253	0.00010432478678141259	0.00010432478678141259	0.00010157939765558592	9.883400852975929e-05	0.00010157939765558592	0.00010432478678141259	0.00010707017590723924	0.00011256095415889253	0.00011256095415889253	0.00010981556503306587	0.00011530634328471917	0.00016197795842377217	0.0002717935234568381	0.0003980814232448638	0.0006286941098143021	0.001345240671655057	0.0028744224147404995	0.004469493496845781	0.007365879024592893	0.013974030650457632	0.027799810288120626	0.04026662230849943	0.059385512180756196	0.09787861311397163	0.1518419817712202	0.1947661407535198	0.2565511230302485	0.3586823439001256	0.49614123204113997	0.6091359576819131	0.7618290100821395	1.070882954754697	1.4265288982816582	1.6237521623027928	1.8389989059349794	2.2578574340840993	2.8062077311310847	3.148848766369005	3.3405949790841154	3.846386253902536	4.288833165420758	4.401956924350445	4.339919366274141	4.365006732105945	4.435662066648219	4.374395962916272	4.2310289973764785	3.946656100945103	3.59784617634145	3.3712390125065923	3.3105027688759296	3.137482855388083	2.9722735739632125	2.9433179548531188	2.7118816515459327	2.3507504205455696	2.069685718010815	1.902540937252237	1.7352286877569838	1.5070209620617696	1.2954612760255682	1.1676524306618346	1.0597943280754831	0.899254953553644	0.75859219630279	0.6789512031516848	0.6022395401978367	0.493132285559234	0.40653722175240986	0.36013190935856204	0.3176442672472689	0.2556012183927125	0.2080126432856334	0.18339473899434583	0.16115159629689835	0.1309276074106728	0.10769887001705353	0.09468023478238358	0.0839485086895272	0.06799230709022273	0.052568710981328634	0.043448528305332516	0.03576692953126955	0.025718805330744027	0.01827605541062799	0.014075610048113219	0.011094117457465481	0.0075333477612683185	0.00503504365676607	0.0038462901652831323	0.002926584808131206	0.0019492262793369193	0.0013040598347676573	0.0010212847548075126	0.000856561407257914	0.0005710409381719426	0.00030473819296675784	0.00019766801705951858
MCW_CT_ROA_171_R1_trim	1.7988738510030566e-05	1.7988738510030566e-05	1.7988738510030566e-05	1.7988738510030566e-05	1.7988738510030566e-05	1.7988738510030566e-05	1.7988738510030566e-05	2.023733082378439e-05	2.2485923137538205e-05	2.023733082378439e-05	2.023733082378439e-05	4.497184627507641e-05	8.319791560889137e-05	0.00012367257725646013	0.00024959374682667406	0.0006565889556161156	0.0011197989722494027	0.00207769929790853	0.004150901411189553	0.008627848707873411	0.012861948034671855	0.019254695982673965	0.03475873998600656	0.061980198536310316	0.08295956482363347	0.11439938255453938	0.17449750932423774	0.25725020365500584	0.32029848354034923	0.3932203322753856	0.5253611081854427	0.7043535535448743	0.8396918277250892	1.0022335717170978	1.326525555206674	1.6811060771625137	1.8746266774611091	2.0871613743648063	2.4871454723199635	2.921407111505984	3.1695167874055805	3.311607584303998	3.603495103960068	3.880283326229281	3.9829315653521427	3.9139312616122925	3.874353788297912	3.891177755989418	3.8433299601450504	3.7344598660900314	3.5205917539442786	3.27145671994961	3.128426011464043	3.0826671578791527	2.9584301839519407	2.838953479952945	2.807700295384081	2.659432615399781	2.4209761463031296	2.1941538938378407	2.036246498604479	1.8725602211247694	1.6389134909872372	1.4245799202325369	1.2935544461101016	1.1827955345115297	1.0202133158578737	0.8763168993315115	0.7883587137944033	0.7017586780148024	0.5860596091029133	0.4991874936533482	0.4498871071742957	0.39740271397896776	0.3330524991439609	0.28527216106900594	0.25557725097357303	0.22874479889354865	0.1928077965351351	0.1619458670288639	0.14358386219475022	0.1279404054679649	0.10592443812400124	0.08552296006131281	0.07314445937409804	0.06030949444719122	0.042370224968063246	0.02996698976539717	0.023407845986177275	0.018894921212473353	0.012673066280316532	0.007876818875079634	0.005790125207916088	0.004119421118797	0.0025791353838756324	0.001594251950451459	0.0010680813490330648	0.0007735157559313144	0.0004542156473782718	0.0002698310776504585	0.00018888175435532092
MCW_CT_ROA_171_R2_trim	2.2484035828670838e-05	2.2484035828670838e-05	2.2484035828670838e-05	2.2484035828670838e-05	2.2484035828670838e-05	2.2484035828670838e-05	2.2484035828670838e-05	2.2484035828670838e-05	2.2484035828670838e-05	2.473243941153792e-05	3.147765016013917e-05	6.070689673741126e-05	0.00010117816122901878	0.00016863026871503128	0.0003462541517615309	0.0008386545364094222	0.0013692777819660539	0.002547441259388406	0.005133105379685552	0.01040786018509173	0.01504181996938079	0.022454806582093565	0.039740533327175705	0.06927781119530058	0.09195296132851513	0.1244693739439389	0.19030038244670422	0.2774485053186324	0.3401879588949555	0.41794000319408214	0.5527160591618837	0.7266098406644068	0.8593263589503022	1.0242647489822656	1.3481787627444293	1.7068958155657923	1.9063809266485088	2.1136590045494423	2.4992827030469758	2.9359114368218493	3.1964362083722406	3.3247098811783906	3.6062774618608358	3.8766727251400144	3.9701321168690504	3.906978957033479	3.8749212187489603	3.886316128106931	3.826836859725766	3.7111654890015853	3.5098456805952494	3.274123048967464	3.1325140945113303	3.0985676972172027	2.98162373006512	2.857156604524764	2.8216048470724697	2.6676678957714746	2.4189652302597975	2.193187287679034	2.040585888106262	1.8858395115154352	1.6591284814477814	1.4418495044102548	1.308449471435168	1.1910108554948544	1.019369974382364	0.8684099094250852	0.7783321166846813	0.6929444938181379	0.5738600464551658	0.4756227971125372	0.41892030715621215	0.36857855093581815	0.3026890839398983	0.25159860932640954	0.22229966223806857	0.19553016918045307	0.15960067992623708	0.1310796804775681	0.11508903419621742	0.10086338472741739	0.08209371161764296	0.06626270199067583	0.05653835649477569	0.046179961188507035	0.033168449654455215	0.024273765080633034	0.01879665395276882	0.014954132229648974	0.010637197350544173	0.007320802065815225	0.005450130284869811	0.004056120063492219	0.0029071858326471392	0.0020955121392321223	0.0015334112435153513	0.0012388703741597633	0.0008656353794038272	0.0005598524921339038	0.0004406871022419484
MCW_CT_ROA_172_R1_trim	3.732320348414593e-05	3.732320348414593e-05	3.732320348414593e-05	3.732320348414593e-05	3.732320348414593e-05	3.732320348414593e-05	3.732320348414593e-05	3.732320348414593e-05	3.732320348414593e-05	3.732320348414593e-05	4.0433470441158086e-05	4.354373739817025e-05	4.354373739817025e-05	4.665400435518241e-05	6.842587305426754e-05	0.00019283655133475394	0.00033590883135731334	0.0005940609887893228	0.0014182817323975454	0.0031849133639804523	0.004730716041615496	0.007542397370754489	0.014832863117990994	0.02989588599080089	0.04213789673360075	0.06272164345510724	0.10998526013386402	0.17050794485036366	0.21076413007497208	0.27117795544797624	0.37613702417930867	0.5170476686667446	0.6260127612387086	0.7901477690941544	1.1429733424306567	1.5423907147832014	1.7494349655775872	1.9446477608674981	2.432598882151394	3.1430522810060255	3.55699148978086	3.698676590740592	4.344268482473693	4.992099766415841	5.1563436336147825	4.941318437808704	4.853260559721775	4.904197401676764	4.7566898809735045	4.680283062907544	4.327553907846709	3.7663559997251768	3.4584613428496715	3.334156413645724	3.0557875209931353	2.788612479118834	2.7005701523666907	2.411868952882908	1.9815075345750492	1.6533494884746103	1.4492008962172032	1.2755142585367731	1.05246768424856	0.8579080450196213	0.7462401304620137	0.6700448105491298	0.5496028329057908	0.44352717833689115	0.3878098560689753	0.33856499933860174	0.27411404745539575	0.2247852135171829	0.19568866613433408	0.167786461262978	0.1359093352205604	0.1119260667150396	0.09742289189449191	0.08628813618838836	0.07070258846680043	0.05827396170657984	0.05170818816032717	0.04459500762964036	0.035223773288162716	0.02774047098959146	0.023410979385430533	0.01943294794741198	0.013672733543025457	0.00942721914670386	0.007026093055890471	0.005380761835631038	0.003424403919670389	0.002049665924671014	0.0015178102750219343	0.0012223349141057792	0.0008273310105652347	0.0005567377853051768	0.00044165790789572684	0.0003141369626582282	0.0002052776191628026	0.0002674829583030458	0.0003421293652713377
MCW_CT_ROA_172_R2_trim	4.9798377263853675e-05	4.046118152688112e-05	3.112398578990855e-05	3.112398578990855e-05	3.112398578990855e-05	3.112398578990855e-05	3.112398578990855e-05	3.112398578990855e-05	3.112398578990855e-05	3.112398578990855e-05	3.7348782947890266e-05	4.046118152688112e-05	4.3573580105871974e-05	5.291077584284454e-05	9.02595587907348e-05	0.0002552166834772501	0.00042017380816376543	0.0006691656944830338	0.0017429432042348788	0.003834475049316734	0.005368887548759225	0.008285205017273657	0.016859863102393464	0.033607679855943255	0.046408975211332644	0.06910769804791295	0.122858821507085	0.18819740487584002	0.22875507075866985	0.29091900757685424	0.39769606562629356	0.5361480040141228	0.642934399259299	0.8117820221695528	1.1791820000279494	1.58570794042284	1.7872046244267077	1.9943814358372343	2.474512490226679	3.181640110177665	3.6169432878339047	3.755662892499527	4.3836982397611965	4.9100453006500775	4.967646461151461	4.840361808865051	4.866923018338158	4.942022083650629	4.788008152367846	4.669413316913978	4.29088651413569	3.7617040581413486	3.4740997550511197	3.3472508385657687	3.0581494717590445	2.76192693700359	2.6486854271055864	2.3672934715790235	1.9248442267854204	1.6083693144764724	1.4360949407307495	1.2856696050095424	1.0817483625126407	0.8847926680355204	0.7735026320465443	0.6920075876542477	0.5648412065138394	0.4530625239479618	0.3947797481577791	0.3436897254836442	0.27549396021937556	0.21987539761280897	0.18625215576397075	0.15780172035341533	0.1225569188449229	0.09626026325102917	0.08208640012230482	0.07060164936582855	0.05585510489856989	0.04512355459820942	0.039138412130810006	0.03366370303036509	0.02671994180063649	0.020504481838391753	0.01666378199191704	0.0136821041532438	0.009760481943715323	0.006872176062411809	0.005038973299386194	0.0038189130564217793	0.002517930450403602	0.0016308968553912081	0.0013258817946501043	0.0010364287268039547	0.0006504913030090887	0.0005010961712175277	0.0004917589754805551	0.0003454762422679849	0.00021164310337137815	0.00016806952326550617	0.00014317033463357934
MCW_CT_ROA_173_R1_trim	3.8374628362282144e-05	3.8374628362282144e-05	3.8374628362282144e-05	3.8374628362282144e-05	3.8374628362282144e-05	3.8374628362282144e-05	3.8374628362282144e-05	3.8374628362282144e-05	4.11156732453023e-05	4.3856718128322455e-05	6.030298742644338e-05	7.674925672456429e-05	8.497239137362475e-05	0.00013705224415100768	0.00036455896944168043	0.001000481382302356	0.0014911284163629636	0.0023984142726426344	0.005084638258002385	0.011191686257371287	0.01608171032867924	0.02306315164573157	0.04226417105128775	0.07506899621127294	0.09730435230233242	0.1296404587873212	0.20291955268998194	0.29947285869436685	0.36014314613513493	0.4381313551468244	0.5945545634861354	0.784766632098436	0.9028700329731253	1.0594165883321724	1.3647333547171383	1.6794985028138742	1.8465021444016432	2.03823549292402	2.4014815018667335	2.7758260015407963	2.983860343982494	3.120008043322105	3.405822275364382	3.674080114930915	3.789672718692758	3.7357865173374654	3.715648060581916	3.7454843341335904	3.722163524268855	3.6407791606471034	3.4435034193712606	3.222690325684922	3.12086599037049	3.1204192000545574	3.05344176833796	2.999166338609278	3.0044044753807295	2.890505837356593	2.6622042090498446	2.4088137969288126	2.2372353514312833	2.0490708433465987	1.7678697898424443	1.511335399240588	1.3649690845770779	1.2423457006902883	1.0478548610155933	0.8784719924693629	0.7847282574700737	0.6965899592565606	0.5713242081025397	0.4782821805933035	0.4270794621784871	0.3737771033832772	0.30801669559474065	0.2583791138081287	0.22633629912562314	0.19995374212655415	0.16750525280136158	0.1412405607322625	0.12515885040358324	0.11069435655588589	0.09158653267635239	0.07425764692589898	0.0635977233758336	0.05307211102503621	0.03808133655979899	0.026774526417340856	0.020450935872213364	0.01621053943818119	0.01109574968646558	0.007370669690441192	0.005594472606244133	0.003878578509473517	0.0022750672529067272	0.0014774231919478626	0.0010498201901967188	0.0006770380861059778	0.0003344074757284587	0.00022750672529067275	0.00019187314181141074
MCW_CT_ROA_173_R2_trim	4.385002808046173e-05	4.1109401325432876e-05	3.8368774570404014e-05	4.1109401325432876e-05	4.385002808046173e-05	4.1109401325432876e-05	3.8368774570404014e-05	3.8368774570404014e-05	3.8368774570404014e-05	4.659065483549059e-05	6.57750421206926e-05	0.0001260688307313275	0.00018636261934196235	0.00029872831629814556	0.0006056785128613776	0.0013812758845345445	0.0020006575311710666	0.00319283016960862	0.0072845859148667055	0.015125519061004268	0.020521813141656093	0.028705324632172263	0.0506467824329333	0.08910325705949824	0.11553386148499656	0.1514086657083243	0.2299276222399011	0.3302290802204472	0.39312372362160447	0.4755261482650572	0.6280749147034734	0.8106883566445564	0.9296096327987686	1.0837644065156318	1.3892182208706183	1.7058072017312866	1.8710395887919766	2.0542230810981055	2.4005971935324277	2.776803028195239	2.998253891881836	3.133262647088068	3.41745467907754	3.6518495229281385	3.733594197150384	3.7104523448309203	3.713330002923701	3.7388699036538147	3.7145687662169737	3.6343369179635037	3.445085678021741	3.2386233020583974	3.147790709516476	3.1451597078316476	3.0731195929489594	3.017419094779753	3.023051082761337	2.903491240573203	2.666355769967576	2.413162967204235	2.244513018580024	2.0586711183215174	1.7779404979236464	1.5184744005180444	1.370688843379868	1.2449105190845737	1.0435813370333988	0.8661778265536256	0.7682442700894245	0.6788093971925677	0.5514963219144572	0.4513291546449074	0.39438441192891777	0.34226317230177894	0.2728513184771631	0.22096577275095672	0.19202475421785198	0.1666520317197948	0.13592686516916627	0.11252191268121983	0.09864063816699867	0.08607486449519135	0.07014086054145358	0.05658572061108083	0.0476457961361767	0.03936636270923452	0.028576515174685905	0.020412188071454937	0.015618831876909461	0.012056017095371949	0.00826024903965698	0.005747094305295516	0.004379521554536115	0.0031983114231186774	0.002145910749187596	0.0014004602718197467	0.0010359569134009085	0.0007755973716731669	0.0004987940694152523	0.00032065333033837645	0.00023021264742242411
MCW_CT_ROA_174_R1_trim	7.62378017134827e-05	6.988465157069248e-05	6.353150142790226e-05	6.353150142790226e-05	6.353150142790226e-05	6.353150142790226e-05	6.353150142790226e-05	9.529725214185338e-05	0.00012706300285580453	0.00012706300285580453	0.00020330080456928723	0.0004129547592813647	0.0005463709122799595	0.0009466193712757438	0.0022617214508333207	0.004993576012233118	0.006861402154213444	0.01038104733331923	0.020177604853501757	0.03823325755931158	0.05106662084774784	0.0706533827379701	0.11808600170404193	0.19171901185898063	0.23892291741991206	0.30058023955569113	0.43930762607365853	0.6135999470909657	0.7164129758517398	0.8283554813677035	1.0472596226876836	1.3047845637256854	1.4586260944333507	1.6196720974029404	1.9338671377146308	2.247229915357616	2.4081869742252064	2.569836526458361	2.8553534470254966	3.11188094349108	3.2470569190792276	3.3250608965324067	3.4845821434677258	3.6241926178555413	3.6781880409191157	3.628017214241501	3.546906546368498	3.4755797297153923	3.419875309263407	3.3247559453255517	3.1270268534314924	2.9359050376859335	2.8533204389798033	2.8388733755550986	2.7843824067803866	2.751307907137021	2.7551833287241227	2.67029253651616	2.4777349088383307	2.224987536707707	2.0517180728633897	1.8564476500745892	1.546388510505855	1.269943888342624	1.1195584713126365	0.9993441643107597	0.8064371133750773	0.6506070466727186	0.5726221286699686	0.4998404406341638	0.3937364800994243	0.3127211094785633	0.27041548267772314	0.23281118698254785	0.18280554220864595	0.1450932429610432	0.1240770222886931	0.10739365001372599	0.08493526425896253	0.06994182992197759	0.06292159901419439	0.055221581041132645	0.04490406520924132	0.03631460621618893	0.03052688643610704	0.025406247421018116	0.018735439771088377	0.012801597537722307	0.009485253163185808	0.007547542369634788	0.00505710751366102	0.0032401065728230156	0.002318899802118432	0.0016708784875538293	0.0009339130709901633	0.0004955457111376376	0.0003621295581390429	0.00027953860628276994	0.00020330080456928723	0.00015882875356975566	0.00011435670257022409
MCW_CT_ROA_174_R2_trim	6.355486376792509e-05	6.355486376792509e-05	6.355486376792509e-05	6.355486376792509e-05	6.355486376792509e-05	6.355486376792509e-05	8.262132289830263e-05	0.00018430910492698275	0.00026693042782528536	0.000324129805216418	0.00047666147825943826	0.0011122101159386892	0.0016524264579660525	0.0022561976637613407	0.004296308790711736	0.008262132289830262	0.010899659136199153	0.016473420688646184	0.03166938861555708	0.05573126003809351	0.07097807185601875	0.09685761238231784	0.15802916875894576	0.2439426336004269	0.29603855543099505	0.36310800316528646	0.5062081344251466	0.6756708231759421	0.7748799655176731	0.8878169584332759	1.1125723786621662	1.3504328118000029	1.479627138867441	1.6368364498837804	1.9473400923083553	2.2470394078923825	2.3941689175151293	2.5526111928885666	2.8257127979857173	3.0865101814573985	3.2314661147392814	3.2983258314231394	3.4412035206598115	3.5686056005689943	3.619551179365363	3.5763402274895504	3.5106117873807623	3.4445655729531346	3.3822881619469447	3.2931079771077925	3.1057101058016885	2.916952160410951	2.83559557930163	2.8294434684888947	2.7890607080507555	2.7635434302479336	2.768850261372555	2.6861717390968614	2.491973497367589	2.2245028532002764	2.0413059583892323	1.8583950604651442	1.5567763879953251	1.2788001248471743	1.1301580094667512	1.0021140254335126	0.8026470854978796	0.6427811811760409	0.5605157655148385	0.4875357154501302	0.38190117638146187	0.2981867098263509	0.2516518385754762	0.21438326646196493	0.16395248206211635	0.1270016842674447	0.10815131167387813	0.09228801767740402	0.07113060352906177	0.057065912177219937	0.05006216618999459	0.04407529802305605	0.03625169429322447	0.028981017878173844	0.023769519049203984	0.01949863220399942	0.014236289484015221	0.009711183183738953	0.007251609955920253	0.0059360242759242034	0.004181910035929472	0.0029743676243388943	0.0024405067686883238	0.0017922471582554876	0.0011821204660834067	0.0007817248243454787	0.0005529273147809483	0.00045123953275226817	0.00034319626434679547	0.00026057494144849286	0.0002033755640573603
MCW_CT_ROA_175_R1_trim	0.0	0.0	0.0	0.0	0.0	0.0	0.0	0.0	0.0	0.0	0.0	0.0	0.0	0.0	0.0	3.620284308167289e-05	7.240568616334578e-05	3.620284308167289e-05	0.0	3.620284308167289e-05	7.240568616334578e-05	0.00021721705849003732	0.0005068398031434205	0.0010860852924501868	0.00188254784024699	0.002679010388043794	0.004742572443699149	0.008724885182683165	0.013322646254055624	0.020997648987370277	0.03381345543828248	0.05104600874515878	0.07273151175108084	0.09995604974849885	0.15190712957069943	0.2349202487569754	0.317969570786333	0.4032272662436726	0.543296066126665	0.7184816237988801	0.8675287287661275	1.0664995543430016	1.3486645133215602	1.6242767577023358	1.8556491278373073	2.0884696116955457	2.3578187642231923	2.5756874738886997	2.743451448729172	2.977285612193697	3.275090199383538	3.5294875777184536	3.7156787996874967	3.912803280267206	4.073109469432853	4.2740714513792195	4.4942571430019544	4.562282285152418	4.52401588001509	4.451573991008662	4.342712041862072	4.121802293377703	3.828559264416153	3.4570818915551076	3.076988242040624	2.7266171266961936	2.3546691168750864	2.0554888216481415	1.8081509977141526	1.559618479958468	1.3319025969747456	1.1326783514962997	0.9591943274489232	0.8034496965115665	0.6509633214515602	0.531457736438958	0.4414212656948376	0.3574306697453564	0.287088545637666	0.2363683624802423	0.2012516046910196	0.16472293602161164	0.13123530617106421	0.10668977856169001	0.08866076270701691	0.07081276106775217	0.05148044286213885	0.03728892837412308	0.02653668397886623	0.019259912519449977	0.013503660469463987	0.008833493711928186	0.005575237834577625	0.003656487151248962	0.0025341990157171025	0.001665330781756953	0.0011946938216952055	0.000651651175470112	0.0004706369600617475	0.00043443411698007464	0.00043443411698007464
MCW_CT_ROA_175_R2_trim	0.0	3.620663124451243e-05	3.620663124451243e-05	0.0	0.0	0.0	0.0	0.0	0.0	0.0	0.0	0.0	0.0	0.0	0.0	3.620663124451243e-05	7.241326248902486e-05	3.620663124451243e-05	0.0	3.620663124451243e-05	7.241326248902486e-05	0.00021723978746707458	0.0005430994686676865	0.0013034387248024475	0.0022448111371597707	0.0029689437620500194	0.005105135005476253	0.008436145079971397	0.012093014835667153	0.020673986440616597	0.03428767978855327	0.05087031689853997	0.07273912217022548	0.10188546032205799	0.155797134245137	0.23548792961430887	0.31521493161472525	0.4034504919576021	0.548856323035564	0.7293101731582139	0.88108837133521	1.0717524914688126	1.3514125112014266	1.636901798564407	1.8705431899852458	2.0985363469319407	2.363930953954217	2.5880137947265043	2.76803316527422	2.991066013740417	3.2819862957900736	3.5482498619622183	3.7326140282592757	3.9203454112620726	4.0757442725635205	4.292332340668193	4.524815119889207	4.577459561718729	4.534916770006427	4.453379436443785	4.328032079075283	4.118540510694533	3.8330874299627977	3.4604849878255206	3.0821618979516097	2.73312997275451	2.350932773337437	2.037021280447514	1.7889334431601147	1.5455886745657466	1.3217954868434154	1.1181693927242775	0.9390551879576745	0.7831132271875594	0.6326022611041212	0.5155462222906125	0.4248486110231089	0.340704400010862	0.27893588710772377	0.23222933280230276	0.192257211908361	0.1569195398137169	0.12415253853743312	0.09627343247915855	0.07838735664436942	0.0643753903527431	0.04793757976773446	0.03417905989481974	0.022846384315287346	0.016184364166297056	0.011803361785711052	0.007856838980059198	0.005032721742987228	0.003729283018184781	0.003258596812006119	0.0020637779809372088	0.0011586121998243978	0.000760339256134761	0.0003620663124451243	0.000253446418711587	0.0003620663124451243
MCW_CT_ROA_177_R1_trim	5.179760848499215e-05	5.179760848499215e-05	5.5034959015304156e-05	5.5034959015304156e-05	5.179760848499215e-05	5.179760848499215e-05	5.179760848499215e-05	5.179760848499215e-05	5.5034959015304156e-05	5.8272309545616164e-05	5.8272309545616164e-05	5.5034959015304156e-05	5.179760848499215e-05	5.179760848499215e-05	8.093376325780022e-05	0.00016186752651560043	0.0002460386403037127	0.00043704232159212127	0.0008708472926539305	0.0016704728736409967	0.002554269568416175	0.004412508772815268	0.008883289855176153	0.018093552113913818	0.0266336828128769	0.037407585377755265	0.059651420871529075	0.09321303381927368	0.12100892547253259	0.1695076737671368	0.24214734496627766	0.34264118012822303	0.4323384512715779	0.5605860925298881	0.8033679582001069	1.0646415700994678	1.2170171848601936	1.401504079531084	1.7783834788678867	2.28620399510422	2.621781276375302	2.821134084681385	3.2719157219241506	3.681372579647483	3.827509819936297	3.8880418001520716	3.880317481786747	3.9141218960242647	3.980393698730282	3.9786843776502776	3.8223203470362073	3.5168504256970268	3.35045708314005	3.3571066011293107	3.239474232259894	3.1087305937427128	3.107154004034451	2.922123234474468	2.648469994147194	2.436494756123424	2.2791983685566244	2.1235724538634657	1.91444284695584	1.7175957479602184	1.5921257534569158	1.4773131168994003	1.3051734771511199	1.1522313260475898	1.0589697319703613	0.9607420421796343	0.8314811102053364	0.728497752485581	0.6620478955003968	0.5933124690408121	0.5121650406480114	0.4469389021632851	0.4018264225233872	0.36208147006274666	0.30816339698040013	0.2612121022392851	0.23403130718678547	0.21163855356861727	0.18000640153693864	0.14774620350237946	0.12553150416337847	0.10411643040536452	0.07422273560846343	0.05195947601150775	0.04021436828753577	0.03164186408326958	0.02117227246824054	0.013334646834355167	0.009514573208586995	0.006720739700927731	0.004053162863950635	0.0024280128977340067	0.0016316246672772525	0.0010294774686392188	0.0005179760848499214	0.00030107359931901684	0.00022661453712184064
MCW_CT_ROA_177_R2_trim	6.477093160905341e-05	5.829383844814807e-05	5.181674528724273e-05	5.50552918676954e-05	5.829383844814807e-05	5.50552918676954e-05	5.181674528724273e-05	5.181674528724273e-05	5.50552918676954e-05	5.829383844814807e-05	5.829383844814807e-05	5.50552918676954e-05	5.181674528724273e-05	5.829383844814807e-05	9.715639741358012e-05	0.00016192732902263352	0.0002202211674707816	0.0004404423349415632	0.0009553712412335377	0.0017844391658294212	0.0026264612767471157	0.004708846727978183	0.009514849853369946	0.019444233669037834	0.028755055087839262	0.04073443888893369	0.0648745650996279	0.09989620782064307	0.1280650859774204	0.1825180081811516	0.25779478489719343	0.35586445244646125	0.4470457314191062	0.5727563940325374	0.8212954128027972	1.0924071012388121	1.245179059078506	1.4335426438373746	1.8023548055124856	2.316046587010727	2.6710981642654947	2.872548715755973	3.3280729621227043	3.690965060648747	3.7865831484366126	3.8671160862527296	3.903222642078196	3.952665532721967	4.007448786676904	3.9679482340351226	3.8067009997943844	3.545453924242429	3.396594130671922	3.39822959669505	3.2726549530379976	3.1391976870041236	3.133896186251923	2.951527151213472	2.666220913115333	2.4440533791497	2.293758909444052	2.1466706008530525	1.9450905074993565	1.7446406669022383	1.6126537010158901	1.4891646813566493	1.3059018074619935	1.1432684752848212	1.0461412247904651	0.9468894877393323	0.809882774653282	0.6924077359939418	0.6174548139359453	0.5506597907141089	0.461803788186229	0.388214294238603	0.344215400396573	0.3039116882028395	0.2531669018337266	0.21088119913275608	0.1851930476566055	0.1636275659773712	0.13488222652927326	0.10997456477901178	0.09297543377821571	0.07608965190773549	0.05499052093608634	0.03948759845545941	0.03014763011743391	0.023217140435265193	0.015745813474160885	0.010502606560408011	0.007685071035414186	0.0054666666278041075	0.0036887045551355913	0.0025195892395921777	0.0017909162589903266	0.0013537124706292161	0.0009650868809748958	0.000560268558418312	0.00029146919224074035
MCW_CT_ROA_178_R1_trim	3.322339159331911e-05	3.322339159331911e-05	3.322339159331911e-05	3.322339159331911e-05	3.322339159331911e-05	3.322339159331911e-05	3.654573075265102e-05	3.654573075265102e-05	3.322339159331911e-05	3.322339159331911e-05	3.9868069911982926e-05	6.31244440273063e-05	7.309146150530204e-05	8.97031573019616e-05	0.00014618292301060408	0.00026578713274655287	0.0004917061955811228	0.0010266028002335606	0.0020033705130771424	0.004083154826818918	0.006428726273307247	0.010687965075570757	0.020090184896480068	0.03899429471307864	0.056532923135191794	0.08058001397043617	0.12848149996968367	0.19635024431651593	0.2514014041866457	0.3346459341628661	0.4641341028978273	0.6325036068144498	0.7693972695355619	0.9373315470223119	1.2594123944845848	1.6217400585230042	1.8356953780448202	2.0603286956247286	2.4923789692608875	3.0736055934902087	3.454800821614474	3.649539731438714	4.116773576772198	4.517839715408427	4.634576746449873	4.634181388089913	4.5362953094385166	4.487154590932838	4.4848555322345804	4.373494045952934	4.055831909572573	3.6209343912768666	3.383872202901897	3.3269273097109484	3.080835003500915	2.8418857264834454	2.781575303724093	2.536898313995935	2.166204999954318	1.857506534625834	1.6550863766652184	1.471301219049296	1.2351360622473466	1.0245396276156153	0.8938022593567453	0.793500840136515	0.6550456780105168	0.5369498102529047	0.4656690235894386	0.40575728152920626	0.3337223238765718	0.27154142417051574	0.23212187004504262	0.20197164217410551	0.16583788147721165	0.1368571169903594	0.1191789503235543	0.10428158153311003	0.08681936691166149	0.07251005215241896	0.0636128278837281	0.05516079706238771	0.04530341677664994	0.03649257332610171	0.03013361617514043	0.024459060891001527	0.017325998715915916	0.012163083662314125	0.009329128359404006	0.0072759227589368845	0.004956930025723211	0.0033356285159692385	0.002455208638746282	0.0018007078243578957	0.0011561740274475048	0.0007442039716903481	0.0005116402305371143	0.00032226689845519537	0.00017608397544459129	0.0001561499404885998	0.00017276163628525935
MCW_CT_ROA_178_R2_trim	0.00012629761661108794	9.306140171343324e-05	4.653070085671662e-05	3.323621489765472e-05	3.323621489765472e-05	3.65598363874202e-05	3.9883457877185675e-05	3.65598363874202e-05	3.323621489765472e-05	3.65598363874202e-05	4.653070085671662e-05	6.647242979530945e-05	7.31196727748404e-05	9.970864469296419e-05	0.00016618107448827365	0.0003124204200379544	0.000541750302831772	0.00098379196097058	0.0021271177534499023	0.004486889011183388	0.006936398049140541	0.011682529536525637	0.02210540652843016	0.04227978897130658	0.06063947408077104	0.08649724927114642	0.13760125329778033	0.2091455294864719	0.26582324675144253	0.3524667353681386	0.4858769019673247	0.6548365240210422	0.7929030843273897	0.964023060349455	1.2864409338286238	1.6475657031776014	1.8620389979121674	2.0927814198391355	2.5143828058158855	3.1007161673113717	3.5056595623814175	3.6929655750586403	4.158312467083683	4.4941943312178925	4.536979310655644	4.560869501924078	4.519536945077355	4.4797897556812485	4.455573849506818	4.322353129332549	4.010633993428934	3.6245189140984104	3.4091715069120356	3.344550334286526	3.0787802654789194	2.825882582701175	2.7639036891600286	2.512401927407985	2.1286200303632765	1.8318671620280766	1.6481739259102286	1.4744980849625338	1.251263723980946	1.045112777456753	0.913287978308185	0.8037912683278614	0.661074961557332	0.5440801614960976	0.47173821614986233	0.40868911648901135	0.33093963897892764	0.2653313507709572	0.22488287724051143	0.19587430887783838	0.1593676504342544	0.12947499875530377	0.11165374032718128	0.0951918430883729	0.07699169181041718	0.06319866262789046	0.054052056288055886	0.046540671721185915	0.037613424399675854	0.02948716985719927	0.023943369212270464	0.019386684149802002	0.01414533306044185	0.010153663651233519	0.007454883001543955	0.0057731305277226265	0.0042941189647769905	0.0030244955556865804	0.0021204705104703714	0.0015554548572102413	0.0010369699048068276	0.0006614006764633291	0.0005184849524034138	0.00041545268622068403	0.00024927161173241046	0.00012962123810085344	9.970864469296419e-05
MCW_CT_ROA_180_R1_trim	3.284621921013007e-05	3.284621921013007e-05	3.5192377725139366e-05	3.5192377725139366e-05	3.284621921013007e-05	3.284621921013007e-05	3.284621921013007e-05	3.5192377725139366e-05	3.753853624014866e-05	3.753853624014866e-05	3.753853624014866e-05	3.988469475515795e-05	5.3961645845213695e-05	7.97693895103159e-05	0.00012200024278048315	0.0002674620707110592	0.0004903471296369418	0.0010909637094793203	0.0023836970512494397	0.004910509771914446	0.007256668286923737	0.011564215320480796	0.022687352840139844	0.04441512684764089	0.062372624121522	0.0868923267618841	0.1394673929247273	0.20636106450467223	0.25455819887850806	0.33485547405470106	0.4639692694526924	0.6301523693878305	0.759845665939029	0.9244146088158408	1.2674792915145594	1.6266667755284219	1.8040997055430295	2.017311552911529	2.436011693817117	2.981319932826666	3.33440036622596	3.497732883565361	3.9557382180729004	4.344095490903873	4.420146219167899	4.405351343572251	4.281307596725195	4.206673948204234	4.202368747329191	4.108264329292169	3.838524138663036	3.4657054736769695	3.2603321419071163	3.206332957525662	3.0128874956461162	2.8424906950180215	2.8083376655150314	2.587322494925611	2.267139896223778	2.0028381010324363	1.8194576591822802	1.6417502286214165	1.4091426888093352	1.2048274745297511	1.0845891967940402	0.9836175727835852	0.8265141063015331	0.6922434544875513	0.6184004613861489	0.5486679380030428	0.45501163624238683	0.3824308764220595	0.34041117741824306	0.29793397750399986	0.24594075865287893	0.20645725700378761	0.18195397747303055	0.16248086179845345	0.13669657971850133	0.11392241901330616	0.0995428134748142	0.08890767692627709	0.07364826194465665	0.05760288386050811	0.047810018218859336	0.0396711943302921	0.028566826078753126	0.02028957883780035	0.01525706882310542	0.012148408790718108	0.008199824009957472	0.0050583177583600316	0.003688161185594606	0.002862313388311335	0.0018722344949774143	0.0010698482828442367	0.0007296552981678895	0.0005255395073620812	0.00029092365586115207	0.00016892341308066895	0.0001266925598105017
MCW_CT_ROA_180_R2_trim	5.164690354863292e-05	3.990897092394362e-05	2.817103829925432e-05	2.817103829925432e-05	2.817103829925432e-05	2.817103829925432e-05	2.817103829925432e-05	2.817103829925432e-05	2.817103829925432e-05	3.0518624824192184e-05	3.2866211349130044e-05	3.2866211349130044e-05	4.225655744888148e-05	7.747035532294938e-05	0.00016198347022071234	0.0004202179879638769	0.0006901904383317309	0.00127239189651632	0.002765456926376799	0.0058267097548957685	0.008554605296873562	0.013611306671589711	0.025530003458699227	0.04871476797898553	0.06777247538843108	0.09457252315712168	0.1511000590911004	0.22127411549454293	0.27131526986011834	0.35805154919699744	0.4863847141692505	0.6460229454515499	0.7766919590161162	0.939863308018447	1.2806483583245265	1.639570862122276	1.8165366295451415	2.0386159672177384	2.44675562251081	2.990808799665159	3.363459989460745	3.522187357171368	3.982002087051372	4.328287532585382	4.356406923981087	4.362116254409735	4.279300444569503	4.207013560293616	4.17818989294043	4.076105092903506	3.825990876950102	3.485231650095797	3.2905345616500754	3.2343591636948372	3.0333588054296574	2.8542215204712247	2.8156600642125955	2.6042340741901664	2.2789031859777533	2.008519907968035	1.8336622732445635	1.6641360075192255	1.4370868291733356	1.2281844946652152	1.1030088335690036	0.9941418560615354	0.8281252321909797	0.6865798502563765	0.6100015778129033	0.5404073752811206	0.4430623524380473	0.36097429442054507	0.31286050859194364	0.2727707735055798	0.2194735166299156	0.17676152739519618	0.15268937516848335	0.133662186383862	0.10953369208055067	0.0900041197795926	0.07783188364778981	0.06788281195510315	0.054384189436710466	0.04234341815030418	0.0351457178648447	0.029004431515607262	0.02100855181166891	0.015059767557476372	0.011453874655171819	0.008887962583414738	0.006002778744266107	0.00389464604487191	0.002915702463972822	0.0022419451313156562	0.0014977602029103546	0.0009719008213242739	0.0007770511397544317	0.0006432387078329736	0.00042491316101375264	0.00023006347944391027	0.00015024553759602306
MCW_CT_ROA_181_R1_trim	3.175803090469261e-05	2.9111528329301562e-05	2.6465025753910514e-05	2.6465025753910514e-05	2.6465025753910514e-05	2.6465025753910514e-05	2.6465025753910514e-05	2.6465025753910514e-05	2.6465025753910514e-05	2.6465025753910514e-05	2.6465025753910514e-05	2.9111528329301562e-05	3.969753863086577e-05	7.939507726173154e-05	0.0001455576416465078	0.0003572778476777919	0.0006378071206692434	0.0012782607439138778	0.002837050760819207	0.006100188436276373	0.009109261864495998	0.014264648881357766	0.02713194440290906	0.05104309517156721	0.07016936928391834	0.0973568902409106	0.15692701671038775	0.23439544009723462	0.2891383458691985	0.37353531299841913	0.5070116703882668	0.6807677969755663	0.813791602425022	0.9638271264290916	1.2742645250250373	1.618079614101815	1.8021306357073854	2.0007294819698807	2.389172543975478	2.896395934569776	3.2178613093973762	3.371723676125461	3.790630629276384	4.148739478762849	4.233816597053945	4.227650246053284	4.1474453390034824	4.087502055670876	4.066139486882319	3.9875701184241095	3.7475138093181135	3.4155074147327302	3.244747129060774	3.2116843723864132	3.051814444812191	2.916781943908013	2.897425424071603	2.7006182600526474	2.406507135844289	2.1402425117341957	1.9524599214973233	1.7673794103899256	1.5104040103194545	1.2807987398836778	1.1503976184864344	1.0477397835870155	0.8825265673130784	0.7387023848534517	0.6583386876491271	0.5801318900437461	0.47518218391403866	0.3937784111975853	0.34797539112529235	0.30631944058863725	0.25334969154218534	0.21082833466337733	0.1845379780794426	0.1649882635550289	0.13822947601525	0.11601208689484212	0.10383552854546789	0.09275197575973018	0.07634895279745643	0.06172702606842088	0.05288770746661477	0.04424423005538759	0.03169716134545862	0.021997729406650415	0.017202266740041834	0.0143731554869488	0.009937617170593396	0.006179583513538104	0.004618146994057384	0.0035013229072423605	0.0022098296504515277	0.001286200251640051	0.0008336483112481811	0.0006245746077922881	0.0003361058270746635	0.00019054818542815568	0.00016937616482502727
MCW_CT_ROA_181_R2_trim	4.237449733252539e-05	3.442927908267688e-05	2.9132466916111204e-05	2.9132466916111204e-05	2.6484060832828374e-05	2.6484060832828374e-05	3.1780872999394045e-05	3.1780872999394045e-05	2.6484060832828374e-05	2.6484060832828374e-05	2.9132466916111204e-05	3.1780872999394045e-05	3.442927908267688e-05	7.945218249848511e-05	0.0001853884258297986	0.000471416282824345	0.0007918734189015682	0.0015175366857210658	0.003323749634519961	0.007235445419528711	0.010654537673046853	0.015779203444199145	0.02975219393959939	0.05566684746452195	0.07571528151497302	0.10570583200206789	0.16721506328631178	0.24545162739257007	0.30180970884482883	0.3880894822260171	0.5250332639804061	0.6935301558110267	0.820656296214686	0.9778391972575227	1.2932140420609262	1.6311930327851485	1.811316427321381	2.0262928459136154	2.4078169294591745	2.916697564737638	3.2650530104961626	3.4223630350309966	3.8393916505290457	4.1402929560873085	4.172831273226521	4.190514680644601	4.154838002296698	4.119812831845282	4.097269599264379	3.9797253920700366	3.732618510875415	3.4439395993915025	3.288210673288388	3.244798000771216	3.076512981427258	2.937966913992483	2.9145814882770953	2.722672686670254	2.405115555254226	2.124326245492413	1.9496506222694931	1.7758463246479739	1.5298517740083308	1.299983368009797	1.1661276277485157	1.0491131017708302	0.8705072439203191	0.7227606137522193	0.6407765550381158	0.5616368844574582	0.4530707738854448	0.36349903174273596	0.31240333317796015	0.27328637532787264	0.21824720010508877	0.1745246640761724	0.15093795949845543	0.13144569072549378	0.10574290968723384	0.0859672614633609	0.07529683335381435	0.06617572280298825	0.05374940146022518	0.042726735341602005	0.035499235140323146	0.029000046611947067	0.020612544546190322	0.014685411731803332	0.011459653122364835	0.008893347627663768	0.005958913687386384	0.004060006525672589	0.0032257586094384958	0.0023941590992876847	0.0015546143708870253	0.0010196363420638924	0.0007362568911526287	0.0005614620896559615	0.00035488641515990017	0.000227762923162324	0.00015890436499697022
MCW_CT_ROA_183_R1_trim	2.9577340397269824e-05	2.9577340397269824e-05	2.9577340397269824e-05	2.9577340397269824e-05	2.9577340397269824e-05	2.9577340397269824e-05	2.9577340397269824e-05	2.9577340397269824e-05	2.9577340397269824e-05	2.9577340397269824e-05	2.9577340397269824e-05	3.549280847672379e-05	4.7323744635631714e-05	6.211241483426662e-05	9.464748927126343e-05	0.00017746404238361895	0.0003135198082110601	0.0005442230633097647	0.0010973193287387105	0.002327736689265135	0.0037267448900559974	0.006471522078922637	0.01239882109453551	0.025581441709598668	0.038406176505854865	0.05600765177627014	0.09034990171154011	0.1361208359763152	0.17548531831104158	0.23849984202742497	0.3366877389442416	0.47140069351764674	0.58663401170541	0.7273156735709841	1.0208530306096486	1.3648256684937379	1.561408503710152	1.7623776585074813	2.156747126694478	2.719595041252404	3.0999537232932144	3.310429035294226	3.83581429050497	4.2973036172554915	4.436252046973785	4.456042245433599	4.393811521237743	4.36026194402512	4.342299625201858	4.27077865838722	4.057878004473632	3.7103915785503467	3.4939031932465703	3.442929604805916	3.224610382131548	3.0160664704584774	2.9635933108596815	2.716832517659299	2.376802539250166	2.1016001755237688	1.9041448087656354	1.7089254889415353	1.4752644998031037	1.2659249576733471	1.1345867776392704	1.033396780672131	0.8760127946842184	0.7374725322634066	0.6589506089767346	0.5790651702977486	0.4783691149152435	0.4021216891051216	0.3578177909240511	0.316684583633568	0.26266157139795465	0.21937809146058998	0.19340031338966793	0.17149237735741016	0.14335545343748737	0.12072878803357596	0.1080933482158623	0.09574480860000215	0.07784755992561417	0.062002978674796726	0.052618088566743014	0.0439460123622635	0.031896203884415775	0.022969762552519743	0.01766950315332899	0.01401374388022644	0.00956531188447706	0.00622307241958557	0.004717585793364536	0.003430971486083299	0.0022833706786692305	0.0014611206156251292	0.0009257707544345455	0.0006122509462234854	0.0003519703507275109	0.00022774552105897766	0.00017154857430416495
MCW_CT_ROA_183_R2_trim	2.9597589690685948e-05	2.9597589690685948e-05	2.9597589690685948e-05	2.9597589690685948e-05	2.9597589690685948e-05	2.9597589690685948e-05	2.9597589690685948e-05	2.9597589690685948e-05	2.9597589690685948e-05	3.2557348659754544e-05	3.2557348659754544e-05	3.8476866597891736e-05	4.735614350509752e-05	5.3275661443234705e-05	8.287325113392066e-05	0.00018942457402039008	0.000328533245566614	0.0005860322758755818	0.0012371792490706727	0.0027052196977286956	0.004288690746180394	0.006958393336280267	0.013298197048025196	0.027392569258729845	0.04048062341995117	0.05938164419642322	0.09755661537946995	0.14555798633982442	0.18471263774163288	0.25324289691144714	0.3540493276389544	0.48503050105611595	0.5995731731590707	0.7433523443584849	1.0358890013432867	1.3818552272377147	1.5833378592980902	1.7907192909838194	2.179264609407268	2.7457299187383377	3.1442940212720836	3.3412748599405058	3.862657120654722	4.2854942064938	4.373748299433487	4.4190710885268345	4.398444528271396	4.381787004793478	4.359893667699277	4.262795814960013	4.039419845805437	3.7110612260179985	3.511410684759476	3.4544027672562456	3.220809710140445	3.017027345361103	2.971858463734147	2.7108935556724	2.346499870436551	2.0818885393249116	1.9061913274030617	1.721493488456274	1.4956757181522164	1.2871044633609217	1.155818434769946	1.0467601960366755	0.8796877217506915	0.7330168660384973	0.6513304782511732	0.5723937065461138	0.4707141469227312	0.3884417268595315	0.3390403899068075	0.2972781908532497	0.24130914874816253	0.19709626926821588	0.17118357949402033	0.14867757229322273	0.12140043363428656	0.09999249701101341	0.08760294596649228	0.07647129248382528	0.06122853379312202	0.04853708733375589	0.04100746051644538	0.03425921006696899	0.025169790272959333	0.018169960311112104	0.013925665949467739	0.010939269149677527	0.007810803919372021	0.005380841805766705	0.0038950428032942705	0.002835449092367714	0.00198007875030689	0.0013614891257715538	0.0010151973263905281	0.0008346520292773439	0.0005416358913395529	0.0002693380661852421	0.00015390746639156694
MCW_CT_ROA_184_R1_trim	1.861179462926887e-05	1.5509828857724057e-05	1.2407863086179249e-05	1.2407863086179249e-05	1.2407863086179249e-05	1.2407863086179249e-05	1.2407863086179249e-05	1.2407863086179249e-05	1.2407863086179249e-05	1.2407863086179249e-05	1.5509828857724057e-05	1.5509828857724057e-05	1.5509828857724057e-05	3.101965771544811e-05	5.893734965935142e-05	0.0001333845281764269	0.00025125922749512976	0.000462192899960177	0.0008809582791187265	0.0018890971548707902	0.0030523343192000946	0.005276443777397725	0.009814619701167785	0.019427611627185155	0.029158478252521235	0.04282263747617612	0.07080857266705341	0.11101625299781727	0.14363652505138252	0.19692829700652237	0.28435410031174135	0.4065560418817492	0.5108100094975988	0.644942111424968	0.9136685081796665	1.226377677609099	1.4114967909233505	1.608015628448029	2.001552719986605	2.564128334279743	2.936755074552335	3.141919090682309	3.6480513357964184	4.097336956181198	4.238116570756987	4.278637549630677	4.2558381012098225	4.263285921027301	4.280374650462742	4.198191169311434	3.979952367454399	3.6618364716851635	3.4774090967379663	3.4563932786357507	3.286725056829564	3.115961841106022	3.0816851193304515	2.8731182467490934	2.55215474640158	2.2701891597339285	2.0810436948482116	1.895812910766185	1.6505652929363088	1.423718536063237	1.286462754603922	1.1774596773918373	1.0056728129636858	0.8521193033406744	0.7648641081528904	0.6867938336146506	0.5766027035120642	0.4802680545109686	0.4245195256647652	0.37469575144221245	0.31213840772746826	0.2636205610947358	0.2340060938737975	0.2094106072712187	0.1781148746021031	0.14958609540120546	0.1319855416134602	0.11761103222812154	0.0972714426641022	0.07747159514433168	0.06459843719242071	0.05279855939746424	0.037046777209559685	0.025836272911196737	0.0197905416224559	0.015770393982533826	0.010326444053472678	0.006337316071266051	0.004752211562006651	0.0036665235419659674	0.0022923527051716156	0.0012811118636480074	0.0008654484502610024	0.0005893734965935143	0.00032880837178375004	0.00017371008320650946	6.824324697398586e-05
MCW_CT_ROA_184_R2_trim	8.682672656883878e-05	6.51200449266291e-05	3.721145424378805e-05	2.480763616252537e-05	1.8605727121894026e-05	1.5504772601578355e-05	1.5504772601578355e-05	1.8605727121894026e-05	1.8605727121894026e-05	1.8605727121894026e-05	1.8605727121894026e-05	1.8605727121894026e-05	2.1706681642209696e-05	4.961527232505074e-05	7.752386300789178e-05	0.00013644199889388954	0.000235672543543991	0.00044033554188482524	0.0009581949467775423	0.0020404280743677116	0.003162973610721984	0.0052158055031709585	0.010512235823870125	0.021722186414811273	0.03206076878554372	0.04617631376202066	0.0758896599756854	0.11807814622458013	0.15146922449933925	0.208688037308204	0.2983118248543676	0.4161822071260865	0.5179028182560015	0.6530362143423177	0.9242798071888498	1.2339876399053773	1.4117529587369937	1.6270336253553885	2.014851401484148	2.5595216591595142	2.9429732913236686	3.1528272875315113	3.668795110166836	4.071944005444036	4.159632797369523	4.222104627135802	4.24035684544238	4.246775821299433	4.240803382893305	4.16216937816714	3.969879188362366	3.6804515982087027	3.5115643121687503	3.492468634232646	3.2977317913113424	3.1166205425523055	3.0893166380009265	2.8749755606021865	2.545130129230729	2.2791054428418884	2.110925174432568	1.9259966506590225	1.6864975292369622	1.464233513038816	1.3257758937067214	1.2063922456290883	1.024747632692557	0.8643259524930667	0.7723268337843413	0.6870257768394978	0.5720982004075584	0.47598101409585386	0.41759934334187077	0.36533895681099077	0.299229707392381	0.248364750395643	0.2175474643727459	0.1910715146782907	0.1569982264090621	0.12902451568129444	0.11274450444963716	0.09891114633450895	0.07965421876334863	0.06215553240520731	0.050917673223583315	0.041962116568911655	0.03057541157031252	0.021691176869608118	0.01664592386505452	0.013027109939846133	0.008840821337419978	0.006034457496534296	0.004645229871432875	0.0036033091526068094	0.0024249464348868547	0.0016000925324828861	0.0012124732174434273	0.0009550939922572268	0.0005767775407787148	0.0003131964065518828	0.00022947063450335967
MCW_CT_ROA_185_R1_trim	0.0001708593244866318	0.0001708593244866318	0.0001708593244866318	0.00017414508072675932	0.00017743083696688687	0.00017414508072675932	0.0001708593244866318	0.0001708593244866318	0.0001708593244866318	0.0001708593244866318	0.00017414508072675932	0.0001807165932070144	0.00018400234944714194	0.0001807165932070144	0.00021028839936816223	0.0002924323053713506	0.00039757650505543174	0.000614436416903849	0.001002155653238898	0.001849880763191802	0.002720606166825599	0.0045639154175371455	0.009321690453241816	0.019234817029706586	0.028004500434606977	0.04091095094582793	0.06688156826779597	0.1022658772177294	0.129770942703837	0.1762413932079607	0.2566931347474834	0.36850084808654315	0.4554715300064789	0.5732231763839293	0.8185607375655318	1.119973014741151	1.296917559784499	1.4650102775169436	1.825484023108855	2.3192050415066583	2.621041181237254	2.8148975136485386	3.3029604598008424	3.7770129413452427	3.9753050446806992	4.0795193753488235	4.1230359309930735	4.125237387673959	4.144577348903349	4.073841588565884	3.9058638723018437	3.664291787771427	3.4925814524186025	3.4509049202688247	3.3439338401152328	3.2882205573076306	3.3039626154540813	3.1149100586658633	2.7996417474256265	2.5152266872801867	2.332088491724199	2.1477772811904847	1.8909921452682776	1.6452142927504978	1.503026477215219	1.3833428061685737	1.1826258147279027	1.0078137254843977	0.9114786382800986	0.8092160468186091	0.6649122042646882	0.5480772838782333	0.48129100254140106	0.422058674800622	0.34582584427342306	0.2854402160923592	0.24790373680514222	0.21669233828017076	0.17702011743687093	0.14514828190763385	0.12679404755028142	0.11300044285422604	0.0930789027703328	0.07356479646021538	0.06114792362877342	0.05050207341076021	0.036705182958464685	0.025743900141399233	0.019435248160354367	0.0154890549159612	0.01046184786856607	0.007067661672514327	0.005497070189733366	0.0039856223192747	0.002543175329858712	0.0015344481641395588	0.0010152986781994083	0.0007097233478675475	0.0004041480175356868	0.0003285756240127535	0.00031543259905224334
MCW_CT_ROA_185_R2_trim	0.00018401807004871288	0.0001807320330835573	0.0001741599591532461	0.0001741599591532461	0.0001774459961184017	0.0001741599591532461	0.00017087392218809053	0.00017087392218809053	0.00017087392218809053	0.00017087392218809053	0.0001774459961184017	0.0001807320330835573	0.0001807320330835573	0.00018730410701386845	0.00022345051363057992	0.00034174784437618106	0.00047318932298240455	0.0007163560584039179	0.0011468269008393	0.0021260659164556647	0.0031447373756538968	0.005277375366039873	0.010311583996658233	0.020353712962173705	0.02918986636147708	0.043086516687120054	0.07272328407585829	0.11137036482305315	0.1395875642428442	0.19094503597126083	0.2747619808414844	0.3846569150671827	0.47179932934614366	0.585729516965053	0.8323367330890844	1.1373368260839305	1.3113653437585704	1.486425677040269	1.8422739060339328	2.338357048552576	2.6571453526532154	2.852309660087736	3.3300370001190203	3.7453953585516517	3.8941049614097674	4.029226801416966	4.111016261479688	4.136440329479097	4.1715352042669585	4.072776649316173	3.8702154726730864	3.6362562128279388	3.4849769290630714	3.4683758703151053	3.3633541289087328	3.2986619191757147	3.3227354259824446	3.130275526970247	2.79452798609244	2.5100294777231995	2.347521805648395	2.171202920209042	1.9214115342657747	1.6800356889902712	1.5375794144768462	1.4095094097968723	1.1939782452523173	1.0063521066158636	0.9061871278439911	0.7997556765795668	0.6498335260813082	0.5280562821896073	0.45646996690369296	0.4007190637528632	0.32222878480315686	0.25665263112651193	0.22089069083472368	0.19092860578643508	0.15276128643615292	0.1241300463587523	0.10785759130730183	0.0940989545341954	0.07646936621613566	0.06015747872110334	0.04944499821469612	0.041045887731758435	0.030261114412117797	0.02176670885719061	0.016742358337467716	0.013196724452064837	0.009194331428505334	0.006614792410858196	0.0054712515469840526	0.0043047084243538185	0.0029804355273961173	0.001909187476755396	0.0014129958950169024	0.0011665431226302334	0.0008313673521843636	0.0005421960992506719	0.0003943244358186705
MCW_CT_ROA_186_R1_trim	3.1564045484168316e-05	3.1564045484168316e-05	3.472045003258514e-05	3.472045003258514e-05	3.1564045484168316e-05	3.1564045484168316e-05	3.1564045484168316e-05	3.1564045484168316e-05	3.1564045484168316e-05	3.472045003258514e-05	3.787685458100197e-05	6.944090006517028e-05	0.00011363056374300593	0.00021779191384076137	0.0004545222549720237	0.0009974238372997186	0.0014330076649812413	0.002506185211442964	0.005290134023146609	0.010447699055259711	0.01441214316807125	0.021889665543270723	0.04048720114254269	0.07203862100851734	0.09491624117544253	0.1266791401461611	0.19495532693296558	0.28723281390593164	0.350427189369785	0.4299622711807923	0.5766877366139487	0.7643422998264262	0.8945597694713625	1.0516729622733587	1.3609501055454336	1.6890741403761054	1.8679759937758227	2.0546489151737424	2.4206687430127065	2.8121291915119104	3.022380454886504	3.161028681080262	3.403503678489643	3.6071896204035294	3.7077432001024446	3.7283418961854125	3.6609842231221976	3.591240308220379	3.575783395146782	3.4872273091363994	3.32011147032047	3.1421533818807292	3.0406655064354826	3.015278544652566	2.961891118120644	2.9233672006072164	2.9189734854758203	2.817854909362739	2.6131778564206494	2.383656743277971	2.231192934375793	2.067441822808476	1.8237137327933737	1.5934698030091077	1.451346375407543	1.3307306883988907	1.1442282128465855	0.9783054949499579	0.8845918439074621	0.8006251701104775	0.6713640910437115	0.5540531595972517	0.48804642768075884	0.4318119242461646	0.35465992786921197	0.295436309327267	0.2628874656239926	0.23483334199766384	0.19712693326227634	0.16829949052158544	0.15382106285799743	0.13977506261754255	0.11849142674756784	0.09704050143652707	0.08346164906923785	0.0686202348825819	0.046222388207016074	0.029922715118991555	0.022120083075305153	0.017019333325063554	0.010526609168970132	0.0060760787557023995	0.00434321265862156	0.0032384710666756686	0.0019885348655026037	0.0012278413693341474	0.0008427600144272939	0.0004923991095530256	0.00021147910474392766	0.00013572539558192375	0.00010100494554933859
MCW_CT_ROA_186_R2_trim	0.00011368747993889677	7.894963884645609e-05	4.105381220015717e-05	3.789582664629892e-05	3.789582664629892e-05	3.473784109244068e-05	3.473784109244068e-05	4.105381220015717e-05	4.421179775401541e-05	5.3685754415590144e-05	7.894963884645609e-05	0.00013263539326204623	0.00018000517656991988	0.00035369438203212327	0.0007579165329259784	0.001610572632467704	0.0022895395265472266	0.0038306364768300495	0.007898121870199467	0.01530359799399705	0.020684805377771495	0.029953492978345438	0.05195202034652197	0.08708460963319492	0.1119758517687056	0.14799583499601274	0.2246780402147986	0.3215397731227386	0.38466790434436493	0.4684587350448857	0.61788829548235	0.796601855960742	0.9198390842145061	1.0674243810885171	1.3720215617148064	1.7023784305039171	1.8787835035424387	2.0750775695991592	2.427827713950679	2.80759758270101	3.02921553491412	3.1627130582323693	3.406487437091349	3.5811524600896942	3.6423636940801285	3.682612219964052	3.652655569000153	3.5872284242953176	3.562444553668638	3.4691608183932194	3.309265693830269	3.1451546585529178	3.044610714489179	3.0281291878835925	2.976890872272243	2.9312264011634523	2.9294231914121993	2.829627689924725	2.626439741403932	2.403255428356108	2.254751157685924	2.0971550466061823	1.848435262369861	1.6127137466732202	1.4749466268861542	1.3495430205424435	1.1572185423269226	0.9826103630685463	0.8820506290770382	0.790718528873904	0.6559767592474344	0.5367470146615163	0.4668639523401873	0.408504379304887	0.32945052693515353	0.26696978275206823	0.23155297476554798	0.2028437280954227	0.1661479359595899	0.13650708355107644	0.11886341826167043	0.10527460642341842	0.08635827295580753	0.06933041484940389	0.05864694972070145	0.04813717379746121	0.03403992628503801	0.022936449077672425	0.016516264446678613	0.012894055016403208	0.008614984590925289	0.0054885788926056275	0.0041464350322158745	0.0031990393660584005	0.0021569041332851805	0.0013579337881590447	0.0009442376806036148	0.0008273922151108598	0.000622123154110074	0.0003189565409396826	0.00017684719101606163
MCW_CT_ROA_189_R1_trim	0.0002673579882212765	0.0002673579882212765	0.0002673579882212765	0.0002673579882212765	0.0002673579882212765	0.0002673579882212765	0.0002673579882212765	0.0002673579882212765	0.0002673579882212765	0.0002673579882212765	0.000271177388053009	0.000278816187716474	0.00028263558754820653	0.00029409378704340413	0.0003781205833415196	0.0005614517752646806	0.0007333247676926441	0.001069431952885106	0.002081572908294224	0.00451453060110784	0.006703046704690575	0.01001446635880267	0.01919630355428765	0.036914499373694815	0.05083621176035986	0.07049848209411887	0.11473477094524492	0.1764562722260425	0.21979118271687964	0.28186788818202835	0.39502906639659946	0.5456203629621492	0.6550652651404446	0.7956306371476967	1.0953083867450937	1.4245559298397639	1.5958980256911166	1.7845343639805542	2.161967455352362	2.623557202616564	2.894990490458299	3.072382515643116	3.4727511030044775	3.8248615734918987	3.963490509784462	4.035417447415649	4.020537065671219	3.95920896257309	3.943885530448179	3.863258000000305	3.6924773559242174	3.4502242827969187	3.279997451696432	3.2527269368978624	3.1832405957591523	3.1354408068650197	3.141670247990576	2.9835165397581953	2.6910421782434457	2.4002483526546587	2.2142779554477703	2.034281099577712	1.7753563461849007	1.5263047413571182	1.3823935750972687	1.2631480929507477	1.0729610783296266	0.9057362954968817	0.811817253634579	0.7272328249610307	0.6087168481823706	0.5072430334529009	0.4464725627302048	0.394864832203835	0.32756700716870796	0.27070378247387417	0.23469830026013166	0.2093069301787739	0.17519968968140248	0.14301742669922426	0.12418014672911945	0.11075877572041137	0.09063435800701272	0.07060542528940739	0.05843299802567584	0.04860950165845979	0.03536764244184314	0.024856654104915245	0.018768530773133608	0.014868923544934702	0.010144325953081575	0.006691588505195377	0.004808624388151244	0.0035902358418285693	0.0024214994933184184	0.0016079673291593914	0.001290957143125592	0.001027418554736048	0.0006149233729089359	0.0004048563821636472	0.0003284683855289968
MCW_CT_ROA_189_R2_trim	0.00027513051694960655	0.0002713092597697509	0.00026748800258989523	0.00026748800258989523	0.00026748800258989523	0.00026748800258989523	0.00026748800258989523	0.00026748800258989523	0.00026748800258989523	0.00026748800258989523	0.00027513051694960655	0.00027513051694960655	0.00026748800258989523	0.0002942368028488848	0.00039741074670498724	0.0007107538354531503	0.0010470244672804473	0.001406222642186878	0.0025143872243450155	0.005376508852056895	0.007936751162560178	0.011849718514732361	0.02150603540822758	0.03973343215613902	0.05434974086908686	0.07714736120410565	0.12409532691581213	0.18554496362507078	0.22861817455640362	0.29403809747553233	0.41192388147407905	0.5570055528216583	0.6600495739336457	0.8067094244965054	1.1094943796567274	1.4329714424458675	1.6010647245305376	1.7955323236705714	2.1699658509530866	2.627374156638987	2.9057947760204494	3.090690125924945	3.4958733097337586	3.8118186746214033	3.916154280660182	4.015422899678471	4.0325268468155056	3.9922431536254672	3.993049438890417	3.887364929067149	3.6875399273609584	3.454672514820555	3.3015050632804006	3.279475515638533	3.2139447762611884	3.162701717479324	3.163855737147641	3.0075777822630845	2.7064665377476396	2.4145110254351283	2.238886045448963	2.0617707751626537	1.8015316974429447	1.5506355935279825	1.4028484720970653	1.27487074788652	1.0760813068760695	0.8997876068834293	0.8007100507241319	0.7132109038197975	0.5840906237124752	0.47179916022523716	0.40733455160107235	0.35523935246810034	0.28291823908215236	0.22845003924048998	0.1997676828484935	0.17142923960268402	0.13722134532861627	0.1101324531806196	0.09378893622237698	0.0823557347402489	0.06680703927541627	0.052014952732195065	0.041995616406613555	0.03424228558868645	0.024769389039824303	0.017784130915048182	0.013527250416688988	0.010928795534387149	0.007764794589466674	0.005238943593582092	0.004039068839107418	0.003148715916201053	0.002327145622532089	0.001601106758359516	0.0011731259542156834	0.0009782418380430457	0.0006840050351941607	0.000443265832863255	0.00032098560310787433
MCW_CT_ROA_190_R1_trim	5.051512092969151e-05	5.051512092969151e-05	5.051512092969151e-05	5.051512092969151e-05	5.051512092969151e-05	5.051512092969151e-05	5.051512092969151e-05	5.051512092969151e-05	5.051512092969151e-05	5.051512092969151e-05	5.051512092969151e-05	5.051512092969151e-05	5.051512092969151e-05	5.051512092969151e-05	5.612791214410168e-05	7.296628578733219e-05	9.261105503776777e-05	0.00010944942868099828	0.00014593257157466437	0.0003592186377222508	0.0007942099568390387	0.0014621321113538488	0.00266607582684483	0.005222702225008661	0.00917972003116783	0.015488497356164858	0.024651379013689457	0.039974299029029214	0.05958258513657114	0.08785421448355515	0.13008204918517005	0.19367778004004446	0.2671800873883528	0.3589520301395662	0.5356763743164847	0.7904970954507065	0.9845705772713669	1.1574641914444506	1.4879200805884563	1.9661074408913448	2.289067447368506	2.544985469185145	3.1082627442984916	3.6156141677514553	3.8509697289541025	4.112239547193681	4.306731181959815	4.362112592872401	4.359637351946845	4.31844507722429	4.249275844693505	4.025987784601841	3.813916887752174	3.830884355593336	3.747635436301204	3.647862459673849	3.657289142518451	3.4208194422597433	3.0127582953896956	2.686236972886991	2.465853532248783	2.221565213828402	1.9552466898914613	1.701113535681005	1.5170897565297459	1.356737924325262	1.147549195764195	0.974515261810751	0.864111658623303	0.7578306505828392	0.6333782309857227	0.5308044715423768	0.4616352390115931	0.3993697396745339	0.33015841120964207	0.2748331282092011	0.23787570445791734	0.2048023322270054	0.1713557093803352	0.14106628159177076	0.11933916680078899	0.10282072225677985	0.0824771605001502	0.06446571349310798	0.05281355893199248	0.04289856325173692	0.031013477855223386	0.021957239230772578	0.01649318698354428	0.012651231397280518	0.008562312997582712	0.005315313280046429	0.0036707654542242497	0.0026211734971295485	0.001706288529180691	0.001066430330737932	0.0007605332095525777	0.0005191831873329405	0.00030870351679255923	0.00021047967054038132	0.0001571581540034847
MCW_CT_ROA_190_R2_trim	8.985374590017715e-05	7.01982389845134e-05	5.054273206884965e-05	5.054273206884965e-05	5.054273206884965e-05	5.054273206884965e-05	5.054273206884965e-05	5.054273206884965e-05	5.054273206884965e-05	5.335066162823018e-05	5.335066162823018e-05	5.054273206884965e-05	5.054273206884965e-05	5.335066162823018e-05	7.01982389845134e-05	9.266167545955768e-05	0.00011231718237522144	0.0001263568301721241	0.00017409163268159323	0.0003818784200757529	0.0007525251219139837	0.001373077554537082	0.002625414138020801	0.005158166600582045	0.008850593971167449	0.014943801115023213	0.024490761616917038	0.03997368520734131	0.05901425554950072	0.08734907273320971	0.13082986196021731	0.19674039250755665	0.2720799505152958	0.36398067706426135	0.5354160083826806	0.7860489929234278	0.9804251087419861	1.1633280243809154	1.5015206763718258	1.9695519911884922	2.286923845496596	2.5604891907488043	3.135508237636988	3.6186658689900377	3.8317371798149513	4.083153576702766	4.278891538357624	4.338189394792622	4.3353955048810375	4.326421362009258	4.254636642823694	4.023066692061581	3.840618661011272	3.8478940064996268	3.738213469980664	3.645683767210397	3.664289108470852	3.4104775476688864	2.991829290013045	2.686764590963706	2.4868203508288964	2.2488763999669903	1.9908417131077156	1.7313188235819696	1.5399387686032704	1.3775505863251754	1.1645466658096866	0.9848475977980103	0.8698544585526994	0.759707805726879	0.6322895781813092	0.5272112382101707	0.455808397444683	0.3912681365223214	0.31975297857445856	0.26249087107001123	0.22339325988519668	0.19073423118004168	0.1572609029026663	0.12818479231528085	0.10803228186760673	0.0914626895377022	0.07327292185203509	0.057938818528257975	0.04683626505046734	0.03715171600016387	0.027422240076910315	0.020194629391064815	0.01472478260939153	0.01094811735202471	0.007508403641783553	0.00497565117922231	0.003552030892616378	0.0026647251518521287	0.0018476176500723926	0.0011456352602272587	0.0008564185156110635	0.0007160220376420366	0.0005222748980447797	0.00030887225153185895	0.00018532335091911537
MCW_CT_ROA_192_R1_trim	6.491091067663673e-05	6.491091067663673e-05	6.491091067663673e-05	6.491091067663673e-05	6.491091067663673e-05	6.491091067663673e-05	6.851707238089434e-05	6.851707238089434e-05	6.491091067663673e-05	6.491091067663673e-05	6.851707238089434e-05	7.212323408515194e-05	7.572939578940953e-05	9.376020431069752e-05	0.00014785262987456146	0.00030652374486189575	0.0005120749620045787	0.0011431532602496582	0.0024738269291207115	0.004850287492226467	0.006822857944455372	0.010710300261645062	0.020006985135221148	0.03865084114623293	0.05423667203203425	0.07349718169447407	0.11897088078516238	0.18444795884936757	0.2294240076248683	0.29212434117679514	0.4079073750153938	0.5680317731695439	0.6831656979013762	0.8289700279279192	1.1539537145539098	1.5093301320233832	1.6827576607045394	1.8765996707934982	2.2856754422010717	2.8015368739951203	3.1031814820711556	3.2984046520928447	3.7597769805355616	4.158420126132718	4.3085230009107365	4.360664492992597	4.296132229294907	4.214532002250966	4.201048563638747	4.069686911237755	3.817107739309849	3.499091157096484	3.2794218168816327	3.219281858139729	3.0906464639871563	3.0041346447020163	2.988083618956366	2.7660342120167045	2.4187283844413594	2.1199146133031666	1.9416259786446712	1.7752917700357893	1.532607905824366	1.3089140891475628	1.1878732715441567	1.091534661614915	0.9275047903350538	0.7817725835425958	0.7025632417085778	0.6222684452015782	0.5098319294245305	0.42303161720305016	0.37629576151587174	0.3336817486566597	0.27395289234904113	0.22578899662697663	0.19785206190409305	0.17600593429970052	0.14497130667285965	0.11933870927899665	0.10568938722838166	0.09408836502578496	0.07696630925396988	0.06061236592516169	0.05069902740015756	0.04170165394803485	0.029556101328095264	0.02122947395296447	0.0169237168780809	0.013375253761091426	0.008708880515782096	0.005409242556386395	0.003858593023555629	0.0029822957294210325	0.0019942074224544508	0.0011864272007007493	0.0008474480005005352	0.0006022290046110186	0.0003750408172427901	0.0002632498044108046	0.00018752040862139504
MCW_CT_ROA_192_R2_trim	0.00011541584147345634	9.377537119718328e-05	6.852815587486471e-05	6.492141082881919e-05	6.492141082881919e-05	6.492141082881919e-05	6.492141082881919e-05	6.492141082881919e-05	6.492141082881919e-05	6.492141082881919e-05	6.852815587486471e-05	7.574164596695573e-05	8.295513605904674e-05	0.00011180909642741083	0.00020197772257854858	0.0004833038361700984	0.0007538097146235118	0.0014463047634642498	0.0029647444278494096	0.005720297643028179	0.007916805376069896	0.012234079196186371	0.023245471821763314	0.04398064909147895	0.06040215928612417	0.08354303550155216	0.13679662610641413	0.2055916811146862	0.24972381349809905	0.31909955445878446	0.43733226381320234	0.5907776250521625	0.7040330262430377	0.8515164379208845	1.1801882937318737	1.5405850789678794	1.7170017994051034	1.9129165835612496	2.315079476430462	2.8441709409601086	3.170256760573083	3.3456203114568615	3.794930575567981	4.134282003460312	4.211314864153751	4.298457431211257	4.287226027137871	4.222311829799144	4.210481706048115	4.0600335499424185	3.7842546102316867	3.4930748691743405	3.3108007947823386	3.259844700771807	3.1133531439816227	2.9995098433482426	2.9856599423714276	2.7625503005680985	2.4034519435486694	2.1174659153576285	1.9549856577783247	1.796700044687571	1.5674409025807343	1.340439582872722	1.2082199162297396	1.1021671848958172	0.9223781578405408	0.7678868405382274	0.6876511902438989	0.6067807528214665	0.4898861458791315	0.3937555701668805	0.3404839458367883	0.29633377972814523	0.23337443820437478	0.18594934759392234	0.16199334699808807	0.14083978730303115	0.11309309766380303	0.09072045814318273	0.07730336657189343	0.06765893031876774	0.05510024406843726	0.0435478396859535	0.03560939383960733	0.02895134248460731	0.020745997504853776	0.014722733277957777	0.011328786189628948	0.009204413357508143	0.006326230810763825	0.004219891703873247	0.003325418932453961	0.0023840584754360825	0.0015184396643851599	0.0010207088480308796	0.0008223378704983765	0.0006528208533342374	0.00041116893524918827	0.0002344384279929582	0.0001731237622101845
MCW_CT_ROA_193_R1_trim	5.301725389092522e-05	5.301725389092522e-05	5.743535838183566e-05	5.743535838183566e-05	5.743535838183566e-05	6.185346287274608e-05	6.185346287274608e-05	6.185346287274608e-05	6.185346287274608e-05	7.068967185456695e-05	9.278019430911913e-05	0.00015905176167277567	0.0002164871200546113	0.0002783405829273574	0.0006052803152547296	0.0015198279448731897	0.0023106686487461576	0.003728880190328407	0.007236855156111293	0.01484924919394997	0.020831362674642702	0.0295527009396999	0.050114559240397066	0.08604258496048071	0.11302394908647075	0.15028182425831843	0.2279167563725966	0.3307879013389552	0.40001518060703073	0.48411379959151085	0.6389727801024125	0.8402351120813466	0.9802713520252436	1.1399151396998013	1.4983780475698194	1.8809726421691901	2.064593482915919	2.272067669809073	2.6957815629053474	3.157853439191706	3.399797677322943	3.5765174388548697	3.9225963998368663	4.198798620190622	4.3107843147217295	4.309644443763075	4.184104004653855	4.093007108155772	4.088421115694207	3.925291443576321	3.625134260672848	3.285673620218236	3.064772813777205	2.993393917622056	2.8548068159511777	2.7426753239718704	2.7073835052984783	2.5176656803542934	2.2000348941892693	1.907728682966144	1.7346759481616731	1.581570955133663	1.3439343688810632	1.1289582405623433	1.018337740318928	0.9206181051889708	0.7649992107056327	0.6352748266435204	0.565106491118881	0.5051528131772264	0.4155889989374901	0.3407065459210491	0.30088175203998246	0.27083422339730057	0.225084751393923	0.18860004450798462	0.17094088085781564	0.15311382923699202	0.12953440556900303	0.10965293535990608	0.09815260937006622	0.08811467596671771	0.07199301267938554	0.055880185601035186	0.04647404113988687	0.03895442729635731	0.027745696202917534	0.01920108211749675	0.014668106909822645	0.011659377751512637	0.00771842854562053	0.00488200546245603	0.003459375816382871	0.002487392828382575	0.0014889012134368166	0.0007775863904002366	0.00043739234460013303	0.00030484920987282	0.0002164871200546113	0.0001546336571818652	0.00011487071676367131
MCW_CT_ROA_193_R2_trim	0.0001326540913241173	9.285786392688212e-05	5.306163652964693e-05	5.306163652964693e-05	5.748343957378418e-05	6.190524261792142e-05	6.190524261792142e-05	6.190524261792142e-05	6.632704566205865e-05	7.07488487061959e-05	7.95924547944704e-05	0.00019013753089790149	0.00030510441004546985	0.0005350381683406065	0.0011717778066963698	0.002392195446878249	0.0032721342526615604	0.005222149395126085	0.01033375371414874	0.019380762742453542	0.02597367108126217	0.036475453311088125	0.06103856922127052	0.09963648799354452	0.12691016916978304	0.16906763939258754	0.2571234252135366	0.36064667808287776	0.42462574632849953	0.5179611649841485	0.6786583312141843	0.8723244609413072	1.008759193868162	1.1692883315825204	1.5235587696757524	1.8867302972968323	2.0554707232641536	2.277166662488063	2.6870103212400114	3.1511758303891866	3.425928984339698	3.5884921514543597	3.925672320782001	4.1572244589912914	4.215649742613477	4.245558818404022	4.181057977399192	4.10085531378463	4.079100042807475	3.9087323933199114	3.6025048453012305	3.276781567660949	3.0729939307657954	3.0096073841280884	2.8620871909695813	2.731232773484428	2.6916134182089584	2.512875295558843	2.2011956643867405	1.918514217578091	1.7588473314573392	1.6021518969822477	1.370705882046016	1.1626556270163144	1.0445625331165411	0.9417511905373062	0.7811513039742414	0.646980534205985	0.5759486901049643	0.5091396679110947	0.4120722474861939	0.33277605349568073	0.28811584274989455	0.25159617140836504	0.20364613919774077	0.16606965692866246	0.143920845480579	0.12506185549733367	0.10140963101424355	0.08325812951806018	0.07251314812080666	0.06372260366906182	0.05059869223406248	0.03964588609373453	0.03326080249800035	0.02718082331231164	0.019199468817643915	0.013482077481574456	0.010302801092839778	0.008171492025565628	0.00566432969953981	0.003864655860575951	0.0028785937817333456	0.002135730870318289	0.0014061333680356436	0.000999327487975017	0.0008666733966508999	0.0006632704566205866	0.000362587849619254	0.00020782474307445048	0.00017687212176548976
MCW_CT_ROA_194_R1_trim	2.5459107263674242e-05	2.5459107263674242e-05	2.5459107263674242e-05	2.5459107263674242e-05	2.5459107263674242e-05	2.5459107263674242e-05	2.5459107263674242e-05	2.5459107263674242e-05	2.5459107263674242e-05	2.5459107263674242e-05	3.055092871640909e-05	4.3280482348246216e-05	6.110185743281818e-05	9.674460760196215e-05	0.00020112694738302653	0.00045317210929340154	0.0006670286103082653	0.0011532975590444435	0.0025510025478201596	0.0050638164347448075	0.007327131070485447	0.011825755323976686	0.02214178558721749	0.04288077436420653	0.060027483106291135	0.08284138912526963	0.13386144008167283	0.19518733765841134	0.23557566542150415	0.30446291785555396	0.425645722519917	0.5960918997394896	0.7279573458116905	0.8879194626600821	1.2276763409152676	1.6192170433447666	1.836973879592425	2.047912766914872	2.47830915885019	3.035160936564179	3.3633466505680247	3.564715459470056	4.099173406434916	4.640604602879297	4.851505301540849	4.716442191596331	4.543121681166689	4.510829349513445	4.445857707776548	4.304320346854877	4.000771410950089	3.5636105342148126	3.2977359852388095	3.2167887536939577	2.9742805733645548	2.765599908856396	2.7255883758808057	2.485200939186467	2.1004960070572642	1.7882680614862898	1.6048606527587808	1.4393535423483608	1.2253901130829896	1.0406435553134112	0.9313272405446468	0.8432667344303238	0.7083538332186613	0.5979147718195688	0.5376556108371783	0.4724497453134557	0.3894505097231513	0.329435756170492	0.29510669593615363	0.26087947213087	0.21751752063938	0.18309680761889244	0.1614743878198539	0.14420547536290368	0.12079837214468156	0.10042090269083669	0.08876572338552663	0.07833767305032566	0.06439626591273763	0.05144776395843291	0.04299534034689306	0.0351692107740396	0.024639324009783938	0.01759733494065164	0.01351369413555829	0.010384769852852726	0.006912147622087558	0.0045088078963967096	0.0032460361761184665	0.0024313447436808905	0.0016039237576114774	0.0009929051832832955	0.0006339317708654886	0.00045317210929340154	0.00026222880481584476	0.0001553005543084129	0.00012220371486563637
MCW_CT_ROA_194_R2_trim	4.578622852501878e-05	3.5611511075014606e-05	2.543679362501043e-05	2.543679362501043e-05	2.543679362501043e-05	2.543679362501043e-05	2.543679362501043e-05	2.543679362501043e-05	2.543679362501043e-05	2.543679362501043e-05	3.5611511075014606e-05	5.596094597502295e-05	7.376670151253026e-05	0.00010174717450004172	0.0002467368981626012	0.0006053956882752483	0.0008673946626128558	0.0014320914810880873	0.002981192212851223	0.006247276514302562	0.009134352590741246	0.013733324878143133	0.02499164973657275	0.04757697879621951	0.06585840237451451	0.09044815077181209	0.1460631563535349	0.21125257105571163	0.25240930314097854	0.3230727158312575	0.4466700960551832	0.6178317366785159	0.7503421693886453	0.9137964615435997	1.25564661842884	1.642222289544936	1.8547848554723356	2.0819023547119664	2.497697270665112	3.0586116379283044	3.424944708677617	3.595427186911162	4.104727756229845	4.606537189825964	4.771822931121919	4.672039477089729	4.524907975403943	4.504555996824573	4.456877270853853	4.282726806979582	3.9638715115313508	3.5608891085271233	3.314538849627622	3.234618987737201	2.97492458690202	2.7585210651372436	2.7288668511292067	2.482542029023331	2.0800963423645906	1.7727918949014771	1.6062801001527964	1.4550863425250966	1.2562850819488278	1.0715096693773896	0.9587381885202683	0.8643269853016795	0.7213620304116709	0.5993239256369582	0.5311456876838428	0.4678004405194794	0.38319766492269464	0.31411896447525384	0.2741068881031124	0.240181836445436	0.19461690802495482	0.15719938460256447	0.13511516037733043	0.11867536065748617	0.0975272104376525	0.07987407566189525	0.0692440396060034	0.06026485145637472	0.04849779072544489	0.03809668581217813	0.03160521607907546	0.025856500719823105	0.01823818102913248	0.012871017574255279	0.009912718475666566	0.00772769790327817	0.005329008264439685	0.0036349178090139904	0.0027497173908636275	0.0020145940551008264	0.0013328879859505467	0.0009335303260378829	0.0007096865421377911	0.000592677291462743	0.00039681398055016275	0.00019077595218757823	0.00012209660940005007
MCW_CT_ROA_195_R1_trim	4.589365384849266e-05	4.589365384849266e-05	4.589365384849266e-05	4.589365384849266e-05	4.589365384849266e-05	4.7979729023424144e-05	4.7979729023424144e-05	4.589365384849266e-05	4.589365384849266e-05	4.589365384849266e-05	4.589365384849266e-05	4.589365384849266e-05	4.589365384849266e-05	5.215187937328711e-05	7.301263112260196e-05	9.804553322177977e-05	0.00013976703672040946	0.00023155434441739478	0.00040678465911163944	0.0007864503409491696	0.0014143589686035464	0.002649315472162985	0.004994063968785973	0.010213424056464549	0.01642158377706065	0.02536667412716685	0.040522010273044085	0.06131183546641126	0.08392280428749362	0.12130109927191596	0.181889066652626	0.27056603626378845	0.3669030739172993	0.4855277387397782	0.7054981077107785	0.9832006071480074	1.1767487479533256	1.3889672615742805	1.7642250665671804	2.2624632613478157	2.609951233612028	2.859243475241865	3.3854225609155333	3.9312754215639805	4.184059753036653	4.223578361150555	4.261974660820344	4.314118195892931	4.248058453328376	4.211172472085237	4.127003510927102	3.8557344673293614	3.6451222315931036	3.613612066075764	3.452633816976651	3.265414828252075	3.2321461013622677	3.036061293144233	2.7184918110388883	2.455537863088425	2.263351929372337	2.0546296777445674	1.821508690870799	1.6004660792598837	1.4301651602040022	1.2883579419625097	1.1046122684041948	0.9505973382390034	0.849341335323004	0.7441760275291831	0.6295357662908234	0.5395403971691042	0.47778839984078236	0.4201772617346996	0.3556883337768677	0.30407883394906277	0.2677560930031558	0.2347168343825909	0.1974678760590143	0.16471649581259	0.14232665096005037	0.12373346292588606	0.10180672676218123	0.0810920002751116	0.06668973726738463	0.05485751887517325	0.04072018741466257	0.02948250044730667	0.02185372353258223	0.016221320560267222	0.011012390848463307	0.007342984615758825	0.005363299274748847	0.003942682080620505	0.0025700446155155886	0.001683462666169708	0.0012975387588073835	0.0009658528059932772	0.000615392176604788	0.00038383783218739315	0.00025867332169150406
MCW_CT_ROA_195_R2_trim	4.596432207534764e-05	4.3875034708286385e-05	4.178574734122513e-05	4.178574734122513e-05	4.178574734122513e-05	4.178574734122513e-05	4.178574734122513e-05	4.178574734122513e-05	4.178574734122513e-05	4.178574734122513e-05	4.3875034708286385e-05	4.3875034708286385e-05	4.178574734122513e-05	5.223218417653142e-05	6.68571957459602e-05	7.939291994832775e-05	0.00011700009255543036	0.00020475016197200313	0.0004199467607793125	0.000839893521558625	0.0014436975706393282	0.0026596628182689796	0.00502264683041526	0.01027720455857432	0.01654715594712515	0.025664806016980474	0.04065753216301205	0.0616590487767118	0.08532022820868053	0.12312170454091985	0.1853762002172441	0.27549552150806433	0.3713812759319736	0.4915466388485018	0.7141602078088787	0.9926434102518407	1.1864143671099368	1.4053654153158555	1.7845397331269675	2.2925395099910766	2.6549180466583833	2.9018571884334543	3.426184746071147	3.9340215585206257	4.148280067300124	4.21112374201396	4.262039675149243	4.322879723278067	4.279280474502232	4.215421406128005	4.110161019288093	3.866765308887557	3.673593977503807	3.6449435798392966	3.4741756768925445	3.273209214342289	3.2392353124665063	3.0421361208326814	2.705769211885287	2.4398342693688955	2.263105629563918	2.0655154553988337	1.8396697588816129	1.6186064411475953	1.4472096627033582	1.2962858111689541	1.1056069996141087	0.9447339616377589	0.838834252863525	0.7339415806002146	0.6150381472533915	0.5195806967397297	0.4555085210540622	0.3973887250771521	0.3291546889562986	0.27569191452056807	0.24041638661510584	0.20717373531779418	0.1718041894808142	0.14271086289448617	0.12200811437427618	0.10442676118045573	0.08458062048074085	0.06702851731005922	0.05478529333908026	0.044092320594460756	0.03254900789144732	0.023943233226521997	0.017633585377997005	0.012838670870591422	0.008584881791254703	0.005691218787874862	0.0041597711478189615	0.00310885960218715	0.002239716057489667	0.0015063761916511659	0.0010550901203659345	0.0007584113142432361	0.000497250393360579	0.0003133931050591885	0.0002214644609084932
MCW_CT_ROA_196_R1_trim	2.0364858847599477e-05	2.2910466203549414e-05	2.2910466203549414e-05	2.0364858847599477e-05	2.0364858847599477e-05	2.0364858847599477e-05	2.0364858847599477e-05	2.0364858847599477e-05	2.0364858847599477e-05	2.0364858847599477e-05	2.0364858847599477e-05	2.2910466203549414e-05	2.8001680915449284e-05	5.600336183089857e-05	0.00011200672366179714	0.00020364858847599478	0.00031056409742589205	0.0006542210904791332	0.00156300291655326	0.003388203390769363	0.005271952834172315	0.008845985561926024	0.017198123296797756	0.03507592375763415	0.0507797755364893	0.07165884706999065	0.11503090520066565	0.17437664948992648	0.21948481183735932	0.29025015072541155	0.4134168170356932	0.5786903746207427	0.704209182127922	0.8779417929567932	1.2202037931789738	1.6026303862633324	1.8234872804655486	2.0418698443177816	2.4892883388068983	3.090906998882682	3.4641134021237896	3.6777916835822273	4.210307286373395	4.784741405494989	5.02866913916418	4.90435694954372	4.743487292684464	4.709666353353313	4.659494977974896	4.531030902756883	4.165311130749624	3.6482677294679204	3.364256862371942	3.294051557102199	3.04200842718224	2.8154824653983233	2.774953850684244	2.5064966445331196	2.0667531562221924	1.7112361784975807	1.5087305677244072	1.3383734322495258	1.1145076301525767	0.9178009129362573	0.8051119665030656	0.7177772693351352	0.5895015690614621	0.4827566158044134	0.41888987285098556	0.361460970900755	0.2933990670247216	0.23929727388871763	0.206688043658999	0.18141016261441614	0.14922350320578517	0.12326849060451962	0.10801012011295572	0.09392782021984068	0.07653368515663478	0.06232919611043415	0.05350357540735573	0.04794142333460512	0.040118771929770966	0.03141534037977814	0.026016107177808334	0.021141269091164205	0.014522689965694375	0.01009842438105339	0.007781921687138951	0.006173097838178591	0.004090791021011545	0.0025557897853737345	0.00194484401994575	0.0014535418002474126	0.000934237899633626	0.0006084001580720343	0.0004149339990198394	0.0002876536312223426	0.00015528204871294603	9.927868688204745e-05	8.145943539039791e-05
MCW_CT_ROA_196_R2_trim	7.134146022974752e-05	4.841027658447154e-05	2.2931183645275993e-05	2.0383274351356437e-05	2.0383274351356437e-05	2.0383274351356437e-05	2.0383274351356437e-05	2.2931183645275993e-05	2.5479092939195546e-05	2.2931183645275993e-05	2.5479092939195546e-05	2.8027002233115102e-05	2.5479092939195546e-05	5.6054004466230204e-05	0.00010956009963854084	0.0002726262944493923	0.0004611715821994394	0.0008076872461724989	0.0017504136849227341	0.003905944947578677	0.005962107747771758	0.01006424171098224	0.019774324030109664	0.03866707144452316	0.05478004981927042	0.07812144686086747	0.12585143166386248	0.18794907697526986	0.23407133101380162	0.3076090890549078	0.43328216706819594	0.6045271507125292	0.7369165176245892	0.9099068191352575	1.2521139684922988	1.6377476838549052	1.859339355147089	2.097235098011064	2.5350729268967878	3.1254235102979484	3.519669159074003	3.722607586425402	4.250249026284615	4.732991208566377	4.88277770013732	4.807227093754017	4.698604624735638	4.695345848748715	4.668353297688932	4.490320683685597	4.115778017479422	3.652636901395783	3.381116399579952	3.3226877436517888	3.0517328776992074	2.789868952107331	2.7490004870328617	2.480180769068585	2.0277485157472896	1.6873401903517555	1.5073431382828084	1.3471764642484376	1.1376695267373143	0.941432100828924	0.8218281427537524	0.731764645032284	0.6007435054110587	0.4885208405603718	0.42214780345376746	0.36292419982590135	0.29204645908764715	0.23535292938864316	0.2001637541303202	0.17245778846823898	0.1379743840843317	0.11031937660812888	0.09365350191660106	0.08026169066775989	0.06425317657406332	0.05112125207320194	0.04303928379288912	0.03733451488380323	0.030404201604342047	0.024042072097424916	0.0197921593951671	0.01618177192568309	0.01149871464345895	0.008092159917488505	0.0062270903143393916	0.00474930292386605	0.003238392712571754	0.00217336662771338	0.0015695121250544457	0.001217900642493547	0.0008764807971083267	0.0006395252327738082	0.0004968423123143131	0.0003668989383244159	0.00023695556433451858	0.00016051828551693194	0.0001172038275202995
MCW_CT_ROA_198_R1_trim	1.9681285687860074e-05	1.7221124976877564e-05	1.4760964265895056e-05	1.4760964265895056e-05	1.4760964265895056e-05	1.4760964265895056e-05	1.4760964265895056e-05	1.4760964265895056e-05	1.7221124976877564e-05	1.7221124976877564e-05	1.7221124976877564e-05	1.7221124976877564e-05	1.4760964265895056e-05	1.4760964265895056e-05	1.7221124976877564e-05	2.9521928531790113e-05	6.888449990751026e-05	0.00013776899981502052	0.00027307783891905856	0.0005879784099248196	0.0009766838022600562	0.0017171921762657912	0.00328431454916165	0.007193509918912857	0.01182353237698194	0.019125289367178024	0.031595844011148365	0.04871118207745368	0.06708858258849303	0.09923796275961247	0.1533565780798057	0.2350904973807776	0.31773713630552397	0.4242965373410204	0.6355480774323775	0.9049897988206039	1.0911034167671416	1.3073466229410822	1.7016734825009137	2.23463039812461	2.603654504771986	2.8761173035132988	3.465581650507552	4.090634682346878	4.394540795135258	4.459739974297717	4.526897441386118	4.592003134441558	4.535581808695886	4.479733700395872	4.320472736609708	3.9810689649225615	3.7427507366889747	3.6793081122741573	3.4784950340794993	3.293476187649349	3.267551014077015	3.031796273304272	2.646424398732417	2.32717672375035	2.1126211878241428	1.9085975999016527	1.6845999671666951	1.4649518985687549	1.3072728181197528	1.1804589139507373	1.002124324172326	0.8507457153041507	0.755881918288665	0.6679336330317512	0.5701004220381098	0.48891265841497605	0.43429463047045336	0.38262879537910965	0.3253636345095698	0.27755533141304667	0.24432102036838396	0.21718790788695785	0.1846670434484801	0.1568426258072679	0.13940008636640192	0.12236101328213707	0.09889846058149687	0.07753688512803575	0.06434058307432557	0.05290329592896788	0.03891482212632133	0.028063053230177486	0.020849862025576767	0.01636252888874467	0.011301978306253646	0.007159067668959102	0.004876038529167333	0.0033581193704911253	0.002187082872063451	0.0013063453375317124	0.0009102594630635285	0.0006224206598785749	0.0003690241066473764	0.00021403398185547833	0.0001328486783930555
MCW_CT_ROA_198_R2_trim	7.391664803967137e-05	4.9277765359780906e-05	2.2174994411901406e-05	1.724721787592332e-05	1.4783329607934273e-05	1.4783329607934273e-05	1.4783329607934273e-05	1.4783329607934273e-05	1.4783329607934273e-05	1.4783329607934273e-05	1.724721787592332e-05	2.4638882679890453e-05	2.9566659215868546e-05	2.4638882679890453e-05	2.2174994411901406e-05	4.434998882380281e-05	9.116386591559467e-05	0.00015522496088330985	0.00028334715081874024	0.0006061165139253052	0.0010126580781434976	0.001749360670272222	0.003543071329368247	0.007603559195014194	0.012262771909781478	0.019713570032180352	0.03300131946144527	0.0510098788121772	0.06940034084444745	0.10164771049588806	0.15738086311780028	0.2402808477825597	0.3234099740562421	0.4321783216466185	0.646859370324772	0.9210359290100569	1.1092572815782762	1.328139259753351	1.7238643544750714	2.2672847675331274	2.649303251820025	2.9117048884725905	3.5137880173031975	4.109494603296248	4.362363456239965	4.443745685731643	4.5158538397826105	4.582925806213808	4.540394166931781	4.450967342245119	4.273848270212458	3.9713690269927833	3.747357233443755	3.6987939956816906	3.4899745371930835	3.2865017162460117	3.2729183002245885	3.027569234274775	2.6233708277994405	2.306433488223205	2.1015390037455046	1.915613995043051	1.707967347370006	1.4854240312286997	1.3226620361336114	1.1917531885670853	1.0126457587021578	0.858522155874639	0.7604323000377271	0.668221281608237	0.5658393324084883	0.4826239700454262	0.4257352538258271	0.37244627836576005	0.3121229019005843	0.26312601980335415	0.2294594505095518	0.19946900251158914	0.1665292802568436	0.13921707880618503	0.12034369467338894	0.1049222180040455	0.08428715375963725	0.06490128086709944	0.05304505052153615	0.043618214008210074	0.032390275170983994	0.023458680199523702	0.017380267842394725	0.01359819935103154	0.009500753161365758	0.0061572567817046245	0.004506451642151963	0.003185807530509836	0.0021041605808626448	0.0013970246479497886	0.0010964302792551253	0.0008377220111162754	0.0005174165362776995	0.00031784158657058683	0.00022174994411901407
MCW_CT_ROA_199_R1_trim	4.457448732732998e-05	4.457448732732998e-05	4.457448732732998e-05	4.457448732732998e-05	4.457448732732998e-05	4.457448732732998e-05	4.775837927928212e-05	5.0942271231234264e-05	5.0942271231234264e-05	5.0942271231234264e-05	5.0942271231234264e-05	6.686173099099497e-05	0.00010188454246246853	0.0001241717861261335	0.00019103351711712848	0.0003470442227627834	0.0005062388203603904	0.0009679031533934509	0.0021968854468469774	0.00437148365003029	0.005928406814534887	0.009023149791832368	0.016880995129250252	0.03351364668624824	0.04655486812144421	0.07071424025285707	0.12726016131952708	0.19693645279604774	0.23822834752091504	0.28793845256674383	0.39503502615455804	0.5535769259020149	0.664000666579619	0.8311772813007702	1.211127027386979	1.6464924128969147	1.8577850345043148	2.0228761999969374	2.5197480102346845	3.2875371866640393	3.723564821699981	3.8948677603908624	4.596110411132465	5.380137436516776	5.663624808134691	5.378949844818698	5.027785665870089	5.002578793286483	4.999394901334531	4.794489166982747	4.289011296798874	3.66948004911217	3.338278872702301	3.2422749786750873	2.909618763643176	2.581273538314208	2.484260350538226	2.1870790596349647	1.6976097981855065	1.3380305928078875	1.1601051588569458	1.024987152200001	0.8293401756444937	0.6609091074942736	0.5856896601294042	0.5352568116104823	0.44535643845516165	0.36575595576440617	0.32306314858067986	0.28654709178374077	0.23578948628571972	0.19536679406373533	0.17346480132625655	0.1515691763726817	0.12554404355742488	0.10540274306937564	0.0921864075768223	0.08345617584456953	0.07089572209411833	0.058844691055979476	0.05240686152913225	0.04699742910276556	0.03773867130648873	0.029193105307449185	0.024605117004686147	0.02029412730174295	0.01407917021153237	0.009675847641982557	0.007542640034174622	0.006093969196036398	0.0038907159652855163	0.0023274250168770156	0.0018307378723724811	0.0013658896473874686	0.0007705018523724182	0.00042664152156158695	0.0003406764388588791	0.00028336638372374056	0.00017829794930931993	0.0001400912458858942	0.0001400912458858942
MCW_CT_ROA_199_R2_trim	0.00011475168261826619	9.24388554424922e-05	5.7375841309133096e-05	4.781320109094424e-05	5.100074783034053e-05	5.418829456973682e-05	5.100074783034053e-05	4.462565435154796e-05	4.462565435154796e-05	4.781320109094424e-05	6.056338804852938e-05	6.693848152732195e-05	7.331357500611451e-05	0.00012112677609705876	0.0002103780848001547	0.000506819931564009	0.0007905115913702783	0.001204892667491795	0.0027444777426201996	0.0052849524939190375	0.0068946635973141605	0.010579467628056264	0.019960417682099524	0.0379923695868643	0.05145975456081359	0.07867821616851846	0.142540715092323	0.21201329627746499	0.2486254581261707	0.30716156644844406	0.4184961989620774	0.5733472195619488	0.6858357439952436	0.8636116007448532	1.2560878556732387	1.6810611496097694	1.8786157338773326	2.0756061223720232	2.551873418438919	3.2895896731645764	3.7500021117497147	3.9091276325271167	4.6355185336877	5.319648940177366	5.467127165169014	5.255700377491598	5.026990711393175	5.03472369978295	5.019968545926285	4.777265549641912	4.230005212595183	3.6392348625556936	3.339391903420904	3.2589509739054994	2.8969126027916086	2.5346479158592214	2.44648037304752	2.147396050036706	1.6410446878433884	1.299349240020325	1.1527922160363628	1.0383242250779028	0.8676502224636683	0.7055347828447127	0.6261202433793936	0.5716100065889779	0.47915202586604927	0.3930468257947375	0.3464512675582426	0.3071105657006137	0.2512264962655181	0.20317422916911906	0.17570076382226252	0.153850130923701	0.12359712482009089	0.09960764805939444	0.08659289472243943	0.07547791924216458	0.06048051183330508	0.048406084784471955	0.04196086527741267	0.036506972806305625	0.028684733107827154	0.022303264535555794	0.01855789711676516	0.015156784745829327	0.01055715480088049	0.007347295234308432	0.005836398079834594	0.004743069548221669	0.003171609005699302	0.0020304672729954325	0.0016670869447042561	0.0013228318968494573	0.0009275761011643185	0.0006151965207034826	0.0004558191837336685	0.0003761305152487614	0.0003060044869820432	0.00023269091197592866	0.00014662715001222902
MCW_CT_ROA_201_R1_trim	4.597135226226748e-05	4.597135226226748e-05	4.597135226226748e-05	4.597135226226748e-05	4.597135226226748e-05	4.597135226226748e-05	4.9802298284123105e-05	4.9802298284123105e-05	4.597135226226748e-05	4.597135226226748e-05	4.9802298284123105e-05	6.895702839340122e-05	8.044986645896809e-05	8.428081248082372e-05	0.00014174500280865807	0.0003371232499232949	0.0005210086589723648	0.0009998769117043177	0.002267920044938529	0.004872963339800354	0.006880379055252701	0.010466144531709564	0.02020440931926656	0.03929018240015128	0.05397036755590203	0.07532022973570342	0.12468963111935685	0.18798835223847732	0.22974566387670362	0.29600187532469663	0.4236068563666856	0.5980183359037066	0.719984164401524	0.8828223560065191	1.2411115827005663	1.633515383719238	1.8368045343690065	2.0533640820384833	2.523823408252463	3.1301012637792907	3.480816710188129	3.69131570125103	4.219737240775685	4.763210567220211	4.989404944134655	4.846663895360315	4.647791825473745	4.6223734986187335	4.597935893945316	4.419080517022943	4.025883710177747	3.53125494551188	3.252890745671807	3.194507128298727	2.958616627002967	2.732276674139693	2.6847691125226616	2.439653693206273	2.022333419261453	1.6726293426023837	1.4800821645978983	1.3327324877592654	1.1238233392954347	0.9407960621552602	0.8467808158329015	0.7677254137258889	0.6486557804205941	0.5465648998841637	0.4873346434402539	0.43270918411461456	0.3593082583358608	0.30130773556496665	0.26843438775142353	0.24167522978876202	0.20249614482324454	0.17200564543529565	0.15871992463150034	0.1418905787574886	0.11919222357799403	0.1008496540253493	0.08887411676102862	0.07825090344242297	0.06314548327824625	0.04951497733248393	0.04122481014118837	0.03385023904911629	0.023368770733319305	0.016273858700842688	0.012856654849347473	0.00989150262843122	0.006221456339493533	0.0038730864280960356	0.0029498284368288303	0.0021913011245014167	0.0012795359712997783	0.0008083296106115366	0.0006129513634968997	0.0004443897385352523	0.0002911518976610274	0.00016089973291793619	8.428081248082372e-05
MCW_CT_ROA_201_R2_trim	0.00013018994559898248	9.189878512869352e-05	4.9778508611375655e-05	4.594939256434676e-05	4.594939256434676e-05	4.594939256434676e-05	4.9778508611375655e-05	4.9778508611375655e-05	4.594939256434676e-05	4.594939256434676e-05	4.594939256434676e-05	5.3607624658404555e-05	6.509497279949124e-05	9.572790117572242e-05	0.00017613933816332928	0.00044034834540832317	0.0006968991205592593	0.001523988186717501	0.0032738942202097067	0.006582250484842674	0.009258802601715873	0.013842254510009462	0.025494254641118395	0.048231545728375985	0.06567699843863964	0.09032884754941167	0.14642156852233798	0.21226321895099987	0.25320412772583284	0.325440401953033	0.45043806619224425	0.6202708502261169	0.7463981036992018	0.9117048725654864	1.2706998184386336	1.651627941029162	1.8442899149354213	2.0906552414012602	2.537425014420451	3.1240800548697014	3.5117818837474246	3.685953056262581	4.203213026591526	4.7071515021928585	4.86520592526607	4.75241165386874	4.603045495106237	4.595774003732929	4.57200668042902	4.380891669405761	3.9880894579533956	3.531072970392356	3.282180427335477	3.237686098869002	2.969908355468177	2.71990536875766	2.692048549515525	2.4377148325558187	2.0025434520430783	1.6737985229414596	1.509525615407873	1.3627594264413023	1.1629446637591934	0.9831446906549045	0.8808345389943394	0.7970917710458174	0.6680697058411786	0.5564126819098161	0.4942431537702549	0.4403483454083232	0.3655389051975196	0.30075026168179064	0.2629109369050511	0.23121351426774586	0.18794450293631934	0.15429040199898236	0.13623611983724113	0.12062098459745729	0.09891755484289749	0.08097814616256711	0.07054380493441337	0.06151857841156626	0.048426830646774464	0.037058185103145666	0.030694194232983637	0.025605299006482233	0.018529092551572833	0.012927095774769557	0.009909752329710786	0.007891808172926557	0.005429686554686976	0.0036759514051477407	0.002799083830378124	0.0020409188530664023	0.0012904121078487383	0.0009802537080393977	0.0008424055303463573	0.0005628800589132478	0.0003599369084207163	0.0002718672393390517	0.00017613933816332928
MCW_CT_ROA_202_R1_trim	0.0006202664865993941	0.0006202664865993941	0.0006202664865993941	0.0006202664865993941	0.0006202664865993941	0.0006202664865993941	0.0006202664865993941	0.0006202664865993941	0.0006202664865993941	0.0006202664865993941	0.0006202664865993941	0.0006202664865993941	0.0006244574763737143	0.0006244574763737143	0.0006286484661480344	0.0006621763843425963	0.0006998952923114784	0.0007753331082492426	0.0011357582288407822	0.0019613832143818674	0.0028498730465377565	0.004534650935814489	0.008080228284889404	0.015422842369498447	0.0229750059428235	0.034760069188211985	0.056603507891969024	0.08820357079034356	0.11741476951735556	0.16429518113290165	0.24353422479597422	0.35426855661306333	0.4506445574633314	0.5735746695236923	0.8257884341422838	1.135624117168004	1.3340842469411642	1.5490736403842433	1.9470039284661746	2.4702322378309582	2.8032273303495723	3.0218209749985667	3.5741766632948755	4.175093350106233	4.446631768574215	4.440491968554836	4.438073767455053	4.468135737106253	4.407156835889893	4.35547774098275	4.1711328647695005	3.833573784386652	3.6418821030990185	3.6070507870846438	3.416733750442988	3.2331306794197925	3.2049714191261347	2.9802756933657304	2.625705385488916	2.3145872595922534	2.094895575622387	1.8888665183168045	1.631103883237013	1.3880977231526033	1.2388733412481572	1.1183530483080304	0.9336938478617067	0.7811460110662247	0.6910271579490168	0.6022955224471088	0.4959533479135074	0.4120371596622934	0.3590840038637573	0.3110845979784677	0.25564199425398537	0.21098699820860334	0.18112200507679738	0.15566174219780196	0.1262703309104942	0.1034210546609003	0.08942314881467074	0.07833378987181942	0.06350187706050013	0.04980991346779593	0.041130373645178735	0.033825478468538575	0.024718457688940713	0.017526719236207203	0.013243527686851927	0.010808562627971873	0.007677893266554662	0.004949558923472192	0.0037299808991450045	0.0028205361181175147	0.0018314625313779406	0.001165095157261024	0.00090944478102749	0.0007376142002803605	0.0005783565888561917	0.0004568178854009051	0.0003520431410428993
MCW_CT_ROA_202_R2_trim	0.0005952296368692615	0.000599421394875383	0.000599421394875383	0.0005952296368692615	0.0005952296368692615	0.0005952296368692615	0.0005952296368692615	0.0005952296368692615	0.0005952296368692615	0.000599421394875383	0.0006036131528815046	0.000599421394875383	0.000599421394875383	0.0006119966688937476	0.0006119966688937476	0.0006581060069610848	0.0007251741350590298	0.0007754752311324886	0.001094048839597727	0.0019491674728465253	0.002892313024223876	0.004719919514892876	0.008488309962396159	0.015781968893047674	0.023285215724005263	0.03651859574933102	0.05957745654100573	0.0905838905122869	0.11929324109621346	0.16729725378231755	0.24831136076662896	0.36249484885338024	0.4624850443314039	0.5850604319464106	0.8384312446264283	1.1482818046809278	1.344988432634194	1.5659569559268922	1.953887392361418	2.4879844304694028	2.846409082298839	3.041589910337877	3.600422512439985	4.17462629115054	4.394299561219348	4.410919881713619	4.426094045695779	4.477409547206719	4.437361491216234	4.338616247866028	4.126676771318516	3.8138877889017255	3.638529784473636	3.6221064766056523	3.4199086456643664	3.2237511380099018	3.2024653908548166	2.968305405116854	2.588104570445616	2.2840847457776317	2.095078377281611	1.9054013275046098	1.6604810989649332	1.416990259905344	1.2600382648821347	1.1346837417090694	0.9473959939955581	0.786248049208221	0.690453803494325	0.6047826533652125	0.49801438519129027	0.4075688226932054	0.35077469346826434	0.30197424676099716	0.2449998719417929	0.19781744382488864	0.1667187911774728	0.14291379746070845	0.11523981110429392	0.0933420672803149	0.08013383780302585	0.06941970433937915	0.05566654632129431	0.04369069369780501	0.03607426940068214	0.029468058783034563	0.022182783368395294	0.016603553462247497	0.01281839598271973	0.010106328552759081	0.007159522674455623	0.005017534333327507	0.003952827799772631	0.003026449280419766	0.002074920213030172	0.0015299916722343694	0.00123656861180586	0.000989254889444688	0.0007377494090773945	0.0005910378788631399	0.0005197779927590733
MCW_CT_ROA_204_R1_trim	0.00014407717926338782	0.00014407717926338782	0.00014407717926338782	0.00014407717926338782	0.00014407717926338782	0.00014407717926338782	0.00014607825119760154	0.00014607825119760154	0.00014407717926338782	0.00016408789860552502	0.00020410933728979942	0.0002521350637109287	0.0003001607901320579	0.0005643022854482689	0.0011165981392912555	0.0020791137396480547	0.0028235124991755583	0.004496408636178228	0.008820725086014076	0.017507378352435835	0.024096908231801613	0.034144290413488695	0.05917169709469969	0.10194460968851794	0.13262904672775114	0.17590622944899123	0.26783747517870377	0.3932386500800749	0.474866376420521	0.5428607996731689	0.7029305458347928	0.9212014692030227	1.0528079681723905	1.2070185757106366	1.606834749238472	1.9881209966554885	2.1270734306953547	2.3674101742821594	2.845392219704251	3.3777333842192587	3.6739660701444548	3.8066471447424957	4.051458285174203	4.316504265004677	4.457143602685086	4.308323882937612	4.1028438113728765	4.053477366755824	4.022951014399394	3.8528739074947667	3.5159674334347426	3.1545858485473497	2.962530968589254	2.91200990546616	2.740073802734649	2.5923186532561764	2.57688638649952	2.3815237346341687	2.057806325692547	1.779881446893472	1.6134763069881275	1.4578249276572475	1.2234093559237813	1.0250170811500303	0.9232985925900785	0.8332863748452771	0.7009634921234607	0.5900260651625863	0.526409987301998	0.4719608199720426	0.39123157493005856	0.325310262201256	0.29157419046234684	0.26766538299236137	0.23082364761155255	0.19809211398361873	0.18063476242953824	0.16353760382361623	0.13921057231938005	0.11762500936501666	0.10547249950853674	0.0972701056501947	0.08221604148910489	0.06630151639630318	0.05747678916642067	0.047925672824418585	0.03260946823994677	0.02168561655107408	0.01687704069315851	0.013625298800061216	0.008792710078935083	0.005214793460560953	0.0037460066608480834	0.002697444967320094	0.0016548864895947462	0.0009144898739356698	0.0005322851345008494	0.0003962122429743165	0.0002621404233819973	0.0001840986179476622	0.00014407717926338782
MCW_CT_ROA_204_R2_trim	0.00024050561013407265	0.00019440870152504208	0.00014630757949822754	0.0001443033660804436	0.0001443033660804436	0.00014630757949822754	0.00014831179291601148	0.00015833286000493116	0.00016835392709385087	0.00018438763443612237	0.00024250982355185658	0.0003567499883655411	0.00044894380558360225	0.0007455673914156253	0.001569299106124824	0.0030884928768050495	0.004154734415066105	0.006716119162993978	0.012798906885968235	0.023571554006556902	0.031406024256674325	0.0439624213190907	0.07337024479823442	0.11973571800524807	0.15167085460421736	0.20097049625486668	0.30297493815298027	0.4317897429407896	0.5131728329833242	0.5890864246087264	0.7491489207932052	0.9556811092824222	1.0848686977659394	1.2465165267638851	1.6379013272021503	1.9961644966981187	2.1278854109417145	2.38717250501384	2.848406147275294	3.3717523675672894	3.6943485550803743	3.813962016067138	4.0768025805289945	4.290545928895398	4.35062423030689	4.2438497604744505	4.095900730187058	4.056221312941771	4.023472465695182	3.8389565616003214	3.499320551609237	3.175030803758125	3.00402129388571	2.941884665294155	2.7615054576936005	2.6002564671657935	2.5679184836698496	2.382883488299783	2.0722484464640325	1.790802768844887	1.6185967435620556	1.4686154408690302	1.2435563035458184	1.045401727142938	0.9368134441674043	0.8429481129589113	0.7022483226036432	0.5852924486088614	0.5215324071489009	0.46514787106638544	0.3813917923371946	0.3115569800079311	0.2741723871260072	0.24197870699614385	0.19656323094915978	0.16130711271692252	0.14196244480847195	0.12389045242031417	0.09934284647929649	0.08039902125440271	0.07049820697055004	0.06344738416678615	0.051991300270733155	0.04073563771645856	0.034211923041571835	0.02827544289809581	0.01985574232998548	0.013837089436380314	0.010628343754508227	0.008351557311905674	0.0053753003864965235	0.0032007288282009504	0.002286807509691474	0.0016895519111918605	0.0010742583919321912	0.0007155041901488661	0.0006072766655885334	0.00044894380558360225	0.00023649718329850477	0.0001402949392448757	0.00011223595139590056
MCW_CT_ROA_205_R1_trim	0.00014780582660969648	0.00014780582660969648	0.00014780582660969648	0.00014780582660969648	0.00014780582660969648	0.00014780582660969648	0.00015328011648412966	0.00015875440635856287	0.00015875440635856287	0.00015875440635856287	0.00015875440635856287	0.00016422869623299607	0.00016970298610742926	0.0001751772759818625	0.00021349730510289487	0.0002600287690355771	0.00030382308803104274	0.0005529032773177534	0.0012098180622497376	0.00249627618274154	0.003569236998130448	0.005690524324473313	0.011704031751538188	0.024081401157631657	0.03348896830684511	0.04683802416565048	0.07951679757107948	0.13146233418957612	0.16832620220400935	0.2050532129715817	0.29118021556603924	0.4145679721908264	0.49356744936877195	0.6079691591646771	0.8731328121024725	1.1434751432614818	1.2638657261800168	1.444801955109783	1.823223191259727	2.292909051051284	2.5747939224105356	2.7676558918317546	3.1426255882158687	3.5633192907761853	3.8048312743114923	3.768988361358641	3.727186683877469	3.808151431120336	3.850547069052884	3.78363208677275	3.6052961455333397	3.38343412550231	3.2785768401024797	3.306257586852551	3.2512710822088073	3.22296626641305	3.2814563165764317	3.1512722290725352	2.904962030462288	2.643540054653668	2.4708782148691077	2.288748590746715	2.0131509413082496	1.7639667405139245	1.6311029881164938	1.5080956946379795	1.2997469591619892	1.114907561551752	1.015365811619996	0.9260281380141834	0.7800507242225475	0.6572377680345758	0.594992355017333	0.5423160007005996	0.4614169449362258	0.39634132405390105	0.3629974244287284	0.3264893852561334	0.2786331431738383	0.23861060990185723	0.21364784807444182	0.19314115820481503	0.16200066025410176	0.13170046579911399	0.11226399959993891	0.09262772182034701	0.0661485816977136	0.047136372963807086	0.036321913316864296	0.02916154216110567	0.020137175303102533	0.01278794114667596	0.009106481206119631	0.006314593370158699	0.0038101057526055086	0.0024059503998133925	0.0015410125996529462	0.0010401150761423085	0.0005693261469410531	0.00035582884183815814	0.00029561165321939295
MCW_CT_ROA_205_R2_trim	0.00019177705468087107	0.00016438033258360377	0.00012876459385715628	0.00012328524943770283	0.00012602492164742954	0.00012602492164742954	0.00012328524943770283	0.0001205455772279761	0.0001205455772279761	0.00012328524943770283	0.00012328524943770283	0.00012602492164742954	0.00013150426606688302	0.00014246295490578993	0.00019725639910032452	0.00033971935400611445	0.00046026493123409054	0.0008191619907082921	0.0017013364422402992	0.0032382925518969945	0.004460186357435116	0.0073478008664870885	0.014514783367132212	0.02877477721875984	0.03978825950186129	0.055338638964270215	0.09324474365804923	0.14956966461782106	0.18752508341137517	0.23042835021569577	0.31825950158732497	0.43420790884737964	0.5104776434939621	0.6242480113472839	0.8884921356476368	1.1542211622856613	1.270649012182418	1.464234250521709	1.839596739976368	2.31428878506688	2.618134871158832	2.805495574237624	3.1953536693539473	3.548976859824425	3.7021711107757143	3.6958616456767137	3.718494077801266	3.8326041650085942	3.8776854712196474	3.7782216716455186	3.5794173577466983	3.4004427913018804	3.3220141949540336	3.338723455761157	3.2832341348253515	3.2593304947954858	3.310507571673181	3.1661460239260504	2.907786715532191	2.6527369311676807	2.486241571638168	2.3144559050716733	2.0541678674421653	1.8012879034677594	1.656761975388045	1.529808304861518	1.315694702654745	1.1207533265716396	1.012785584458519	0.9163956971037035	0.767269859383858	0.6419298557888603	0.5753366433870326	0.5121132278031689	0.42150678848308654	0.3524725281423924	0.3135417860421756	0.2769260669591778	0.2281653809704615	0.19150856680431785	0.17086513670402692	0.15208194403414046	0.1247263170200191	0.09848847626746621	0.08150250856716047	0.06762332915268486	0.049431905680099385	0.03550889151026814	0.027229602092473965	0.021818749478263674	0.015701061433943887	0.01019432029239316	0.007076573317724141	0.00551222048597018	0.003808144371520154	0.0024109115445595216	0.0018657167748239026	0.0014629849599940735	0.0010109390453891631	0.0005945088695107003	0.00032876066516720755
MCW_CT_ROA_206_R1_trim	0.00012159461611465077	0.00012159461611465077	0.00012159461611465077	0.00012159461611465077	0.00012159461611465077	0.00012159461611465077	0.00012159461611465077	0.00012159461611465077	0.00012159461611465077	0.00012159461611465077	0.00012970092385562748	0.0001378072315966042	0.00012970092385562748	0.00012564776998513912	0.00017428561643099941	0.00027966761706369673	0.00033235861738004535	0.0004499000796242078	0.0008268433895796251	0.001921194934611482	0.0030398654028662687	0.0047624557978238205	0.009297934978900295	0.01989693235022735	0.028676063633705135	0.04147997671057786	0.07007497726687323	0.11723342255000528	0.15320921630445994	0.18660315104341352	0.266348953445272	0.380193939359549	0.4528102441032184	0.559156895357092	0.8206299046961664	1.0966334706609417	1.2193143320128834	1.3924691185140166	1.7725252506419689	2.2622273012743723	2.555736438805787	2.7717573806412052	3.1866625297476165	3.6206742461995094	3.864787597511282	3.8360953212620954	3.8067910187784646	3.885803200329765	3.919756470302846	3.8795937686001767	3.72400940412761	3.495391260062714	3.3779632861269255	3.384379428703909	3.2848137038753626	3.224146096741892	3.2637089316717294	3.0832868402808105	2.795014377550067	2.5589668024405663	2.4117765196337815	2.220933769641837	1.9587595646831681	1.7312803568558794	1.6034641495500288	1.491272850414911	1.2936775460747332	1.1171545887072243	1.0175848107248073	0.9183352318981588	0.7820276672336355	0.6755472619020357	0.6132624463742411	0.5493847413753445	0.46946465335705506	0.40647458905579553	0.3658498278118907	0.3301739674438522	0.2815888119983082	0.2414625886804735	0.2175246619213692	0.19488779755469174	0.1614127997383284	0.1300778671655829	0.10952027073446594	0.08938420230587976	0.06361424999731478	0.04521293142529764	0.03577718921480074	0.029146229482681783	0.02007527112052884	0.013022783385879096	0.009545177365000084	0.007113285042707069	0.0046205954123567285	0.0029101644790106413	0.002115746320394923	0.0013942849314479953	0.0007295676966879045	0.00043774061801274275	0.00035667754060297554
MCW_CT_ROA_206_R2_trim	0.00013797485059352722	0.00013391676675254114	0.00012985868291155505	0.00012985868291155505	0.00012985868291155505	0.00012985868291155505	0.00012985868291155505	0.00012985868291155505	0.00012985868291155505	0.00012985868291155505	0.00013797485059352722	0.0001460910182754994	0.0001460910182754994	0.00014203293443451333	0.00017043952132141598	0.00030029820423297103	0.0003895760487346651	0.0005884221569429838	0.0013838065897762584	0.0027473227603475865	0.003765901804435096	0.006010022168500407	0.01203221858852377	0.023719500050563724	0.03281366593821356	0.047767704892247326	0.07989961274517522	0.1303375368047914	0.16759480454888473	0.20486018846066004	0.2866184036050069	0.3977652619257751	0.47071743513518205	0.5754606371548742	0.8372597999884102	1.1109247999729894	1.2293640349560095	1.417192445536051	1.7967166205965934	2.2889581324243657	2.6001076528481337	2.7975334317121074	3.2261725955001044	3.621669388558768	3.7922955817368695	3.790059577540486	3.817918323108856	3.950098229977455	4.007678381597207	3.919739704763038	3.7140678995341805	3.509593229038414	3.418947810282308	3.4202788617821516	3.3245730124763355	3.264066982407233	3.2987027279900487	3.117728421017433	2.820364211401495	2.5631506833082733	2.4013995194904085	2.237538152075231	1.9961430347941733	1.7555392438621076	1.6149063483527344	1.494198644502603	1.2930353704210813	1.1115253963814553	1.0066929165172616	0.9068478216936398	0.7640966064192718	0.6397569175314578	0.5651246976118826	0.5010394375950302	0.4154990883108843	0.3478995276877379	0.30799233119548064	0.2740058790272221	0.2283443196484466	0.19165112555825028	0.1690638308993217	0.1475275799552085	0.12007058468709658	0.09501191696900745	0.07793550016613796	0.06351307019527337	0.045807650397051036	0.03272033000987088	0.025464476102187744	0.020172734773541878	0.014158654521200485	0.009763749721412543	0.0071949826500683454	0.005381019173147562	0.003587346115431708	0.0022928173701571436	0.0017246856324190903	0.0014040970089811888	0.000986114373359621	0.0005803059892610116	0.0004139245517805817
MCW_CT_ROA_207_R1_trim	0.0002239090730133279	0.0002239090730133279	0.0002239090730133279	0.0002239090730133279	0.0002239090730133279	0.0002239090730133279	0.0002239090730133279	0.0002239090730133279	0.0002239090730133279	0.0002239090730133279	0.0002239090730133279	0.0002239090730133279	0.0002239090730133279	0.00023323861772221654	0.0002798863412666598	0.0004260492083725822	0.0006002007096051705	0.0009671628014881246	0.002096037711263653	0.004027253466003605	0.005261863215813205	0.008237987977948688	0.015965960845144796	0.030983417978219244	0.04335439426220561	0.06014757473820521	0.09712988996423985	0.1553431390994688	0.19818440840268553	0.23987192401023638	0.33477205278905187	0.4690646291770315	0.5585722811141093	0.6787741351434309	0.970033191410226	1.2792982689651762	1.4189180153819314	1.604401803587583	2.0098980249664837	2.5192445183482604	2.822585335013066	3.040573256984486	3.4498479439704863	3.8406470225846507	4.038464468895453	3.9961269950065166	3.954809551339085	4.013682088300409	4.015078410158506	3.930372363898269	3.7318085540107555	3.4894953991350266	3.3663578483706416	3.354854519744582	3.2261316815478085	3.1259137122849263	3.1352774653244144	2.942445105736395	2.6356399181363552	2.382877673186671	2.2288873180699906	2.030133807440063	1.7582273367477395	1.5356492787795464	1.4146264248158424	1.3100795468080362	1.128812712810802	0.9694050020664942	0.882864145346843	0.7920099291234488	0.6626060341629267	0.5614457808844471	0.5065476299691098	0.45497390681837335	0.3880717417109328	0.33204782573405633	0.2955382074399387	0.26615325145517577	0.22401791770159823	0.1870138335379095	0.16708592603972333	0.14919807898454748	0.12354183103510366	0.0991544011660687	0.08311380396325278	0.06912570659639239	0.049766901325448414	0.03539940247375988	0.027264039487608967	0.021168736944468372	0.01430841173519891	0.0092144803241457	0.0067079426456909475	0.004901120820402844	0.00327467019281992	0.0021644543724621693	0.0015113862428399632	0.001029359766214049	0.0005255643519340613	0.00028299618950295606	0.00016171210828740346
MCW_CT_ROA_207_R2_trim	0.00024255726256092893	0.00023322813707781626	0.0002238990115947036	0.0002238990115947036	0.0002238990115947036	0.0002238990115947036	0.0002238990115947036	0.0002238990115947036	0.0002238990115947036	0.0002238990115947036	0.0002238990115947036	0.00022700872008907447	0.00023322813707781626	0.0002612155135271542	0.00034206793438079717	0.000534869861031792	0.0007432203301546411	0.0012158960212990155	0.0024659988360361106	0.00478584137283679	0.006433986874853358	0.009661864292010335	0.018020760724879268	0.03426587789947276	0.04741683512216723	0.06642959285675082	0.10842620607322959	0.16910905763238301	0.21158767566548928	0.2566038158300022	0.3509181647557767	0.4792838216949124	0.566791018726509	0.6876809364451772	0.977048640971871	1.2782612251536234	1.4133407427321059	1.6191039343876386	2.019957798146023	2.5388250992657824	2.876060546646327	3.0663094026234434	3.4674120430613775	3.8414477807643075	4.005301431041204	3.9697139270316235	3.949236496596191	4.029311490326242	4.037374964452145	3.9290202816742856	3.714251374219055	3.4903865694177894	3.3796933858521636	3.377438847193744	3.251085171650467	3.14370693733984	3.149161366038967	2.9501711194841738	2.646834604400766	2.3908309623101776	2.2233171851354068	2.0454200912979315	1.7958348875397248	1.5719669730299646	1.446201032392123	1.3313781559459725	1.140874303872318	0.9715164695603853	0.8759364692774018	0.7845607948788077	0.6524417197869663	0.5435646059820529	0.484268684411389	0.4279487538698379	0.35123535502220254	0.29235613438978425	0.25730660994973	0.2259047735735728	0.18519246996526922	0.15381862096556137	0.13566725248391853	0.11890281399076509	0.096783457470305	0.0785201394828648	0.0669862306772432	0.05492678113607291	0.039256960032938035	0.02826725021383133	0.022026065265628968	0.017417477276971318	0.012112314585574591	0.008122558587296748	0.006502400461729518	0.005168335517644408	0.0035792744770208867	0.0023291716622837917	0.0017227785058814694	0.001362052320534447	0.000932912548311265	0.0006437096583347729	0.0005099921930768248
MCW_CT_ROA_208_R1_trim	4.73477058083443e-05	4.1429242582301264e-05	3.5510779356258224e-05	3.5510779356258224e-05	3.5510779356258224e-05	3.5510779356258224e-05	3.5510779356258224e-05	3.5510779356258224e-05	3.5510779356258224e-05	3.5510779356258224e-05	3.5510779356258224e-05	3.5510779356258224e-05	3.5510779356258224e-05	6.510309548647341e-05	9.46954116166886e-05	0.000159798507103162	0.0002959231613021519	0.0005208247638917873	0.001083078770365876	0.0023555483639651287	0.0034682194504612202	0.005539681579576283	0.01133977554109846	0.023744874462884667	0.033705648072315096	0.047667302822550627	0.08029579058772589	0.1291822968348414	0.16317794960523258	0.20073059877447566	0.2929106635200959	0.42041211679874113	0.49853583138250923	0.6148573076271591	0.8867811005477064	1.1694883334661041	1.29900798270483	1.4752124698705833	1.8481052454274247	2.316024866541613	2.5991937395916427	2.8088848916903473	3.2063452080984933	3.616110009553583	3.8432191989265325	3.8206343432559526	3.8185628811268377	3.885944584955338	3.8959704616602546	3.8693255402166087	3.7193102528260953	3.515537563953434	3.4307970074829495	3.44313700330925	3.356597234018048	3.300448773392578	3.344026418125933	3.2020543222596127	2.9281833549376968	2.6573248853978373	2.483742277441221	2.273725609865084	1.969836197060678	1.7091634027328384	1.56771213163041	1.4390388226330084	1.2240388090205427	1.0418034078274516	0.9444624431487217	0.8406821904800571	0.6931763314973866	0.5805894055483699	0.5214521209937478	0.4632736274817448	0.3841023449069671	0.3238287154129448	0.288240996034748	0.2594891016826309	0.21534920294280194	0.17916963724200086	0.16155037221807075	0.14251659448311632	0.11598412384076541	0.09223924937788074	0.07725961895276581	0.06329796420253028	0.044613375797912413	0.03190643525159802	0.0248634640126068	0.01886214230139916	0.012339995826299733	0.008226663884199823	0.006172957144762889	0.004273130449203073	0.0024147329962255592	0.0013790019316680278	0.0009114433368106277	0.000627357101960562	0.0003787816464667544	0.0002663308451719367	0.0001893908232333772
MCW_CT_ROA_208_R2_trim	8.284723703280963e-05	5.917659788057831e-05	3.550595872834699e-05	3.550595872834699e-05	3.550595872834699e-05	4.1423618516404814e-05	4.1423618516404814e-05	3.550595872834699e-05	3.550595872834699e-05	3.550595872834699e-05	3.550595872834699e-05	3.550595872834699e-05	3.550595872834699e-05	5.917659788057831e-05	0.00010651787618504095	0.0002840476698267759	0.00048524810262074217	0.0006509425766863614	0.001408403029557764	0.0031777833061870557	0.004532927397652299	0.0074740043123170405	0.014959843944210198	0.029393016167283247	0.040666158063533416	0.056312450543158324	0.09303152952805716	0.14926113283418269	0.18726434399309008	0.22997209468350344	0.32138810308942084	0.44144558486953805	0.5190852812888568	0.6334381390332864	0.9005139605879123	1.1850646314966733	1.3195730384792277	1.5037661170423158	1.869998246005639	2.3382863356738075	2.6364772123940416	2.83139309049309	3.2405874295177135	3.6194655974481154	3.788639655469113	3.7865152156052004	3.8132571201874335	3.915094127480121	3.953209774175001	3.8854999108800437	3.685287727270683	3.499881528451043	3.4431785123618734	3.447877134233591	3.3577570933212586	3.3058000403821106	3.346543128022889	3.1901452974843076	2.9059082625443144	2.6434422979645853	2.4769666928069425	2.289441971783178	2.0021514243925465	1.7291401900704984	1.5785120778252744	1.4517262168661351	1.2333231470682848	1.0392534943189282	0.9352447058840239	0.8319815425824146	0.6826316448514111	0.5632428586273444	0.4977639530724845	0.4363800680909606	0.34991122326785956	0.2872609590916913	0.2567554228842532	0.2256107794197048	0.18147095506058145	0.14863386089664857	0.1317034362430151	0.11641220335067365	0.09285991739420349	0.07214810813600107	0.06026544728158095	0.0490041407049069	0.0355177940479231	0.025836502634660488	0.01959337155825948	0.015368162469586187	0.010764223154477195	0.007207709621854438	0.005444247005013205	0.004083185253759904	0.002763547121023007	0.0017812155962054071	0.0013137204729488385	0.0010060021639698312	0.0006272719375341301	0.0004260715047401638	0.0003668949068595855
MCW_CT_ROA_209_R1_trim	0.00013592865258684194	0.00013592865258684194	0.00013592865258684194	0.00013592865258684194	0.00013592865258684194	0.00013592865258684194	0.00013592865258684194	0.00013592865258684194	0.00013592865258684194	0.00013592865258684194	0.00013592865258684194	0.00013592865258684194	0.00013592865258684194	0.00013592865258684194	0.00013592865258684194	0.00015070350612889	0.00017434327179616683	0.0002038929788802629	0.00030436198296618957	0.0005466695810557773	0.0008421666518967381	0.001317916935950685	0.002393526273811782	0.005383956630722305	0.009290427907239805	0.01534220791806268	0.02557231651057674	0.044348200391811386	0.06281085737795462	0.08511202131432191	0.12698986619390287	0.19196967207183016	0.24640614246215195	0.32765010711916565	0.5220783148203926	0.7588453428317125	0.88905908206849	1.0397891829337558	1.379143929028932	1.8757858559913347	2.208246655423791	2.4711622192338276	2.9993691433034617	3.547019774634431	3.832750667284098	3.865146011160393	3.9596164247082477	4.124651538772924	4.146128265881646	4.145998247170475	4.016517340669383	3.758524758059557	3.649589762894037	3.708665537296562	3.6107437179612845	3.5316125573607833	3.5879786236236964	3.345869008571572	2.993595130539229	2.7488260418495365	2.5757622723701106	2.3388061262334525	2.0580809539638314	1.827755762096845	1.6901014066162918	1.5602215790695642	1.3453479290368513	1.1650533462339474	1.063372804157573	0.9496418915323039	0.8043489367705119	0.6856714031793653	0.6130411781373656	0.5457062606048358	0.45658138906849366	0.38562367744745374	0.33978912678931233	0.3016286350609107	0.2535837663128788	0.21307111790058314	0.18880194347241505	0.16705926899993714	0.1372081549035833	0.1095584939849946	0.09184344458807901	0.07558815072111776	0.05355884408992413	0.037646326825138396	0.028781414699909573	0.022132730605987957	0.015283108503894489	0.010191693973304735	0.0075972296913211	0.005892211592568757	0.0038414619209324896	0.0023492017131856377	0.0016725134209598378	0.0011199338984872412	0.0005614444345978254	0.0003132268950914184	0.000248217539506407
MCW_CT_ROA_209_R2_trim	0.00015371286023865103	0.0001448448106094981	0.00013597676098034514	0.00013597676098034514	0.00013597676098034514	0.00013597676098034514	0.00013597676098034514	0.00013597676098034514	0.00013597676098034514	0.00013893277752339612	0.00013893277752339612	0.00013893277752339612	0.0001418887940664471	0.0001418887940664471	0.00013893277752339612	0.00015666887678170204	0.00018918505875526283	0.0002394373399871295	0.00034289791899391384	0.0006296315236698591	0.000969573426120722	0.0013834157421478593	0.0026249426902292716	0.0058883849537575556	0.009849447121445871	0.01596544534901835	0.027730391190361258	0.047881555964339795	0.06611426600187825	0.09088864064918853	0.1352554929438407	0.1987862004870924	0.2520595306259572	0.3336987955119392	0.5313262375141556	0.7691082082371766	0.8981058141593784	1.0544761332702322	1.390412633305261	1.901120655431636	2.2584143749902084	2.5099477346715022	3.053692197683015	3.5487215080650474	3.7553086362092514	3.825998815819773	3.9675831401822856	4.159594150752706	4.204132452006855	4.152881037183437	3.9812665407600685	3.7695536799302145	3.69334757345036	3.7490389251214404	3.6385518947918243	3.547958855796941	3.5956305345867237	3.3545969456663465	2.993865378868206	2.7331772359530833	2.5605665619547073	2.3568763300226934	2.1020470118958974	1.8706500369058667	1.7306944776585749	1.587023205616668	1.3589044529728806	1.1659977693899166	1.0579849249068338	0.9442196722309736	0.7863299606169916	0.6557006335630257	0.5815341784978765	0.5126353449124442	0.4173333715644806	0.344183786190141	0.3008219795201262	0.2628755951569807	0.2171135030540085	0.1791109543765451	0.155276592989925	0.1354919742672848	0.11133245106092911	0.08888446143299995	0.0729190160839816	0.059084858662503015	0.0424661336574704	0.030544518939345795	0.02299780870493664	0.01771836315904758	0.012220172388972756	0.007930992385005784	0.005894296986843657	0.004611385807159532	0.003198409899581162	0.0021135518282814516	0.001578512833989224	0.0012001427164786986	0.0007656082846502042	0.00038723816713967854	0.00022465725727187458
MCW_CT_ROA_210_R1_trim	0.0004624836343323121	0.0004624836343323121	0.0004624836343323121	0.0004624836343323121	0.0004624836343323121	0.0004624836343323121	0.0004624836343323121	0.0004624836343323121	0.0004624836343323121	0.00046720285509080513	0.00048136051736628405	0.000514395062675735	0.0005379911664681998	0.0006040602570871016	0.0008777750610796945	0.0015007122012007678	0.0019443189524991082	0.002746586481442915	0.0052147389381347435	0.00967440255491061	0.012713580723380092	0.017588535766903342	0.03135922194018586	0.05724886702127835	0.07579068538139729	0.10155763072276895	0.16347380707419687	0.2509256869498303	0.3070513794305873	0.35342716182429784	0.4700013530005914	0.635797016687967	0.7344381689819872	0.8704508304625134	1.2259733263035821	1.5649596726068915	1.6839595432530503	1.9046019905956315	2.34229555828358	2.8684886728555474	3.1891030927460435	3.3775179815288756	3.7555275642841632	4.172348018557297	4.406242037789727	4.314745785724065	4.175887434126167	4.178926612294637	4.179162573332562	4.066429827853681	3.7806904493684477	3.4274614948160065	3.2496365374152325	3.2186029417073834	3.0374698105549056	2.891301386002102	2.8884226613394217	2.652150154844712	2.2904690759138098	2.025456514999878	1.8718789138562408	1.689948234395578	1.4323165347479292	1.2376014862525087	1.1512350271513287	1.0542880751096075	0.8887661262262246	0.7556841008367225	0.6883455398337862	0.6169626066408214	0.5124082707364094	0.4361834170452308	0.39518754631620223	0.3530449049428599	0.2980046332365563	0.2550408474512362	0.22810825458251674	0.2041770861161988	0.1713879402861896	0.1432141923579865	0.12591352905735123	0.1114066444457438	0.09108567985967303	0.0716094557893725	0.05988691142527593	0.04883921562964386	0.03424266582362507	0.025002431578495812	0.019905673159323393	0.015408255776479583	0.01044835475930346	0.00718737321518481	0.005441261534542407	0.004034933748511499	0.0026238867417220976	0.0016422888239555574	0.0011892436311402312	0.0008588981780457225	0.0005191142834342279	0.0003445031153699876	0.00024539947944163503
MCW_CT_ROA_210_R2_trim	0.00045304842124895255	0.0004436099124729327	0.0004341714036969128	0.0004341714036969128	0.0004341714036969128	0.0004341714036969128	0.00043889065808492276	0.00043889065808492276	0.0004341714036969128	0.0004341714036969128	0.0004624869300249724	0.0005096794739050716	0.0005285564914571113	0.0006276608336053197	0.0010193589478101432	0.0017414048691756613	0.0021661377640965545	0.0032610047821148565	0.006418185967693495	0.012340850224645946	0.016611775445794928	0.022812875711639966	0.03865541269218928	0.0662536123532713	0.08511175288775895	0.11389920465461947	0.17945436735846532	0.2722962589337845	0.3337739858463898	0.38575185367593107	0.5021428246474198	0.662975014190798	0.7627070171726117	0.8929961923167896	1.2443494007585163	1.5682365486620256	1.671305064496162	1.9067109118788732	2.3434448707084754	2.8939600528329965	3.2568046457095274	3.4165561259980515	3.799750143795681	4.175044129747782	4.32966578051654	4.246153854866316	4.159347889653262	4.217484384459155	4.231212695473877	4.0704843295270345	3.739244583287006	3.4141304292426145	3.2623922429049315	3.2324957663568883	3.038359798597324	2.883101048486186	2.8828367702404574	2.6426739144346323	2.282462665506611	2.0143476659606034	1.8540534714174581	1.6992760852538968	1.474380017393284	1.2681957931811305	1.1617388526964025	1.0684155971735065	0.9024913321454655	0.7601208657679822	0.6880956052981748	0.6162355187319476	0.5092075484662706	0.42112266531406545	0.3700603328357981	0.32703489058031165	0.2671805871771818	0.22023816377964708	0.19455126214570906	0.1695580909068085	0.1382552765511387	0.1133376133824463	0.09705146648942406	0.0848474746420304	0.06828289174011556	0.05310576962827565	0.0434690521679594	0.036107015322663916	0.027164028257385116	0.019953007552505952	0.015044982988975632	0.011307333513671775	0.00795194364379672	0.005611193467343798	0.004115189826344652	0.0032421277645628167	0.0023454694308409317	0.0015337576761032246	0.00121756763210656	0.0010004819302581035	0.000736203684529548	0.0005143987282930816	0.0003964173685928335
MCW_CT_ROA_211_R1_trim	0.00015294901542895042	0.00015294901542895042	0.00015294901542895042	0.00015294901542895042	0.00015294901542895042	0.00015294901542895042	0.00015659065865344924	0.00016023230187794807	0.00016023230187794807	0.00016023230187794807	0.00016023230187794807	0.00016023230187794807	0.00016023230187794807	0.0001675155883269457	0.000182082161224941	0.00020029037734743506	0.00023670680959242329	0.0003423144631028891	0.0005753796294708135	0.0009868853138391802	0.0014930737220445161	0.0025527919003736723	0.0047887608402159484	0.010131051450555716	0.015677274081467418	0.023470390581894894	0.039875993308262074	0.06737768293967716	0.09079344887320458	0.11708611295408605	0.17107347375728105	0.2504685793378043	0.3140771615401252	0.40484876055398283	0.6107764016129421	0.8500250781760655	0.9817396719629633	1.1407228902149082	1.486977611286705	1.9634065110614367	2.268372281253866	2.506859854383069	2.969210161451888	3.446086983343233	3.7093559386151504	3.7446143283147486	3.8251893263000096	3.9526759723032643	3.9557859356169858	3.9513722640288935	3.86191529821908	3.66202550162634	3.558085720712694	3.5907767519390204	3.4972994120093603	3.4312108707711557	3.4885048436221955	3.2950971719690627	2.989665271443898	2.7558644931446246	2.5844377799945675	2.3644169796567978	2.102943354494558	1.8778788782908573	1.7299261973659195	1.5902837462792876	1.3734712336223014	1.1900088896152754	1.0845032021150955	0.9733602509033915	0.8287287485991964	0.7144685507873214	0.6424769058822043	0.5704852609770871	0.4901324032285207	0.4280241780346933	0.3844555584967894	0.34255481155570594	0.2913132497437831	0.2502063810256404	0.22364787698937053	0.19783590981412288	0.1644784578777137	0.13270147910073699	0.11060762965770266	0.09214814015271813	0.06877607393788471	0.05030565950322669	0.03825182043013561	0.0296284092745224	0.020557076002295838	0.013415813639053652	0.010018160510596254	0.00737432752961011	0.004785119196991449	0.0030881134543749994	0.002367068095924233	0.0017224972451879417	0.0010852096809006483	0.0006336459210627947	0.0004369971869398584
MCW_CT_ROA_211_R2_trim	0.00016062607370772764	0.0001569754811234611	0.00015332488853919457	0.00015332488853919457	0.00015332488853919457	0.0001569754811234611	0.00016062607370772764	0.00016062607370772764	0.00016062607370772764	0.0001642766662919942	0.0001679272588762607	0.0001679272588762607	0.0001679272588762607	0.00017522844404479378	0.00020443318471892612	0.00022998733280879186	0.00025919207348292417	0.00040156518426931915	0.0006680584429207762	0.001080575404942895	0.0016281642925828758	0.0026868361420201714	0.005118130803141685	0.011035741382237741	0.016836532998637268	0.02515623349818071	0.04331793160490673	0.07277091257476916	0.09687942600126537	0.12666826148888033	0.18340212084096658	0.25858972570652017	0.31922241793860306	0.4122541193560515	0.6245068733904765	0.8662783190612807	0.9973528457993708	1.16473981697316	1.5084832653002815	1.9851301872502103	2.3027609468220733	2.5411081366488357	3.0143271521621386	3.4442464890334556	3.6476356042732814	3.721373923882881	3.843405932789743	3.998497708139723	4.029984069179021	3.9832783876559157	3.8523535352137803	3.678815315535502	3.5952349983187193	3.6173393364164537	3.523227059594062	3.456946900634119	3.5071900063713795	3.314055405700758	2.99903847041923	2.750955150170229	2.576683161382513	2.3804492076078496	2.1336581971336788	1.8975853264869145	1.7388539103304215	1.594903743547623	1.3832606384747708	1.1946564232012244	1.0787610604285145	0.9661366286113077	0.815728563546942	0.6895567826495219	0.6106127180147581	0.5400577151386388	0.45471051111107136	0.3833450766812448	0.3368511295280262	0.29608861273210607	0.24809792261933816	0.20847439070970913	0.18133223484568745	0.15970977496907673	0.1323631859203361	0.10441424909519151	0.08505150602824178	0.06955108991544608	0.05150621077141657	0.03770697080288906	0.02790512971413341	0.02141437609930751	0.01545660900178452	0.010440694791002297	0.007604184353027197	0.005767936283141129	0.004033904805614524	0.0026357278458404403	0.0020771871804476597	0.0015880077741559436	0.0010075635532575643	0.0005950465912354456	0.0004307699249434514
MCW_CT_ROA_213_R1_trim	6.248487252394209e-05	6.025326993380129e-05	5.80216673436605e-05	5.80216673436605e-05	5.80216673436605e-05	5.80216673436605e-05	5.80216673436605e-05	5.80216673436605e-05	5.80216673436605e-05	6.248487252394209e-05	6.694807770422367e-05	7.364288547464602e-05	8.033769324506839e-05	0.00011381173209718023	0.00018522301498168547	0.0003012663496690065	0.00048202615947041033	0.0007498184702873049	0.0012273814245774338	0.0022784662445337455	0.003793724403239341	0.0066167016797674385	0.01157309103247013	0.02040131087906709	0.031905222231242855	0.04878506422306778	0.07539023030272626	0.11481372166015343	0.1630007163890635	0.22822376529110833	0.32829105703561146	0.46514185427340515	0.6067080277841663	0.7700591057798819	1.0184007684211094	1.332900521449651	1.5953436808579782	1.856675502176415	2.223845539537459	2.599265811674254	2.847332987196894	3.041924269851991	3.255343583560105	3.419263720216307	3.508460875744234	3.55927892992692	3.611527441369886	3.6242989029932624	3.6032169533242016	3.574750630684366	3.5465387107398065	3.5354186350331345	3.5234951823940124	3.4798428041282685	3.423548397189377	3.3633531489229194	3.2868136432862705	3.182287609566666	3.0225561909721588	2.797133086931677	2.59476466924994	2.3763309445217793	2.0980969651856163	1.829316054421289	1.6262937771806405	1.43290309671904	1.2046280045683584	1.0185346645765179	0.8934957398483394	0.7732904663304058	0.6281448022650588	0.5050652246110238	0.4248547327135935	0.35788657058605855	0.28281322785113233	0.22767925425911398	0.19420744700959228	0.1634448053045015	0.1285715516283714	0.10206011285749882	0.08761048608633722	0.07587002485960653	0.061467261742837884	0.04916220506080157	0.04045672335666236	0.03249659691763016	0.022675313918420554	0.015625681336165802	0.011666818341256043	0.008910789142432169	0.00605433782705196	0.003920925750877366	0.002762724006594296	0.0019682734845041755	0.0011559701416929285	0.0007163444314351932	0.0005735218656661827	0.00034143519629154065	0.00019191782275210782	0.00017629660462112231	0.00014282256576901047
MCW_CT_ROA_213_R2_trim	8.03491778861832e-05	6.918956984643553e-05	5.802996180668787e-05	6.249380502258693e-05	6.6957648238486e-05	6.472572663053648e-05	6.026188341463741e-05	6.026188341463741e-05	6.249380502258693e-05	6.249380502258693e-05	6.6957648238486e-05	7.588533467028414e-05	8.258109949413274e-05	0.00011829184522132527	0.00018748141506776082	0.0003080051818970356	0.0004865589105329983	0.0007521575818789928	0.001205237668292748	0.002229689686341584	0.003720613320451872	0.006573009135411376	0.011568049694002432	0.020270312043397663	0.03157945883087795	0.04845725003019232	0.07563982329340968	0.1158054845500695	0.1641935450104154	0.22950180318062666	0.3302730637795481	0.469013774772907	0.6120531667831767	0.7763627717172055	1.0245078160890346	1.3403559705164048	1.6059568737840073	1.868002325930146	2.235262794596634	2.610386323087928	2.8588103576607504	3.0564135372205627	3.2730683996258314	3.4332645730364098	3.517617818287254	3.5704652581202834	3.623951027533186	3.6386303759486696	3.6195831569464287	3.584803122529751	3.5580334547640042	3.5428630835947716	3.5193140787092956	3.4806750518324736	3.4296377004234913	3.372502739181591	3.2992577677735113	3.1913175749698564	3.0254523206750865	2.797979334236086	2.595740453496563	2.3729478066694325	2.0929353855793	1.81998476445672	1.6117152315325172	1.424369963682841	1.1963836352740123	1.0026260566446974	0.8744043921896045	0.7564049286989207	0.6139659236011894	0.4916633152503788	0.4119658584737169	0.3459500811537856	0.2718904583588042	0.2152733029299484	0.18048434082683903	0.1495320519677949	0.11632105844150582	0.09251315064950816	0.07878460083901058	0.06709156353496297	0.05355049513953316	0.04293770789373312	0.03533131905384111	0.028327549048095476	0.02042877847756208	0.01497842591094932	0.011541266634707038	0.009003571766468418	0.006307410464065381	0.004312072546558498	0.0032786928420778646	0.002450649925528588	0.0016449262250588061	0.0010847139014634733	0.0008101875436856807	0.0007164468361518002	0.0005401250291237871	0.0003124690251129347	0.00020980063114725615
MCW_CT_ROA_214_R1_trim	0.00031972433367950153	0.00031972433367950153	0.00031972433367950153	0.00031972433367950153	0.00031972433367950153	0.00031972433367950153	0.00031972433367950153	0.00031972433367950153	0.00031972433367950153	0.00031972433367950153	0.00031972433367950153	0.00031972433367950153	0.0003397071045344704	0.0003796726462444081	0.0003996554170993769	0.00041963818795434573	0.00045960372966428347	0.0005395348130841589	0.0007193797507788784	0.0009991385427484422	0.0013388456472829126	0.0025378118985810434	0.005555210297681339	0.009451850614400265	0.013748146348218566	0.02373953177570299	0.039126265334029	0.060148140273456226	0.085306448779862	0.12275416136207362	0.1819031630927814	0.26543114526655115	0.3483796270855269	0.4537887433454875	0.6387093048373692	0.884557334666051	1.07755093558334	1.258395011820808	1.573443377120247	1.9713003448426767	2.232834849792509	2.4594794368295654	2.899080412868025	3.283069337617107	3.4507447678611505	3.542026065126648	3.698251367670794	3.8378110393218963	3.8588528970321785	3.9075908751474477	3.921758659683621	3.8818131007445382	3.857653930780881	3.8780163742820943	3.845944027059869	3.8204859769906387	3.8428866631190584	3.6975919362325804	3.426345804647233	3.1409518712965685	2.909531402025174	2.650894398849312	2.314804175839591	1.9792335048720995	1.747932932225835	1.5354960952666612	1.259713874697236	1.0396436192714642	0.9027816216857825	0.7763506304863946	0.6346328195829556	0.5126579862842258	0.42603267462793576	0.3562728215732396	0.27814018753031133	0.21845165098651945	0.18320204319835437	0.15344769739530575	0.12033624608862238	0.09631695552094983	0.08282858519384587	0.07137845749394872	0.05775020777085997	0.04436175129803084	0.0357291942886843	0.028895086656284954	0.020682167834892757	0.015326785245761105	0.011350213845622304	0.007933160029422633	0.005155554880581962	0.003177260565940047	0.0025378118985810434	0.0019782943146419156	0.0013388456472829126	0.000899224688473598	0.0006394486673590031	0.0006194658965040342	0.000659431438213972	0.0010391040844583799	0.0013987939598478192
MCW_CT_ROA_214_R2_trim	0.0003202231955673104	0.0003202231955673104	0.0003202231955673104	0.00034023714529026735	0.0003602510950132242	0.00034023714529026735	0.0003202231955673104	0.0003202231955673104	0.0003202231955673104	0.0003202231955673104	0.0003202231955673104	0.0003202231955673104	0.0003202231955673104	0.0003602510950132242	0.00040027899445913804	0.0004202929441820949	0.00046032084362800877	0.0005003487430739226	0.0006804742905805347	0.0011207811844855865	0.0015210601789447246	0.002661855313153268	0.005463808274367234	0.009306486621174958	0.013949722956900959	0.023656488572535057	0.03972769020006945	0.06228341153784188	0.08812142063017923	0.12698851099216152	0.1873705973063225	0.2705485723549314	0.353366296308527	0.4584995742032197	0.6491524592641071	0.8934827574819649	1.0781114436762422	1.2664827384687127	1.588587245309981	1.9928290018142645	2.2638178810631007	2.4925773263964985	2.9178737580093324	3.278104839072834	3.433913437666053	3.528279210609795	3.7154096405194417	3.87059780667125	3.8855682410640218	3.9283180376722577	3.9287783585158857	3.88494780862261	3.8576287672507736	3.8711581972634925	3.8545866468928844	3.820322764967182	3.8198224162241083	3.6975571973665646	3.440357929476846	3.133584108123362	2.8848707549161765	2.643362423609256	2.3197368565890426	1.971193922163748	1.7329678786113922	1.5288055774875087	1.2567359449536326	1.030878522330064	0.8928022831913844	0.7666343441378641	0.6255359985910179	0.5046717562140812	0.4161100286899969	0.3461412604585396	0.26658581030978595	0.20478273356529503	0.17173970257269316	0.1444606891003029	0.11159778365520767	0.08762107188710531	0.07419171162300123	0.062043244141166395	0.050275041704067734	0.039427480954225096	0.031221761567812766	0.025097492952587955	0.018132638448998952	0.013809625308840263	0.01026715620787689	0.0070849382019267425	0.004943445581570354	0.0035624830506863284	0.0029020227098287507	0.0020614368214645607	0.0013209206817151554	0.0008605998380871469	0.0006204324414116639	0.0005203626927968795	0.0003602510950132242	0.0002801952961213966	0.0002801952961213966
MCW_CT_ROA_215_R1_trim	0.00010277551392956917	0.00010032847788362704	9.788144183768492e-05	9.788144183768492e-05	9.788144183768492e-05	0.00010032847788362704	0.00010032847788362704	9.788144183768492e-05	9.788144183768492e-05	9.788144183768492e-05	0.00010277551392956917	0.00010277551392956917	9.788144183768492e-05	0.00010032847788362704	0.00011011662206739553	0.00011501069415927978	0.0001296929104349325	0.00021044509995102258	0.0003964198394426239	0.0008417803998040903	0.0013483168613141099	0.0025204471273203868	0.004987059461630047	0.010238398816221841	0.016652080292636148	0.02719146454250887	0.044073566223463576	0.06851211521428756	0.09864981115611075	0.1416882811321408	0.21273797272607034	0.31397674801878783	0.42353055179561666	0.5591599716780048	0.7801224325544867	1.072225125358598	1.3207950469053986	1.5782795207675666	1.9578197055652817	2.3463870063364776	2.6035851769812703	2.8239236436660367	3.0779577967034264	3.285363677885389	3.405995213842198	3.478579197036933	3.565042768684252	3.6183832604136983	3.6188971379833466	3.6155275693480835	3.613658033808984	3.6097427761354766	3.5975467484825012	3.5728537077428992	3.5449697319993887	3.5107185684643367	3.4581782575219133	3.362029317204756	3.1996807107367258	2.964363936414747	2.7575453438838107	2.5274358622675974	2.2330696611209895	1.9408495105866734	1.717161051555012	1.5253525781298845	1.2992904941336594	1.1143361686732158	0.9842884380116218	0.8554838016613662	0.7121437711982145	0.5935555103397673	0.5136964889804461	0.4481379462736107	0.37039071702193754	0.3085516691049342	0.2713591682426598	0.23394154006415885	0.19219510512038623	0.16213816136807913	0.14380986138397264	0.12689350119837473	0.10526659662433825	0.08466500015355151	0.07030334559991719	0.05641886307524159	0.03972518316982442	0.028451688106169062	0.021560834600796046	0.016617821787992957	0.01141052908222812	0.007206521155299552	0.005067811651146136	0.0036876833212347794	0.0023980953250232807	0.00159057342986238	0.0011525539776387399	0.0007659222823798845	0.00046738388477494545	0.0003107735778346496	0.00021533917204290685
MCW_CT_ROA_215_R2_trim	0.00012237388697890444	0.00011013649828101402	9.789910958312356e-05	9.789910958312356e-05	9.789910958312356e-05	0.00010034658732270164	0.00010034658732270164	9.789910958312356e-05	9.789910958312356e-05	9.789910958312356e-05	9.789910958312356e-05	0.00010034658732270164	0.00010279406506227975	0.00010279406506227975	0.0001125839760205921	0.00012237388697890444	0.00013950623115595109	0.00022761542978076227	0.000438098515384478	0.0008003252208420351	0.001233528780747357	0.002560061715598681	0.005085858742843269	0.010242694340134303	0.016659980973308054	0.027220847419587507	0.04417942067712409	0.06903600460027916	0.09963192382274484	0.1434246430170156	0.21492525770104987	0.3166375376024361	0.4270971029450744	0.5631474955327412	0.7845830440210689	1.0751524962192587	1.322196004296792	1.5830188120481499	1.9650627447630706	2.3569112733027415	2.618120782536953	2.838217560701731	3.0941870200955055	3.300176536569356	3.4169677268242826	3.4921175308180277	3.576367057047524	3.6244624421079736	3.6256984183664605	3.6224432729728218	3.623400236768996	3.617690271202561	3.601186928804586	3.584394784033341	3.559060941950968	3.525275959233832	3.477107149841195	3.3788702883300106	3.207123432910597	2.964671393072512	2.7572427596877898	2.5276913750150216	2.2353328165892	1.9444941418396564	1.7198695298566584	1.5244824869506606	1.289908877956278	1.0982836083360112	0.9690445462975903	0.8396096860400031	0.6952721338261248	0.57904875840678	0.5016815395809772	0.4353499978829317	0.3565754793568714	0.29349908305246486	0.25459642438187113	0.21805558172997025	0.17740052899783862	0.1473455023558197	0.12893557479871331	0.11254236889901928	0.0931926098899149	0.07494421586362066	0.061211418266848006	0.04970093045761225	0.03618840585740163	0.026586950685036782	0.02053189075732059	0.015580643290154114	0.010712610066133296	0.007136845088609708	0.005355081294196859	0.004146027290845283	0.0028806812994834107	0.0019384023697458464	0.0015321210649758836	0.0012800308577993406	0.00098633352904997	0.0006241068235924127	0.00039649139381165045
MCW_CT_ROA_217_R1_trim	0.00015575125874273533	0.00015575125874273533	0.00015575125874273533	0.00015575125874273533	0.00015575125874273533	0.00015797627672477444	0.00015797627672477444	0.00015575125874273533	0.00015575125874273533	0.00015797627672477444	0.00015797627672477444	0.00015575125874273533	0.00015575125874273533	0.00016465133067089164	0.00018245147452720424	0.00022695183416798577	0.0003003774275752753	0.0004405535604437371	0.0007876563656418331	0.0014329115804331653	0.002394119348674046	0.004525686575467481	0.00864864489618589	0.017072562976185833	0.027363271143116562	0.04343902606334889	0.06958298735230804	0.1081692491968297	0.15486347656790175	0.21787376080126636	0.31414583884813313	0.4492088803938692	0.5937304733812533	0.7562502368253515	1.0057103528996445	1.3291923672004138	1.5963102259801687	1.8618193967589098	2.242150620500777	2.624491035480426	2.8690716871201074	3.053122949576398	3.262661793016946	3.4261538893191954	3.512489037058275	3.562834518937873	3.6092550690971543	3.6149177398614443	3.5861705075334998	3.5488992313163625	3.510237318860452	3.4891441483907215	3.47640814546153	3.4511920166710808	3.4187690546368077	3.3904290005995756	3.3438882994692642	3.2471645427720435	3.079171235092129	2.8354894907171917	2.622900147623268	2.3886680546180505	2.0843790454303504	1.7928905646933213	1.5747765019499946	1.383013327167957	1.1608430566433732	0.979486290963332	0.856431671466661	0.7388950965654467	0.6067601786840741	0.49907153337136484	0.42773523184921	0.3679734738696224	0.2991692428110281	0.2480205294399138	0.21655432513791717	0.18593585268707746	0.15222015520523932	0.12606061879040592	0.11102839730374992	0.09772278977115624	0.08150018366410933	0.06625881048714165	0.054953494120401104	0.04476736179862621	0.03196905836593745	0.02285983474746947	0.017228314234928568	0.012878404080042176	0.008779920957126194	0.005865147400655005	0.004207509004035894	0.0029303486823454637	0.0018601150329846678	0.0011436592427680854	0.0007720812397675594	0.0005562544955097691	0.0003893781468568384	0.00030482746353935347	0.00025810208591653286
MCW_CT_ROA_217_R2_trim	0.00016487385657195438	0.00016041780639433398	0.0001559617562167136	0.0001537337311279034	0.0001515057060390932	0.0001515057060390932	0.0001515057060390932	0.0001559617562167136	0.00016041780639433398	0.00016041780639433398	0.00016041780639433398	0.0001559617562167136	0.0001515057060390932	0.0001581897813055238	0.0001849260823712461	0.00023617065941388055	0.00029855536190056604	0.0004745693439165713	0.0008466495337478737	0.0015640736123447563	0.0025644568772205333	0.004605327858570671	0.008593492767540917	0.01672578434169813	0.026669460313058023	0.042575331422074	0.06903758540187267	0.10830652759215235	0.15523319201267263	0.2185826293628129	0.3157802238621576	0.45013682079267875	0.593049034064231	0.7577847530806792	1.0104829026033537	1.3336066971582299	1.5998267309448935	1.866989219344124	2.2516221025257828	2.6325631481352834	2.871971128003205	3.0608118504554906	3.275811815475497	3.4421338883551775	3.5317584255776566	3.5808418182841453	3.6252931468309977	3.6300566644708736	3.6026630960039525	3.5650985930066126	3.5265470748949297	3.5052382429455493	3.4892989514602006	3.468003487661353	3.4374104751669	3.4065924321384777	3.3628830359461994	3.264553604701739	3.085730083048744	2.836536616990768	2.6251727889157	2.3867741044130093	2.080803875016883	1.7901268098303498	1.5706685666076345	1.378394457493492	1.1495406324712643	0.9619966206206664	0.8390408280695869	0.722969633042931	0.5908254650255984	0.48250334125782446	0.4122982707094152	0.3525849703042132	0.2843026854074472	0.23216467030419985	0.19861729654198473	0.1672400192162708	0.13473313317053007	0.11065040998558066	0.09599000490120958	0.08384281211701641	0.06903090132660625	0.05599027048180017	0.04641199062500515	0.037698184502668486	0.02744926909414159	0.019862843666742878	0.014958960446271641	0.011164633720027883	0.007784719660302818	0.005349488238233276	0.0039592005828157145	0.0029432211423182663	0.0020742913576822907	0.0013880596303287509	0.000975874988898865	0.0007731247058171373	0.0005659183725577893	0.00036539611456487184	0.00024508275976912135
MCW_CT_ROA_218_R1_trim	1.8612062399470435e-05	1.8612062399470435e-05	1.8612062399470435e-05	1.8612062399470435e-05	1.8612062399470435e-05	1.8612062399470435e-05	1.8612062399470435e-05	1.8612062399470435e-05	1.8612062399470435e-05	1.8612062399470435e-05	1.8612062399470435e-05	1.8612062399470435e-05	1.8612062399470435e-05	2.6056887359258612e-05	4.094653727883496e-05	6.886463087804061e-05	0.00011725599311666375	0.00022334474879364522	0.0004764687974264431	0.0011278909814079084	0.001980323439303654	0.0035846832181380055	0.006575641645732904	0.012449608539005775	0.020395097977339703	0.033045716790259756	0.05377397068454998	0.08457321154319365	0.12320999187825432	0.17722964178647732	0.26166326286167496	0.37752521250461835	0.5029090932711309	0.6478263335258875	0.8703782084613153	1.1635591377902534	1.419685312088086	1.6780151545740158	2.0312441808223656	2.3886050849233973	2.6384329373052493	2.846714943999003	3.0669142542471377	3.237815794817795	3.3378351569463094	3.4038446974522714	3.4690185563564966	3.4978784203131155	3.489676084413669	3.479499008693639	3.484153885499746	3.50722539805013	3.52478774013027	3.5292062437439045	3.536236019712184	3.5436398981346935	3.5254559131704113	3.4572817898073906	3.313658087889397	3.0835162139074654	2.8611039294400333	2.602517240492991	2.282927655825444	1.9732769124792147	1.726935099384784	1.506181149677145	1.2621416487015287	1.0703871534185045	0.9374132736054881	0.8065760585559306	0.6654426505869863	0.5523520370353241	0.47294739522046336	0.4051343458679928	0.3340064882021766	0.2790655412051798	0.2427143221327741	0.2088403685657379	0.17234769781909623	0.14421928791477656	0.12715202669446218	0.1121190638944099	0.09340277394550242	0.07593535338359943	0.06398827052937936	0.05198907390044077	0.03782157200196387	0.027596104919694813	0.020843648681166938	0.015859338370588758	0.011040675415365861	0.007258704335793469	0.0050531749414562226	0.0035958504555776882	0.002397233637051792	0.001542939972916099	0.0010664711754896558	0.0006793402775806709	0.0003815472791891439	0.00023265077999338045	0.00017123097407512798
MCW_CT_ROA_218_R2_trim	3.719748286865277e-05	2.789811215148958e-05	1.8598741434326383e-05	1.8598741434326383e-05	1.8598741434326383e-05	1.8598741434326383e-05	2.231848972119166e-05	2.6038238008056935e-05	2.789811215148958e-05	2.789811215148958e-05	2.789811215148958e-05	2.9757986294922216e-05	2.9757986294922216e-05	3.161786043835485e-05	5.207647601611387e-05	9.485358131506456e-05	0.00014321030904431318	0.0002510830093634062	0.0004965863962965144	0.0011010454929121219	0.001893351878014426	0.0034444869136372462	0.0064221454172729	0.012293768088089739	0.02016847521138353	0.03264265109138624	0.053460222378827756	0.08448292309128416	0.12316086577810932	0.17698562348904986	0.2611709667173848	0.377044845601525	0.5019074962208752	0.6471841254385421	0.8717304505234514	1.1655961448082386	1.422749783375809	1.68154569081203	2.0371257289241993	2.3980547650728803	2.6487118632574407	2.8560841105018926	3.074779271531563	3.2463638205080843	3.345515570968622	3.4122478552349853	3.479221923139994	3.5078956028092954	3.4998721057545272	3.4897878681488352	3.4942106488619182	3.5158595838914737	3.5319028582527237	3.539736648144862	3.549270363004098	3.554208328854912	3.5342611786665965	3.4615103416720854	3.3142566662399493	3.0862286567585344	2.8661590487368676	2.609587550776191	2.293563315946548	1.9803977076753605	1.7282750286657753	1.5057076096694781	1.2579481954003862	1.0624214865754564	0.9278037960738019	0.7981240714229612	0.6580420706879018	0.5421719115520484	0.46052901627778586	0.3932220309011022	0.32303038072795437	0.26656274185919604	0.22800755086583743	0.1937523888920951	0.15828272910269126	0.13169768809646515	0.11483048948967452	0.09975992930543985	0.08268442479458481	0.06757108750505118	0.05608636466935465	0.045831018642467074	0.03410451216812429	0.02486279754940751	0.01839229540440536	0.01376678840968839	0.00986849220505358	0.006861075715123003	0.004997481823403499	0.003621174957263347	0.0025573269472198776	0.0018487148985720425	0.00140978460072194	0.0009801536735890004	0.0005951597258984443	0.0003589557096824992	0.00023434414207251244
MCW_CT_ROA_219_R1_trim	0.00015969759318462467	0.00015753951760104866	0.00015538144201747265	0.00015753951760104866	0.00015969759318462467	0.00016185566876820068	0.00015969759318462467	0.00015538144201747265	0.00015538144201747265	0.00015538144201747265	0.00016185566876820068	0.00017912027343680874	0.0001985429536889928	0.00022659793627548096	0.0003409759422050094	0.0006625292041578348	0.0010164535998643002	0.0018775257577111277	0.004149979347216665	0.008891271404333158	0.013261374461074574	0.020821113230341335	0.036877195572146845	0.06476169018753244	0.08836672092068684	0.12259595775178593	0.18920064448769228	0.28114113857478096	0.35075634074977585	0.44108475237593336	0.6168859055652022	0.8481625497058758	1.0102448164103521	1.2064807873005021	1.5849273958631418	2.036064464307372	2.3167847781433557	2.59543549749469	3.0569766483273404	3.4413622808959814	3.626904987269512	3.7227710208431257	3.8228388275779617	3.8472229235967865	3.8418083119575943	3.798301508192702	3.6999234746398066	3.572925042697525	3.4888550502637385	3.4022061575075777	3.2555433408477525	3.1364758366751135	3.081759988329127	3.0277541468501377	2.9297235634661973	2.841909309894906	2.7932015439735953	2.7013732698168527	2.4915478969769245	2.2195095212136673	2.039521701392261	1.8518381840398224	1.5591750799243294	1.2970530614676037	1.147148815281247	1.0182037991625803	0.8343810790291595	0.6860133826583088	0.6039504005172476	0.5334244904459836	0.43205752220983484	0.34998590776643923	0.3060755438674182	0.26786897373578855	0.2200373865014099	0.18227537993999687	0.15968896088229034	0.14307609503992222	0.1218233666928657	0.10428468642514348	0.0942172638277614	0.08519650788841368	0.07193297535175554	0.05835652185547886	0.04976953910842992	0.04108112680895291	0.027841333103714092	0.01880762871086492	0.01469649472415262	0.011826254197996528	0.00787913395563601	0.00483408930721026	0.0035953539222376312	0.002717017159722195	0.0016509278214356467	0.0010164535998643002	0.0008373333264274915	0.0007013745646622029	0.0004963573842224821	0.0003431340177885854	0.0002891821281991852
MCW_CT_ROA_219_R2_trim	0.0002375081611042903	0.00021375734499386127	0.0001748923731767956	0.00015545988726826276	0.00015114155706636654	0.00015330072216731465	0.00015545988726826276	0.00015545988726826276	0.00015545988726826276	0.00015545988726826276	0.00015977821747015895	0.00017705153827774368	0.00019432485908532843	0.0002375081611042903	0.0004231963597858264	0.0008701435356820818	0.001310613216275493	0.002165642596250938	0.0046033399952213365	0.010448199923487824	0.015751109411416345	0.023338415576147947	0.04062685053943933	0.07129563163330604	0.09625558020026602	0.13147372216183037	0.20219501587828426	0.29950642781291387	0.3713893523536778	0.4625946453828262	0.6391905998242698	0.8720241684850076	1.0358313880335357	1.229201896144245	1.6056782414757564	2.0512025275704873	2.3264420988138452	2.6025690869136935	3.0533574175245355	3.4299913819084162	3.6155241207026836	3.7118725450022905	3.8135411521106333	3.8388292937729376	3.83195667125662	3.7894211187679425	3.697630691996437	3.57224581541928	3.486237632788114	3.4046060778165694	3.2605897655833314	3.1416046543653846	3.0890440983130056	3.041969980782135	2.950198986496538	2.858851188570727	2.805025361769192	2.7131291359077405	2.5097508975541367	2.235072709237025	2.0479810532398726	1.8613946418763423	1.5707084035008014	1.3051764385513056	1.1498828069958158	1.0186163646836766	0.8303414862112045	0.6783967197272853	0.595258067515279	0.5201666236345062	0.41575803601306016	0.33526436104971524	0.2920724223703496	0.2540819124191679	0.2029831111401303	0.1629651451591583	0.14100859524761716	0.12262330441304414	0.0993475046248237	0.08219077873269014	0.0727163622697299	0.06407754270083657	0.052061788914060436	0.041162323484474454	0.034438683360122097	0.02800868968949867	0.01931157266287975	0.01366103759369859	0.01071377723090444	0.008349491445366279	0.0055728051255470295	0.0037267189642364094	0.0029321462070875113	0.002236895044582225	0.001520052231067458	0.0011421983384015417	0.0009457143142152651	0.0007513894551299367	0.0005117221289246982	0.000345466416151695	0.0002806914631232522
MCW_CT_ROA_220_R1_trim	0.00011486957995066352	0.00011486957995066352	0.00011716697154967678	0.00011716697154967678	0.00011486957995066352	0.00011716697154967678	0.00011716697154967678	0.00011486957995066352	0.00011486957995066352	0.00012176175474770333	0.00013324871274276968	0.0001608174119309289	0.00019068350271810144	0.00025041568429244647	0.00045028875340660096	0.000978688821179653	0.001511683672150732	0.0028947134147567204	0.006306339939291426	0.0127068729341424	0.018091958842229503	0.02820507666108592	0.0509515508829163	0.08813023912974806	0.11691425847378531	0.15607789306216455	0.2369024269070504	0.3474230445607818	0.4252862406345395	0.5247678916550121	0.7203724071782001	0.9742916136591417	1.1490932482532645	1.3593183639125728	1.7661335760910457	2.2276726561580147	2.5024085279176154	2.780859281892821	3.232524172867231	3.589566396053081	3.7587141499220325	3.830231950399315	3.8862883054152393	3.8792766662550506	3.8600727698788986	3.7983119915226253	3.673117933725996	3.5226709474730127	3.4261873924892523	3.3384637916725293	3.186489040006203	3.0529623428799524	2.990537618351564	2.92954646618096	2.824663647511207	2.7255840400205615	2.660225546420233	2.568072574600613	2.371969525100439	2.111270716010809	1.935384712581952	1.7506491567136961	1.4668293985715968	1.214284032266865	1.0670189333785154	0.9455328656226937	0.7718684398700825	0.6316402514495105	0.5537311075437725	0.4844877247495125	0.38899894032812493	0.31296446796718175	0.2715976348353488	0.23772489309949715	0.19439149275890885	0.1617616398781234	0.14232570695047111	0.12692629106228515	0.10583853357494236	0.08966489671788892	0.08186065745604085	0.07372559380393486	0.06210079231292771	0.05068505345743077	0.04353557080130147	0.036147159418874794	0.02463033533302127	0.016293101220202114	0.012380643327082512	0.00988337865895509	0.00646945474282137	0.0038320491871541348	0.0027568699188159243	0.002092923746701089	0.0013301897358286834	0.0008339531504418171	0.0005536713753621982	0.0003744748306391631	0.00022054959350527393	0.00015622262873290238	0.00011946436314869005
MCW_CT_ROA_220_R2_trim	0.00021128293593807224	0.00017683463116556047	0.00013090355813554476	0.00012171734352954162	0.0001240138971810424	0.00011942078987804083	0.00011482768257503926	0.00011712423622654005	0.00011942078987804083	0.00011942078987804083	0.00011942078987804083	0.0001584622019535542	0.00020898638228657147	0.0002962554210436013	0.000587917734784201	0.0013388907788249578	0.002023263766972192	0.00356884437443222	0.0074546131527715494	0.014904633198240097	0.02099739003567168	0.031579909261787296	0.05627245412272374	0.09625086008804941	0.1260922782356506	0.16834427231596205	0.2538013302419578	0.36779077073419925	0.4473043478101109	0.5463707826749004	0.7477004550873682	1.004455153325156	1.1755851452203885	1.3824839602377457	1.7820819990452308	2.2379088574560613	2.5117361355391057	2.7825021076047	3.217469369198948	3.5672276006615635	3.737631881602922	3.8100399216810903	3.867972784093849	3.854581579751948	3.8299051107665716	3.7706861783089725	3.6519819131702	3.5082107649252965	3.4133791749938744	3.3235379961471643	3.175908637767739	3.047898737233085	2.984231380352529	2.928438905942969	2.8294666297778908	2.7395060301413023	2.6817752644498754	2.5892264488480454	2.3915574829560695	2.1257589564386716	1.946317736878658	1.7668742207649926	1.483146499890328	1.2284908516900122	1.0842810616976717	0.9589282737378043	0.7776452181492869	0.6319380751761681	0.552991746852177	0.4815115144492151	0.38297558347792243	0.30534058728893837	0.26326772439344404	0.22918227509786934	0.18347856087935224	0.1500315534988948	0.1315764483554345	0.11407900608464999	0.09163938035583584	0.07533384943018026	0.06662302143003777	0.05900764952166118	0.0485491441927266	0.038928880946589806	0.033065779474308304	0.027211864216632804	0.01903613321729001	0.01342565264667359	0.010254112053951006	0.00798282049261673	0.005433645939450857	0.003587216803644226	0.002726009184331432	0.0021174224666837237	0.0015157254099905182	0.0011597595940078965	0.0009438835507668227	0.0007257109538742481	0.0004363451937851492	0.0003008485283466029	0.0002709933308770926
MCW_CT_ROA_221_R1_trim	7.225699604493591e-05	6.70957820417262e-05	6.193456803851649e-05	6.193456803851649e-05	6.193456803851649e-05	6.193456803851649e-05	6.193456803851649e-05	6.193456803851649e-05	6.193456803851649e-05	6.193456803851649e-05	6.193456803851649e-05	6.193456803851649e-05	6.193456803851649e-05	6.451517504012134e-05	7.225699604493591e-05	8.257942405135532e-05	0.00010322428006419415	0.0001496752060930815	0.00023225463014443684	0.0003561237662214698	0.0005574111123466484	0.0010864355476756433	0.0019999704262437614	0.003878652323412095	0.0063560350449527545	0.010988224612833468	0.019514550146135904	0.03277370892038164	0.050370868064325135	0.07647370788555824	0.1181814782454959	0.18037410698417286	0.2489898665498443	0.33488278999126025	0.4771387509547278	0.6724829591552104	0.8491280890220643	1.0385446429398604	1.3221481912022306	1.6373848200902732	1.8730510126908315	2.094632252276631	2.3669430642999782	2.6163148606860602	2.7915819464140568	2.9469964224787075	3.1179926036190486	3.2438926774063446	3.3247534171946307	3.405931571644115	3.499305674783183	3.604829275685807	3.709057411873626	3.7876678623565128	3.858412622698508	3.928246428768937	3.9661349007665	3.9407314054427016	3.8376748648336116	3.628826340193731	3.4129430808674757	3.1627145229568603	2.820722160676179	2.4729621417469105	2.210256348983536	1.970631505242516	1.6850202447328975	1.448378582685732	1.2816636285610539	1.1187705534057522	0.9383241894255344	0.7865638528751561	0.679068668223306	0.5826907385343696	0.47649101859732496	0.39410772067809163	0.34178333311355164	0.2941866175759517	0.24178997301536678	0.1996022097531306	0.17095231082131354	0.14666363772220867	0.12188981050680206	0.10067722095361015	0.08361424745899887	0.0662983744782303	0.0474780076155261	0.03421368762727715	0.02502930730856548	0.018250052715349525	0.012639813093860572	0.008438584895247871	0.005757334220580429	0.003999940852487523	0.0026889924956722574	0.0017315872980768567	0.0010632100846611997	0.0006941832834317056	0.00046192865328726875	0.0003587043732230747	0.0003148340541957921
MCW_CT_ROA_221_R2_trim	7.230034389142141e-05	7.230034389142141e-05	6.713603361346274e-05	6.197172333550406e-05	6.197172333550406e-05	6.713603361346274e-05	6.971818875244207e-05	6.45538784744834e-05	6.197172333550406e-05	6.45538784744834e-05	6.45538784744834e-05	6.197172333550406e-05	6.197172333550406e-05	6.713603361346274e-05	7.746465416938009e-05	8.52111195863181e-05	0.00010070405042019412	0.00013427206722692547	0.00019624379056242954	0.0003873232708469004	0.0006636138707176893	0.0011490590368458046	0.002065724111183469	0.004066894343892454	0.0065999885352311825	0.011126506493861958	0.019461703282487256	0.0330515857789355	0.05105437140789943	0.0773613679638209	0.11977843043183445	0.18335883641892264	0.25295049956955473	0.3392357956936882	0.48362216459999574	0.6800957669697945	0.8566196387358388	1.0473066314391848	1.3336159932492135	1.6515128588743766	1.8881673773618328	2.111797505328277	2.385180598512575	2.6354172530310627	2.8121735187596153	2.9665063492612713	3.138335862984651	3.2640325929950262	3.342943254042235	3.430150379550984	3.527365938378417	3.6249223416841954	3.721848699136063	3.8068351712252895	3.882277997920849	3.9481900899984352	3.9834261790249474	3.9555621429202215	3.843266798081149	3.6310291385878815	3.420183260714524	3.1572811352393426	2.810828215932207	2.4684964162268828	2.2023356109663097	1.9607130259914574	1.6695182266584796	1.4270745163494316	1.259471990588561	1.0982499701761081	0.9172383127785178	0.761743512464321	0.6525545002574409	0.5582825982884443	0.4554999129813718	0.37335897585530015	0.3190304317311749	0.27042136123988897	0.21937473629740642	0.18043583680159803	0.15450841705110652	0.1321701929437963	0.10874229936783679	0.08912566677701077	0.07293038974533238	0.05739098011895473	0.04177152368326872	0.030696660292186345	0.022712636602462238	0.016334713409183278	0.01101030951260789	0.007557968091792517	0.005505154756303945	0.004017833396251847	0.002698352120233406	0.0016345042029739197	0.0010948337789272384	0.0007953037828056354	0.0005784027511313713	0.00036666602973506573	0.0002375582727860989
MCW_CT_ROA_222_R1_trim	1.0502706442423147e-05	1.0502706442423147e-05	1.0502706442423147e-05	1.0502706442423147e-05	1.0502706442423147e-05	1.0502706442423147e-05	1.0502706442423147e-05	1.0502706442423147e-05	1.0502706442423147e-05	1.0502706442423147e-05	1.0502706442423147e-05	1.225315751616034e-05	1.400360858989753e-05	1.7504510737371914e-05	2.6256766106057872e-05	5.4263983285852926e-05	0.0001015261622767571	0.0001855478138161423	0.0003710956276322846	0.0008087083960665823	0.0013968599568422787	0.0024821396225593374	0.004619440383592448	0.009009571676525325	0.014449973613700514	0.022883646886966303	0.03785175401849302	0.06007548085066041	0.08649153800442837	0.12418575142628505	0.18589790403088974	0.2760181271111753	0.37148597822172796	0.484874947425202	0.6684517533323162	0.9109714982453828	1.1217275579744144	1.349413980488632	1.681749369995154	2.030510992377626	2.2758367103618933	2.4911649482955265	2.749683816022551	2.9759331182052304	3.1284779274771317	3.261312657658752	3.3920661015136995	3.4715365802613674	3.5148619947874367	3.54754291633411	3.581743229412787	3.6227300413043437	3.6538775677104236	3.6564542316909643	3.6461948379477906	3.6292662256136783	3.5946195475111984	3.5152926057515765	3.3663904851641218	3.1529947452158944	2.9594158618734463	2.735564677661787	2.448795280055718	2.169421538236188	1.9519997608183655	1.7462412389048534	1.500169828763174	1.2972855475127385	1.1549143598813978	1.0141010737056833	0.8513826427932214	0.711946961612538	0.6178077028669517	0.5313861829054729	0.43788233789965336	0.3630593067527571	0.3099348671159071	0.26652368048722475	0.22085616242449516	0.18664884754152297	0.16574846172110091	0.14641472961167362	0.12402646037857495	0.10179748219318635	0.08451877964432655	0.06853891179217972	0.048315950537293956	0.033295329873555116	0.024446799695813617	0.018307967780217285	0.01199058985509976	0.007525189165996185	0.00557168576770548	0.003917509503023834	0.0024103711285361124	0.0013758545439574324	0.0008997318519009164	0.0006056560715130682	0.0003675947254848102	0.0002223072863646233	0.00012953337945655215
MCW_CT_ROA_222_R2_trim	4.2073457100588346e-05	4.0320396388063825e-05	2.6295910687867715e-05	1.22714249876716e-05	1.0518364275147086e-05	8.765303562622572e-06	7.012242850098057e-06	7.012242850098057e-06	7.012242850098057e-06	7.012242850098057e-06	1.22714249876716e-05	1.5777546412720627e-05	1.4024485700196115e-05	2.1036728550294173e-05	3.330815353796577e-05	5.259182137573543e-05	9.291221776379927e-05	0.00020335504265284367	0.0003856733567553932	0.0007801120170734089	0.001367387355769121	0.0025542094581482173	0.004817410838017365	0.008968658605275416	0.014068312218009228	0.022598705645153514	0.03800635624753147	0.06118707804924312	0.08816492935428288	0.1258329448842971	0.18714799636555451	0.2777935066280596	0.3737928643066145	0.4868687863858708	0.6717711119786813	0.9170628729965364	1.1301579209681663	1.3593145111879459	1.689161649552996	2.0372038050533376	2.2861244017461186	2.5059476967324175	2.765318288332557	2.9917926956621743	3.146402132142561	3.2760742799872866	3.409676789949492	3.4935730164687784	3.5356464735693662	3.5675118581409246	3.5981308165458774	3.6299926949960106	3.6555242712132183	3.6661951517703546	3.663377983205328	3.6479738387243748	3.6149391626575627	3.5336725272070644	3.3752098632805483	3.152725422132637	2.9578464280248493	2.7361456050154365	2.451988488000913	2.1676543118544243	1.9444546219358032	1.739740957230753	1.4937795270207137	1.2860944244079344	1.1400574548117923	0.9978877371474792	0.8346234399293587	0.6940893279098309	0.5986702333271217	0.5145496150366328	0.4203927241669412	0.3454037991279925	0.29510498116423917	0.251117181765574	0.2041789811877302	0.16840076510581736	0.14607378387110515	0.1268602384618365	0.10535719576201079	0.08688168891271493	0.07294135012671998	0.05873805223384638	0.04201034691493746	0.029530307702475445	0.021496030456975596	0.0162543789265273	0.011017986578216572	0.007049057125061073	0.0053012555946741315	0.004103915128019889	0.0029907215755668216	0.0019581688158898827	0.0013866710236068909	0.0010553425489397577	0.0006959651028722322	0.0004137223281557854	0.00027347747115382423
MCW_CT_ROA_223_R1_trim	0.00010502410668549673	0.00010502410668549673	0.00010502410668549673	0.00010502410668549673	0.00010502410668549673	0.00010730723943952926	0.00010730723943952926	0.00010502410668549673	0.00010502410668549673	0.00010502410668549673	0.00010502410668549673	0.00010502410668549673	0.00010502410668549673	0.00010502410668549673	0.00010502410668549673	0.0001095903721935618	0.00012100603596372448	0.00014840362901211496	0.00019178315133873316	0.0003264879838266529	0.0005251205334274836	0.0008995543050888198	0.0016712531759518175	0.003584518423831084	0.00641560303883143	0.011262693875642509	0.01926279104577252	0.03207573206140312	0.049865902480824655	0.07594841106289237	0.1193233671240025	0.18585613870926468	0.26715621294760933	0.3641482586044196	0.5180451050227368	0.728773691954432	0.9310158744393883	1.1477399679831728	1.4533030401191174	1.79113134433505	2.0532692314892955	2.305909286386766	2.588974368364474	2.8336759706761736	3.01138589171905	3.1657074008296178	3.3237116030724394	3.4312494389201253	3.4974214755302504	3.568468000570235	3.6442954055971635	3.7167780211394352	3.7763655028869305	3.8177244527262295	3.8392338464019704	3.8515444982117133	3.8395489187220266	3.769842592608659	3.634566976932231	3.416320033841507	3.1930524818246653	2.937332480842005	2.628244251733834	2.311450449580803	2.044773694511541	1.8106521293820281	1.54820145304048	1.3344659802717238	1.1768476274643336	1.0164872322193503	0.8499897761315274	0.7123008891340872	0.6119298070013088	0.5253716780304272	0.43310800030721835	0.35820069778016483	0.3068690240712513	0.2594460736372414	0.21327427995244144	0.17757064994488062	0.15139453291989757	0.1302755549450966	0.10884378778299317	0.08906729186756332	0.07388217592049291	0.05870619250443864	0.04190233543475916	0.029872508953761725	0.021497978011970374	0.015630326834106752	0.010751272138739219	0.00715305491838394	0.004963530607266737	0.003516024441210108	0.002353909869407546	0.0014383736350404987	0.000993162748004154	0.0007100542865041192	0.00044521088703634485	0.0002990903907782624	0.00026027713395970927
MCW_CT_ROA_223_R2_trim	0.00012339918126928398	0.00011654367119876821	0.00010968816112825242	0.00010740299110474717	0.00010511782108124191	0.00010511782108124191	0.00010511782108124191	0.00010511782108124191	0.00010511782108124191	0.00010740299110474717	0.00010968816112825242	0.00010968816112825242	0.00010968816112825242	0.00010968816112825242	0.00010740299110474717	0.00011882884122227345	0.0001348250313868103	0.0001439657114808313	0.0001828136018804207	0.0003313496534082625	0.0005370149555237358	0.0009323493695901457	0.0017435847279345124	0.0036219944872558354	0.0063801947056266834	0.011204188625246284	0.01927997948831387	0.03233515583259942	0.050088641745211764	0.07611901348296017	0.1197977533122397	0.18642874085760602	0.26744258853091446	0.3643269420174669	0.517757827735657	0.7300432674092251	0.9349179006965654	1.1532316188921403	1.4598397364559115	1.7994685608593335	2.0642672076730526	2.3164380049368813	2.6004686426684205	2.8471641725559307	3.024317408288129	3.1789868561590584	3.337707910481664	3.4466054027817834	3.511894995523352	3.5816703770210614	3.660540735212322	3.7333782445415284	3.791014802874378	3.836958146196952	3.861121534025496	3.868849979044991	3.8527463858893496	3.7808503666098265	3.641562398167111	3.4215645096642127	3.199162622296587	2.9399306496601265	2.625306155653899	2.3063238424128474	2.040608842419702	1.8035087414608908	1.5358490617777434	1.3200421750979539	1.162513979527619	1.001400352190404	0.8326474014646111	0.6957131581461056	0.5978758887597514	0.5108634697747416	0.417582829415257	0.3412924281805339	0.2891265668839558	0.24339802954359216	0.19779060621447417	0.16275437941409154	0.13816594996117496	0.1181044423248223	0.09828516271096119	0.08019575680489355	0.06563922375516505	0.05166312389140689	0.037079168801396334	0.02669764138461194	0.019282264658337375	0.013733871841266607	0.009380622946489087	0.006373339195556167	0.004606902767386602	0.0034094736750698465	0.002390287844586501	0.0016430372469002812	0.0013665316740561447	0.0009986193002717982	0.000582718355993841	0.0003336348234317678	0.00022394666230351535
MCW_CT_ROA_224_R1_trim	3.6649571321417246e-05	3.6649571321417246e-05	3.6649571321417246e-05	3.6649571321417246e-05	3.6649571321417246e-05	3.6649571321417246e-05	3.6649571321417246e-05	3.6649571321417246e-05	3.6649571321417246e-05	3.6649571321417246e-05	4.5811964151771556e-05	5.4974356982125866e-05	5.955555339730302e-05	0.00010994871396425173	0.0001969914458526177	0.0006001367303882074	0.001058256371905923	0.0018462221553163939	0.003953572506297885	0.008566837296381281	0.012575384159661291	0.019250187336574406	0.036438836286319096	0.0666564078408276	0.08822009936706648	0.12167657678710524	0.19796724068905044	0.30202453606338436	0.36929940542026085	0.46666815402843614	0.669431907364177	0.9362132994056036	1.1038896693975027	1.3133786190707237	1.7460726204842059	2.2449694912934133	2.5271574468790807	2.805941573528271	3.306331914368826	3.72910762554345	3.9254989346656797	4.011295581129117	4.105132227301191	4.106181321280267	4.089441629579209	4.03049995650154	3.8923493974054577	3.7324748049086054	3.641272346675258	3.538525273475665	3.323497657336495	3.1121533231151277	3.0142531557227916	2.9455077223166435	2.7981260524439793	2.6545421943994967	2.5826861286274427	2.4677439105706482	2.2319085003137435	1.9502290575301606	1.7765284142523037	1.5999782668042064	1.3120409097174919	1.0705843714591645	0.9462461195548414	0.8392339524927184	0.6804267787606022	0.5575682532983812	0.4925839821490933	0.4294963263156887	0.3407906201286134	0.2733141781294691	0.23589038461388692	0.208041291606025	0.16664560079848423	0.13673955060020776	0.12342201262128774	0.1085514490576227	0.08577374048136188	0.06933640774370625	0.0628494336198154	0.05702673297612523	0.047520750414632634	0.03749709265822502	0.03143616980094564	0.025526426425367107	0.016244922488218193	0.010193162023769171	0.007751384334479747	0.0064090937848328405	0.004081846005922846	0.0021669059043787943	0.00153011960266917	0.001145299103794289	0.0007329914264283449	0.0004535384451025384	0.00026112819566509785	0.00018782905302226337	0.00012827349962496036	0.00011452991037942889	0.00010078632113389744
MCW_CT_ROA_224_R2_trim	6.412311050949383e-05	5.038244397174516e-05	3.6641777433996476e-05	3.6641777433996476e-05	3.6641777433996476e-05	3.6641777433996476e-05	4.1221999613246036e-05	4.1221999613246036e-05	3.6641777433996476e-05	4.58022217924956e-05	5.038244397174516e-05	6.87033326887434e-05	8.702422140574164e-05	0.0001374066653774868	0.0003389364412644674	0.0008381806588026694	0.0012778819880106273	0.0026702695305024934	0.0060275723878924214	0.012293316329105818	0.017221635393978346	0.026006501533779005	0.047899963550591895	0.08492189942546609	0.11065816785066937	0.148055681944242	0.23182336538053722	0.3452937896492658	0.4180964211884376	0.515192551166349	0.7165986610544899	0.9795400559208486	1.14542196258673	1.3530480141942918	1.775857484005177	2.255768583724767	2.5258688658572925	2.8052028759031855	3.2901659606864873	3.6980988688591703	3.8977415932083	3.9852375774985043	4.079791684166932	4.08212301725617	4.065057109416286	4.006297439078694	3.8804787358147084	3.7256672261560735	3.6283329246248406	3.528016898454917	3.319497703522402	3.11418924433754	3.018677871233649	2.9485455092249797	2.80200130059989	2.663357975234006	2.594127916994649	2.4764299476544727	2.2339209239297464	1.948925759270301	1.7753444991211014	1.6000777172099374	1.3166398280914369	1.0737964481476254	0.9452387720204486	0.8392066285708214	0.6775385263098497	0.5468785282023975	0.4775248039642006	0.4168231194226062	0.32768741559223047	0.2589107993486191	0.22340033679289728	0.19436630839863434	0.15096870325024472	0.11853156977679938	0.10322446725374733	0.08845783094784675	0.06824073024863919	0.05435349660115453	0.04803278999379013	0.04230293204754894	0.03372875612799376	0.025905736645835512	0.021421699132350192	0.01778042249984679	0.0119772809987376	0.007946685480997986	0.006160398831090658	0.004626024401042056	0.002871799306389474	0.0018687306491338206	0.0014381897642843618	0.0010671917677651474	0.0007007739934251826	0.0005221453284344498	0.0004076397739532109	0.0002748133307549736	0.00015572755409448504	0.00012366599883973812	0.00010076488794349031
MCW_CT_ROA_225_R1_trim	6.969657422171142e-05	6.969657422171142e-05	6.969657422171142e-05	7.405261011056838e-05	7.840864599942535e-05	7.405261011056838e-05	6.969657422171142e-05	7.405261011056838e-05	7.405261011056838e-05	6.969657422171142e-05	7.405261011056838e-05	8.276468188828231e-05	9.147675366599625e-05	0.00011761296899913803	0.0001829535073319925	0.00034412683521970014	0.0005532165578848345	0.000953971859659675	0.0021475256932064835	0.004743723082965234	0.006995793637504285	0.011351829526361247	0.021876012233839674	0.03986208441893008	0.053997420878270926	0.07683176100765912	0.12474379974919687	0.19481063702146115	0.2445042944415414	0.31344291841859173	0.4575623658014244	0.6493804061672407	0.7750825338119861	0.9395316006881143	1.2719973278333443	1.6600025125615006	1.8893478021098198	2.1291606458990624	2.559445514964464	2.967588653606806	3.1871285063693087	3.3362573950243264	3.5786141637726616	3.74298482200279	3.7984023105808284	3.815190472896483	3.804082581379898	3.7607443803216603	3.735505508381623	3.675056798351955	3.5276267636935907	3.39637940236233	3.352095941516211	3.3014221760211377	3.188439673171854	3.0837336385114	3.0293964468337977	2.9114219268558847	2.6696227307013234	2.378277982346903	2.19082904597761	1.9979742690702458	1.692916719737704	1.4240708967492297	1.273378191210112	1.1498192332226842	0.958632818060752	0.7975248307113773	0.7101645309603509	0.6337073890391334	0.5228462756677237	0.4335518959820448	0.38553531237917443	0.3402848115657283	0.281883438403823	0.2387630391400279	0.2133586378362141	0.19109929444415502	0.16052863457615682	0.13506324876989903	0.12129817536111102	0.10819957544331814	0.08884570798912664	0.06975755872415541	0.057508385804689637	0.04683609787699008	0.032343566474762955	0.022032829525838522	0.016221877650103335	0.012379853996131491	0.007679691272054827	0.004713230831743235	0.0036808503260841344	0.0027138103587578885	0.001572528955877364	0.0008102226753273953	0.0005183682707739787	0.0003963992658859838	0.00025265008155370394	0.00020037765088742033	0.0001916655791097064
MCW_CT_ROA_225_R2_trim	9.581215104506885e-05	9.581215104506885e-05	8.27468577207413e-05	6.968156439641372e-05	6.968156439641372e-05	6.532646662163786e-05	6.0971368846862e-05	6.968156439641372e-05	7.839175994596542e-05	6.968156439641372e-05	6.968156439641372e-05	7.839175994596542e-05	8.27468577207413e-05	0.00011323254214417229	0.00018726920431536186	0.000457285266351465	0.0007839175994596543	0.0013152395279823089	0.002865654335802514	0.006428124315569166	0.009402656095741075	0.014136647376922431	0.025982513324312763	0.04750540652725505	0.06404606787585376	0.08811233817926514	0.14101806594724225	0.2171669505391981	0.26995944576503106	0.3414962818134993	0.48861583974320255	0.6838853586708277	0.8121604085290758	0.9741656906529629	1.2995698861886653	1.67710024699066	1.9010916357429322	2.1412752780218205	2.5664678288709624	2.9708212368678018	3.190954008991622	3.3416621674877405	3.567365109665499	3.712995224156229	3.7706218779120637	3.7961688814588985	3.790664037871582	3.748084246927598	3.723491009793439	3.6647712264961365	3.5292623592339853	3.400064028647485	3.347302019106075	3.309978831176246	3.2012973662067146	3.0876815754583617	3.035102480023493	2.9249881878860604	2.682626996719784	2.3864193766661788	2.200718007549736	2.0126082693638425	1.7085309876312176	1.433972558616023	1.2818925443208502	1.1507126442468267	0.9526079566678223	0.7918656528986202	0.70453287722104	0.6240419601476326	0.5111926666076406	0.41766694189432907	0.3640556882868382	0.3215847747872241	0.26338324812511954	0.21792909264978388	0.1936145817732103	0.1713643872418804	0.13898423528642193	0.11142082146986554	0.09623895062699689	0.08441921526625522	0.06787419881988173	0.05305815619009427	0.043925516156389295	0.035912136250801724	0.025033102009411626	0.017159085232616878	0.012843183337814002	0.009759774113272696	0.006663299595407062	0.00452059149021734	0.0033490701888026345	0.002560797491568204	0.001707198327712136	0.0011236152258921712	0.000853599163856068	0.0007055258395136889	0.00044857507080191326	0.0002830813553604307	0.00026130586648655143
MCW_CT_ROA_226_R1_trim	0.00013565557975280557	0.00013565557975280557	0.00013565557975280557	0.00013565557975280557	0.00013565557975280557	0.00013565557975280557	0.00013565557975280557	0.00013565557975280557	0.00013565557975280557	0.00013565557975280557	0.00013565557975280557	0.00013565557975280557	0.00014130789557583915	0.0001469602113988727	0.00015543868513342304	0.00019217873798314125	0.000260006527859544	0.00035609589685111465	0.000534143845276672	0.0009354582687120551	0.0014724282719002439	0.002617022226064541	0.005053170345792008	0.009919814269423908	0.015656914829802977	0.025152805412499365	0.041598218299615526	0.06658993271115844	0.0951623891965931	0.13571492906894742	0.20263552225575332	0.29684267007825377	0.3900550103159003	0.5026915338794017	0.6928834828507466	0.9418651686974637	1.1416773591996117	1.3520282925538059	1.6767764458503764	2.0270787189828816	2.2649620827110724	2.473812326214251	2.7542124095633005	2.999556830177895	3.140926901227788	3.2595718365111734	3.4001194956088145	3.495637980702259	3.5419445780824614	3.577636126347007	3.613511374875801	3.6346792976330615	3.6532951997962226	3.680830456328131	3.7015122799246103	3.7110986075604755	3.706768933640032	3.6327349009899383	3.4686764342263885	3.2242872549858865	3.0160192000124804	2.770782173398523	2.4357835453568812	2.113833288392712	1.885276245772527	1.680111312185966	1.4187764901080093	1.2086262139655328	1.0739710941134042	0.9431425920734692	0.782769435226538	0.6460907863097632	0.5602292827999719	0.49057862107064076	0.4030157704981162	0.33498167109417276	0.29479087943449256	0.25662361683945845	0.21013331919500733	0.172353240233851	0.15137467005666194	0.13210875157385202	0.10758900553353241	0.085881286615172	0.07101852215850524	0.05679446938984127	0.03945033828686277	0.027744392217360254	0.020495297174319707	0.015317775880420962	0.010162863849814352	0.0064295092487006815	0.004677291343560276	0.003363127914704972	0.00218744622351399	0.0014356882190505258	0.0009665460057387397	0.0007206702674367796	0.00043522831837358456	0.00022044031709830903	0.00014130789557583915
MCW_CT_ROA_226_R2_trim	0.00014686031290962024	0.00013838760254944983	0.0001327391289760029	0.0001327391289760029	0.00012991489218927945	0.00012991489218927945	0.00012991489218927945	0.00012991489218927945	0.00012991489218927945	0.0001327391289760029	0.00013556336576272637	0.00013556336576272637	0.00013556336576272637	0.00014403607612289678	0.00015250878648306716	0.0001835753911370253	0.0002513570740183885	0.0003530295983404333	0.0005111868583969473	0.0009376466131921908	0.001508142444110331	0.002618067501292653	0.0050836262161022385	0.0102661007197398	0.016276076601887336	0.025525452078406688	0.0418467164688816	0.06699089658108062	0.0953321127358506	0.13558031118344674	0.20276608010281125	0.29784118729107	0.39078681994213926	0.5027847539564451	0.6925508721299681	0.9404313106639001	1.1398704398319512	1.3540718546842057	1.6817849944684498	2.0304003107112343	2.2678593155021565	2.480925387166148	2.7634959261514047	3.0087808910783376	3.1513229459410574	3.2659050566152157	3.4054392993000753	3.504047526708525	3.5514382199897443	3.588263443451832	3.627819703886681	3.644445985850122	3.6563953316947484	3.6900432887717725	3.7124225410697687	3.728322994179022	3.7344431152958517	3.6538252762188304	3.48189986182704	3.2383179116825005	3.0301490666066875	2.783949048960856	2.448830760321823	2.123941857324302	1.891659678563444	1.683990723398881	1.4186423803390642	1.203150289275277	1.0657483453643937	0.9342914198895633	0.7708810794097435	0.6316151392196226	0.5447698580278761	0.47268686252033315	0.3859008903011077	0.3174131482230636	0.2745101671959475	0.233795969678542	0.18763381939954693	0.15331934244085682	0.13281820760603116	0.1152401578454643	0.09327889259190264	0.07350923508483838	0.05976085040706855	0.048545806126989666	0.03519281459936111	0.025141355875412295	0.01862019313486781	0.01407034767145631	0.009653241337020807	0.006278278376886266	0.00467693611881406	0.003705398664181188	0.0026999703681076337	0.0018159842538631886	0.0013556336576272638	0.001169234029703515	0.0008105559577896348	0.0004462294123023077	0.0003276114672599221
MCW_CT_ROA_227_R1_trim	2.427983579061458e-05	2.427983579061458e-05	2.427983579061458e-05	2.427983579061458e-05	2.427983579061458e-05	2.427983579061458e-05	2.427983579061458e-05	2.427983579061458e-05	2.427983579061458e-05	2.7314815264441405e-05	4.855967158122916e-05	0.00010318930211011197	0.00014264403526986067	0.00027011317317058724	0.0007739197658258398	0.0020364712269377977	0.0030865741248818786	0.005384053586568784	0.011884979619505838	0.02445889957957036	0.033703447056846865	0.04876605018544938	0.08520097876874039	0.14346651470726773	0.18313673140965814	0.23843709240225666	0.35640370957043144	0.5113788664424506	0.6090354009717761	0.7294573165342768	0.9711266620761592	1.2747551135762158	1.4636158162735113	1.6781615502578036	2.11112565203499	2.5900939726764443	2.8565773103963346	3.1178070986470305	3.5540429082970024	3.884005876691455	4.032440652797377	4.066031805613692	4.072241373617143	4.0056812387766465	3.9529181206241666	3.8593072137334516	3.6762858115437993	3.4934738229378404	3.3906608582824833	3.2745698584291336	3.0500329720170036	2.8512418164813464	2.763685693640917	2.692879622516537	2.552311513206774	2.4277104309088138	2.369220306489223	2.261190212118357	2.0482317723988768	1.7914725089131278	1.6250281646095173	1.4674216805336902	1.210577437622674	0.9844168371920468	0.8649509401638014	0.768429487957687	0.6212724382102459	0.5079189898422879	0.4512286082506767	0.3940738747995699	0.31322505659629724	0.2518365267792021	0.218557976848691	0.19351636121014587	0.15621646347681423	0.1292992305234441	0.11753261510341753	0.10550802642811566	0.08653029977827653	0.07115509376386986	0.0645752582646133	0.05964645159911854	0.05058703786974547	0.040954013019819144	0.03548194502850938	0.02906599842083948	0.018877572327202836	0.011930504311613238	0.009032098914108624	0.007296090655079681	0.004634413656533558	0.002676851895915258	0.002000051473251876	0.0015812243058637744	0.0009802983700460638	0.0005554012437103085	0.0004127572084404479	0.0002974279884350286	0.00015781893263899479	0.00011836419947924608	0.00012139917895307291
MCW_CT_ROA_227_R2_trim	3.642846689188161e-05	3.0357055743234682e-05	2.7321350168911213e-05	2.7321350168911213e-05	2.428564459458774e-05	2.428564459458774e-05	2.7321350168911213e-05	2.7321350168911213e-05	2.428564459458774e-05	3.642846689188161e-05	6.0714111486469364e-05	0.00018214233445940808	0.00030053485185802334	0.0005039271253376957	0.001174818057263182	0.0029142773513505292	0.004344094676856883	0.007270514850504706	0.01536067020607675	0.030472412555058972	0.04135845274458293	0.05787876248005124	0.09844186036416143	0.16044311101414394	0.2010183517205514	0.2584356869533055	0.3812876558406019	0.5366793527790715	0.6326076489276932	0.7552622969526586	0.9974174949108673	1.2918961141481153	1.473622556943841	1.6866744455610108	2.1136069704171403	2.5837922282962307	2.8451877281845013	3.0977159320901735	3.536697172370793	3.8728560291435024	4.016875973000556	4.056279431355274	4.073695274235169	4.00763832093789	3.9499842006703383	3.8613749906614108	3.6857928159481155	3.5068713651030645	3.403900232022013	3.2883218136907955	3.0740738570773423	2.8823356572974976	2.793286269980293	2.714873994995518	2.5731763659028215	2.450746360090356	2.3862710093972996	2.2774318574410803	2.0550208885382717	1.7904621834415557	1.6270926522537639	1.4694272118401261	1.210095991742395	0.9819566464208378	0.8619309194232366	0.7628697751219131	0.6124687781476312	0.49252501520053676	0.4302201939931219	0.37538320849854273	0.29426611984704537	0.23209183397932642	0.20063888852376097	0.17355128768407266	0.1351647906967524	0.10681130063257122	0.09226723522598748	0.07975709255420048	0.06242928513596212	0.05009824909306019	0.044488265191710424	0.0397252431455969	0.032026693809112584	0.024980821171107816	0.021134582208439983	0.017166915022799212	0.011089432463003628	0.006960872881923713	0.005163735181924219	0.003961595774492126	0.0025924925604722416	0.0016271381878373789	0.0011505324126685943	0.0009592829614862158	0.0006041054092903701	0.0003551775521958458	0.0003066062630066703	0.0002458921515202009	0.00014267816199320298	6.678552263511629e-05	4.249987804052855e-05
MCW_CT_ROA_228_R1_trim	7.479172374729472e-05	7.479172374729472e-05	7.479172374729472e-05	7.479172374729472e-05	7.479172374729472e-05	7.479172374729472e-05	8.102436739290262e-05	8.725701103851051e-05	8.725701103851051e-05	8.725701103851051e-05	9.97222983297263e-05	0.00011218758562094207	0.00011842022926654997	0.0001869793093682368	0.00033656275686282626	0.0006980560883080841	0.0010346188451709102	0.0021876579196083703	0.005017278134714354	0.010209070291505728	0.014204194868340389	0.021963836207122216	0.04083004852237731	0.07297802444642282	0.09611983030256493	0.13057388437548537	0.20929840626315865	0.32194097487023016	0.394981325753109	0.488558237448266	0.6921101462701741	0.9558319968467809	1.1159049835969284	1.3131619223367725	1.7258813519052816	2.185906546743955	2.4378673987612993	2.700242998310455	3.1615022565909583	3.547109686301073	3.7321319455645887	3.830345944132078	3.940769691601313	3.9567875857705257	3.9532973053289853	3.919329397460422	3.8021494642793483	3.6550777721739385	3.5791828705013713	3.498601020807307	3.3094215882321705	3.1232275919632806	3.046659564776987	2.980718195006456	2.8292898849927663	2.686032570798469	2.6184520157491424	2.5070310452966105	2.283646864394378	2.013673672241226	1.8372275306340669	1.6636733356784692	1.386432881034539	1.1428424694332457	1.0131411551681455	0.9083704154854768	0.7461160034593666	0.6177671728653631	0.5492704192001324	0.4845007864349752	0.3974120567748961	0.33100947137458964	0.2940561271997804	0.2638278055185821	0.22041120988327756	0.1863373470727392	0.16917887911638066	0.15376555138079234	0.13024978690591374	0.10840437092805809	0.09639406662297169	0.08736296598048585	0.07267262490778804	0.056511379934726776	0.04612779562114402	0.03728990693167203	0.02592156492208323	0.01778173232091932	0.012976364070155634	0.009828879029123648	0.0062949700820639715	0.004069916300581955	0.0030228321681198284	0.0022499843560644496	0.0014709039003634628	0.0009224312595499681	0.0006481949391432209	0.00042381976790133673	0.00021814252759627624	0.00013088551655776576	9.97222983297263e-05
MCW_CT_ROA_228_R2_trim	0.00012459775173324816	9.344831379993613e-05	6.229887586662408e-05	6.229887586662408e-05	6.229887586662408e-05	6.229887586662408e-05	6.85287634532865e-05	8.098853862661132e-05	8.721842621327372e-05	8.098853862661132e-05	9.967820138659854e-05	0.00012459775173324816	0.00012459775173324816	0.0002055862903598595	0.0004547817938263558	0.00103416133938596	0.0015325523463189526	0.003015265591944606	0.0069650143218885725	0.014048396507923732	0.019125754891053594	0.02840205750759392	0.051415262252724865	0.08987858821277857	0.11654873697128033	0.15506813191961402	0.24114025881694184	0.3578011337647821	0.43204270413503804	0.5314592502429968	0.7362231954414168	0.9946763118616935	1.153793870712638	1.349605467449024	1.7528224817205753	2.198726685735937	2.4434740494655567	2.707540294601416	3.151264037961446	3.5292126281814946	3.72661284625248	3.8072400513990647	3.9199387178417875	3.941244933388173	3.924467846117291	3.8919789823528466	3.781753581282029	3.6405718687930846	3.566579493926296	3.478183618959143	3.289131450254285	3.110483193819154	3.0314259203444083	2.969681504472997	2.8354959557438755	2.7069110759551633	2.637584886890784	2.5191921031938516	2.288050813953503	2.015997852931542	1.8429876447623406	1.6704571379373117	1.3968778544566187	1.1559930210307299	1.0248102781183794	0.9139556584013087	0.7445276355944378	0.6128278120123944	0.541713645210643	0.47720938913834055	0.38962339955745373	0.32035950936894103	0.2805567575777549	0.24723308887669768	0.20272677195758143	0.16848107989369818	0.14951107219231113	0.13187426043446987	0.10815084850445943	0.08839587496715291	0.07708239910977398	0.06869697041812638	0.05651754018620137	0.04337247737834369	0.03440766914113648	0.028258770093100686	0.020103847242159592	0.014216603472763618	0.01093968260217919	0.008217221726807717	0.005469841301089595	0.003625794575437522	0.002579173460878237	0.0020745525663585823	0.0015450121214922773	0.0011026901028392464	0.0009095635876527116	0.0006728278593595402	0.0004049426931330566	0.00024296561587983394	0.0001495173020798978
MCW_CT_ROA_229_R1_trim	3.720109155442839e-05	3.720109155442839e-05	3.720109155442839e-05	3.720109155442839e-05	3.720109155442839e-05	4.0301182517297424e-05	4.0301182517297424e-05	3.720109155442839e-05	3.720109155442839e-05	3.720109155442839e-05	3.720109155442839e-05	3.720109155442839e-05	3.720109155442839e-05	4.9601455405904524e-05	6.820200118311872e-05	0.00011780345658902323	0.00019220563969788004	0.0003751110065071529	0.0007843230136058652	0.0017887524855754316	0.00310939123575764	0.0057289680993819715	0.011284331104843278	0.02197964492674144	0.032839263569671664	0.05050048178513654	0.08326844326266221	0.13118964936669172	0.17577205750371128	0.2366082425590532	0.34626776018861943	0.4980730144583902	0.6212024273216225	0.7680475360508028	1.0390419875699992	1.375838969867054	1.6072235591536725	1.8493127625350783	2.254156741467108	2.647707089021406	2.8726837902877747	3.054488624805229	3.3075955514686712	3.504141318514568	3.5958544095600855	3.6425417794608927	3.700156970005814	3.712699938041582	3.6906241902949914	3.6637030003734368	3.5940780574383617	3.5114916341875304	3.4788693769852594	3.4471027448887406	3.38000127599744	3.3090990955856623	3.2583134054319425	3.163955936795097	2.966250735729088	2.696403317866153	2.49785179196728	2.2816731488535336	1.96666050575256	1.6779552345624924	1.4916738686946551	1.3292105016945408	1.1118197230143128	0.9354090467722503	0.8296463434830105	0.7276223498949905	0.5999079024976751	0.4973506932640418	0.43253399141237603	0.3787474132065983	0.31067251575295723	0.25986512496249664	0.23163259656364837	0.20391158317367347	0.16879375274629307	0.1396993990597672	0.12282560394887107	0.10884729379729462	0.08960812928172938	0.07173300478982654	0.06029056904587694	0.04797390765039828	0.032798962387154365	0.022466359207911877	0.01675599165430712	0.013401693232482827	0.009104967157946349	0.0058622720107853405	0.0042688252558706575	0.0029915877791686163	0.0018569544867585502	0.0011625341110758872	0.0008494249238261149	0.0005921173739079853	0.00038751137035862907	0.00028830845954682	0.00022320654932657036
MCW_CT_ROA_229_R2_trim	4.345200749050535e-05	4.034829266975497e-05	3.7244577849004585e-05	4.034829266975497e-05	4.345200749050535e-05	4.034829266975497e-05	4.345200749050535e-05	4.345200749050535e-05	3.7244577849004585e-05	4.345200749050535e-05	4.345200749050535e-05	4.965943713200611e-05	6.207429641500764e-05	5.27631519527565e-05	6.82817260565084e-05	0.00013035602247151606	0.00020484517816952522	0.0004127940711598008	0.0009497367351496169	0.0020701777854405046	0.003364426865693414	0.0060646587597462465	0.011912057482039967	0.023609958641448155	0.035205437211771586	0.052592447637615225	0.0861218788461816	0.1370445279102331	0.18359714650666809	0.2444796164305076	0.355844007913852	0.5085591919540539	0.6307276147284304	0.7783154618847525	1.050771963709504	1.3874288066014773	1.618044128927693	1.8628248056958132	2.267515077458635	2.6661437941765307	2.89929795522612	3.0749651103657714	3.3182746263088556	3.512430610635717	3.6054334252395024	3.663972590473675	3.7272138836612845	3.7368757478982806	3.7189145502305982	3.6851430292660137	3.616243663960175	3.540081605973782	3.505987298667839	3.4785411485079436	3.4029191369003606	3.322402567020454	3.2749281451222565	3.1760810355109976	2.9712699982045008	2.6962156870747815	2.493996251643611	2.2769783039471028	1.9581429915558783	1.66390151540428	1.4764526588050604	1.3161178548799164	1.0949160996050369	0.9120762595146317	0.8049515424764323	0.7064427377806359	0.5782996639763149	0.4716342967315866	0.4069901244449976	0.35377383012841157	0.28683290887446733	0.23348005110576825	0.20188733794535013	0.17496881930498204	0.14260328115419707	0.11656311380810135	0.1004269004550201	0.0869474669885012	0.07058157873868444	0.05598170422187464	0.04616775795866193	0.03677902062589203	0.0251711271962856	0.017365284422098386	0.013277692003170135	0.010748164424258574	0.007579271592272433	0.004984566002125114	0.0036220351958156957	0.0025357350085530622	0.001672902288384456	0.001145270768856891	0.0008473141460648544	0.0006021206752255742	0.0003600309192070443	0.00022967489673552828	0.00014897831139601834
MCW_CT_ROA_230_R1_trim	7.924387083328299e-06	7.924387083328299e-06	7.924387083328299e-06	7.924387083328299e-06	7.924387083328299e-06	7.924387083328299e-06	7.924387083328299e-06	7.924387083328299e-06	7.924387083328299e-06	7.924387083328299e-06	7.924387083328299e-06	1.5848774166656597e-05	3.1697548333313195e-05	4.358412895830564e-05	9.113045145827543e-05	0.00026150477374983387	0.0004199925154163998	0.0006894216762495618	0.0015729908360406673	0.003910685025622515	0.006062156118746147	0.010341325143743429	0.020880759964570065	0.039756649997058066	0.05516958287413161	0.08035328502494894	0.1311882281645	0.20285638494612113	0.2580061568525444	0.33515402730228705	0.4838036424049009	0.6813150282633171	0.8228168462167689	0.9930089076054107	1.3273665340058232	1.7246239828801542	1.9722174951052052	2.2434494539998244	2.6918627836905813	3.0963829333267823	3.317814081596225	3.4624222592863414	3.6459867238781003	3.741380495587206	3.768002473993647	3.7776345664934334	3.753849518662823	3.6844715097482843	3.637218389570397	3.5650509964025265	3.4328880686267773	3.3267290170649693	3.2833390355902057	3.2344812270279446	3.1458073355655007	3.062086186030138	3.0094484448291294	2.9191698649823117	2.716119332552649	2.435576218835119	2.237379373493995	2.0394123353782874	1.733063455123899	1.4542359712099093	1.289250232135014	1.1451729883794808	0.9455022070408575	0.7840982909276267	0.6920604971483103	0.6037313165239914	0.4870011325930239	0.39564879829641525	0.3410576956793666	0.2980243116233523	0.240786463720472	0.19750346147133285	0.17598478834655484	0.15423234580281867	0.12667925191408616	0.10449096808076695	0.09159006590910847	0.0816608088936981	0.06688975137037416	0.052724909458924836	0.04423789089268022	0.03604803684206043	0.024125796475193	0.015876509521448246	0.011739979463950874	0.00882380501728606	0.00563423921624642	0.0036254070906226966	0.0028052330274982175	0.002092038189998671	0.001307523868749169	0.0007805521277078375	0.0005111229668746753	0.00040018154770807903	0.00027735354791649043	0.00017433651583322255	0.00014263896749990937
MCW_CT_ROA_230_R2_trim	4.753177588339885e-05	3.1687850588932564e-05	1.1882943970849713e-05	7.921962647233141e-06	7.921962647233141e-06	7.921962647233141e-06	7.921962647233141e-06	1.5843925294466282e-05	2.3765887941699426e-05	1.9804906618082853e-05	1.1882943970849713e-05	2.3765887941699426e-05	3.9609813236165705e-05	4.357079455978228e-05	0.00011882943970849712	0.00031687850588932564	0.0004634348148631388	0.0009545964989915936	0.0023409399622573933	0.005022524318345812	0.007359503299279589	0.012259237196593286	0.023698551259197943	0.04349949689595718	0.0593988759289541	0.08617907065792574	0.14009594843499448	0.21483174404899197	0.27136683048097127	0.3465581389471846	0.4966119944297511	0.6963761655237057	0.8372801541487179	1.006461588443029	1.3340743537193556	1.7343671653027224	1.9912922578777879	2.248478775220212	2.687236676437219	3.098275630351558	3.320605512046156	3.4640168018490183	3.639884372617593	3.736100569949564	3.7704026682120833	3.7772195170700273	3.7573512347507663	3.6866279132175923	3.6327189574031715	3.5683292450064603	3.44120551040631	3.333027149477018	3.287507552106016	3.2452319984390563	3.1652954343471507	3.0848320597392034	3.031739066077447	2.932928425978508	2.719158224924245	2.441239931334012	2.2527883229003063	2.0486749943130214	1.7400947442966723	1.460461345793313	1.2889706593873336	1.1427431118633808	0.9368394197178205	0.7702009354332714	0.6764128196526782	0.5877581356674921	0.4699585511031353	0.3783450140692076	0.3258144797554046	0.2829368569272553	0.22543925203363713	0.179852317980134	0.155472477933274	0.13377422224250243	0.10667318802631788	0.0863137440229287	0.07492592271753105	0.0662632565627816	0.05386142403853813	0.04170913333768249	0.033755482839860414	0.027980372070027452	0.020050487460147082	0.013772332062214815	0.010163878076400122	0.007601123160020199	0.005196807496584941	0.0036559857616980953	0.0029865799180068945	0.0023845107568171756	0.0016358852866536439	0.0011209577145834895	0.0008714158911956457	0.0007050546756037496	0.0005703813106007862	0.00039213715103804056	0.00022973691676976112
MCW_CT_ROA_231_R1_trim	9.194909367157604e-05	9.194909367157604e-05	9.194909367157604e-05	9.194909367157604e-05	9.194909367157604e-05	9.194909367157604e-05	9.654654835515484e-05	0.00010574145772231245	0.00011033891240589125	0.00010114400303873365	0.00012413127645662767	0.0002068854607610461	0.0002620549169639917	0.0002620549169639917	0.0006574360197517688	0.0021240240638134068	0.003434298648633365	0.005153746700291837	0.009999463936783895	0.020559817344964402	0.029000744144015083	0.04208050271879678	0.0747592106096749	0.12552430522575203	0.15981212225588273	0.20769921024003957	0.30968914494055166	0.44488649482055354	0.5333553152966605	0.6307202105854922	0.8249994506041654	1.0646141912576088	1.2202794093889036	1.4013823442844398	1.762103236212716	2.145043626626729	2.354255399457666	2.5732919329474107	2.9487568620459244	3.3170037872912195	3.519319378096788	3.589743188939848	3.754676875713238	3.8647215510193798	3.8728222661718457	3.853099185579292	3.7398638767227466	3.6202059236732413	3.565960555861695	3.4810133856732097	3.319720883009214	3.1570951184869815	3.0808187478317253	3.021051836945201	2.906786698239533	2.8158766293264463	2.769589455572175	2.6410032455271595	2.4054618497233666	2.128681285407872	1.9324619195127286	1.7547611010830406	1.470767130369011	1.207558252279441	1.06126264679328	0.9306213745047047	0.7507137778268991	0.6100546517828056	0.5296083897295437	0.45866046905255564	0.36379658911159063	0.28671566388670844	0.24068135014003386	0.2039109075807706	0.16027186772424062	0.12882068023387802	0.11181929281400363	0.09704307346098134	0.07638211211297823	0.05976231343184085	0.051785729555831626	0.04544583954717646	0.035869341441281816	0.02701004626602546	0.022113757028014037	0.017828929262918597	0.012233826913003192	0.008266223521074686	0.005903131813715182	0.004482518316489332	0.0030343200911620094	0.0018481767827986785	0.001301079675452801	0.001094194214691755	0.0008045545696262903	0.000556292016713035	0.0004091734668385134	0.00036779637468630416	0.00047353783240861665	0.0011953382177304886	0.0017838124172285753
MCW_CT_ROA_231_R2_trim	0.00013794774042980652	0.00011955470837249899	9.656341830086459e-05	9.656341830086459e-05	0.00010116167631519146	9.656341830086459e-05	9.196516028653768e-05	9.196516028653768e-05	9.196516028653768e-05	0.00010116167631519146	0.00012875122440115277	0.00023910941674499798	0.00033567283504586256	0.0005012101235616304	0.0011541627615960482	0.0026945791963955542	0.003839545441962948	0.006414569929986003	0.0132383848232471	0.025469751141356613	0.034606489815824135	0.04957381965245815	0.08598742486791273	0.14063772136818775	0.17694556664931282	0.2293795027866823	0.33315298965401147	0.47024085583513886	0.56371884300839	0.6607053010465727	0.8509720211633905	1.0869408276846033	1.241699799414789	1.4174958015605201	1.7637630230713919	2.1398131617410585	2.3508869993727055	2.5705227934270294	2.9491387600686907	3.3110170675382022	3.50767076803692	3.5914372342839127	3.7562801858395174	3.832896360874232	3.819253329345724	3.823152652141873	3.7540776202506545	3.648409651081423	3.589823245720884	3.4929609406490885	3.3197031769272654	3.1697493848220515	3.103736792768375	3.0393243945036836	2.9234436942846322	2.8309819221325467	2.778304278320418	2.6568688824200595	2.4081215168770322	2.120629229305287	1.9354573790683431	1.7504418696038866	1.4681778013944309	1.205378159359621	1.0506835632416358	0.9216426485855805	0.7441866752966774	0.5990840453965781	0.5136208219422986	0.4414879484715528	0.34484176152643037	0.26633110418981315	0.2195300341199941	0.18581100810093507	0.14321274585621083	0.11056511395448994	0.09468273077300488	0.07865320333506136	0.05821394646137836	0.045150295442675674	0.038533402160059294	0.03262464061164925	0.02523983824064027	0.019211521983857723	0.015362780025866121	0.0123831088325823	0.008649323324948869	0.005931752838481681	0.004363746855596214	0.0031130206756993005	0.0020554213324041172	0.0014622460485559491	0.0011311714715244135	0.000993223731094607	0.0007495160563352821	0.0005471927037048992	0.00048281709150432286	0.00036326238313182384	0.00022531464270201734	0.00018393032057307536	0.0001747338045444216
MCW_CT_ROA_232_R1_trim	1.556903236945843e-05	1.556903236945843e-05	1.556903236945843e-05	1.556903236945843e-05	1.556903236945843e-05	1.556903236945843e-05	1.556903236945843e-05	1.556903236945843e-05	1.556903236945843e-05	1.556903236945843e-05	1.556903236945843e-05	1.946129046182304e-05	2.7245806646552255e-05	3.113806473891686e-05	5.449161329310451e-05	0.00011287548467857364	0.00018682838843350118	0.0004125793577906485	0.0011949232343559347	0.002810210342687247	0.004476096806219299	0.007955775540793259	0.015853167210201045	0.030083262795886054	0.04256962675619171	0.06271206238417856	0.10479515687882471	0.16698176442053403	0.21673649961523084	0.28206026717938604	0.4077529577561163	0.5834689493359165	0.716272795447397	0.8738781101234246	1.1678992864206472	1.5256717580127095	1.7625974003530356	2.019540926062393	2.4412709826281906	2.842613391306182	3.0729883632770587	3.234408090883604	3.4628563950987594	3.6270590872413453	3.702230267779183	3.7418106403204385	3.7453097803454747	3.6844387560389844	3.6390900570048443	3.5959288070186135	3.508317969617578	3.4261679703201304	3.3831195958185782	3.3438700652151736	3.2797139750787276	3.2145069752573434	3.1697771452598897	3.0779471000867313	2.8747984734719454	2.5969963366456064	2.398467820386457	2.190558962124709	1.8687704165965573	1.575122897076202	1.397787726129978	1.2395791114496337	1.0285369854235324	0.860087839702177	0.7593328467232267	0.661189558924253	0.5392022980514538	0.4426548360703497	0.38109098982341877	0.33317340044831806	0.2716640458146802	0.22364914998727037	0.19867252980856667	0.17621030835753052	0.14656687072608168	0.12123994731906516	0.10646493560044913	0.09464804003203017	0.07813708120421951	0.06154827721456155	0.05080564487963523	0.041503148038883816	0.0288572014967912	0.01908374142686367	0.013424398160565534	0.010088732975409064	0.00669079166077476	0.004242561320677423	0.003082668409152769	0.002350923887788223	0.001479058075098551	0.000852404522227849	0.0006305458109630665	0.0004748554872684821	0.0002919193569273456	0.00015179806560221973	8.562967803202137e-05
MCW_CT_ROA_232_R2_trim	2.3348561135191475e-05	1.945713427932623e-05	1.5565707423460984e-05	1.5565707423460984e-05	1.5565707423460984e-05	1.5565707423460984e-05	1.5565707423460984e-05	1.945713427932623e-05	2.3348561135191475e-05	1.945713427932623e-05	2.3348561135191475e-05	2.7239987991056722e-05	2.7239987991056722e-05	5.837140283797869e-05	9.33942445407659e-05	0.00017511420851393608	0.000284074160478163	0.0006343025775060351	0.0015293307543550417	0.003303821400629594	0.005097769181183472	0.00914485311128333	0.01846482043108059	0.034314602015019735	0.04740147053129456	0.06880820966540928	0.11368803559410318	0.17897061252809854	0.23045418983119575	0.2975501716800243	0.427710617155005	0.6009024608021437	0.7282455132334781	0.8900743904614902	1.1895080127397533	1.549418299785018	1.7872156120932317	2.0379597015509088	2.457856333579336	2.8643353258087405	3.0960853607829395	3.253777651263167	3.4696428818117235	3.621276220677369	3.693586714513057	3.736583089843512	3.742385207285607	3.6922052579792246	3.657750564597394	3.6040838968281563	3.5038173924599327	3.4225527254288983	3.384050948116968	3.3454207537187934	3.280056456820825	3.224876024004656	3.1921335584394055	3.0944937671988906	2.871195911355631	2.587078945182054	2.3939474303254613	2.1781055483380394	1.8590085461570895	1.574926602825215	1.397088395512173	1.236843329014498	1.0201686816799211	0.8466966552991604	0.7446400945772382	0.6471053718618318	0.52332686643047	0.42646146913427235	0.3675686150976077	0.3187467737639223	0.25563561301549975	0.20566969218619	0.17829350425517798	0.15364520655012753	0.12415986526323655	0.10125881821646956	0.08735475006046305	0.0774160458705832	0.0632629263958013	0.04920709259241604	0.040548667838115865	0.03275413984581778	0.023239601183227248	0.0161572043055525	0.011553646335063917	0.008541681948624216	0.005712614624410181	0.0038953182827211113	0.003097575777268736	0.0023582046746543394	0.0015721364497695593	0.0011207309344891908	0.0008794624694255455	0.0006576511386412266	0.0004085998198658509	0.00026461702619883675	0.0001867884890815318
MCW_CT_ROA_233_R1_trim	1.206352107338798e-05	1.206352107338798e-05	1.206352107338798e-05	1.206352107338798e-05	1.206352107338798e-05	1.206352107338798e-05	1.206352107338798e-05	1.206352107338798e-05	1.206352107338798e-05	1.206352107338798e-05	1.8095281610081966e-05	3.920644348851093e-05	5.42858448302459e-05	6.936524617198088e-05	0.00017793693583247267	0.0004282549981052732	0.0007057159827931967	0.0012546061916323497	0.0029404832616383198	0.0066650953930468574	0.01025700879264813	0.01696734238972019	0.031889917957501124	0.05766664661106288	0.07932971457859934	0.11151518880239847	0.17609423298851265	0.26645302170845697	0.33547144164957793	0.42716023356786326	0.6021144638149407	0.8363066142928899	1.0044811456967233	1.199017486526178	1.5707186978394083	2.01785913818507	2.2964299668117456	2.5808636666800875	3.051717973575762	3.4604572104645617	3.6693823160542998	3.7928253113180106	3.9292848458199066	3.960713334096351	3.9536682377894925	3.9182075175942686	3.8187045799006962	3.675224076134088	3.5776422541714523	3.475222960258389	3.307265572233876	3.1684596828832055	3.1014287280389254	3.0349738063258993	2.9210821038720436	2.8163797885958406	2.7509894726175412	2.647777002193902	2.438589515020818	2.17115331634488	1.9894133554940217	1.7993948033065508	1.5119964931344239	1.2560146077176677	1.107072344785083	0.9833156979734642	0.805182729923549	0.6635630242825108	0.5847068029060419	0.510099956827674	0.4116254343056079	0.33249476782471943	0.2863095773952536	0.25042964984272936	0.20172921526946214	0.16614484398323595	0.1490538505025135	0.13246650902660503	0.10926232624194326	0.08970735858198135	0.07881098317244366	0.0703544548999987	0.058028552243264524	0.04547042680586764	0.03764421750950719	0.030391025464132665	0.020194334276851474	0.013179396772676367	0.00970208682327228	0.007660335881601366	0.0049671548019675	0.002886197416808074	0.0020327033008658746	0.0015169877749785384	0.0009771452069444262	0.0006665095393046858	0.0004976202442772541	0.00036492151246998635	0.00022920690039437158	0.00013269873180726777	9.047640805040983e-05
MCW_CT_ROA_233_R2_trim	2.4117348021441407e-05	1.8088011016081053e-05	1.2058674010720704e-05	1.5073342513400881e-05	1.8088011016081053e-05	1.8088011016081053e-05	1.5073342513400881e-05	1.2058674010720704e-05	1.2058674010720704e-05	1.5073342513400881e-05	2.1102679518761232e-05	2.7132016524121586e-05	2.7132016524121586e-05	8.139604957236475e-05	0.00021404146369029248	0.0005245523194663507	0.0008652098602692105	0.0015555689473829707	0.0034578247725741617	0.007913504819535462	0.012227495446870794	0.019746078692555152	0.035422354906492065	0.06286488228638971	0.08603863906649223	0.11953462079977166	0.18859464685916913	0.2843555918468049	0.3556736046147098	0.44606241033056954	0.6199906949241997	0.8520990669510543	1.0173089302349334	1.211498801835077	1.5859869525750137	2.02743390542798	2.298063711582082	2.579766395146528	3.047534418696395	3.4574238216633053	3.669493692152845	3.793803547860862	3.9292284863382614	3.959682667552336	3.9506537353868088	3.9165548199529936	3.815849818620962	3.673198719742639	3.582363743088383	3.481333157558062	3.3168226973668045	3.1809485732825062	3.113640069623166	3.0481494110709417	2.93521691429204	2.835669545665038	2.776805128481705	2.668828746721209	2.448779048705075	2.1806212707231705	2.0005551210580834	1.8085297814428642	1.5176685349672756	1.2563630984919634	1.1034711707100355	0.9770962670776826	0.7972079828542539	0.6496610623275779	0.5653226962965974	0.4903659786459574	0.3904900111521632	0.312783915827079	0.26882100505249396	0.2320571226623092	0.184476609684508	0.14837293969641022	0.12883487313054	0.1113618544890057	0.0881880977089032	0.07113411798924144	0.06197254040959637	0.054294179733269964	0.04373078129987863	0.033890903307130536	0.027840463622251423	0.022489427029994114	0.01509444519291964	0.010111198157989311	0.007744683383385372	0.005875588911723663	0.0039039957109708277	0.0025986442493103118	0.0019957105487742764	0.0015706422898963716	0.0011305006885050659	0.000892341876793332	0.0007807991421941655	0.0005577136729958325	0.0003014668502680176	0.00019293878417153126	0.0001507334251340088
MCW_CT_ROA_234_R1_trim	0.00023484962351332612	0.00023484962351332612	0.00023484962351332612	0.00023484962351332612	0.00023484962351332612	0.00023484962351332612	0.00023484962351332612	0.00023484962351332612	0.00023484962351332612	0.00023484962351332612	0.00023484962351332612	0.00023484962351332612	0.00023863752066676688	0.0002500012121270891	0.00028788018366149656	0.0003560623324234299	0.0004393960697991263	0.0007234883563071821	0.0014280372268471605	0.0030113782369853913	0.004757598824721574	0.007969735610839326	0.01487128422440836	0.027250132121852712	0.039049431754820625	0.05832982826583402	0.09523531023180719	0.14821283981982944	0.1948153384986109	0.25903534683804524	0.3760245504220626	0.5367450266425534	0.664590343468332	0.8187501818190633	1.1062136967936813	1.4665904440748805	1.711955270086158	1.9752179101474432	2.41075032485006	2.828453107651431	3.0622799989333283	3.2397013137033395	3.467247871504832	3.609710683445738	3.670275371032102	3.6911277448617934	3.692824722786535	3.647498745448463	3.6017144325548243	3.548676296612347	3.4669145365553287	3.4058574223390177	3.379451991282382	3.343629847902293	3.274981787790486	3.207924644483125	3.1596138041881416	3.064511070356705	2.8626275157697734	2.596508801254794	2.4118033602587166	2.2092190446983984	1.9076418249300602	1.634837471939258	1.4644161911088054	1.314502585467081	1.1065470317431843	0.9274173753569713	0.8193524574664605	0.7262989759950351	0.5989195705191298	0.49167283841376197	0.4293505665482015	0.3734942351235642	0.3044219305305723	0.24957696764590373	0.21641392806753001	0.19177744498155141	0.1582886462479818	0.1309551803887534	0.11699299148117083	0.10455732512642485	0.08706860396898894	0.06904957721007132	0.05705330692512448	0.0464471948954904	0.03217818631847912	0.021435709991321168	0.015488711460419203	0.011962179210565868	0.007632612764183098	0.004685628778806201	0.003416683232403551	0.0024621331497364837	0.0015719773186779087	0.0011022780716512565	0.0008674284481379304	0.0006590941046986894	0.00043560817264568554	0.00031060756658214103	0.00026515280074085204
MCW_CT_ROA_234_R2_trim	0.0003032173215017429	0.0002804760223891122	0.00024257385720139436	0.00022741299112630716	0.00022741299112630716	0.00023120320764507895	0.00023120320764507895	0.00022741299112630716	0.00022741299112630716	0.00023499342416385076	0.00023878364068262255	0.00023120320764507895	0.00023120320764507895	0.0002539445067577097	0.0002804760223891122	0.00037902165187717865	0.0005268400961092783	0.0007921552524233034	0.0015160866075087146	0.0032027329583621594	0.004968973856109812	0.008308154609147755	0.015312474735838015	0.02849484778812629	0.04091538732014143	0.060802653394137	0.09995559003304956	0.1545612394189947	0.20155234381872728	0.26614142351511727	0.38481310271786195	0.5484177987506461	0.6774670907817879	0.8318843019730692	1.1167456048744004	1.4729236217929413	1.718370463115565	1.9820634067595555	2.416770919730529	2.8394786072030715	3.0783683739482197	3.2450886279594338	3.4693064665604165	3.615063033006305	3.6713363776605092	3.69667018487198	3.7052626057200353	3.660185560662282	3.6130997008495807	3.5620189528260933	3.477440271209701	3.415489182210376	3.391140831293786	3.3559600415665463	3.2904499392560953	3.2274110581158824	3.1795861060820205	3.0829469555028957	2.881538639911882	2.616238644463932	2.4313708337608384	2.2229961002083214	1.913676530111356	1.634496761771664	1.4615340211540322	1.3075261533467781	1.0953991054406778	0.9162393608148541	0.808036259636957	0.7099492463476621	0.5782013201551548	0.47023321240142163	0.4067357150624379	0.3523726395336942	0.28132882110583585	0.22574150564152884	0.19477164646664458	0.16808094174145363	0.13527661777148384	0.10950693566035447	0.09414897832629118	0.08182319420724532	0.06634394994458136	0.05302133888109852	0.04395893118471518	0.0354119929348848	0.024613666072903984	0.017109037365735845	0.012875365514267758	0.00971811515413086	0.00647368981406221	0.004445923976519306	0.0033429709695567155	0.002459850520682889	0.0016942267838909886	0.0012204497190445153	0.0009702954288055775	0.0008414280671673367	0.0006405465916724319	0.0004358748996587554	0.0003411194866894608
MCW_CT_ROA_235_R1_trim	3.28613386241549e-05	3.28613386241549e-05	3.28613386241549e-05	3.28613386241549e-05	3.28613386241549e-05	3.28613386241549e-05	3.28613386241549e-05	3.28613386241549e-05	3.28613386241549e-05	3.28613386241549e-05	3.28613386241549e-05	4.6553563050886114e-05	6.298423236296355e-05	7.941490167504102e-05	0.0001506144686940433	0.00037516694929243515	0.0005860272054640957	0.0010378706115462258	0.002434477503072809	0.005137322604909549	0.007421185639288316	0.012462662673210747	0.024232498790428894	0.04481465054869125	0.06033889460371909	0.08354173811725779	0.1365306466487076	0.2135767934979241	0.266946345868437	0.34401713872162165	0.5027346658314045	0.718680214155153	0.8597648946481915	1.0301810583081734	1.3933892187863015	1.8291469996119076	2.0797420910699422	2.3497828796588203	2.8398412841159573	3.2789837828198514	3.497689683588029	3.6468801609416923	3.8396338195314432	3.9314182767535932	3.9685652816233152	3.9516307384523337	3.8829532791727357	3.779853567684335	3.7146238105153877	3.634357252481004	3.464338163329397	3.3183735740506717	3.263738860143129	3.1964662230897125	3.063501031681726	2.9394330477062294	2.8708158342141084	2.7584191023399574	2.518068533198003	2.219156320182919	2.0330570826645595	1.8449204421515022	1.544882728288541	1.2831832428204273	1.1416987493741284	1.023732020603183	0.8392429886774068	0.689677344374451	0.6110237303775362	0.5431048203311788	0.4427079539446149	0.36300825400149783	0.3214496144214833	0.28390279659850093	0.23172172930822826	0.19446244819820732	0.17503592018156108	0.15639806429189457	0.13093052685817452	0.10953505696896433	0.09754614526091848	0.08714279314148811	0.07295764863539457	0.058767027239530346	0.04898530210907358	0.03962255904607477	0.026379439580540346	0.017134449647611436	0.012635184700987559	0.009935078044036165	0.006355930578888627	0.003973483528637398	0.00296573581082998	0.0021825405736209547	0.001303499765424811	0.0007667645678969476	0.0005641196463813258	0.00040255139814589756	0.00021359870105700684	0.00010679935052850342	6.57226772483098e-05
MCW_CT_ROA_235_R2_trim	7.117934984124815e-05	7.117934984124815e-05	5.201567873014288e-05	3.2852007619037606e-05	3.2852007619037606e-05	3.5589674920624076e-05	3.5589674920624076e-05	3.8327342222210545e-05	4.380267682538348e-05	4.106500952379701e-05	4.654034412696995e-05	5.749101333331581e-05	6.296634793648875e-05	0.00010676902476187222	0.00022175105142850386	0.0005201567873014288	0.0007884481828569025	0.0013879973219043389	0.0031291537257133323	0.0068359552520614085	0.00988024129142556	0.015232380866027104	0.02869896632253094	0.05179119001141279	0.06848548521648706	0.0947780419809235	0.1530438151605883	0.23648517684564221	0.2940747462018151	0.36966721573322064	0.5291774010601562	0.7456283285927887	0.8850495112606827	1.05917883997809	1.4179035995068696	1.844319920734676	2.0939486382952346	2.3617718927421376	2.8379781691838972	3.2725226246301133	3.4978983475659184	3.6314006935277825	3.807328669662332	3.8964890183403997	3.9306906959391195	3.9134050645969025	3.849590039796922	3.756227371810919	3.6958919221512545	3.6103288683074712	3.4480919663481555	3.3068091699151827	3.2442014563952015	3.1914767218339484	3.0754270049196974	2.9546493365756077	2.888291018852453	2.7752226216296307	2.5356493560677986	2.2385029471536035	2.052560584029851	1.8657695440426059	1.567886702624284	1.304528583546269	1.159785375644091	1.0359387822549224	0.8451124206651393	0.6930651164023285	0.6126132874106069	0.5394381781065023	0.43515769292177214	0.35479346928370137	0.3107663037395878	0.27357783111483724	0.22184686978405938	0.1816442254602621	0.1597757390551894	0.14075716431106822	0.1150094033396475	0.0937459414082254	0.08177959763299095	0.07229631810029542	0.05865999727109324	0.04538504852570045	0.03721037396316326	0.030733053127609683	0.021794569387929865	0.01493397513015418	0.011114929244441057	0.008790649705394145	0.0060420317346013335	0.0042105323098399865	0.0032906760965069337	0.0026856516228563245	0.001957432120634324	0.0013852596546027524	0.0011169682590472787	0.0008705782019044966	0.0005831231352379176	0.00036137208380941367	0.00022448871873009032
MCW_CT_ROA_236_R1_trim	0.0	3.6262139295061112e-06	3.6262139295061112e-06	0.0	0.0	0.0	0.0	0.0	0.0	0.0	0.0	1.4504855718024445e-05	2.900971143604889e-05	2.900971143604889e-05	0.00012691748753271387	0.00043514567154073335	0.0006889806466061611	0.0013054370146222	0.0031221701933047616	0.007252427859012221	0.010588544674157844	0.016502899593182314	0.030917099962969104	0.05675387421070014	0.07587490026098587	0.10513482045817067	0.17092884599512956	0.26389046629194823	0.3262831031630304	0.4119632858894008	0.5948042446429579	0.8384060439993195	0.9922844320979113	1.1819608041085874	1.5681707186706357	2.0123456628958394	2.2685050410900804	2.542106508285246	3.0203134702388645	3.4303077219645437	3.6346811390315077	3.7475107854480902	3.872669559224994	3.903075363023903	3.9066145478191006	3.8736740204834668	3.7712117196913426	3.6401168337118373	3.569315006738231	3.4853971639816	3.321191318611775	3.177629509142628	3.111505498138084	3.047049545541113	2.9216478154309327	2.797061983454891	2.7272283556004626	2.6231233798982716	2.4120015787084963	2.1439409663976163	1.9674785179460603	1.7960855165679537	1.50954934428624	1.2526792281618155	1.1149846328306094	0.9956713159080699	0.8200320180185119	0.683885816035205	0.6120251345941824	0.5451251138087242	0.44868232813957964	0.36991008294891836	0.3251807341284605	0.29233811456892367	0.24462076547055273	0.20749558726026918	0.18985768270715148	0.17361949673082308	0.14843906720433264	0.12511888542367886	0.11223857354607314	0.10000372774791953	0.08189441538396601	0.06558370512904753	0.05580017994724004	0.04536031004419194	0.030253502813869487	0.019853521264045958	0.01480583147417345	0.011411695236155732	0.007528020117654687	0.004728582964075969	0.0032128255415424145	0.002382422551685515	0.001664432193643305	0.0010697331092043027	0.0006708495769586306	0.0004677815969062883	0.00026471361685394615	0.00018131069647530555	0.00014504855718024446
MCW_CT_ROA_236_R2_trim	2.9006018495035056e-05	1.812876155939691e-05	3.625752311879382e-06	0.0	0.0	0.0	0.0	0.0	0.0	0.0	3.625752311879382e-06	3.98832754306732e-05	7.251504623758764e-05	9.789531242074331e-05	0.0002501769095196774	0.000692518691568962	0.0010478424181331414	0.00193615173454359	0.004532190389849228	0.009532102827930895	0.013284756470726057	0.02065228516846496	0.038153791577906736	0.06740273547783772	0.0884212216298025	0.1209732258858556	0.1926180915685922	0.2899695411425536	0.35408371927351673	0.441881311505676	0.6269650897701827	0.868635984366191	1.020533251720066	1.210450157816308	1.5896204573357182	2.026570745697238	2.282146400409304	2.5521380463134022	3.0247186026437607	3.4285512693885742	3.6285695214257125	3.7368127309445596	3.860733693459973	3.893086281338873	3.8959216196467623	3.8688299983724	3.7772108632035195	3.6507264938036075	3.5791142598916776	3.4919765545802806	3.329963438276262	3.1907418010047177	3.1255398971801904	3.0610558923134157	2.939770851728739	2.81823200848223	2.7458221090616868	2.6456026894090288	2.4238589295191093	2.143178565799591	1.9692693561602963	1.7945552295077647	1.509038112204199	1.2548765008937661	1.114886204132103	0.9966322924801571	0.814953095636505	0.6684146901995879	0.5930316738833036	0.5260567771782677	0.4279475453711235	0.3471947898809459	0.30283371034510165	0.2688966687059106	0.22179814617459742	0.1831693810438345	0.1619587300193401	0.14293078188659714	0.11693413781042196	0.0962274663572788	0.08392891451538394	0.0740886227409433	0.05971614057665342	0.04601804834237312	0.03758454846494168	0.031112580588236977	0.021783519889771327	0.014619033321497669	0.01085912817407875	0.00815794270172861	0.0053443589077102095	0.00346259345784481	0.0024618858197661005	0.0018708881929297612	0.001308896584588457	0.0009753273718955537	0.0008448002886678962	0.0006598869207620476	0.0004097100112423702	0.000246551157207798	0.0001667846063464516
MCW_CT_ROA_237_R1_trim	3.771693975527094e-05	3.502287262989445e-05	3.232880550451795e-05	3.232880550451795e-05	3.232880550451795e-05	3.502287262989445e-05	4.310507400602394e-05	4.310507400602394e-05	3.771693975527094e-05	4.849320825677693e-05	0.00010237455076430685	0.0001858906316509782	0.00022630163853162565	0.0004445210756871218	0.0011611429310372696	0.002715619662379508	0.003922561734548178	0.006304117073381001	0.012856088322296639	0.024753088747959246	0.033339080676534134	0.04917750130662256	0.0868243953166337	0.14419994288577695	0.1811679319801932	0.234354205169376	0.3542590507185077	0.5112477302484468	0.6060169295178158	0.7268539222923278	0.9840618988862727	1.3140096878653829	1.5133517966733658	1.7386135252945962	2.2055680979347283	2.726624926586671	3.0108894193207716	3.294970715490347	3.777416174101394	4.130842758078161	4.2803042140597976	4.317975354673937	4.302837391496447	4.165782114627168	4.068682547294348	3.9404691987305553	3.6911952498208445	3.437185130904721	3.299518300797983	3.17166056909474	2.9444025367336053	2.753067195422241	2.660660693021827	2.5804259858938647	2.434224351133933	2.296891585350741	2.2230391232427946	2.121545532428486	1.9070304375703826	1.6481898562984594	1.4929630966685166	1.3490837477706594	1.1090666135037421	0.899241889510919	0.7925837720172637	0.703477501845436	0.5663548732980231	0.45878885518311574	0.40398883578583245	0.3613821641980032	0.2915815790466235	0.2354641608250311	0.20866358106178573	0.18912890033568078	0.1569940676641899	0.13157823840338806	0.12083968684163736	0.10940337189441413	0.0913881450270215	0.07626634625228322	0.06860711341483784	0.061928521011029504	0.05076161277634394	0.038597899705269056	0.03144784555451984	0.02614053331752814	0.01729321687779173	0.010544578728723605	0.00762690403194086	0.006021240025216468	0.0037124244987688116	0.0022414638483132447	0.0016703216177334276	0.001276987817428459	0.0008216904732398312	0.00047415581406626327	0.00024516010840926113	0.0001912787659017312	0.00012123302064194231	6.196354388365941e-05	4.849320825677693e-05
MCW_CT_ROA_237_R2_trim	8.077587272070344e-05	7.000575635794298e-05	4.577299454173196e-05	3.2310349088281374e-05	3.2310349088281374e-05	4.038793636035172e-05	5.115805272311218e-05	5.9235639995182526e-05	6.462069817656275e-05	9.154598908346391e-05	0.0001777069199855476	0.000328488549064194	0.0004173420090569678	0.0008292989599325553	0.00210825027801036	0.004639227623259068	0.006370523828572812	0.0096419466737613	0.018478827149406258	0.034386289017203454	0.04557374738902088	0.06321250546213183	0.10630374102953642	0.1714144795006048	0.21313252523175744	0.27176503871062535	0.3972180466331499	0.5624585569288023	0.6645377198150458	0.7842314080125843	1.038804648479153	1.3605753374620755	1.5531234777955067	1.7714471991141147	2.2238486294609583	2.7201167437533256	2.9872021669043316	3.262682895760109	3.731627224840153	4.085732495673173	4.24150876621505	4.268447519767404	4.240501760335132	4.098206982950341	3.9964536160840702	3.880392149629873	3.6491389036177715	3.4126621511697306	3.2870906719672153	3.1629893136482172	2.948187420380232	2.7582456482065885	2.660102962850934	2.582962004402662	2.446071132902886	2.3184802568823533	2.24851219593168	2.1448955989346525	1.9296278981339776	1.676460157852749	1.5238314538178892	1.3723201493556656	1.1241174327176695	0.9120457639476439	0.803496453656472	0.713167487722	0.5710181069081061	0.46026361529165893	0.40606031216697624	0.3594903290144	0.286425859609433	0.22828607895416136	0.19882442564383018	0.17565252028935102	0.14209553023208013	0.11476366743248477	0.10005438101004466	0.0886057473164303	0.07209246640322782	0.05854366001887517	0.05133575964309773	0.04548220139993742	0.03588602772071785	0.027113767943249455	0.022811106456326655	0.018877321454828393	0.012730277540782865	0.008306452244779005	0.0062843628976707285	0.005070032277769487	0.0032525751415536587	0.001995164056201375	0.001567051930781647	0.001311261667166086	0.0009100748326532589	0.0005627385799542341	0.00041464947996627767	0.00042272706723834805	0.00033656613633626433	0.00017501439089485747	0.00010770116362760461
MCW_CT_ROA_238_R1_trim	0.00011866592093046423	0.00011866592093046423	0.00011866592093046423	0.00011866592093046423	0.00011866592093046423	0.00011866592093046423	0.00011866592093046423	0.00011866592093046423	0.00011866592093046423	0.00011866592093046423	0.00012163256895372584	0.00012459921697698746	0.00012163256895372584	0.00012163256895372584	0.00013349916104677228	0.00017799888139569635	0.00023733184186092846	0.00038566424302400877	0.0006585958611640766	0.0014477242353516636	0.002669983220935445	0.004844536221986202	0.008594379323388872	0.016123732006426826	0.025234308085863223	0.03988064937670577	0.06370876629954299	0.09727935533077131	0.13670610755991805	0.19197772688130502	0.2790844461403123	0.40298056753578676	0.5302290011975468	0.6779502728678352	0.9132084277605038	1.2200903658787774	1.4734510070093882	1.7409744258030502	2.1429196331787184	2.560398209604185	2.830452179161689	3.0441991692376877	3.2897367595309577	3.46624045032293	3.5567855146408975	3.620782045798697	3.676258363833689	3.668515412492976	3.6308953489099958	3.5901217384782877	3.5587138358560173	3.5371700379110917	3.5149053444965133	3.4925338517530977	3.4486274610088263	3.3923738811917397	3.3379952229253536	3.2390871778298123	3.0578338835525978	2.820208343537366	2.6209148626306984	2.389762548602224	2.0925607829838526	1.8063741814758523	1.592929789498226	1.4033520808677398	1.1741963209589203	0.9944827170057787	0.8781574813656678	0.7638021000130027	0.6282470518861103	0.5183831756406633	0.4517700609263471	0.39476295251135207	0.32553622088854256	0.27141862764820435	0.238743966320001	0.20887575402180314	0.17305347914091926	0.14311110064213986	0.12519254658163978	0.11064410467556485	0.09092479526494496	0.07188484825165196	0.05951392599465108	0.04800036501637278	0.03380792087308926	0.023878549939232666	0.017773188307360282	0.013358816048747009	0.00903640987885485	0.005918462806406903	0.004159240528612771	0.0028924818226800657	0.002052920432097031	0.0015129904918634188	0.0010739265844207013	0.0006823290453501693	0.00035303111476813105	0.00023733184186092846	0.0002076653616283124
MCW_CT_ROA_238_R2_trim	0.00013050859347181186	0.0001245763846776386	0.00011864417588346531	0.00011567807148637868	0.00011271196708929206	0.00011271196708929206	0.00011567807148637868	0.00011864417588346531	0.00011567807148637868	0.00011271196708929206	0.00011567807148637868	0.0001245763846776386	0.0001275424890747252	0.0001275424890747252	0.00014237301106015838	0.00016313574183976482	0.0001898306814135445	0.00036483084084165587	0.0006792379069328389	0.0013911029622336308	0.002530087050714898	0.004843648480442471	0.0088983131912599	0.016438150568654122	0.025205955166442206	0.039170374667926076	0.06392548196601111	0.09999924364337874	0.14007428015241624	0.19531797454815478	0.2839866993946626	0.40857791459428655	0.5347678600639404	0.6829277408028147	0.9197059226134464	1.22820747485003	1.4826992321200632	1.7526147322549468	2.1596888319199103	2.5789358240305176	2.847611492527419	3.0621676201950776	3.3101962359838586	3.4889158903259174	3.5781719038430477	3.640584672566545	3.6907948878004277	3.679713521772912	3.64528298193153	3.6042973513725873	3.573212577291119	3.545583314832257	3.5151629481357367	3.4900311455792212	3.4522548399779267	3.408448444137354	3.3571852618425053	3.2517669454656493	3.060198126875412	2.812650019998959	2.6081371218198353	2.3800911513542267	2.0880010547467234	1.800997827180224	1.583072204917475	1.393336438844637	1.1651540275767625	0.9833970823320878	0.8658503650755444	0.7496799202592495	0.6137196269055922	0.5041635948948004	0.43678260130618335	0.3780922936010302	0.30897316283572035	0.2555358260178076	0.2215591001491802	0.19117432670542475	0.15611793883625785	0.12773528586053584	0.11018484614297425	0.09611068077879817	0.0777979522311853	0.061024631865660386	0.050165723667926224	0.04084325754788294	0.029489009915835303	0.02073603584003265	0.015058912024008836	0.01148772232991653	0.008055939542487294	0.005404242211491845	0.004072461337199947	0.003102545199352618	0.0023461885780955267	0.0017055100283248138	0.0012605943687618191	0.0009669500334502423	0.0006317802365794528	0.00036779694523874246	0.00026694939573779696
MCW_CT_ROA_239_R1_trim	5.668543483623805e-05	5.668543483623805e-05	5.668543483623805e-05	5.668543483623805e-05	5.668543483623805e-05	5.668543483623805e-05	5.668543483623805e-05	5.668543483623805e-05	5.668543483623805e-05	5.668543483623805e-05	5.9519706578049946e-05	6.235397831986185e-05	6.235397831986185e-05	6.518825006167375e-05	7.085679354529756e-05	0.0001048680544470404	0.00015871921754146654	0.000260753000246695	0.0005328430874606377	0.0010826918053721466	0.0018734536213376673	0.0037639128731262062	0.007751733213855553	0.01611850339568429	0.02473185521905066	0.03910444722177882	0.06459872153937687	0.10339423314129821	0.14114389847049094	0.19364311394407277	0.2903909798508221	0.42681298159945436	0.5426525019590486	0.6832975686029806	0.9366956336796737	1.2587964457778873	1.4978615986562378	1.75244722359275	2.1555146765393043	2.547860079486584	2.7839180700468718	2.9668873166112815	3.1968629600136413	3.376507605824904	3.4733291627969414	3.515902758630698	3.5522182824585338	3.564459502111419	3.559014866095398	3.5408415156869	3.494333950675509	3.4631002760807417	3.470302160576686	3.4675784254328046	3.4374472825456026	3.4135543717621277	3.397960208638679	3.324257806264602	3.152804205787175	2.8986380530684506	2.688757396315537	2.463058668971572	2.148684081641538	1.8476277372262775	1.6415421703356505	1.4594742221851373	1.2237648470490923	1.0344128205221228	0.9150758088331326	0.7945002203929706	0.6535008697813122	0.5384719511398761	0.4621478474046234	0.4011004683577368	0.32905611495262005	0.2729913856278388	0.24006281653146813	0.2092457798827473	0.17180505017341208	0.14188364339510381	0.12469661955275646	0.10950775728838648	0.09033674322677077	0.07264238474263905	0.06037282237233533	0.04891386172018981	0.03390639284729579	0.023175840032795925	0.01752146790788118	0.013465625045348349	0.008936458801932928	0.005793251440263528	0.004129533927819942	0.002939139796258943	0.0019471446866247768	0.0011592171424010679	0.0007425791963547184	0.0005470144461696972	0.0003429468807592402	0.00021257038063589266	0.0001473821305742189
MCW_CT_ROA_239_R2_trim	7.947374303902258e-05	7.095869914198444e-05	5.9605307279266935e-05	5.676695931358755e-05	5.676695931358755e-05	5.676695931358755e-05	5.9605307279266935e-05	5.9605307279266935e-05	5.676695931358755e-05	5.9605307279266935e-05	6.24436552449463e-05	5.9605307279266935e-05	5.676695931358755e-05	6.24436552449463e-05	7.379704710766381e-05	0.00010501887473013697	0.00014759409421532762	0.00026112801284250273	0.000579022984998593	0.001217651277276453	0.002080509058842984	0.003885698365015068	0.007873577256794594	0.016876817003929578	0.02604184258510829	0.04028467267688741	0.06724330165491013	0.10798211000630624	0.14643604824533046	0.19926054223458936	0.2982252207539322	0.43597024752835245	0.5507445242165293	0.6920772228195683	0.944832109163317	1.2656818015516795	1.5049772418421763	1.7620748005734144	2.166048351484663	2.5625911074217633	2.8048951965558806	2.988777569512419	3.2184879087228166	3.3928078873829817	3.4839898157804314	3.5308367489539694	3.5699378305291685	3.5809960342034555	3.578478419557898	3.5591833300872096	3.517834276923192	3.4836321839367557	3.480762614143454	3.486331452852117	3.4584815826128703	3.426280524942238	3.409497373421176	3.338558542714951	3.1584483342048006	2.8967129148976425	2.6902458071781936	2.4660588931090075	2.149770425901492	1.8453405764945845	1.6363161172580583	1.4509947018829203	1.2138507293504084	1.0173802831660816	0.8903500199621013	0.7714629770716549	0.6313961816613088	0.5161393858189665	0.440488897489714	0.37658349304244276	0.30572413607925714	0.2508617082506404	0.21581662591839715	0.18542075755393672	0.14904732837375548	0.12051341627478068	0.1033641178661459	0.08978546119833576	0.07334291143315512	0.05784836988851139	0.04724146354076756	0.03861856242103361	0.027404249608634388	0.018903397451424657	0.014257021831607514	0.011026981846664383	0.007731659858510625	0.005222560256850055	0.003732427574868381	0.0027645509185717137	0.0018704713093827098	0.0011921061455853386	0.0008969179571546833	0.0007351321231109588	0.0004711657623027767	0.00026396636080818213	0.0002043610535289152
MCW_CT_ROA_240_R1_trim	1.5094317977959125e-05	1.5094317977959125e-05	1.257859831496594e-05	1.006287865197275e-05	1.006287865197275e-05	1.006287865197275e-05	1.006287865197275e-05	1.006287865197275e-05	1.006287865197275e-05	1.006287865197275e-05	1.257859831496594e-05	1.761003764095231e-05	2.01257573039455e-05	3.018863595591825e-05	7.798730955278882e-05	0.0001635217780945572	0.0002440248073103392	0.0004779867359687057	0.001059117978120132	0.0022591162573678825	0.0036452777916771294	0.0062943305968089554	0.012045265746411382	0.022535816741092975	0.032520708083512935	0.04720244803674118	0.07599234386003523	0.11874448381294146	0.15513940017746392	0.20878460627113063	0.30866873977061215	0.4498584744167788	0.5645752910492682	0.7077021298359396	0.9762325623834954	1.317240878421885	1.5567348746191736	1.8148854478372196	2.243108733152257	2.6646829713980034	2.911449913141005	3.0985112801221897	3.347985136222572	3.5201433799201847	3.598108047996006	3.6388828322938003	3.667843797054178	3.661509214942761	3.6472903674075234	3.60873444785249	3.5280980854945696	3.4821987802432584	3.4821585287286507	3.4575698847425556	3.391383816128867	3.3240581265078437	3.2839952908746772	3.1958947882766555	3.0020812297199977	2.735057713250575	2.531470583803188	2.32157906088034	2.0121078065372333	1.7156403071321384	1.5245412100918498	1.360083584282659	1.1459681680456457	0.9659558475601684	0.8530377704867191	0.753344831681625	0.6187940812260974	0.505918771386919	0.4407389906384286	0.38626611277563705	0.32021589302375086	0.26920464541723804	0.23893550643210398	0.2095418378896916	0.17290541243752178	0.1438689760872544	0.12785893615196575	0.1138564405077457	0.09349672127514183	0.07432693744313372	0.062339533248971186	0.05061627961942294	0.034689258433013063	0.023308142677631885	0.017257836888133267	0.013217591109366208	0.008550931134513844	0.005260369815318755	0.003725780820892911	0.002840247499519309	0.0017911924000511496	0.0009635206309263908	0.0006389927944002696	0.0004880496146206784	0.0003044020792221757	0.0001836475353985027	0.0001408803011276185
MCW_CT_ROA_240_R2_trim	7.570153559303258e-05	4.79443058755873e-05	1.766369163837427e-05	1.5140307118606517e-05	1.5140307118606517e-05	1.5140307118606517e-05	1.5140307118606517e-05	1.5140307118606517e-05	1.5140307118606517e-05	1.5140307118606517e-05	2.0187076158142023e-05	2.5233845197677526e-05	2.2710460677909774e-05	2.7757229717445284e-05	7.065476655349707e-05	0.00019430060802211695	0.0003103762959314336	0.0005601913633884411	0.0012011310314094504	0.002457776522253791	0.0038103106248493068	0.006644071440548493	0.012864214281776002	0.02372990802389595	0.033775501797091365	0.0498065636511759	0.0805287701793483	0.125513146013248	0.16385092702207948	0.21850995910476875	0.3221579782542292	0.4663921140196342	0.5814357376603658	0.725831370035036	0.9963482840922182	1.337239869021203	1.5758813898246788	1.8395296512190535	2.2699988632152737	2.690356873440785	2.9383702443506783	3.1196274777901154	3.3618421110735826	3.53310421843022	3.613559810458495	3.6613653301854954	3.6973386998993045	3.6859658058687113	3.6672044419642376	3.6370121461852167	3.5707682557722733	3.515526321865518	3.4984732892809274	3.488157693364117	3.4376571989700047	3.3677594477724377	3.3214856224489373	3.222488200969409	3.0157245968041586	2.7397092278784023	2.5307603727190338	2.3139511747805885	2.0002616749746998	1.7015207050639154	1.5064403712251901	1.3405959704324943	1.1216292787296476	0.9380707186081818	0.8248086044384062	0.7204515142388911	0.5855362375049884	0.47520629614718296	0.408016136539327	0.35053848394805714	0.2809410155083428	0.22779853752203388	0.19614015533702764	0.1686781616083952	0.1346705084354852	0.10866198419023897	0.09437458103931395	0.08142204829934609	0.06550453874865109	0.051383678976030744	0.04176706057119584	0.03349288273087738	0.02327569881033775	0.015443113260978648	0.010721860824493182	0.008226233534442875	0.005627147479082089	0.0036261035549062606	0.0025360014423665912	0.001907678696944421	0.001274309182482715	0.0007418750488117193	0.0005324341336709959	0.00044411567547912454	0.0002927126042930593	0.0001539264557058329	9.08418427116391e-05
MCW_CT_ROA_241_R1_trim	5.5511144437182617e-05	4.758098094615653e-05	3.965081745513044e-05	4.163335832788696e-05	4.3615899200643485e-05	4.163335832788696e-05	3.965081745513044e-05	4.163335832788696e-05	4.3615899200643485e-05	4.163335832788696e-05	3.965081745513044e-05	4.163335832788696e-05	4.3615899200643485e-05	4.163335832788696e-05	5.1546062691669575e-05	9.119688014680002e-05	0.00014869056545673915	0.00028350334480418266	0.0005491638217535567	0.0011855594419084002	0.00201227898584787	0.0038302689661656	0.00735919171967221	0.014488408698104662	0.021984395737997073	0.03381818220748076	0.05377840371439342	0.08343721517083098	0.11331807120501729	0.15663460673387453	0.23901711016039903	0.3613200566007489	0.4669478517603436	0.5968399646616054	0.8446912769510077	1.1748259656232964	1.4157621753485239	1.6886946122191686	2.1418360493416357	2.5931079504210937	2.857509513916267	3.0626231926116567	3.3317610462518457	3.5239307155890085	3.608111383587123	3.6533648615486634	3.7051646894720456	3.708644048703733	3.6842845690001744	3.638103261910184	3.5707741913304996	3.5253799529669934	3.5071663499689794	3.4764805823404537	3.4171847673771785	3.3518798710285793	3.3049907968470147	3.2246522930603017	3.0412038210223957	2.7812193585917235	2.5889069463117225	2.3798400811160563	2.0704705255450193	1.7822784715767677	1.600019524062515	1.439463451482328	1.221615912761223	1.0353244771117838	0.9161797182817351	0.8044893131332508	0.6611238524607357	0.5455595624468852	0.4777269264855209	0.41962658366851824	0.3436060539026694	0.2868578039608867	0.25495673877736147	0.2185989217118796	0.17623797088369103	0.14570882398411336	0.12818514520981844	0.11414677328982951	0.0945850424983409	0.07471601787157504	0.06183544982127592	0.050529019223945475	0.03481738280735004	0.023836088913151664	0.018051034646448135	0.013782624147403342	0.009167268995626159	0.005791001889321801	0.004044383380423304	0.0027854699262229135	0.0016692994148609917	0.0009555847006686436	0.0005888146392086871	0.0004044383380423305	0.0002418699864762957	0.0001348127793474435	9.516196189231307e-05
MCW_CT_ROA_241_R2_trim	8.719585886256331e-05	6.341517008186423e-05	3.963448130116514e-05	4.16162053662234e-05	4.3597929431281656e-05	4.16162053662234e-05	3.963448130116514e-05	4.16162053662234e-05	4.3597929431281656e-05	4.3597929431281656e-05	4.3597929431281656e-05	4.557965349633991e-05	4.756137756139817e-05	4.557965349633991e-05	6.341517008186423e-05	0.00011493999577337892	0.0001803368899203014	0.0003269844707346124	0.0006539689414692248	0.001426841326841945	0.0023007816395326365	0.004022899852068262	0.007578112824782775	0.014900583245173037	0.0224410433127197	0.03438489425282582	0.05603721138765234	0.0882600446854996	0.1192601542352059	0.16432059602650056	0.24808014536025288	0.37234018941160074	0.4798962813185726	0.6104423541042853	0.8590218939289329	1.1914798865312362	1.4352973434275487	1.7062525296707691	2.1580836347799868	2.613281689075738	2.8822293888410546	3.0823637021712877	3.336426672483952	3.5196866054002136	3.603024047508109	3.6488613251329065	3.704306001025106	3.708754971551162	3.6842251910738706	3.643114325344237	3.584766423696727	3.5380096261057425	3.512005442924048	3.4911913950687414	3.438826318373642	3.373893147657943	3.3319380674765946	3.247153966801207	3.0580994727187143	2.7961036609736225	2.6022969925831205	2.389071410079112	2.0760343133143797	1.7864251584467659	1.601986099711794	1.4352458186018573	1.2049199391404612	1.014347444424134	0.8976496594050485	0.7852720328477898	0.6438819659780783	0.5291896857128318	0.458103261775127	0.39545501890644025	0.3190258668893385	0.26116546936183255	0.2249593706932182	0.19114521297112913	0.15233909232915835	0.12330683477605488	0.1067039505589968	0.09412000274587687	0.0771465361286529	0.06095783224119199	0.05043884090386277	0.040738301605402594	0.028776615148710955	0.020334470631562775	0.01515622564956555	0.011571286815875164	0.008089397633567806	0.005455686351105381	0.0039495760616611066	0.0027882857595369678	0.001912363722781218	0.001303974434808333	0.0009076296217966818	0.0007114389393559143	0.0005093030847199722	0.0003131124022792046	0.00019817240650582573
MCW_CT_ROA_243_R1_trim	6.154188705457483e-05	6.154188705457483e-05	6.154188705457483e-05	6.154188705457483e-05	6.154188705457483e-05	6.154188705457483e-05	6.154188705457483e-05	6.461898140730357e-05	6.76960757600323e-05	6.76960757600323e-05	6.76960757600323e-05	6.76960757600323e-05	6.461898140730357e-05	7.077317011276104e-05	8.92357362291335e-05	0.00011385249105096342	0.000166163095047352	0.00028924686915650166	0.0005507998891384447	0.001200066797564209	0.0019693403857463944	0.0033478786557688705	0.006240347347333887	0.012166831070689442	0.01788714947241217	0.027075353209660195	0.04597486672412012	0.0749980206590576	0.10029481333284058	0.1389123474595863	0.2169320747730235	0.33179077567732923	0.4191587156343564	0.535879058622063	0.7676919616848827	1.0691087390064267	1.2763141185304745	1.5103917630369026	1.9149127408353284	2.3297327534323373	2.5774573113931174	2.7749883062721863	3.073398762411114	3.313073641545156	3.435089663913908	3.505404346968113	3.5886212866433085	3.6291404650800407	3.639608740068024	3.6369070512263284	3.5997295972566596	3.5736450684285783	3.5843287400212525	3.5766975460264847	3.520845206430106	3.45979873156632	3.4317448623524918	3.35339280884896	3.159523556249639	2.8963796784873352	2.7075230125886085	2.497237461617479	2.1799367232471494	1.8847726016503503	1.6970390751903697	1.531396009088629	1.3008601001821918	1.1123419146622653	1.0006987773565612	0.8905664933780468	0.7478293176380187	0.6278687942968887	0.5520522665400053	0.4879563911726656	0.40720420407400526	0.34601618286999425	0.31074652739901737	0.27608921370423356	0.2331268223514349	0.19676479838523936	0.1736865907397738	0.15403626620324803	0.1271455386547516	0.10119640197819012	0.08457086119039672	0.06916384976628391	0.04898426500108883	0.034260368523281806	0.025601425014703128	0.019536472045474776	0.013209966056264486	0.008723562489985981	0.006360354027090309	0.004400244924402099	0.002769384917455867	0.0016739393278844353	0.001116985250040533	0.000784659059945829	0.0004246390206765663	0.00025847592562921426	0.0002030882272800969
MCW_CT_ROA_243_R2_trim	6.769204942110374e-05	6.153822674645795e-05	5.538440407181216e-05	5.538440407181216e-05	5.538440407181216e-05	5.846131540913506e-05	6.153822674645795e-05	5.846131540913506e-05	5.538440407181216e-05	6.153822674645795e-05	6.461513808378085e-05	6.153822674645795e-05	5.846131540913506e-05	6.769204942110374e-05	8.923042878236404e-05	0.0001261533648302388	0.00019076850291401963	0.00029846039972032104	0.000599997710777965	0.0013046104070249085	0.002067684418680987	0.003455371431813614	0.006756897296761083	0.013532256061546104	0.019661463445493316	0.02946757987754139	0.04943058063409235	0.07978123406544542	0.10567959679169223	0.14511944631349713	0.2257406771740317	0.3405525468148983	0.42657375707243456	0.5449025363718613	0.7767108827030936	1.0763589701996212	1.282755105795904	1.5150034504483738	1.9209588246494076	2.3434987509586116	2.59657470845342	2.7841093775519132	3.0769759524609817	3.323359627797112	3.4460914672202483	3.5131035192358038	3.5935955198201706	3.634906131435068	3.645693782583722	3.644207634407795	3.605853934588065	3.5768909681698444	3.5886201541877196	3.5928232150745023	3.5399249553632472	3.4839959379847287	3.468709842460909	3.3793317219343533	3.1669171477622666	2.8928197320108686	2.7010481560008817	2.4955074017563748	2.184927048278339	1.8904881716758988	1.7006242806950522	1.5318218478181806	1.2963273617048354	1.102417332315409	0.9873008484521474	0.8738520505337148	0.7296126008626921	0.6114284363961195	0.5364071841695127	0.47067512727028366	0.38992774304491884	0.32777721094233364	0.28953120301941	0.252872881346545	0.20951304678099072	0.17499625539890248	0.15270403275999808	0.1336517977592947	0.10933496746043184	0.08809504849889188	0.07438125466844372	0.06039361572897383	0.043239835023398676	0.031159881113068985	0.023227603685450553	0.017593779026812327	0.012409183423423245	0.008467660000312613	0.00628612986215068	0.004778443306862459	0.0033630640916939274	0.0023722986410759537	0.0019353772311761024	0.0015569171366853862	0.0010061500073045874	0.0005969207994406421	0.0004246137645505599
MCW_CT_ROA_244_R1_trim	9.396053144510249e-05	9.396053144510249e-05	9.396053144510249e-05	9.396053144510249e-05	9.396053144510249e-05	9.396053144510249e-05	9.396053144510249e-05	9.396053144510249e-05	9.396053144510249e-05	9.396053144510249e-05	9.396053144510249e-05	9.396053144510249e-05	9.396053144510249e-05	9.396053144510249e-05	9.75743980391449e-05	0.00010841599782127211	0.00011202986441531451	0.0001156437310093569	0.00014816853035573856	0.00023490132861275623	0.00038306985896849474	0.0007842090509072015	0.0015431210356561063	0.0030826282047181704	0.005048571631877238	0.00890095342112644	0.01556130955394659	0.025354888023801505	0.03832144136322565	0.05876508468572353	0.09451345303399099	0.152722002264232	0.2228816083209712	0.3085302465997761	0.45497496259015646	0.6715828985038701	0.8832470649169336	1.1160993311708678	1.4646350809666935	1.8459305314375132	2.125199300225328	2.384595416612504	2.668247805578892	2.9080386956933877	3.079339586117592	3.20892200058017	3.342967540286391	3.429653358277686	3.4620697416262467	3.510741296914809	3.573355149523189	3.6205703165743524	3.6606553248354703	3.7114482198147365	3.743582721568962	3.7507417912917598	3.7434923749041107	3.6846261019537536	3.5551737866885613	3.340759467797431	3.1381335817360676	2.9174058379051457	2.6327198830928613	2.334297621356622	2.0885799900278967	1.8650406579868095	1.61230128386586	1.402899397940667	1.2467514501452828	1.0921827620514952	0.9202169201739875	0.7771367139826606	0.6771843917246358	0.5879327284515705	0.4852555507816378	0.40347374975845823	0.3498186724367106	0.2945734938135844	0.23850796747361055	0.19879880133827263	0.17354871544569833	0.1498778892547206	0.1239014161767438	0.10151712649324517	0.08407660631039651	0.06675534372515128	0.0471212065197189	0.03381133585386073	0.02494652109867471	0.017982600171955	0.011925759760339931	0.007733674511250744	0.005279859093895951	0.003285004733984545	0.0021502506234552304	0.0014563882373990885	0.0008890111821344313	0.0005601493220765726	0.0003650005259982827	0.00024212906180084103	0.00018792106289020497
MCW_CT_ROA_244_R2_trim	0.0001230124801226304	0.0001013043953951074	7.959631066758439e-05	8.321432478883822e-05	8.683233891009206e-05	8.321432478883822e-05	8.321432478883822e-05	8.321432478883822e-05	7.959631066758439e-05	8.683233891009206e-05	8.683233891009206e-05	7.959631066758439e-05	7.959631066758439e-05	7.959631066758439e-05	8.683233891009206e-05	9.045035303134589e-05	9.045035303134589e-05	0.00012663049424388423	0.00019175474842645328	0.0003509473697616221	0.0005571741746730907	0.0008827954455859359	0.0015810721709879263	0.0031766163984608673	0.005213558348726778	0.008925640837133212	0.01564791107442284	0.026226984364969057	0.03991393178567232	0.06014586675172377	0.0958267220155291	0.1542612680878998	0.2239333660208849	0.3105920402531568	0.45809485796255445	0.6741771333403185	0.8849156018609907	1.118632078065746	1.4708059546144732	1.8570361980865626	2.140210927328858	2.400096499672642	2.6845556239279826	2.9234530963543732	3.0905221344315112	3.218028188092739	3.3542934539415223	3.444928325693052	3.479328403957934	3.5238842478611745	3.5847573354512705	3.6353516449228844	3.6761230460552934	3.7256536593752587	3.7593988770841933	3.766783243905672	3.7565189378436754	3.697548925681359	3.5684256197079307	3.353005440914356	3.1473900803893793	2.919958094713242	2.6299199926829284	2.3277506893040503	2.079768383419191	1.8605456717841788	1.6037860636411576	1.389831180566691	1.2366336086304397	1.0796588299515997	0.9070831743819129	0.7622830132210919	0.6587861012685047	0.5674059186079966	0.4660508710151916	0.383885770321517	0.3266343148667963	0.2736955322446102	0.22088699813078919	0.18289784985762392	0.15788651823739613	0.13479635211555416	0.11010702375211798	0.0901355858027968	0.0746975195474067	0.05913282279777269	0.04305075002879939	0.03193259263418635	0.023549653915241216	0.016878035875649143	0.011212225761765638	0.007543559442814248	0.005720080325702315	0.004167952267684419	0.002934209452336861	0.001979053724325848	0.0014218795496527574	0.0010528421092848661	0.0006765686406744673	0.0004088355957016835	0.00029667715794281455
MCW_CT_ROA_245_R1_trim	0.0001209604209035574	0.00012398443142614635	0.00012398443142614635	0.0001209604209035574	0.0001209604209035574	0.0001209604209035574	0.0001209604209035574	0.0001209604209035574	0.0001209604209035574	0.0001209604209035574	0.0001209604209035574	0.0001209604209035574	0.0001209604209035574	0.00012398443142614635	0.0001360804735165021	0.0001451525050842689	0.00015120052612944677	0.0002116807365812255	0.0003356651680073718	0.0006259701781759096	0.0010614276934287163	0.002050279134315298	0.0038646854478686593	0.007227385148987554	0.01101949434431408	0.019036146239697346	0.03291333052785797	0.05264197517722819	0.07299356599425172	0.10495130919697158	0.1650172302071556	0.2575791682930803	0.33933631678179477	0.44194099381323737	0.6375400424353348	0.901300288236587	1.1012781040953932	1.3353849027121383	1.7253159395473685	2.136339449777657	2.396322706436195	2.6091162788897333	2.8907242347953055	3.1270657771882435	3.268471533235025	3.3577554439144635	3.461149387692301	3.521212284691963	3.539286795585477	3.547200631123092	3.5423470942343367	3.5621241230520684	3.6053281613882966	3.608503372437015	3.593601048581697	3.5923702762990026	3.5862950391591215	3.519657943283352	3.349206566167104	3.1000855553057054	2.9130595765151472	2.69672791175018	2.3767210702287733	2.0742202256226348	1.869706393979945	1.6851963919441812	1.4385369256481695	1.2339747098371183	1.102161115167989	0.9734924914423525	0.8188748334223804	0.6891871181506313	0.6047839604546515	0.5344908358570717	0.4482006955949964	0.3787996541015804	0.33549884742862945	0.29377657424846987	0.24444891460399915	0.20586858835680952	0.18303126089021787	0.1641190990819467	0.13825171307172093	0.11103561836842053	0.09233816130725314	0.07570005541196881	0.05338588176578506	0.037388866101289595	0.02856177938585249	0.02177892378368551	0.014996068181518529	0.009961090661407952	0.006970344254567495	0.004968449288613621	0.0034594680378417417	0.002240791797238401	0.0015452693770429458	0.001115859882835317	0.0006804023675825104	0.0004566255889109292	0.00036288126271067224
MCW_CT_ROA_245_R2_trim	0.0001332373015388757	0.0001271810605598359	0.00012415294007031598	0.00012112481958079608	0.00011506857860175627	0.00011506857860175627	0.00011506857860175627	0.00011809669909127618	0.00012112481958079608	0.00012112481958079608	0.00012112481958079608	0.00011809669909127618	0.00011506857860175627	0.00011506857860175627	0.0001302091810493558	0.000154434144965515	0.00017260286790263442	0.00022710903671399266	0.00036640257923190814	0.0007146364355266969	0.0011991357138498812	0.0022105279573495285	0.004115215745257547	0.007885225754709825	0.011909597885281776	0.01951926467544529	0.03396945565143426	0.055469111127025565	0.07678707937324568	0.10868832873033785	0.17041959302969056	0.26319817670809087	0.3435735788614176	0.4491853371744033	0.6492017798686613	0.9136142328930498	1.1127979424526897	1.3507597630011219	1.7456660404008808	2.1582716820618835	2.418835393944092	2.628199644589498	2.9176031760138943	3.152960812941339	3.2815317808058646	3.3839276751589797	3.4976911338297536	3.5552133106486736	3.5722707133661387	3.5758166424593667	3.5651576583362563	3.5776516834760157	3.6157363548727077	3.632966360458076	3.6237790428928727	3.6130292151550765	3.6053832109190393	3.5365903696381262	3.360390094593942	3.104026385830698	2.913257823111433	2.6970227670753064	2.3791246218445283	2.0744775318758886	1.8656704554005545	1.6761282814795455	1.4234467672315576	1.2129621120050291	1.0786134902464997	0.9521834035680645	0.7947423349564563	0.662304457226814	0.5783679853778118	0.5042819894812178	0.41644227032122455	0.3455993914689064	0.29960829747407813	0.2585651523591254	0.21153844115688133	0.1749738862459285	0.15270811628648864	0.13502692074818196	0.11220700473915997	0.0896626476946843	0.07389825242624369	0.060035516825221576	0.04305684524048349	0.030677888679326127	0.022771466081189663	0.017142190091172165	0.012276000464513683	0.008730071371285878	0.006537712136873469	0.004860133385679442	0.0033339606589614123	0.0022074998368600087	0.0017108880765787447	0.0013142042924516376	0.000866042460002692	0.000587455374966861	0.0004299931095118261
MCW_CT_ROA_246_R1_trim	2.243831000370821e-05	2.243831000370821e-05	2.243831000370821e-05	2.5243098754171736e-05	2.8047887504635265e-05	2.5243098754171736e-05	2.243831000370821e-05	2.243831000370821e-05	2.243831000370821e-05	2.243831000370821e-05	2.243831000370821e-05	2.243831000370821e-05	2.243831000370821e-05	3.085267625509879e-05	4.768140875787995e-05	0.00010097239501668694	0.00016267774752688454	0.0003057219738005244	0.0006731493001112463	0.0016267774752688452	0.0025495529741713457	0.004583024818257402	0.009387627947801423	0.019092197024405223	0.026954019891954485	0.040097259976626574	0.06992057876030525	0.11720651230436985	0.1522214950651565	0.20145675679079325	0.31069205946634576	0.4765981188450138	0.5908792364826502	0.7457765000157488	1.0794117314608862	1.5013417127706155	1.7568972349803493	2.0628548110359124	2.62055900617808	3.134115826387952	3.397300373998946	3.5637505623952044	3.7936815345807036	3.9032057304975534	3.93107691631091	3.9168706612898117	3.8537741335593845	3.75009231260975	3.6847126868364453	3.6112692934055572	3.4698097727759296	3.3812653967125463	3.3671629188752155	3.307084343840287	3.190217210974723	3.095535957125326	3.0464521539922145	2.94718787532456	2.728117045180855	2.437981282466657	2.246178608554959	2.0566337895873845	1.7433697388368636	1.46288525421301	1.3112667887292033	1.1784740653385075	0.9798781930731871	0.8199070666905	0.7317525562634313	0.6515608410989286	0.5361157361298499	0.44141204397044886	0.3885950670104702	0.34557802194461107	0.2841671722532122	0.23800595899808344	0.21446817180419356	0.19142683221913567	0.1588520156712523	0.13249261099439605	0.11869585513086596	0.1069522046326752	0.0873270977456819	0.06752248437865893	0.056087360643019134	0.04613036057887362	0.031214494003908584	0.019961681537048918	0.014399785444879746	0.011443538101891188	0.007847798923796947	0.005152396934601498	0.0037471977706192714	0.00275991213045611	0.0018315270540526826	0.0011555729651909728	0.0008133887376344226	0.0006507109901075381	0.00045157098882462774	0.0002776740862958891	0.00016267774752688454
MCW_CT_ROA_246_R2_trim	5.6073415352665615e-05	3.925139074686593e-05	2.2429366141066245e-05	2.2429366141066245e-05	2.2429366141066245e-05	2.2429366141066245e-05	2.2429366141066245e-05	2.5233036908699527e-05	2.8036707676332808e-05	2.8036707676332808e-05	3.084037844396609e-05	2.8036707676332808e-05	2.2429366141066245e-05	2.5233036908699527e-05	8.411012302899843e-05	0.0002018642952695962	0.0002663487229251617	0.00037288821209522635	0.0009139966702484496	0.002374709140185389	0.0036195389610145655	0.005873690258191723	0.011326829901238454	0.02254151297177158	0.03150204474512754	0.04508863328507842	0.07763083988499792	0.1280913063608617	0.16381567928204496	0.21512846167126926	0.3302079319995449	0.4989328387957157	0.6130730794168342	0.7651722185609398	1.0937456105029544	1.51826061611338	1.77815528893145	2.081100326386529	2.632520685623107	3.1489904850703687	3.4183671724245746	3.5771811030571614	3.7913535129966682	3.893749176772171	3.92260735998342	3.9130468426657905	3.8575593945035602	3.755236626168016	3.688610194045979	3.615580177890667	3.482646932114103	3.3916762267167053	3.366445993478774	3.317219142140669	3.2102815317216002	3.1183379525678347	3.0742950884790834	2.9754993379692216	2.745082459602048	2.448176528980451	2.259876392884665	2.0671857083667646	1.7520979728170663	1.466723540062745	1.308871268503456	1.1742333909001705	0.9698598102935427	0.8017208706878072	0.7095614088849336	0.6290708248169496	0.5116194490192564	0.41769367463277385	0.3669107860186322	0.3210511432724546	0.25884049260943975	0.21166592827324215	0.18547964330354733	0.16233253744596696	0.1308024559931631	0.10652827448699415	0.09381643122654484	0.08281202346358421	0.06673016794043972	0.05194360831194179	0.04285691135404233	0.03509354699846578	0.02425175214002788	0.0161154995723561	0.011660466722586815	0.00905866025022313	0.006145646322652152	0.004059715271532991	0.0029915167090647106	0.0024223715432351548	0.0017803309374471333	0.001228007796223377	0.0009868921102069148	0.0007037213626759534	0.000389710236701026	0.0002635450521575284	0.00022429366141066246
MCW_CT_ROA_247_R1_trim	3.577562387321692e-05	3.577562387321692e-05	3.577562387321692e-05	3.8756925862651655e-05	4.17382278520864e-05	3.8756925862651655e-05	3.577562387321692e-05	3.8756925862651655e-05	4.17382278520864e-05	3.8756925862651655e-05	3.577562387321692e-05	3.577562387321692e-05	3.577562387321692e-05	3.577562387321692e-05	4.17382278520864e-05	0.00010434556963021601	0.00019378462931325826	0.0002772610850174311	0.00048595222427786304	0.0011328947559852023	0.0018007064016185845	0.0030945914650332626	0.006138500796246135	0.012661589549129354	0.018403577180780666	0.027693314179859325	0.04641589067350951	0.07614841541414219	0.10007932648333488	0.13454914008517938	0.21391139904393225	0.334871764661268	0.4215978395339247	0.5395619966518785	0.7882622086105249	1.1207370064722875	1.3372600260589644	1.601164878163728	2.0765185738691505	2.5299358495363125	2.7779950815672296	2.9675999254913004	3.233997146059232	3.418018011357091	3.5036499483996253	3.544621981640427	3.597376120343475	3.603610022803383	3.5870518715540625	3.566665728550307	3.5073258937525984	3.478475834400838	3.4928874482177656	3.4667831679982752	3.3988363143570677	3.344901580066204	3.322801188418524	3.255775557092053	3.087618199679975	2.831944722368041	2.645520927666697	2.4545864230553387	2.141054818034444	1.8484877286032553	1.6841106621137814	1.5310446553722228	1.3055031972675055	1.1192344302696122	1.0119969977096446	0.9023775048601185	0.7458502065088262	0.6210588678350668	0.5487772011012214	0.48516516055265235	0.3995600552280231	0.33835690668691726	0.3060127614035397	0.2715667982176107	0.22385105987670767	0.18564567488210143	0.1664788843920255	0.15012942428196535	0.12521170225426975	0.10007932648333488	0.08409954781996466	0.06848646930129491	0.04612670438053434	0.030448037218097027	0.022720502461482175	0.018099484377858324	0.012443954503900618	0.008034608861526632	0.005706212007778097	0.004081402423536163	0.002504293671125184	0.0014936322967068062	0.0010046987704395082	0.0007691759132741636	0.0004650831103518199	0.00022061634721817097	0.0001311772875351287
MCW_CT_ROA_247_R2_trim	7.752082209281413e-05	6.261297169034988e-05	4.4723551207392764e-05	3.8760411046407064e-05	3.577884096591421e-05	3.8760411046407064e-05	3.8760411046407064e-05	3.8760411046407064e-05	4.174198112689992e-05	3.8760411046407064e-05	4.174198112689992e-05	4.4723551207392764e-05	4.174198112689992e-05	3.8760411046407064e-05	4.770512128788562e-05	9.541024257577123e-05	0.00015504164418562826	0.0002892122978078065	0.0005635167452131488	0.001302946125175376	0.0020572833555400675	0.0036285707879598	0.007042468530124114	0.013807651042762393	0.019672399391091833	0.029365483722774092	0.04974451522294273	0.08112852189021048	0.10570560406371306	0.1420121829338745	0.22336134101004143	0.34473509584674444	0.4317224029451234	0.5497359283011108	0.8012850328521318	1.1351582688956408	1.3503232737544073	1.6123704865588437	2.0893292707652047	2.557656409588539	2.8161436277168663	3.0015406368919924	3.2599473526281466	3.432583241858763	3.5119913978125292	3.5637872332508516	3.6231979986747516	3.635765316564029	3.6301778542331853	3.6014742790682805	3.5411123927887034	3.5100563588302895	3.5151727330884155	3.4982046177603303	3.4406304995060135	3.392707723602252	3.372766982903916	3.2970559738499605	3.1116202042637884	2.84435822538857	2.656534218167923	2.4609223498970283	2.1457853002393366	1.8489670171561927	1.6753114309580475	1.5213043915903506	1.285178949065719	1.0846534533021723	0.9746722777430326	0.8654573656945793	0.7049236694206833	0.5775032904607408	0.5080446338655794	0.44534519664289524	0.3603436152181245	0.2943972481777836	0.25634943238061436	0.22340606456124884	0.17882264714763924	0.14523526019088726	0.1286607121134275	0.11386616137402199	0.09285503701678886	0.07282484921603789	0.0603082180181289	0.04901701212330248	0.03389448867504273	0.02287758722762165	0.01663716104915011	0.012960885139902425	0.009093788745503196	0.006222536757988581	0.004615470484602933	0.0033155059295080507	0.0021079700469084457	0.0013595959567047403	0.0010763467990579194	0.000864655323342927	0.0005635167452131488	0.0003100832883712565	0.00019678362531252817
MCW_CT_ROA_249_R1_trim	6.912288143984621e-05	6.912288143984621e-05	6.912288143984621e-05	6.912288143984621e-05	6.912288143984621e-05	6.912288143984621e-05	6.912288143984621e-05	6.912288143984621e-05	6.912288143984621e-05	7.257902551183852e-05	7.949131365582314e-05	7.949131365582314e-05	7.603516958383084e-05	0.00011405275437574624	0.00018663177988758478	0.00027649152575938483	0.00040782500049509263	0.0007465271195503391	0.0013859137728689166	0.00278219597795381	0.0044860750054460195	0.0076657275516789445	0.014405208492063951	0.026546642616972933	0.03721921551128519	0.05427528650656725	0.08903718358266591	0.14012936139892823	0.1814406514914523	0.2383115021960858	0.34995532415365344	0.5064149662927453	0.6213559496949935	0.7549462865097123	1.0175060955148962	1.3426082876468528	1.555133498921804	1.7916685430648858	2.2056696730166285	2.610446354440224	2.838303020818533	3.0062508858529275	3.2303714604894127	3.3895303511487307	3.4682751376850036	3.5059851256545116	3.518727928847947	3.4812875201160547	3.456780002501557	3.429535218782042	3.3697404701925024	3.3428620377446183	3.3490139741927645	3.316522763771965	3.25248387026202	3.204633555585286	3.173707978429099	3.103966447200366	2.9521829679906797	2.7249034776723935	2.5511803958937	2.360542945026676	2.0704653169202896	1.801936747102775	1.631192861514139	1.4819600166295828	1.2752376712515068	1.1026032748554908	0.9981136711269474	0.8879974648492004	0.7447748545058389	0.6268754117779652	0.5534081572396248	0.49536567369458584	0.41811048525334177	0.35684341928913405	0.32312873386684904	0.2914739103114715	0.24552793101840573	0.20308648181434014	0.1796849303028802	0.15975680358377256	0.13144752749008354	0.10488014800867865	0.08804181408993211	0.07234746385901504	0.05019703650161632	0.034264212329731765	0.026149186048693818	0.021079022695081103	0.014491612093863758	0.0090343606041879	0.006262533058450067	0.004444601276582112	0.0027856521220258022	0.0016969667393482244	0.001033387077525701	0.0006739480940385006	0.00036635127163118494	0.00023501779689547709	0.00018663177988758478
MCW_CT_ROA_249_R2_trim	8.298185905918488e-05	8.298185905918488e-05	7.606670413758614e-05	6.915154921598739e-05	6.915154921598739e-05	6.915154921598739e-05	7.260912667678677e-05	7.260912667678677e-05	6.915154921598739e-05	7.260912667678677e-05	7.95242815983855e-05	8.643943651998424e-05	8.989701398078362e-05	0.00012101521112797793	0.00017633645050076785	0.00030080923908954517	0.0004667729572079149	0.0007537518864542626	0.0015974007868893088	0.0033054440525241975	0.005058435825149477	0.008681977004067217	0.016292104995286633	0.0296176085292074	0.04121432333272849	0.05916606550919882	0.09700925081764791	0.15044611047430217	0.19219290073599377	0.25130018742835897	0.3657805771554261	0.5196980954003709	0.6314227958911809	0.7677861933676472	1.0294003343615707	1.3496273284709652	1.5612172387620435	1.8001531291905837	2.2157781430208936	2.620107251286772	2.8485493941217865	3.0159480068863878	3.2400093990785694	3.403801758551557	3.485981459639836	3.5151253800569147	3.528074007647608	3.5001056635672017	3.4734823171190468	3.444974590954756	3.3936191929295028	3.364966248511859	3.3604229917283686	3.3374577622337385	3.2890240171628617	3.2431557945678966	3.2087114079034134	3.135742693170704	2.964927993874832	2.726299827840303	2.5586073209915337	2.370155519068125	2.0810156039087775	1.8100798340805389	1.637861358335583	1.484503967639288	1.2690554009019575	1.0882897936739058	0.9791548187012343	0.8693940222081583	0.7253478876137958	0.6050518525976641	0.5308418675565273	0.4679243305023611	0.39001819515562974	0.3257936938212814	0.2848732645727209	0.2490354741915354	0.20190869340084	0.16376124127584055	0.1425490035538364	0.1251193555739468	0.10112722557345996	0.07949316340123831	0.06570434448757043	0.053938208388470174	0.03813016423769545	0.027031340588529473	0.021433522679495293	0.016703556713121757	0.011257872212362748	0.007292030864825871	0.005172535881355857	0.0038828594884776925	0.0026796225321195116	0.001860176673910061	0.0014279794913101397	0.001075306590308604	0.0006880579146990746	0.0004252820276783225	0.0002904365067071471
MCW_CT_ROA_250_R1_trim	0.00016641647598674344	0.00016641647598674344	0.0001686653472838616	0.0001686653472838616	0.00016641647598674344	0.00016641647598674344	0.00016641647598674344	0.00016641647598674344	0.00016641647598674344	0.00016641647598674344	0.0001686653472838616	0.0001776608324723342	0.000188905188957925	0.00019565180284927944	0.00022038938711757916	0.00031709085289365985	0.00048350732888040326	0.0008433267364193081	0.001643924918193371	0.003359813717894523	0.005197141567640055	0.008703131919847258	0.015631904386268294	0.028169361867702004	0.04076529000286079	0.059957157652467126	0.09555679028584751	0.14616538995619446	0.19208734184334716	0.25321166369901865	0.3629655784835731	0.5168378503749914	0.6430332632127767	0.7923403263710451	1.0637521054776409	1.407492083242151	1.6447570005733048	1.8829686927205453	2.2844484410385637	2.6826178508072243	2.916417257469519	3.103959630421391	3.344033388002645	3.5146192713742455	3.5977712875851893	3.6425935414080515	3.6846699233771316	3.678024508694148	3.6495852822707917	3.613522382150205	3.5385899905302276	3.477551125783847	3.454448470948552	3.409471045006189	3.3362612887998044	3.263595759447323	3.2050688839398225	3.096403422863074	2.8861609430380915	2.613046768359577	2.412998422124432	2.2066127565740072	1.907805227325918	1.625542644210727	1.4430220008653207	1.2853468876104754	1.0763795178109594	0.9126706828659462	0.8190479218956205	0.7306065603938547	0.6134426146852959	0.5204203023513007	0.46702085340123006	0.41683729040603845	0.35341911982730645	0.30397993323146094	0.27369438347317077	0.24642232125301888	0.21018850691385121	0.1793294949747959	0.1618422717684051	0.14555819470597256	0.12227787903820542	0.09858826879436278	0.08279894341729621	0.06696688948558441	0.045762282025057326	0.031241320059565408	0.023604153134552153	0.018636396439218147	0.012364294391555612	0.007508981261077518	0.005320829488981554	0.00392428041347118	0.002487251654612679	0.00157196103668559	0.001149173232827377	0.0007848560826942359	0.0004115434473726223	0.0003418284371619595	0.0003508239223504321
MCW_CT_ROA_250_R2_trim	0.0002208682796346577	0.00019607694212464514	0.00016903184665917684	0.00016227057279280974	0.00015776305688189836	0.00016001681483735408	0.00016452433074826543	0.00016452433074826543	0.00016227057279280974	0.0001712856046146325	0.0001712856046146325	0.0001712856046146325	0.00018480815234736667	0.00018931566825827805	0.0002208682796346577	0.0003313024194519866	0.0004913192342893407	0.000860935538984074	0.0017894838166318187	0.0035654450855309035	0.0053301375646527096	0.009046584433199145	0.016481731928247468	0.02993441316436249	0.04299719427418367	0.06208427039893792	0.09828413067946723	0.15116179983036865	0.19876567536550377	0.2620218999012786	0.37475712659112775	0.5312963929032137	0.6596884761096135	0.8092343314859205	1.0793742675427505	1.418386792960351	1.6524305416026026	1.9022979248501086	2.310095143068217	2.704840848966281	2.93948635098264	3.1168030118860717	3.355494009432473	3.530367596712191	3.610504468334329	3.6599631866668045	3.7078284981247718	3.7017749042564176	3.673402345355186	3.640709332453346	3.5720801489517644	3.509856145559589	3.4814610490788023	3.436216858123029	3.367256372201996	3.2884492177735773	3.2202640245892207	3.113300672023293	2.901149928160338	2.623604143461881	2.422776279567135	2.209926870737989	1.90841237018326	1.626140455052212	1.43952478882457	1.2829246710476867	1.0724935445047443	0.901832230843773	0.8031582000380119	0.7108735730359677	0.5895673048415205	0.4932664811628544	0.4364221980103509	0.38635947254581365	0.3204708587180665	0.26828509325949	0.23827630608259748	0.20922085852086272	0.17135997862716257	0.1406502727261233	0.12300109417694981	0.10726986364786907	0.08628512332462113	0.06815138681502464	0.056422830414833224	0.04505036777160381	0.031025232014803044	0.021070383125555255	0.015179059829994079	0.011645167355839555	0.007854346474763085	0.004969536291779798	0.00357220635939727	0.002713524578368652	0.0018796341348500465	0.0012801345186988326	0.0009601008890241244	0.0006828886605030743	0.0004146914638038471	0.00026368968078831586	0.00018030063643645529
MCW_CT_ROA_252_R1_trim	5.0217277605881246e-05	4.707869775551367e-05	4.394011790514609e-05	4.394011790514609e-05	4.394011790514609e-05	4.394011790514609e-05	4.394011790514609e-05	4.394011790514609e-05	4.707869775551367e-05	5.0217277605881246e-05	5.3355857456248826e-05	6.277159700735157e-05	6.904875670808671e-05	8.788023581029218e-05	0.00016006757236874649	0.0004268468596499906	0.000743843424537116	0.0012334618811944583	0.0028058903862286143	0.005815788462731121	0.008210524888561584	0.013241668388700811	0.025538624242440983	0.047756631003193065	0.06502195876006511	0.09163711589118217	0.15000842394831837	0.23638841859013487	0.29766605158871146	0.37719452641717555	0.5488560127531799	0.7874853773564771	0.9451582132993932	1.1376441769425862	1.5342978984320408	1.9910648397955855	2.255694199879328	2.544044946472148	3.0437351058693203	3.470563134040208	3.6811398719409203	3.7950232418115077	3.9111255876363056	3.9368870510481226	3.940461893497691	3.882344810408435	3.753295822700871	3.603767601469659	3.5131254153910434	3.427335473761096	3.2589035860911197	3.1230093557299043	3.071552339083128	3.005472678913489	2.8850045685168304	2.768331001159266	2.695453177033731	2.598631127229741	2.390995238648824	2.12464593680708	1.9529970047904772	1.7903652126839804	1.5281619748245723	1.2934558350342344	1.1662021150010808	1.0515749017059561	0.8808832365437156	0.7403031064659014	0.661967291980577	0.5933391049724396	0.4925655831368373	0.41054821448703177	0.3664323361102651	0.33028217339373134	0.27784905841349056	0.234477023461261	0.21176312108415082	0.18893622983242744	0.15848258954431085	0.1335026325152353	0.11860379396554041	0.10564773634322304	0.0865620322731378	0.06908328108644075	0.058506266990702015	0.04746160449725852	0.03127594820891291	0.02046040204454624	0.01543239712425738	0.012105502482867748	0.007705213532652404	0.004594880900938134	0.003235875825728973	0.0023162719295712723	0.0013872522938624696	0.0007532591640882188	0.0004456783387521961	0.0002981650857849199	0.0001537904126680113	0.00012554319401470313	0.00012554319401470313
MCW_CT_ROA_252_R2_trim	0.00010044589817560743	7.84733579496933e-05	5.022294908780372e-05	4.394508045182825e-05	4.394508045182825e-05	4.7084014769815984e-05	4.7084014769815984e-05	4.7084014769815984e-05	5.022294908780372e-05	4.7084014769815984e-05	5.022294908780372e-05	7.84733579496933e-05	0.00010044589817560743	9.102909522164423e-05	0.00021658646794115355	0.0005744249801917549	0.0008945962806265036	0.0015757450276298417	0.003729053969769426	0.008063922262910483	0.011381775837023517	0.017722423159358736	0.032563304614804736	0.058443818066613584	0.0783446616426558	0.10803584135650178	0.17381220998993469	0.267895488302981	0.33256695205648223	0.4144774430843721	0.5888640780544986	0.8286096033937657	0.987395734803493	1.176246579110907	1.5589548679629253	1.999830748661574	2.25839104630286	2.5396678116034224	3.028688666871367	3.4533896190294255	3.667066294857804	3.766746293059822	3.8779587359461276	3.9046239829774336	3.898911122518696	3.8544010338896295	3.7413680090988914	3.6044037490678154	3.524360923959128	3.437559973263813	3.272737671160595	3.137371128697374	3.080170328620684	3.0195669237432945	2.909223965663072	2.8006356718666043	2.7293285009648773	2.6273602196450456	2.419170401004509	2.1560649264707776	1.9847261967234173	1.8132273813258395	1.5425225468082595	1.3016564219174707	1.1683207699579878	1.0495968572487377	0.8716946158424652	0.7307941321766318	0.6553435679751607	0.5818265873135701	0.47606333440329146	0.3912807184744428	0.34389536601009996	0.30195920352178385	0.24615836815091593	0.2024455688386188	0.17706728487768797	0.15491268646133055	0.12470044365069863	0.10044589817560744	0.08712426093006749	0.07669358219139426	0.06113702371144706	0.04736337992411689	0.03976401994026859	0.03245971978231114	0.022302128329302836	0.01521127570496855	0.011560695093148818	0.008986768952398876	0.005901196517816936	0.003725915035451438	0.0027528453968752413	0.0020434462410100136	0.001346602822416737	0.0008820405433545528	0.0006497594038234605	0.000527340965421939	0.0003578385122506015	0.00020403073066920256	0.00012555737271950927
MCW_CT_ROA_253_R1_trim	0.00016149955342589003	0.00016149955342589003	0.00016149955342589003	0.00016149955342589003	0.00016149955342589003	0.00016149955342589003	0.00016149955342589003	0.00016149955342589003	0.00016149955342589003	0.00016149955342589003	0.00016149955342589003	0.0001642840284849571	0.00016706850354402417	0.00018655982895749365	0.00021718905460723143	0.00038425755815125556	0.0006098000379356882	0.0009662128454962731	0.0019741928168785523	0.004377194792853433	0.006766274393532979	0.01048076412232845	0.018770146373171114	0.03463608525973528	0.04900397656452135	0.07034419341721138	0.1128575586190474	0.17480655973317155	0.22403329430241828	0.2915401076344403	0.42336551035585257	0.6083910935558002	0.746336772457042	0.9169248524757269	1.2462697779871208	1.6483117783406376	1.9074879323635416	2.181302071771961	2.6477768249922895	3.0770537758985417	3.306413770988955	3.462589408101909	3.660548877951223	3.77412483113551	3.8191108101897977	3.8205114011445085	3.7849842838658714	3.710140378753208	3.6522984783512076	3.5838978485252246	3.466899775493345	3.3629358302129577	3.3094934004042833	3.253458624315618	3.1541781660845816	3.0529374374119618	2.9871180159657342	2.880319475075217	2.6552392181505895	2.3742522709900133	2.1843427185364623	1.9911781147388614	1.69719323800256	1.4288060404842624	1.2691108268966478	1.1341863034344941	0.9495616846430519	0.800725923785799	0.7135523631115863	0.6337520923937832	0.5274018519877754	0.44211894987866934	0.39322913679156973	0.35582528332312174	0.30468561438829594	0.26162927654994184	0.23644369964068018	0.20998004867930678	0.1761876593624688	0.1479391598882334	0.1321261260277915	0.11888037817180945	0.0984144864876665	0.07845258478921469	0.06621760137967397	0.0534396453336152	0.036109072565981754	0.024010528434335338	0.017233116140566093	0.013293083931986189	0.008751605110647799	0.005346192113408773	0.0036170331017281233	0.002681449481881588	0.0018071243133345283	0.001085945273036157	0.000718394565239304	0.0005290502612227432	0.000359197282619652	0.00022554247978443263	0.00011694795248081692
MCW_CT_ROA_253_R2_trim	0.00023405978990458887	0.00019783625099078345	0.00016161271207697803	0.00016161271207697803	0.00016161271207697803	0.00016439913814727075	0.00016439913814727075	0.00016161271207697803	0.00016161271207697803	0.00016161271207697803	0.0001671855642175635	0.00017275841635814893	0.0001699719902878562	0.0001950498249204907	0.00024241906811546703	0.00041517748447361593	0.000638091570097034	0.001103424723835919	0.0023628893076082305	0.005096373282565393	0.007632021006531772	0.011658406678104761	0.021243712359911734	0.03878147804633414	0.05385882951268807	0.07719793427745994	0.12445572042962454	0.19084232155434872	0.24122926418345203	0.3115307939369375	0.4487929285856274	0.6352438426531948	0.7724112388154948	0.9420683629574078	1.270710599392013	1.6683029489360117	1.9226423477801908	2.194084829843827	2.651423727187042	3.07899523482132	3.315286952008213	3.4598132994221564	3.6493822242623812	3.763073980782465	3.80214803356618	3.8095877911738616	3.7869620114830846	3.717214980517588	3.6607508426291755	3.5972063960961504	3.486125520803931	3.389826635814614	3.339631956584361	3.283543986215439	3.1782895278362013	3.0701929148652654	3.003956780748337	2.896788047658809	2.6800403229289484	2.402467703510668	2.2078859981699868	2.0052654536165107	1.705582543330458	1.436748156068616	1.273223955707417	1.1348165999438367	0.9426925223971535	0.7895839826867088	0.7021041362098688	0.6205342994281194	0.5095147255094464	0.41945743491758564	0.368925598132827	0.3268477780453366	0.2709074882581399	0.22582590086687387	0.19826257417953824	0.17241289952543262	0.13963059680843873	0.11264684674372398	0.09731035765283283	0.08549312468872138	0.06914516293431396	0.05375851817415754	0.04420943603126437	0.035947682732846445	0.024771327764902325	0.016621031509296103	0.012207332613952427	0.009384683004745898	0.006333546457775363	0.0041071920276114764	0.0030232722862676064	0.0022737236733588635	0.0016077678425589022	0.0010978518716953335	0.0007662671693304993	0.0005712173444100085	0.00036502181520834694	0.00024520549418575977	0.0002006226770610762
MCW_CT_ROA_254_R1_trim	0.00012328449623489148	0.00012328449623489148	0.00012328449623489148	0.00012328449623489148	0.00012328449623489148	0.00012328449623489148	0.00012328449623489148	0.00012328449623489148	0.00012328449623489148	0.00012328449623489148	0.00012802620762854115	0.00012802620762854115	0.00012328449623489148	0.00012802620762854115	0.0001707016101713882	0.00031295295198087837	0.00045520429379036857	0.0008203160711013934	0.001607440162447239	0.0029066690843072493	0.0043386659251894505	0.007197917895560203	0.013812605289701498	0.025756976290305024	0.03599907290058831	0.05249074512770187	0.085568923809802	0.13629101058767254	0.1783262820923769	0.2336383454993003	0.3432335209407252	0.49863837015619955	0.6132218259837439	0.7540553960865328	1.0346129758259965	1.3824175065502	1.6048606714490936	1.8519275436152098	2.279644136456591	2.695117630479569	2.931416076070707	3.1161768605242663	3.371617595011568	3.5685550943240196	3.67623461836241	3.7178146855733245	3.755738893299734	3.744700189175318	3.7160365438007057	3.6840489587391447	3.5997840055625967	3.5071594151990437	3.461008338204651	3.4200684020318803	3.3300802032031966	3.2305990981644266	3.1737696871115357	3.064089160865025	2.84247579546002	2.565996087519095	2.3754693820108574	2.1818605640967474	1.8830853291828815	1.6074591292928135	1.4403185443780564	1.2895747974625396	1.0821249239903665	0.9189958269146367	0.8252569343735763	0.7372175789276829	0.6191963823397425	0.5216830875293369	0.46149180309834803	0.4161373336180889	0.35311998919648474	0.301980631815973	0.2749908105633191	0.2458624774721292	0.20431560224097073	0.17058306738654697	0.15425735505821114	0.13862393259334818	0.11386271569570959	0.08947135228677566	0.07403708170044598	0.060660713858960255	0.04244780039595187	0.028734771045517013	0.021508402881594915	0.016273553503005675	0.010602466676200668	0.006937123768909471	0.005130531727928945	0.003793369114919738	0.002389822542399435	0.0014367385522758508	0.0009673091243045332	0.0007586738229839476	0.0004125288912475215	0.00021811872410788493	0.00021811872410788493
MCW_CT_ROA_254_R2_trim	0.0001422447453605691	0.0001280202708245122	0.00011379579628845529	0.00011379579628845529	0.00011379579628845529	0.00011379579628845529	0.00011379579628845529	0.00011379579628845529	0.00011379579628845529	0.00011379579628845529	0.00011379579628845529	0.00011853728780047426	0.00012327877931249322	0.0001422447453605691	0.00018017667745672084	0.00032242142281728995	0.0005120810832980487	0.0009151078618196612	0.0018159912491032654	0.0035087037188940374	0.005144518290540582	0.00842088892534569	0.016049948768184212	0.029103274900772438	0.0400181883614401	0.057708693192782885	0.09442206197034576	0.14924318683230908	0.19271792250601102	0.24810802634941662	0.36191804711240794	0.5215166514069665	0.636123242743977	0.7769597651254765	1.0596854210041438	1.4094605083542708	1.6312817057610545	1.866644602926164	2.2861433229605304	2.710928806030798	2.9552957955772317	3.1344909842909643	3.381968392269283	3.5687689333682937	3.66835922108674	3.715266796615144	3.759912680692315	3.7556453383314974	3.730022318200547	3.690454571532749	3.5968717535600305	3.5049294916504707	3.462293999974396	3.4264388411605085	3.338294513952076	3.2421607735458915	3.1903315298280117	3.082476822404116	2.8510825536345665	2.566868069421125	2.380347276321323	2.1865862256826682	1.8867200779880526	1.6034349261109673	1.4301666017872579	1.286513633447619	1.0811738605366135	0.9107456896286037	0.8146546226460274	0.725837003642888	0.6044785283927624	0.5052154035886453	0.4472980847693335	0.3971188800976368	0.32944357174659006	0.27485952146022763	0.24319584114296497	0.21248520061961812	0.174714479234875	0.1448952391157877	0.1270008501494281	0.111225907888941	0.0905055899814181	0.07239783389701765	0.05943459610315778	0.04745758854379786	0.03298181495760395	0.022991492341779985	0.017344375950965392	0.013138672979804566	0.009260132922973048	0.006510067846002046	0.004826838359235312	0.0038880230398555555	0.0028591193817474386	0.0019108210793436448	0.0014224474536056908	0.0010004547090360025	0.0005926864390023713	0.00045518318515382116	0.00044570020212978317
MCW_CT_ROA_255_R1_trim	0.002009991619315431	0.002009991619315431	0.002009991619315431	0.002009991619315431	0.002009991619315431	0.002009991619315431	0.00202469887506652	0.0020443085494013043	0.0020541133865686965	0.0021325520839078353	0.002220795618414367	0.0025198431520198333	0.0028188906856253	0.0033434494740807903	0.004887711327945085	0.008285087406446533	0.010819637814217454	0.01635937081379413	0.028855635783635678	0.048681016536103	0.06283429898723386	0.0877630974853289	0.14024348842379644	0.22147166193705833	0.27732491686110883	0.34081613993855797	0.4795938052058293	0.6639345487899728	0.7815484730314277	0.9115410041967155	1.1767716544118458	1.4846876632352188	1.660512905739482	1.844927185602381	2.2179473132172394	2.6142539291046543	2.824842221785907	3.026812062597022	3.3730110581404786	3.6087389533189254	3.6959480775042963	3.761106122900202	3.805095524851708	3.7466047687296293	3.69437440113893	3.606841717327035	3.454440230815672	3.294145850384558	3.1986320291184054	3.098505031964995	2.90014337123148	2.72972059400645	2.652154527175209	2.586246411735998	2.46048466780844	2.3405371923211455	2.278041160216187	2.1824341929969444	1.9888425855453657	1.7510164552130971	1.5962520029443927	1.4519247998403773	1.2245359186727975	1.0243946799934014	0.9148452343221267	0.8336758898318691	0.7105075253350864	0.6076302713562223	0.5528555485205848	0.509449534380539	0.4461740177207725	0.3900756418675371	0.35814618963192396	0.33535974805490415	0.2962041308269228	0.25758287722456435	0.2368897683827828	0.2108824377962746	0.1738642750707848	0.1428760872032413	0.12397236114450884	0.10675996949715157	0.08212531611407829	0.06141750001654566	0.049695817182928106	0.04006746708454883	0.025688673378567946	0.016624101417313724	0.013050238269799215	0.009755812981555386	0.00582897569601475	0.0036768139377721305	0.0030149874289731467	0.002470818966182871	0.001779577945881711	0.0012648239945936128	0.000902045019400096	0.0008530208335631342	0.0008628256707305266	0.000985386135322931	0.0010785320884131582
MCW_CT_ROA_255_R2_trim	0.0020675878799566315	0.0020234924038438126	0.001979396927730993	0.001984296425076862	0.001989195922422731	0.001984296425076862	0.0020136934091520746	0.002047989890573156	0.002047989890573156	0.00211658285341532	0.0024105526941674473	0.003018090365055178	0.003395351660687075	0.003973492347499593	0.006486934485930285	0.01192047704249878	0.015624497035975588	0.022415200357349736	0.038573742604025026	0.06590313879928117	0.08525615331546291	0.11268353945763643	0.17505904016789206	0.26165275625877715	0.31536104616419086	0.3877364209573647	0.5355738538716097	0.7217498535172782	0.8405234681758295	0.9640936907359864	1.2197984572168787	1.5110441774447034	1.6742905295117059	1.864013765235783	2.225204709573231	2.600418015314555	2.8079362253988274	2.994901044117181	3.3059113366382404	3.55404148022242	3.67224675318885	3.7049704959619074	3.7126921037789975	3.6636334368548127	3.626431553507631	3.5648007763939478	3.433788217365416	3.28337854834459	3.199092495503609	3.090862599133367	2.901207956372132	2.74278760919081	2.659790124151793	2.59156462361057	2.473859099373418	2.362214253353106	2.302014129464416	2.2101926497054887	2.0213562230010136	1.7894385161343143	1.6354620130456954	1.4786780979778942	1.2459274765623969	1.052191552512053	0.9457940681491663	0.8534532416715772	0.7235528685405579	0.623730509615827	0.5656420690832066	0.5173820202263989	0.4431448364417949	0.37943667245346296	0.3457869246820361	0.3130974783903995	0.26493541948050925	0.22156996847222452	0.19605338629493985	0.17507863815727553	0.14066946829723898	0.1096262531138143	0.09280137922810085	0.0782400731161788	0.05859798825659079	0.04407587812343568	0.03570753665669178	0.027726255480271512	0.018578893935534472	0.013307034791379648	0.010137060008602537	0.008035175647224824	0.005404145572493281	0.003522738591679664	0.003150376793393635	0.002768216000415869	0.0021998743082950888	0.0016609296002495215	0.001288567801963493	0.0011709798656626422	0.001023994945286578	0.0009407034904068087	0.0009015075116398583
MCW_CT_ROA_256_R1_trim	2.3023055325975192e-05	2.3023055325975192e-05	2.3023055325975192e-05	2.3023055325975192e-05	2.3023055325975192e-05	2.686023121363772e-05	2.686023121363772e-05	3.0697407101300256e-05	3.837175887662532e-05	3.837175887662532e-05	4.6046110651950384e-05	8.058069364091317e-05	0.00012278962840520102	0.00030697407101300256	0.0007137147151052308	0.0016538228075825513	0.002474978447542333	0.004055894913259296	0.008967480049467336	0.018080772782665847	0.024377578414320065	0.035797013856003757	0.06434943963610067	0.11010008774470102	0.14123109572130713	0.18592652046080033	0.28532472465481057	0.4207501732580843	0.507543254661123	0.6144623235949519	0.8401074516689471	1.1375307918975575	1.326365891681206	1.5370076620344408	1.9646263801314408	2.4404285158498196	2.706901195368544	2.9745096789500165	3.434966948293633	3.798071228191363	3.9653337251345726	4.0414939921528985	4.078614831690146	4.014380507330675	3.9709897223929866	3.891329950965113	3.7160400820649135	3.5285019477312947	3.4242266929840657	3.3095411800536074	3.1047511029290584	2.931364473269139	2.8497400677867817	2.778238132296078	2.6353877483501775	2.4994212579467434	2.4294580299869923	2.326591018790535	2.1101167410880537	1.852550146804594	1.6929313042296077	1.5344290798379316	1.277825616702275	1.0499971355481998	0.9274300633444832	0.8247280507111956	0.6724036794986561	0.5514175237606564	0.48696831755147657	0.4319585640259465	0.3527362306492659	0.29019793803214194	0.25684904239246686	0.23275541499383384	0.19808653084880284	0.17075432700098267	0.15746234972611964	0.14191795020519873	0.11991558366534177	0.10264061781908507	0.0934390700404703	0.08464810008183546	0.07116426401258931	0.056897644062260014	0.04778435132906151	0.039730119140857854	0.02681418510298577	0.017439964409426207	0.013483836069246136	0.01062514003293755	0.006814824376488656	0.004155661486338521	0.002954625433500149	0.0022102133112936184	0.0014044063748844867	0.0007942954087461441	0.000418252171755216	0.0002762766639117023	0.0001726729149448139	9.209222130390077e-05	4.6046110651950384e-05
MCW_CT_ROA_256_R2_trim	8.446667453742498e-05	6.14303087544909e-05	3.455454867440113e-05	2.6875760080089765e-05	2.3036365782934084e-05	2.3036365782934084e-05	2.6875760080089765e-05	4.607273156586817e-05	6.14303087544909e-05	8.062728024026929e-05	0.00013053940610329313	0.00018813032056062834	0.00023420305212649653	0.0004760848928473044	0.0011172637404723031	0.002503285081745504	0.0036320670051092742	0.005962579343482772	0.0122668647794124	0.023758171910799354	0.03179402417474619	0.04522038603189961	0.07938715588228801	0.13021689698233208	0.16299764549144727	0.21185009852845615	0.31868508424111014	0.4579399153989467	0.5448791598637399	0.6522017486521327	0.8822582549377009	1.172796739586363	1.3500999682290122	1.5569818905369488	1.972515695923811	2.429948811275533	2.6877180655979713	2.9557615390595977	3.4096086601377764	3.7673480631695546	3.9334709756188864	4.0064117884762505	4.048491549973076	3.990850723389878	3.949289280123168	3.8661088026752903	3.6980469961058944	3.5228554343266807	3.4183893548953717	3.3139155966754688	3.1229057303919734	2.954709545022177	2.875387658842941	2.8019554035155414	2.6607040873231838	2.522723935072003	2.450167061644355	2.351318016069785	2.134868323173336	1.8705567409685449	1.7041074800039544	1.541670386079892	1.285287153098727	1.057207934876194	0.931210532226436	0.8277234983409018	0.672162759603045	0.5480812147075677	0.4828499055988927	0.4247905850373045	0.342258965225646	0.2793773654268303	0.24579802290390665	0.21772821119740152	0.1781210196279435	0.14701424703238816	0.13076209097252817	0.11460975916439421	0.09306307836875655	0.07674181321154774	0.06817612453459343	0.05984847830406275	0.04787724688553134	0.037841070192766384	0.03191304539795802	0.025915911505800845	0.017749519835750713	0.01217855871057782	0.009383479662248484	0.007640394651339805	0.005137109569594301	0.0032058942381249936	0.002395782041425145	0.001935054725766463	0.0014013789184618235	0.0009444909971002975	0.0006834121848937111	0.00048376368144161576	0.00031483033236676583	0.00021116668634356243	0.0001228606175089818
MCW_CT_ROA_78_R1_trim	0.00042024194379309025	0.00042024194379309025	0.00042024194379309025	0.00042024194379309025	0.00042024194379309025	0.00042024194379309025	0.00042024194379309025	0.00042024194379309025	0.00042399410400552855	0.00044275490506772016	0.000454011385705035	0.00044275490506772016	0.000454011385705035	0.0005553197114408693	0.0007204147607881548	0.0011031351024568619	0.001658454813897731	0.002757837756142155	0.004926586358931496	0.008614959847758352	0.012479684866569807	0.019015947956637334	0.03232486023015601	0.05541940633771378	0.07559852396020698	0.10124078685201038	0.1513846559310359	0.2267693067591339	0.2898431199302218	0.3640983705343759	0.48685029188429507	0.6541853808784063	0.7937019540574998	0.9532062846882522	1.245548343319958	1.572879295932651	1.7718676084788916	1.9761502190848828	2.3586604397816933	2.7845944106170526	3.0272090899533133	3.1847435364725354	3.4704968017711995	3.7349453013836387	3.844001837958159	3.801512375712507	3.7767143488685027	3.79934737926993	3.7681744322249924	3.6844149598027323	3.5394615064758153	3.341917775611364	3.192056496726578	3.1286787585782823	3.000246066666732	2.8626656081572563	2.8075351181559003	2.6595949452998826	2.4317825380016913	2.2266857086296006	2.07866298824891	1.928043773001211	1.7232996466890902	1.5282736153271843	1.3986177191863787	1.2857527399962343	1.1271414234960424	0.9781994238633037	0.8779604637880143	0.7876121980327123	0.6770135236108809	0.5814384986796524	0.5185297805579117	0.46395461026799656	0.3966145909353663	0.3454726472398321	0.31271628858524575	0.2763803690879932	0.23875370647766184	0.20958066082595403	0.189206430872414	0.17226917967346753	0.14865308329638083	0.12293202504011622	0.10437759278960879	0.0866786530675373	0.06210200367606641	0.04230185423502946	0.031000347675165286	0.0244190586625485	0.016318144763894194	0.010149593374645617	0.0071666260057571644	0.00494159499978125	0.003114292976323794	0.0020149100340793704	0.001497111924762884	0.001200691267980258	0.0007766971639747293	0.0005065416286791713	0.0004352505846428435
MCW_CT_ROA_78_R2_trim	0.00043572323521196655	0.0004319670004256565	0.0004244545308530364	0.00042069829606672637	0.00042069829606672637	0.00042069829606672637	0.00042069829606672637	0.0004244545308530364	0.00042821076563934646	0.00043572323521196655	0.00044699193957089677	0.00044699193957089677	0.00045074817435720684	0.0005596789831601984	0.0007587594268346315	0.0012395574794823187	0.0018593362192234782	0.002974937950757565	0.0052662411704067	0.009405611904920383	0.013469857943707864	0.020197274445989177	0.03439208570345488	0.0585296504402833	0.07929787257379162	0.10774008237573135	0.16277267822996	0.23958392337521434	0.30130637338386124	0.3781363997030471	0.5013934879810252	0.6635501437060305	0.799882685275154	0.9606908527118738	1.255773145054819	1.5840380155000278	1.7832086088093322	1.9888211447771582	2.3662175662273026	2.783685500377802	3.0263870986256536	3.1868534486968194	3.47514071231133	3.7321535650950226	3.834946686257184	3.797042521028529	3.7727922692481117	3.795171916104947	3.765569029754037	3.6772937560409646	3.5392558838788566	3.350737972423527	3.201438908372061	3.147123753362018	3.027882080070605	2.887109668984063	2.8231334781036304	2.6711674873538844	2.436474181670446	2.236687565856186	2.0988825802508293	1.9507704863918376	1.7468670372517825	1.5492740625527281	1.4178959946667478	1.3015240847520757	1.1330682232904286	0.9808092462273506	0.8857952873076376	0.7937224602256056	0.6745784490386368	0.5740465812178344	0.5116780588259423	0.4524272113066874	0.3801985726007313	0.3261914288431653	0.2893991091112583	0.25289977569268346	0.21085623972951503	0.1756152449643541	0.15453901157836836	0.13643395990835389	0.11286734285904458	0.09231698234314226	0.07785923465063486	0.06421283367197042	0.046363205967425034	0.03211956365773729	0.02391594688443613	0.01842808786163714	0.012391818560036877	0.008098442199284482	0.0058071389796353476	0.00400790251699283	0.0026932203417843106	0.0018968985670865788	0.001528787558028193	0.0012170200707644584	0.0008714464704239331	0.0006686097919631901	0.0005408978092286482
MCW_CT_ROA_79_R1_trim	8.113565988823867e-05	8.113565988823867e-05	8.113565988823867e-05	8.113565988823867e-05	8.113565988823867e-05	8.113565988823867e-05	8.113565988823867e-05	8.113565988823867e-05	8.113565988823867e-05	8.113565988823867e-05	8.113565988823867e-05	8.113565988823867e-05	8.113565988823867e-05	8.113565988823867e-05	8.113565988823867e-05	8.789696487892523e-05	0.00010818087985098489	0.00013184544731838785	0.00018424556099620864	0.0003769427532307755	0.0007133176765174317	0.0014350869842732217	0.002912432124738234	0.00588909664688799	0.010160551074754222	0.01546986581869084	0.02311352111066199	0.0357842066632086	0.05208402266950621	0.07369484374598811	0.10494221476044603	0.15086837890968446	0.20483542501909688	0.2687618733797906	0.38359925799410644	0.5497667797714669	0.685878610538978	0.8044042870257133	1.0126862872638125	1.28397688871012	1.472034135394828	1.6639673001654476	2.001694484450241	2.338064336758154	2.5310708586960446	2.6461296760488056	2.8245723470367574	2.9912824635396205	3.03862343075816	3.1125464685475843	3.2329619297792163	3.2710077929618095	3.2373973458531067	3.2471894058058686	3.2549801194813868	3.2914134114237013	3.346364227409259	3.2822045140263865	3.1705652266726654	3.0700009568936886	2.9784951454759847	2.8530391313737953	2.698000717611105	2.527365663561149	2.3845618311791053	2.2459736724587556	2.0711043511583815	1.9181788452052806	1.8006673644671483	1.6818999713269958	1.546471032363544	1.4175075912974364	1.3201786059565035	1.232849590696796	1.1211190257257004	1.0185787645631958	0.9462243495316115	0.8653625224954955	0.7730690190463764	0.6824540095611952	0.6086442236303654	0.5426420546375309	0.45552602048503	0.3694782725210575	0.3107546483506971	0.25547421874684384	0.1901786061255361	0.13850702306046175	0.10272281639725318	0.07840240234575363	0.05414114971292259	0.03568616774084364	0.02602257258290488	0.01909899627244185	0.012021600273440698	0.007437435489755212	0.005263675935249484	0.0036426530637323823	0.002177140207001071	0.0011967509833515203	0.0007268402864988048
MCW_CT_ROA_79_R2_trim	8.797969320398153e-05	8.459585884998223e-05	8.121202449598294e-05	8.121202449598294e-05	8.121202449598294e-05	8.121202449598294e-05	8.29039416729826e-05	8.459585884998223e-05	8.29039416729826e-05	8.121202449598294e-05	8.29039416729826e-05	8.29039416729826e-05	8.121202449598294e-05	8.29039416729826e-05	8.29039416729826e-05	9.305544473498046e-05	0.00011843420238997514	0.00014888871157596874	0.0002114896471249556	0.0003976005365949165	0.0007275243861098472	0.0014398215176266978	0.0029050217929083902	0.005788048662515785	0.00991125082286392	0.015174805160509815	0.023028684696142165	0.03594478042535745	0.052319154864360014	0.07417534095684143	0.10586325776486777	0.15258555060771298	0.20739859139097044	0.27153409581949595	0.38642373172365685	0.5534819418634248	0.6902209961913591	0.8110577209726737	1.0221396160579723	1.2970846169062997	1.4898718115567013	1.6829956977253258	2.0213791331252544	2.348644980755119	2.5314430963925143	2.653640122584137	2.837536292469405	3.0084740686960334	3.066143065674066	3.1405772699589884	3.260578187654865	3.306698157982699	3.2823633132259125	3.2961456705497523	3.304618791772166	3.34081905169125	3.3944172959414223	3.3312174217117776	3.2126732447052975	3.1136368727496233	3.032996716259466	2.909625499547006	2.7557134858725254	2.5795764481609775	2.428051729623243	2.286077883549672	2.1028178745229553	1.9403092296721398	1.8210747504574436	1.694050684559841	1.543030157340853	1.4019394920336756	1.2979948683475255	1.1978925885703415	1.0743657154775974	0.9615554457839691	0.8784856962276405	0.7958710723919248	0.6956638937497669	0.5989555998296443	0.5274078062486832	0.46023361857026635	0.3769253086919809	0.3016806760792756	0.24844281018780484	0.20200814326504957	0.1505231035689504	0.11109466567615067	0.08268737627432664	0.06165515384704406	0.04279196924067502	0.02862047096612599	0.020702298577767654	0.01514604256850082	0.009994154764536902	0.006569714398289621	0.004678150994404018	0.003415980780362283	0.002185956992683541	0.0011877258582537506	0.0007106052143398508
MCW_CT_ROA_80_R1_trim	0.00015808395271807094	0.00015808395271807094	0.00015808395271807094	0.00015808395271807094	0.00015808395271807094	0.00015808395271807094	0.00015808395271807094	0.00015808395271807094	0.00015808395271807094	0.00015808395271807094	0.00015808395271807094	0.00015808395271807094	0.00015808395271807094	0.00016080953810976184	0.00016353512350145272	0.0001771630504599071	0.0002044189043768159	0.00025075385603556084	0.00037067961326995945	0.0005723729322550846	0.0007822430074152822	0.0013627926958454393	0.0025456967558392806	0.004829737314076237	0.00791237439207862	0.012188817871641609	0.019160865303586874	0.03129789705278636	0.0470599573729347	0.06934161795000764	0.10187147959983826	0.14865070167742883	0.201543411788582	0.2686255194488779	0.38703585120549644	0.5490255677898603	0.6780057196954562	0.8103628719013569	1.0452947047381522	1.3579329770920543	1.5804225126157807	1.7845497793556857	2.174891765641303	2.5688914875225697	2.776790964444575	2.905951004986022	3.1460887059209472	3.353219567762496	3.393626371194313	3.460607632195116	3.5223830250977897	3.490589071503716	3.4503921381470586	3.494385811954341	3.4761625480254956	3.466154198467207	3.511750516484804	3.3763652389087344	3.183268416249003	3.031575961274447	2.8978042302502582	2.7356591552985683	2.5460538075255923	2.347696605059897	2.196181313135801	2.058708237149696	1.8590100466712889	1.6883447917851728	1.5757726639375562	1.4623474278623403	1.3294887679443683	1.207082728003531	1.119201678219242	1.038870499969937	0.9397709407134481	0.8507342427230823	0.7841318380917238	0.7104211067588357	0.6266883979407003	0.5521218327948213	0.49248329883923314	0.43478538168252895	0.3638901800592575	0.29549979141095	0.24770937715304212	0.20379474532211866	0.15087750494244026	0.1102008685568456	0.08256615827049178	0.06203704910027609	0.04327957043465946	0.02894026568897375	0.020583620878049515	0.014936207946466013	0.0097112607505946	0.00598811110554486	0.003810368377583848	0.0025702270243644983	0.001597193039530855	0.0010057410095339343	0.0007904197635903548
MCW_CT_ROA_80_R2_trim	0.00016374079155900937	0.00016646980475165953	0.00016374079155900937	0.00015828276517370905	0.00015828276517370905	0.00015828276517370905	0.00015828276517370905	0.00015828276517370905	0.00015828276517370905	0.00015828276517370905	0.00015828276517370905	0.00015828276517370905	0.00015828276517370905	0.0001610117783663592	0.00016919881794430968	0.00020740500264141185	0.00026471427968706516	0.0003056494775768175	0.00037660382058572154	0.0005840088232271334	0.000856910142492149	0.0014873121899943351	0.0027590323377693076	0.004923139799540881	0.0077858746386308955	0.012479777329989165	0.01994089939869469	0.03178208764160372	0.04697996211147244	0.07070873182156555	0.10511613015449872	0.1520933632527785	0.20468690550153232	0.27143583918056247	0.39080833425346556	0.5555725057597187	0.6858392214976814	0.8215339444758252	1.059915975867009	1.3829929316920901	1.6172759852679135	1.814613658241639	2.195755827766738	2.5730582757297777	2.766752716091315	2.914618837908679	3.1613898558540687	3.364485746664286	3.4137717249235475	3.4710346087449264	3.524711569231162	3.500914574191253	3.469258021156511	3.519943983183602	3.5018560837427173	3.4899221090512578	3.541172976809228	3.405595601398368	3.1915045164349634	3.0392283092982773	2.9202760822570424	2.766419776481812	2.5812507733341135	2.38072288393818	2.227076712178784	2.0814620262453563	1.878368864448332	1.7044515826939302	1.5868474881698642	1.4644048532552296	1.320801450044786	1.1939050655997463	1.1029634299678726	1.0175807942094268	0.9112175050258872	0.8146650182699247	0.7439153512504694	0.6705239994605287	0.5818365287257838	0.5029271122603046	0.4447882152040857	0.38634912669667526	0.31616436540809856	0.2528758204573488	0.20877496726412226	0.1708471419126704	0.1267053535215541	0.09277007447094941	0.06975630621733064	0.05185397967354562	0.03603389019575266	0.02464844715601621	0.018076983388114636	0.012976457731051492	0.008582746490884741	0.005662702374749074	0.004041668538314881	0.0029746243799886702	0.0019457864063595614	0.0011134373826012637	0.0007313755356302418
MCW_CT_ROA_81_R1_trim	3.990218511348564e-05	3.990218511348564e-05	3.990218511348564e-05	3.990218511348564e-05	3.990218511348564e-05	3.990218511348564e-05	3.990218511348564e-05	3.990218511348564e-05	3.990218511348564e-05	4.3227367206276106e-05	5.652809557743799e-05	7.315400604139034e-05	8.645473441255221e-05	0.00011638137324766644	0.00022611238230975196	0.0005220535885681038	0.0007947185201769223	0.0013899261147864164	0.003052517161181651	0.006710217463251168	0.00969290580048422	0.014733881853154572	0.026717838115571428	0.048614162196596665	0.06575880106702434	0.08924123700631063	0.14039583832179922	0.2145507241731195	0.26690239104201263	0.33445679043914384	0.4630050049643306	0.6259921304245483	0.738496341352021	0.8788223508498717	1.1482917824675187	1.4357271729325125	1.6005996766393422	1.7846185788364597	2.1144433906203464	2.455826535358773	2.656152130538935	2.809213587452173	3.06853123814053	3.300136821267572	3.4090963880841305	3.4149653344779054	3.436329629424084	3.4710312297444452	3.474994846799052	3.422057947881827	3.299069437815786	3.1670098310006125	3.0978925960198698	3.0786963197981905	3.0092864687932828	2.9393046864684145	2.9184624451108037	2.821144340801105	2.6470577575151526	2.4557367554422673	2.320754313567531	2.1759625845190627	1.9529160200988636	1.7400212366079537	1.6098636339498564	1.4974292518463324	1.3326099510529872	1.184655973834275	1.093296595834857	1.0082583889938335	0.8957043003349688	0.8011427719801935	0.7416153621550585	0.6905272644814258	0.6160731122417543	0.5481629183606945	0.5083804398025493	0.4669320450159162	0.4129344130110917	0.3615570244953862	0.32610725820414693	0.29635685401995066	0.24498944105052345	0.19223542714840264	0.16197627010400936	0.1353016593556442	0.0954294008809937	0.06431899722084607	0.04882032348634968	0.039233823512834755	0.025161652896145484	0.01485691359058782	0.010500925049032304	0.0077077720910883095	0.004575450559679687	0.002726649316088185	0.001792273148014063	0.0013267476550233976	0.0007415156066922748	0.00032254266300067556	0.00023276274649533288
MCW_CT_ROA_81_R2_trim	7.310035762024044e-05	6.313212703566221e-05	4.984115292289122e-05	4.319566586650572e-05	3.987292233831297e-05	3.987292233831297e-05	3.987292233831297e-05	4.651840939469847e-05	5.3163896451083964e-05	4.984115292289122e-05	4.984115292289122e-05	7.64231011484332e-05	0.00010300504937397517	0.0001528462022968664	0.00027246496931180534	0.0006213530397720439	0.0009403364184785476	0.0019371594769363718	0.004226529767861175	0.008964762039064034	0.012822467275295813	0.018228570995665414	0.0325761775504017	0.05767618216236972	0.07598449900271176	0.10165269275800073	0.15695311329771264	0.23388791694948752	0.2870385224264587	0.35655363977977916	0.48604760056050694	0.645645617706661	0.7560570624049778	0.8962037389370915	1.1650070448808285	1.4508394114065533	1.6139728276667042	1.7940156857418283	2.1160659567248543	2.459086062114304	2.6652523298080797	2.812340217570588	3.059146961357689	3.279321915766325	3.384549880560661	3.399907601147968	3.4296893513911595	3.462209042301582	3.4642325931102516	3.417298840774529	3.314659293188655	3.2028755554131947	3.139520804561143	3.1193949470108797	3.053465069924479	2.9895122252373536	2.967572149720697	2.866281636007269	2.69104678781744	2.4983343086693166	2.3593672060897117	2.2101162122903495	1.9894328781219002	1.7782226857523282	1.644080206775659	1.5257971826590535	1.3508946088220435	1.1956427402107657	1.1015625799535163	1.0165601550152894	0.8943230661001343	0.7856959346764572	0.7209888272084315	0.6612392530844696	0.5768714721601276	0.49977385407547115	0.4528567154573896	0.4123956675145865	0.35008093538685975	0.2903479749805387	0.2565257686070647	0.22636190285813093	0.18021231799506188	0.13814638492814169	0.11298657093266619	0.09241878849315309	0.06549127494067906	0.045079661446991014	0.0336760056582335	0.0265287843290909	0.017534117598273127	0.011207613920594139	0.008213822001692473	0.006343117395319955	0.004213238793748404	0.0026947450013643185	0.001960418681633721	0.001462007152404809	0.0009536273925913187	0.0005914483480183091	0.0003787927622139733
MCW_CT_ROA_83_R1_trim	8.398498891830422e-05	8.398498891830422e-05	8.398498891830422e-05	8.398498891830422e-05	8.398498891830422e-05	8.398498891830422e-05	8.398498891830422e-05	8.398498891830422e-05	8.398498891830422e-05	8.398498891830422e-05	8.892528238408682e-05	0.00010868645624721723	0.00013091777684323894	0.00016302968437082585	0.00029147731448117347	0.000649648590750412	0.0009658273725604986	0.001825438435606671	0.003902831837968255	0.007610522084038097	0.010567287723308984	0.01669078147414652	0.02975538754440861	0.05313779651795766	0.0719504340356578	0.09695078911925066	0.1502639660552436	0.2251020016216513	0.2780372461075119	0.34202639722306105	0.4660104721870741	0.6239244826740821	0.730051866906024	0.8558243281046503	1.0901819695344452	1.3486531833707252	1.50086609519822	1.652891275874015	1.9368667547273974	2.2360780986292537	2.40583152240701	2.547736511918149	2.799637135444938	3.0380062951689486	3.1579986130126096	3.1788762931990067	3.235768712750959	3.288340845667085	3.2947731077595335	3.2712671914493403	3.1961253278347868	3.1069085681362187	3.059953548890688	3.0489021124077325	3.0142583044789317	2.987528846682315	2.981827748022802	2.9097266350364377	2.767510407036954	2.57734863095205	2.437770519663294	2.306131459974051	2.091856111482662	1.8790332092702138	1.7547872987525142	1.6411012655179251	1.4659258696614725	1.3075598223223455	1.2125900908828737	1.1272168795006845	1.0091586865488777	0.9075244992240652	0.8437057882330855	0.7897454328530751	0.7119506316473965	0.6441006411883382	0.6036989212251681	0.5579493335852883	0.5029119942297372	0.44769433416268506	0.40306125284607214	0.3666191780957268	0.30891655041538607	0.24658239761087408	0.2083025336912576	0.17450598609183882	0.12742004906946483	0.09034314660876643	0.06863796726685058	0.054029519488531415	0.03587394100178036	0.022700648475271052	0.016493169735515213	0.012397666452381438	0.0078649471975259	0.004717980259822384	0.0032581235406836254	0.0024429751188294966	0.0014153940779467152	0.0007558649002647381	0.0005137905204413906
MCW_CT_ROA_83_R2_trim	0.0001086446069224541	9.629862886308432e-05	8.395265080371453e-05	8.395265080371453e-05	8.395265080371453e-05	8.395265080371453e-05	8.395265080371453e-05	8.395265080371453e-05	8.395265080371453e-05	8.642184641558849e-05	9.382943325121035e-05	0.00013086736742931972	0.00017037449721930302	0.0002444503655755217	0.000456801188196682	0.0009679246798545911	0.0014099106943800293	0.002318574679549645	0.004669248902053652	0.009289113891869826	0.012950930984278903	0.019802948807229135	0.035057639297386436	0.060021206933432145	0.07910561981760594	0.10530872365081237	0.1624780096525301	0.24058113605171524	0.29390094609452144	0.36012724160059284	0.4852932363620956	0.6395784549744279	0.7429834288084854	0.8655444221994611	1.0978241226040562	1.3531216645025401	1.5013351311052743	1.6559438143427623	1.937400014553439	2.2359479867895073	2.409739850735644	2.5479357907410054	2.807868012802977	3.036340213574062	3.135048777354336	3.17292376884487	3.242095814715907	3.3018898556530467	3.3186384094883876	3.295640321559394	3.2331993029263253	3.157308575795379	3.115021131746426	3.110430897103952	3.0740645841322722	3.0458515550710006	3.0470096078129694	2.974462171540501	2.8212140150851552	2.6349798744507864	2.507702717441131	2.367733894986444	2.146407546316122	1.9274417486507514	1.7944187734522654	1.67251705528966	1.4872854080737117	1.3245333177082634	1.227614920746599	1.1345040234184438	0.9997476729004227	0.882809037917684	0.8126591905843448	0.7505021294466416	0.6601122856827717	0.5795942859751738	0.5316795451267597	0.48359442978112627	0.41560512860817694	0.3532505318215239	0.3120742257979138	0.2743844239782697	0.2227535437339853	0.17604377034416563	0.1458381004241115	0.11872386341012359	0.0854810828874645	0.06139901808485781	0.046107289660522396	0.03499590940708959	0.023726500634496852	0.015780629155486458	0.01139533774879831	0.008390326689147704	0.005437168737346453	0.003637125136290338	0.0028173521931481845	0.0021457309867184684	0.0013531191953069282	0.0007531046616215568	0.0004493936013610601
MCW_CT_ROA_84_R1_trim	0.0003905115527780703	0.0003905115527780703	0.0003905115527780703	0.0003905115527780703	0.0003905115527780703	0.0003905115527780703	0.00039774324819988636	0.0004122066390435186	0.00042305418217624275	0.00044836511615259914	0.0005821514814561973	0.000809949887243405	0.0009401204048360951	0.0014101806072541426	0.0022815999055829845	0.004548736420322336	0.0065302209658999535	0.009238490901370088	0.016672673794997053	0.029277518915222546	0.03776752934043467	0.052581657412024974	0.08517852452586112	0.13225324587417311	0.1649585884193365	0.2093720458524202	0.300502255710436	0.41347941743775823	0.4859735481937539	0.575082499181372	0.734121944897952	0.9237550780965251	1.049886693796131	1.1935732501321954	1.4618619185861514	1.736821826066733	1.8914427058805834	2.05624219700064	2.342259366781178	2.6269422887563914	2.791774322505846	2.925419669748719	3.1582332563109556	3.362781761317025	3.459332126893692	3.432426604076825	3.4151392361709734	3.4143220545883084	3.388754395424477	3.3327702253164877	3.197244637263943	3.0460877395571426	2.9631763515460205	2.9142250052357475	2.8088592029398867	2.7253728951427307	2.7008574476627736	2.6006623075935114	2.41697001218396	2.208281361548902	2.0691905476534016	1.9400071564857895	1.7415983608928425	1.5474164912739472	1.4253310091628473	1.3236750666183783	1.1792111030244685	1.0510835393884417	0.9668234401811511	0.8967519273914638	0.8026928808876125	0.7165778518046262	0.65881468462287	0.6111144216205708	0.549561846037783	0.4979347724214377	0.465598246342787	0.4275378333377688	0.37902762044822624	0.33208668546521786	0.2979566989219567	0.2692866424221667	0.2283263195530002	0.18480597650451083	0.1546678858340922	0.12866270909724142	0.09399396124505496	0.0672222247934917	0.051721085656828855	0.04071444522482473	0.02809875256146652	0.018147939661047545	0.01273501563781818	0.009618154911015434	0.006743555980843528	0.004386023273331474	0.0028818306255937224	0.0020863441291939493	0.0013957172164105105	0.0008714192983288419	0.0005785356337452892
MCW_CT_ROA_84_R2_trim	0.00039034482085612373	0.0003867305169593078	0.0003831162130624918	0.0003831162130624918	0.0003831162130624918	0.0003867305169593078	0.00040480203644338765	0.00043010216372109936	0.0004409450754115472	0.0004951596338637867	0.0006758748287045847	0.0010842911690447884	0.0013915070002741448	0.00186136650686022	0.00331070236948342	0.006234674222007532	0.008359884913335317	0.011746487664651873	0.02079670462227904	0.036396040240936726	0.04694980761963933	0.06205759790833005	0.09723200343214299	0.14682386720035479	0.17976463291593545	0.22612169469649696	0.3225838513986181	0.4383138621746652	0.5101083947810174	0.5959842553693647	0.7531992462730653	0.9388009799823585	1.0599885896425976	1.1963743471889479	1.4640171650520668	1.7374103404150198	1.8832222025242662	2.0483380617464064	2.3331018371687424	2.628021806541131	2.80651059018149	2.920397305970161	3.1323111720482752	3.324928269621288	3.409651167266551	3.4027876041664977	3.4052706309436096	3.408718676861172	3.3837510655419676	3.3175623182795766	3.183009012808912	3.0439595132906083	2.9691904085771768	2.9380640234177977	2.8383273073851614	2.7467697610710196	2.724447820204284	2.625408664823733	2.4318048622868895	2.230303805735503	2.1078403467996876	1.9773097615661792	1.774247325731368	1.5762160009209245	1.451995990291257	1.344510206703847	1.1902914737306067	1.062186086411862	0.9827364581520535	0.9050506101938912	0.7990322339885886	0.7107962329556206	0.6563792734851595	0.6023345873160704	0.5324375642555464	0.47279432135028954	0.4340742837037001	0.3963879369716001	0.3441865457898871	0.29542235761404617	0.2640538140935805	0.23376233313436592	0.1916376212169759	0.1528561404041406	0.12625124941967833	0.10421845286468824	0.07712563085415579	0.057705976016563625	0.045786001764864595	0.03540933527710597	0.024262822059325548	0.016647483748734315	0.012798250098625317	0.00981644938375215	0.006968377913061173	0.005074482671129609	0.004055248972227509	0.0032492592032375488	0.002215568288748184	0.0013553639613059854	0.0009903192677275733
MCW_CT_ROA_85_R1_trim	3.5556065034460762e-06	3.5556065034460762e-06	3.5556065034460762e-06	3.5556065034460762e-06	3.5556065034460762e-06	3.5556065034460762e-06	3.5556065034460762e-06	3.5556065034460762e-06	3.5556065034460762e-06	5.333409755169114e-06	5.333409755169114e-06	5.333409755169114e-06	7.1112130068921524e-06	8.88901625861519e-06	1.955583576895342e-05	5.15562942999681e-05	0.00010666819510338228	0.000186669341430919	0.0003395604210791002	0.0007484551689753991	0.0012835739477440333	0.002286254981715827	0.004400063048014519	0.008940572552915159	0.013905977034977604	0.021127413843476585	0.034873388585799116	0.05603813629756189	0.077014436864642	0.10620063284817911	0.15683424726050296	0.2278094864790418	0.29248774657997767	0.3682452765456515	0.49826313955716417	0.6658975415718846	0.7931918100017575	0.9237803478570733	1.142398591524707	1.3930599610013967	1.5616099316907546	1.7238735900820197	1.9871822518914672	2.2452197270595557	2.3981925856573163	2.5093746232168233	2.670644489590375	2.8063779900561774	2.8654508365044307	2.9225574325562778	2.9930917765683898	3.0410195744315907	3.077708100137399	3.132873335038365	3.1874412280467523	3.242167345544542	3.2863510897596147	3.277927857952951	3.230243619135236	3.130793305233849	3.032699455213527	2.919136939099963	2.7526901096573937	2.568443914058573	2.430834831162203	2.301581423548931	2.122371744562242	1.9563995885878827	1.844709099298383	1.728968774201458	1.5783621717317409	1.439826853341223	1.3424210131793177	1.2570313451958086	1.1427257073230241	1.0332752501306952	0.9590519643712584	0.8791610418453284	0.7813711961810511	0.6860578304464239	0.6137332385598272	0.5478976285420196	0.4536829452169573	0.36205674342640354	0.3032452340561537	0.24978135686708683	0.1814301552480912	0.12899207053526845	0.09695072252946416	0.07503574184547426	0.050375832940824004	0.03211779354562841	0.022752326015551442	0.016784240499517204	0.010757487476176103	0.006629428325675209	0.004531620488642024	0.003086266444991194	0.001788470071233376	0.0009937920177131782	0.0006008974990823868
MCW_CT_ROA_85_R2_trim	3.201183783535668e-05	1.9562789788273525e-05	5.33530630589278e-06	3.5568708705951865e-06	3.5568708705951865e-06	3.5568708705951865e-06	3.5568708705951865e-06	3.5568708705951865e-06	3.5568708705951865e-06	3.5568708705951865e-06	3.5568708705951865e-06	5.33530630589278e-06	7.113741741190373e-06	8.892177176487968e-06	2.4898096094166307e-05	6.402367567071336e-05	0.00011737673872964116	0.00019384946244743766	0.00036635769967130423	0.0008056312521898097	0.0013569462371320637	0.002450684029840084	0.004680842065703265	0.009244307392676891	0.014207920692592472	0.021529739379712663	0.035643402994234366	0.057767139809336426	0.07953696797281427	0.10916036701856628	0.16045578027885476	0.2313762285676522	0.29582850717827225	0.3723350211693394	0.5043002657747268	0.6727678976895972	0.7993018004755856	0.9322576336184336	1.1518641764752864	1.4059065646658064	1.5803070571928295	1.7417178573004393	2.0061818771418034	2.2578767305577303	2.401556529375423	2.5238897676632384	2.6931381327342048	2.8317653964802165	2.89820952277837	2.954571698593821	3.029699925122533	3.0921496854330077	3.139007902282229	3.1952278032628567	3.2518122835077197	3.309348226710468	3.353867800962272	3.345164137941926	3.2899401608050654	3.193195051560311	3.103465870107806	2.980803621264461	2.8044646341129633	2.613574488229861	2.4690481541449665	2.3342978796479033	2.146827665106878	1.9702983853638036	1.8516465084270541	1.7294039703464388	1.564256677389269	1.4133599875751386	1.3114769783578102	1.2140827401791727	1.08322012554367	0.959325420943663	0.8759043499801589	0.7948806099834359	0.6876943062980498	0.5863483845821812	0.5168329002872689	0.45301196625617945	0.3667525123379403	0.28785578112183313	0.23621535138709693	0.19193764435449276	0.13961251697716695	0.10067722999219676	0.07561551783798308	0.05764264932886559	0.03944569795490062	0.02619813239736885	0.01887275683937806	0.014186579467368902	0.00974760462086611	0.006368577293800682	0.00462571056720904	0.003464392227959712	0.0022141521169455037	0.001259132288190696	0.0008038528167545122
MCW_CT_ROA_86_R1_trim	0.00010853030967890567	0.00011346350557340139	0.00011346350557340139	0.00010853030967890567	0.00010853030967890567	0.00011346350557340139	0.00011346350557340139	0.00010853030967890567	0.00010853030967890567	0.0001183967014678971	0.0001183967014678971	0.00013319628915138424	0.0001578622686238628	0.00024172659883028993	0.0003995888674541527	0.0009323740240596898	0.0014404932011927482	0.0022495373278900448	0.004607604965458995	0.009545734055849204	0.013245630976720988	0.01947132419557458	0.03528221703743334	0.061709347444246866	0.07930112400401858	0.10576771997798808	0.16650522783101931	0.24569782152535896	0.29461539201517845	0.3671925700149994	0.5036447684567508	0.6647086812161414	0.7663177170550696	0.8871612836866365	1.1284784272576833	1.3800418187015975	1.514851262910482	1.664139637069711	1.9407833964412418	2.248831880877132	2.433555401146524	2.5712112993865324	2.8321477630299885	3.047466964237043	3.1438862779949615	3.1962472192191393	3.226749169434806	3.2461168965165967	3.274132516001438	3.26100034853029	3.1798690088494133	3.0705789870027553	3.025011056525299	3.0302846429365147	2.9871734440145166	2.946129254172312	2.943820518493688	2.8543076789880635	2.6962579489202096	2.511776155249648	2.383665991065489	2.258254285035619	2.048973315603427	1.8483155725948144	1.7358239066126286	1.6305544394199845	1.4608574338452263	1.3084512798806758	1.2188447096530557	1.1364652714108718	1.0221828553189842	0.9220685778360882	0.8566396006873915	0.8076825646304161	0.7290622216598379	0.6571954238688243	0.6187707610465972	0.5739132107779478	0.5136640893184716	0.4581064371546609	0.41898619371130985	0.3809808525401149	0.3166322452923128	0.25309761536710257	0.2164538362627884	0.18148734376260278	0.1307198248123474	0.09122959167690921	0.06994778458805471	0.05534059154445291	0.0370532343635573	0.023615208746950975	0.01706392459906067	0.012900307264106289	0.007602054873417894	0.004153750943165391	0.0028415208352295307	0.001978211553692781	0.0010261047460551082	0.0005722507237615027	0.00041438845513763983
MCW_CT_ROA_86_R2_trim	0.0001479134223295526	0.00012819163268561223	0.000113400290452657	0.000113400290452657	0.00010846984304167191	0.00010846984304167191	0.00010846984304167191	0.00011833073786364205	0.00012819163268561223	0.00011833073786364205	0.00012819163268561223	0.00017256565938447802	0.00020214834385038854	0.0003204790817140306	0.0007987324805795839	0.0016369085404470485	0.002179257755655408	0.0034611740825115306	0.007237896799326106	0.013706643802538538	0.017976411260451623	0.026363102306537253	0.0466469629553299	0.07875403649566477	0.09975281201905026	0.12830010252865393	0.19452587215300557	0.2797190729674169	0.3306949687495917	0.4060469965316768	0.5422752584971947	0.6960953568251075	0.794112651355491	0.9125074850354757	1.1492231956842809	1.3902530478176978	1.5159597350081735	1.6644204370003455	1.9388294181061312	2.2494623963404248	2.441439227181951	2.5661351726531745	2.8204624414540183	3.0287146791992066	3.106586165608305	3.161674054531242	3.2104361794258836	3.2495050447105296	3.2803351323714196	3.2655388596910537	3.1973557024445403	3.1048062740929394	3.067502508981426	3.0734289067694305	3.024893582455693	2.9867417803894907	2.9908439126354303	2.906163478351761	2.744237724480189	2.5556481110100093	2.433782242352691	2.315885383861216	2.1064547691848023	1.8934052061087256	1.7738517172871595	1.6699770512325254	1.490375643392572	1.3236081901634122	1.2320645730836521	1.1462599967902787	1.0177626763651855	0.9067339311172123	0.8401038648051598	0.7788036121443822	0.6856033647345311	0.6002869027348453	0.5503414704615662	0.5030190362109315	0.43335181429371217	0.3685065699444363	0.3287819551541295	0.2922818529706069	0.23473860123699994	0.18392541021938763	0.1546829266248351	0.12752109183771826	0.0912773729195669	0.06517558432581186	0.05022646777570508	0.03911323931134469	0.02625956291090657	0.01737489667631144	0.01340588651046845	0.01004332137617662	0.0064736774506234185	0.004314141484611951	0.003204790817140306	0.002450432363259588	0.001488995118117496	0.0009269241132651962	0.0007494280064697331
MCW_CT_ROA_87_R1_trim	0.00024080635401784925	0.00024080635401784925	0.00024080635401784925	0.00024080635401784925	0.00024080635401784925	0.00024397485867597886	0.00024397485867597886	0.00024397485867597886	0.0002471433633341085	0.00024397485867597886	0.00025348037265036764	0.0003168504658129596	0.0003643780356849035	0.0004245796241893658	0.000649543454916567	0.0012895813958587455	0.0018123846644501288	0.0029562148460349127	0.006356020344207969	0.012471234334398087	0.01668534552971045	0.022927299706225753	0.04053468009145192	0.07132937686381345	0.0922858666726826	0.11965540990960605	0.1853099949307094	0.27327402124970324	0.3274649564176937	0.404757459048107	0.5441336419499118	0.7148273248926693	0.8301830739811935	0.9666632436254676	1.2394810002044003	1.515413396862274	1.6592096437621697	1.8313006372591625	2.1582396219036064	2.527896386348954	2.7517417349318354	2.891384072224923	3.1650541565568924	3.407866174023338	3.5088369119639538	3.523602143670838	3.4913816198023175	3.499584878362215	3.5393654543450324	3.505186794597788	3.3720272178352344	3.179020925089928	3.0810444240512442	3.0637063665619593	2.970089727932862	2.871067620356996	2.8401208353610445	2.7129370583837225	2.49900279237147	2.287432230834183	2.143756387111296	2.0054004627094093	1.7874263532580419	1.587503214844039	1.4790643114242115	1.3756728359247845	1.2133978698586774	1.0804062238430039	1.0075971553038439	0.9367684021760149	0.8386017908578437	0.7566325753520312	0.7051190266201602	0.6641977889604165	0.6014835762620574	0.543455581953072	0.5117356818205366	0.4712928883641704	0.4195385332782816	0.3730787494761274	0.3393215008484146	0.30973083584614236	0.25825847767482707	0.20361444634072406	0.17142877602344364	0.14266192223228505	0.10055566383040085	0.06868684397893338	0.052606682838925674	0.04198268672021714	0.0272681510878633	0.016644154969154765	0.011647423123284394	0.008415548371992206	0.005142483060144334	0.0031685046581295955	0.0021735941954769025	0.0015082082172696875	0.0007857891552161397	0.0005101292499588649	0.0004119056055568474
MCW_CT_ROA_87_R2_trim	0.00025331754953901746	0.00024698461080054204	0.0002438181414313043	0.0002438181414313043	0.00024065167206206663	0.00024065167206206663	0.00024065167206206663	0.00024065167206206663	0.00024065167206206663	0.0002596504882774929	0.0002976481207083455	0.00036731044683157535	0.00041797395673937883	0.0006459597513244946	0.0011399289729255788	0.0022481932521587803	0.003179135246714669	0.004854197543041423	0.009151096477097005	0.016630297127236498	0.021778976321617027	0.03099340218609879	0.052895870813116086	0.08862314470622526	0.11316644878718682	0.1432700730805298	0.21325854554879112	0.3049499990738077	0.3608001858084226	0.4430840588374339	0.5801890160560579	0.7393515989007918	0.8511849640835296	0.9881569295886455	1.2621420247006776	1.5273686655373981	1.659939238619274	1.8321951723058056	2.1537849679149574	2.515322941086412	2.7366148194249593	2.86875158620325	3.154557111470646	3.398942050919044	3.479718684528298	3.5019821306634085	3.48631444022442	3.487400539218069	3.510268781002704	3.4771538443392154	3.355688079335257	3.1879665297854736	3.1100872156490715	3.0997233614035564	3.0040421564733006	2.906185587086378	2.8808031686225686	2.753257782429673	2.534657403054978	2.3255912629510576	2.189490076522482	2.0550037894722175	1.8381703000055574	1.6299939377943926	1.516605836151359	1.410934420361158	1.2466199918526744	1.1075233254008	1.0272216621969315	0.9487533847578513	0.8363373892111738	0.7440759711996945	0.6911864333253169	0.6411182196589301	0.5657467492629646	0.4985827674720634	0.4596130289448548	0.4191138857123044	0.35830817441483254	0.3023629935991405	0.26843744077712756	0.2389132803783551	0.19218569189651408	0.14789628482898612	0.1218045772264673	0.10002560090485027	0.0711062361556022	0.050372194725833624	0.03937504660647102	0.030971236900514124	0.020575717961306694	0.013409997778721736	0.009945880288775674	0.0078053469951709755	0.005443160845719637	0.0036414397746233765	0.002697831902590536	0.0021215344773892713	0.0014344106242646863	0.0009151096477097006	0.0006142950576321173
MCW_CT_ROA_88_R1_trim	0.00010295540349423774	0.00010295540349423774	0.00010295540349423774	0.00010295540349423774	0.00010295540349423774	0.00010295540349423774	0.00010295540349423774	0.00010295540349423774	0.00010295540349423774	0.00010867514813280652	0.00012583438204851282	0.00015443310524135663	0.00017159233915706293	0.00023450953018131935	0.0005147770174711888	0.001212585863376578	0.0017616813486791792	0.0027340379372358696	0.005593910256520252	0.011879909614307323	0.016558660728656572	0.023445233273493363	0.04149674735281639	0.0712508589626511	0.09127568494228033	0.11858174584680763	0.185279688077158	0.272620188708103	0.32408645096594474	0.39918097832571403	0.5405501868125796	0.7093856090538525	0.8145717129571319	0.9373002736669019	1.1847135477528323	1.4392765026369738	1.574005087598461	1.7207108178331112	1.9985073754391192	2.314763495994863	2.5067410050437853	2.629086342862771	2.8806807502794953	3.09826555607529	3.1868872795052736	3.227897848563812	3.242008458587161	3.2514345977515227	3.2814804163379243	3.271974200748623	3.1718214721272844	3.041571447217796	2.9916952739694764	2.9909002294647156	2.9395598015889224	2.883111641750887	2.864585388866563	2.7723087486125326	2.6146497073950234	2.426681739337738	2.2964946316192747	2.1820597006354294	1.9798324091941921	1.7789320985091026	1.6712064279862986	1.5756409345650917	1.4182907595580652	1.274856723256676	1.190290298775437	1.1130394276869273	1.0063261519651499	0.9145642887285912	0.8527681676534942	0.8047108732002395	0.7297135814993259	0.6614999069397548	0.6254426367382172	0.5814978386800934	0.5220811313746412	0.46600475493811294	0.42596654246813154	0.3882047883643006	0.32483573751359723	0.2585267379186696	0.2203932004133316	0.1858802612642077	0.13399645764775042	0.09367225794584065	0.07261215818663046	0.05834139531340139	0.03851676039612206	0.02406868543909736	0.017805565059864564	0.01370450815401076	0.008122037386767646	0.00458151545549358	0.0034776047402498085	0.002631082533741632	0.0014928533506664474	0.0008979999082552961	0.0006978088459053892
MCW_CT_ROA_88_R2_trim	0.00014866378701099334	0.00013151027312510952	0.00010863892127726437	0.0001029210833153031	0.0001029210833153031	0.0001029210833153031	0.0001029210833153031	0.00010863892127726437	0.00011435675923922564	0.00011435675923922564	0.00014294594904903205	0.00020012432866864488	0.00022871351847845127	0.00042312000918513494	0.0009377254257616504	0.002167060587583326	0.0031505287170406665	0.004762959022313748	0.009400125609464348	0.01759950524691683	0.023100065366323582	0.032951900174782875	0.055937608781867224	0.08972431329909644	0.1116179148554462	0.14392369934052746	0.2152594457539564	0.30639034719169533	0.36221359921432333	0.4361967046041404	0.5774959163201276	0.7429529934254011	0.8442616464354312	0.9605338813919139	1.1999854995629284	1.4474363730427269	1.5752128979786755	1.7206804135689326	1.99159729404462	2.3008179710274863	2.4921368292347106	2.6118226134544846	2.8656545940998317	3.081188496075962	3.1642858351771457	3.2148429584368072	3.237960177317017	3.247062975352459	3.2754863478613685	3.2754520408335965	3.201314553818807	3.094636850962495	3.0548006738815108	3.0594607118205093	3.0079887344869336	2.949215078075934	2.931272502551299	2.8399872194885876	2.6772461154152456	2.4849838139442975	2.3560751570918805	2.2456808595602937	2.044498730868686	1.8361006906690833	1.722578735772304	1.6211328546511867	1.4464929297790035	1.29045313179708	1.2061950715896184	1.1205018340537047	0.9937773913027568	0.8866479792474503	0.8216075724301407	0.7604953202926984	0.6722004664840923	0.5913845447297316	0.5414678193218095	0.49846967784786067	0.43142802774386463	0.3633400132928297	0.32079358101787575	0.2825755520801266	0.22758710439994492	0.17781332494107197	0.1473544021177042	0.12243034644151497	0.089346935993607	0.06341082299815062	0.04804127455639869	0.038475331646037475	0.026181980027820715	0.016930518205367357	0.012945185145880344	0.010194905086176967	0.006718459605304507	0.0041054076566882005	0.0031448108790787057	0.0025958984347304224	0.0018125546339417267	0.001074953536848721	0.0006975762313592765
MCW_CT_ROA_89_R1_trim	7.542810248128286e-05	7.542810248128286e-05	7.542810248128286e-05	7.542810248128286e-05	7.542810248128286e-05	7.542810248128286e-05	8.91423029324252e-05	0.00010628505349635313	0.00010971360360913872	0.00013028490428585221	0.00020914155687992066	0.00038399761263198547	0.0005005683164666954	0.0007268526239105439	0.0015702759516557977	0.0034354072130111557	0.004631971202373325	0.006617101717676177	0.013357631239412637	0.024874131068259416	0.032149514407590424	0.04541114624384507	0.07635038246162218	0.12316723425170933	0.15348933144918503	0.1948822169608454	0.28757649781011646	0.40131521925166547	0.46775366333722446	0.5577085326463799	0.7287348979224632	0.9254445320934234	1.043074657912984	1.1758315468301546	1.4408996131498337	1.7058168232645503	1.839801133122098	1.9963213028709854	2.279577827538992	2.593245591707407	2.7836295509202778	2.8946254322715985	3.1389987701105038	3.340703801795792	3.4086302366303	3.4140507743586146	3.3833138225974917	3.367837347388378	3.3821858296103855	3.34182150913256	3.191493300887364	3.0129206968130395	2.936464029297921	2.9188584244687665	2.843348036784777	2.771650196826205	2.7518708912255447	2.6389378790605003	2.443822520691986	2.233885540185899	2.0990852354015077	1.970346607216522	1.7484097013156854	1.5515217825388605	1.4539075322777422	1.3601024011919287	1.202382238903566	1.0583145631643158	0.9774864942553958	0.9126628972729587	0.8137217981181922	0.728419471312087	0.6776872152931986	0.6346383400770628	0.5680318970359772	0.5106825392994129	0.47994215898817727	0.4476555025760754	0.4023986410873057	0.3581086307303415	0.3276459629782416	0.29830100256290976	0.24899845194105308	0.19701820368111084	0.16652810752810862	0.13915456342762852	0.09844053083829969	0.06789900643360572	0.05220996111749888	0.041890025278014276	0.027716399111758664	0.01755417657746219	0.012692492517532234	0.009421655709934786	0.0055096800312464346	0.0031576946538755236	0.0022148433728594874	0.001683418105377722	0.0009702796819183204	0.0004525686148876971	0.0002399985078949909
MCW_CT_ROA_89_R2_trim	0.00010276330879905008	8.906153429251008e-05	7.535975978597006e-05	7.878520341260506e-05	8.221064703924007e-05	7.878520341260506e-05	9.933786517241507e-05	0.0001233159705588601	0.0001233159705588601	0.00020210117397146516	0.00038364968618312027	0.0006200052964209355	0.0007433212669797956	0.001126970953162916	0.002445766749417392	0.004942915153234309	0.006535746439619585	0.010122185916706434	0.018291868966230914	0.03170933165176022	0.04099913476719435	0.05462212407032175	0.08997612774082162	0.14232375724305774	0.1741564048653768	0.2169196431002882	0.31488390537842265	0.430492627777354	0.4948293099728126	0.5851137276400313	0.7516930512032916	0.9415962204203095	1.057852351664675	1.1837613830488976	1.4452905784988535	1.7030312332977509	1.8251517240309152	1.976422740026744	2.2480706959497794	2.565020143835063	2.767395353296659	2.8703881668186937	3.1093402633254983	3.3053749766341927	3.3651010117082008	3.3765351425339083	3.356407235783801	3.352495379162184	3.3702837079152994	3.3328710126251915	3.2069551303537156	3.0495114649426913	2.9774983635799437	2.9659237895655437	2.883579550224865	2.809918810477706	2.798522359531891	2.6913642065598684	2.4950314796556565	2.2870556698645124	2.161266529007222	2.0342065485644496	1.8143513002761353	1.603063086498035	1.4894342705152988	1.399393059345571	1.239476223636116	1.0887532786205492	1.00716263687773	0.9348926272429848	0.8161119440457894	0.7157395948981305	0.6630151665969646	0.6132194925965715	0.5374452541317787	0.46829582364089783	0.4286360373317178	0.3938780608522524	0.3377966977969841	0.2879290894804318	0.26019327243556817	0.22812084375938463	0.1795651803518335	0.13842902783957373	0.11517369105834871	0.09610767183249827	0.06955363283882374	0.04920649769661181	0.037789494089037354	0.03020898734329409	0.020675977730368878	0.013955257334911	0.010697660445981114	0.008114875951498322	0.005275183185017904	0.0035419087099405927	0.002682122359655207	0.002164880372033322	0.0014626644285731462	0.0007981283650059556	0.0004795621077289004
MCW_CT_ROA_94_R1_trim	0.00016974500010208277	0.00016974500010208277	0.00016974500010208277	0.00016974500010208277	0.00016974500010208277	0.00016974500010208277	0.00019332069456070536	0.0002216115279110525	0.00022632666680277703	0.00022632666680277703	0.00023104180569450154	0.00025933263904484864	0.0002876234723951958	0.0003913565280131352	0.0007449919448924743	0.001447547639759428	0.0019332069456070538	0.003093131112971286	0.006209837920401194	0.012136767507298918	0.01663501001000411	0.02542402890417862	0.04577456836086165	0.0780119729635822	0.09968746644883981	0.12994451271703608	0.19910616998085134	0.2887456754514262	0.3447002286795211	0.4239569983105186	0.5730638354835231	0.7499522710065685	0.8609560707955473	0.9869775879546685	1.2333247344917078	1.4927941125644166	1.6346726418164073	1.7821291803773083	2.0580025266543265	2.3690178030913676	2.5552563590367026	2.672719899107344	2.904572708691222	3.1096718202034555	3.2032578969264036	3.232241855693834	3.238852480420032	3.2547330682073605	3.281826256279209	3.2689444968270176	3.1837372219146642	3.0685180879564835	3.025657475430708	3.0259969654309122	2.9641814945604037	2.912409269529268	2.9170301056431582	2.8372829615674213	2.6708479889673296	2.481209817881061	2.354603623499366	2.2280021442565623	2.0176975194078652	1.8089771812267876	1.6872653010147027	1.5771385170595846	1.4004151113977497	1.2458952947770452	1.1563925283343304	1.0685023393925854	0.9442159933456188	0.8415721348116677	0.7801998869969813	0.7252213675194734	0.6468416137223366	0.5791982311816568	0.5383179769904051	0.4959241632149099	0.44103994651523654	0.3891026916228909	0.35243305646194933	0.31780979158001615	0.2661601601600658	0.21329402290605043	0.17869904885746762	0.1475225505053851	0.10576056534138101	0.07423514671131086	0.05572351142240038	0.0439969609986815	0.029719520434539654	0.019039730844783616	0.013617321119300418	0.009807488894787005	0.005936359864681173	0.0034467665298506247	0.002244406112460872	0.0016785894454539295	0.0010609062506380172	0.0005516712503317689	0.0002923386112869203
MCW_CT_ROA_94_R2_trim	0.00017906628430674394	0.0001837785549463951	0.00017906628430674394	0.00016964174302744163	0.00016964174302744163	0.00016964174302744163	0.00016964174302744163	0.00016964174302744163	0.00016964174302744163	0.0001837785549463951	0.0002261889907032555	0.00028744850901872056	0.0003251466741359298	0.0005560479354788365	0.0010272749994439522	0.0022100549299963923	0.0032279053881610425	0.004735831992849412	0.009872206990069172	0.019028148842911367	0.025177662027656127	0.03571429917791612	0.060793003522139566	0.09962682586350474	0.1251767572716933	0.15962345564754327	0.23518000308370993	0.33177683892591897	0.39187713866402984	0.4721035463040907	0.6187918190457916	0.7903891543886885	0.9000059940082535	1.0231093521985004	1.2577992791356867	1.5037232592778011	1.6410011275521188	1.7885988685272722	2.052551996136692	2.3555227246424235	2.547048252520405	2.6640916306680604	2.894088136048154	3.0776357897332063	3.1496864078134728	3.1890904149022354	3.218000195276495	3.2484273267967225	3.2756783879058253	3.2496525171630317	3.167536488996471	3.078342630329154	3.0483490277077743	3.045474542617587	2.9846862513660875	2.941865848063577	2.948571409183801	2.865437530559075	2.695616721247327	2.510523442792469	2.388282430129278	2.258011708296122	2.0420389203396305	1.83333716598012	1.7142957850812528	1.601064633881075	1.4195055584059557	1.2594862720246818	1.168275561523594	1.0788460893242944	0.9444568429520831	0.830594247486192	0.7649334683932929	0.7030707794359525	0.6160068670977578	0.5406058245926996	0.49427477966364947	0.450742823494552	0.38692925449239607	0.3291662409915522	0.2950729629136761	0.2604471982535194	0.20979500114790914	0.1642320563331221	0.135906597518179	0.11144520062774985	0.07932636394788757	0.055746161667073184	0.042433997110058665	0.03341471110576635	0.023203220629642293	0.015314879578866259	0.011144520062774985	0.008656441165039174	0.006008145065555224	0.0038499251125949947	0.002841499195709647	0.0022995880721497644	0.0016068842881210442	0.00101785045816465	0.0007256896785062781
MCW_CT_ROA_95_R1_trim	0.00015499773335189688	0.00015499773335189688	0.00015499773335189688	0.00015499773335189688	0.00015499773335189688	0.00015499773335189688	0.00015499773335189688	0.00016274762001949175	0.00017049750668708658	0.00018599728002227626	0.00024412143002923762	0.00038361939004594484	0.0004843679167246778	0.000670365196746954	0.0010229850401225196	0.0018328481968861807	0.0025187131669683247	0.004200438573836406	0.008877495177729894	0.016650631505327525	0.0216454334625924	0.03060817739366584	0.05223036119625545	0.08649648509702607	0.10846741379965745	0.14117968542357529	0.22145301152652266	0.3226122821986382	0.3795545744887913	0.447102586683548	0.5855465621134622	0.7675875249919314	0.8817704802089401	1.0154444003949497	1.3117496923004373	1.6086478505359956	1.744166243748893	1.9170623403596	2.2484513692092896	2.618074463933558	2.834776794932845	2.9970439219789458	3.322775533561291	3.5881161532864034	3.695475333292595	3.7270444966330425	3.6805374267408055	3.646662672116749	3.6663008849324337	3.5750110949315004	3.369766971370253	3.1217512232905484	2.9778125782133094	2.936083313451645	2.8418989407803648	2.770479860195145	2.7492451707259344	2.5938483182106564	2.3368233268798737	2.099839542471491	1.9611785702148838	1.8443335289275564	1.6554339163482659	1.4741795669665576	1.3754963850847386	1.289968635821162	1.1488470745475936	1.0222720505491008	0.9500624815237857	0.8831538349791057	0.7905581890746826	0.709540873851646	0.657512009708748	0.6220330285444988	0.5634361354508142	0.5095472985076934	0.48193832725438684	0.4498072971305386	0.4070356726120826	0.3621444540900395	0.3269987180524969	0.29978499101923756	0.25328179607033474	0.20316327899099884	0.1740740793841816	0.14647285801754256	0.1035656104824037	0.07030309690508664	0.05431508070983847	0.043937982461928975	0.029023325570142693	0.01808436053883257	0.013132182958239464	0.009795856747839884	0.005769790624024362	0.0035455731504246417	0.002565212486973894	0.001898722233560737	0.001119858623467455	0.0006432405934103721	0.0004107439933825267
MCW_CT_ROA_95_R2_trim	0.0001703836175532146	0.0001626389076644321	0.00015489419777564963	0.00015489419777564963	0.00015489419777564963	0.00015876655272004087	0.0001626389076644321	0.00018587303733077953	0.000209107166997127	0.00025944778127421313	0.00031753310544008174	0.0005498744021035562	0.0007783433438226392	0.0009758334459865926	0.0019361774721956204	0.0038723549443912407	0.005107636171652046	0.007132877807568665	0.013274432749373172	0.02304438427407227	0.028961342629102084	0.03923082794162766	0.06471479583066642	0.10398434732173797	0.12840341760106913	0.16571742984522314	0.24855871917058495	0.34820215659966036	0.40596220295020014	0.48138793255705264	0.6233213583338248	0.7971784782721583	0.907741956644417	1.0394407483031631	1.3318190360244793	1.616390656177903	1.740836527025804	1.9104727800747512	2.2418998950553086	2.6291005382999333	2.8617477510040144	3.0054276088607073	3.3202345764199372	3.5494276485136216	3.612349544005035	3.6826095521160696	3.6929758463022053	3.674950034036064	3.692604100227544	3.583252668952879	3.366966155888851	3.1455023042641717	3.0218037979205374	2.9929121576804345	2.890894966670447	2.8031822548250416	2.7884169654220776	2.6369614188370476	2.3715192321089167	2.1491143982327503	2.0325720038263513	1.9084901343432228	1.7173506942880712	1.5318339136121757	1.4229316755110608	1.3365820326060807	1.1869697269745805	1.0467478820832294	0.9699242323414516	0.8965779573397371	0.7815767602012059	0.6851744838605861	0.6336218224859055	0.5878660764629786	0.5133232437834473	0.44716018720357853	0.41236707802822326	0.3772215845529283	0.3204218822285976	0.268512964199033	0.23917600314032494	0.21123308986159775	0.1685519936645175	0.12958061350416408	0.10688086882014262	0.08873888590566967	0.06271278832441614	0.04355237605956828	0.03402251054142144	0.026726993826188344	0.017371384280539106	0.011330510567288768	0.008650840945770032	0.0065094286615216745	0.004050483271833238	0.0027687337852397367	0.0021530293490815296	0.0016573679161994508	0.0010726423195963736	0.0006350662108801635	0.00045693788343816635
MCW_CT_ROA_96_R1_trim	0.00036699101026327894	0.00036699101026327894	0.00036699101026327894	0.00036699101026327894	0.00036699101026327894	0.00036699101026327894	0.0003753317150419898	0.00039618347698876704	0.0004086945341568334	0.0004086945341568334	0.0004462277056610323	0.0005588272201736292	0.0006464046203500935	0.000821559420703022	0.0014262605171595614	0.0026648551767981276	0.003561480940509548	0.005096170619792351	0.00962517331463236	0.017711486597592564	0.02304119695118882	0.03217426868387724	0.05377669406073843	0.0897668351808759	0.11482648268851275	0.14528256618797555	0.2177674610673625	0.3175389716303021	0.3806364032812499	0.4500811112687968	0.5882073527566384	0.7617523970872757	0.8720540474333379	1.0074695598680985	1.2899984231897617	1.5734822972085873	1.7148405617981792	1.8898869329889847	2.2214466293522994	2.576464557905739	2.7852657613359875	2.9407907129922197	3.209524050609895	3.426649277409297	3.531396018372738	3.56729024138792	3.532184214974326	3.4928703029998722	3.5031669030491908	3.448222510319433	3.301793097224384	3.1168296280516916	3.0007562099987615	2.955962454984695	2.8633973133505615	2.789978259535959	2.768905468912546	2.64155124764641	2.4284962847790186	2.219294727519392	2.0786704449503266	1.9589020946804276	1.7713404959691668	1.5852885648228523	1.4725764507957428	1.372917539747316	1.2267717106147438	1.0989962837572822	1.0181623433944058	0.939167528435235	0.8390290268620321	0.755688704713153	0.7020871654527675	0.6591283654900171	0.5946296954362458	0.5363031469187205	0.5027318101844093	0.4631509956570367	0.41176808386778835	0.36556057939373	0.33318196344277434	0.30282179804826675	0.25311953827192857	0.20204940291188184	0.17259003363347497	0.1436936619276311	0.10131871129939049	0.06975748441674849	0.05392682674675523	0.04182446411284573	0.027182356873818776	0.017644760959362876	0.012923922054612517	0.009437507457111367	0.0055298872682853165	0.0032195120445824015	0.0022186274711370954	0.0015221786221147366	0.000867433296985932	0.0006047010964565392	0.0005254644010587858
MCW_CT_ROA_96_R2_trim	0.0003750988541771946	0.00037093108913078133	0.00036676332408436805	0.00036676332408436805	0.00036676332408436805	0.00036676332408436805	0.0003792666192236079	0.00042094426968774065	0.0004501186250126335	0.0004501186250126335	0.0004959640405231795	0.0007460299433079759	0.0009710892558142927	0.0012461617488775687	0.0021380634688100094	0.00421361046192382	0.005663992698075639	0.007706197570818143	0.013578578521214444	0.023760428529602074	0.0304580269591882	0.04169432152431839	0.06816379733408909	0.10572786369741194	0.1295841508230815	0.167356605438725	0.2510995085163069	0.35045069169270654	0.40850765878924344	0.48285641945220975	0.6136950675542617	0.780026402791569	0.8970447419997146	1.0240657173192518	1.2970668311544606	1.575361006598614	1.7109675779137627	1.887122335365466	2.2104825542564863	2.5725238005432685	2.798479182534564	2.9347609317872316	3.1930956804241113	3.3955406997885897	3.4748907785072523	3.5258917193802115	3.510871094152938	3.489561311470627	3.5120547394261195	3.446891732925448	3.2959936316550094	3.127840983092419	3.0307320575109897	2.9958937094880214	2.9010478803267943	2.8228314337007565	2.8044765964363525	2.6878750337328485	2.470255181834379	2.262008633525294	2.1366547642243217	2.0162521997984886	1.8292612532261106	1.6387277063642816	1.5194546062660264	1.4092505629087666	1.2561518816938213	1.121828982012968	1.0332514714815466	0.9539847480638127	0.8413717365097261	0.7448838079202124	0.6883980882461732	0.6345588993766065	0.559926730690484	0.49015417604847944	0.4441212111108449	0.40379391652175	0.34594533767753377	0.2943025609874269	0.2633777443430404	0.23171106552039236	0.18622824556888432	0.14373371315565459	0.11745178677297245	0.09740066913467821	0.07015182126122822	0.049050426831237816	0.03703059243738194	0.028557526098023752	0.0194676305317964	0.013020098004995066	0.009685885967864447	0.007181059174970071	0.004551199430683294	0.002867422351932332	0.0021589022940420757	0.0017754679097720545	0.0012378262187847423	0.0007877075937721086	0.0006168292268691645
MCW_CT_ROA_97_R1_trim	0.0002005496749934188	0.0002005496749934188	0.0002005496749934188	0.0002005496749934188	0.0002005496749934188	0.0002005496749934188	0.0002005496749934188	0.0002058272980195614	0.00021110492104570402	0.0002163825440718466	0.0002269377901241318	0.0002797140203855578	0.0003272126276208412	0.0004380427111698358	0.0007599777157645343	0.0015780092848166375	0.0022377121630844624	0.0033249025064698385	0.006644527389913534	0.012713793869977523	0.01662451253234919	0.02348542246633457	0.04053214484077517	0.07000766944178159	0.09029485235427374	0.11792320889613027	0.18337101204332465	0.26954404081418104	0.3204731030164571	0.38087549855065916	0.5121616489489825	0.6829719181900877	0.7872471939406132	0.915440657245617	1.1889323600833528	1.4774441780534902	1.6191378010593667	1.7776617638956118	2.10853178427357	2.486441258683537	2.698986970815378	2.867084541821046	3.202298045949519	3.488788534300644	3.6160900793142297	3.657946907534567	3.6416021090226036	3.6276005751342466	3.6524634572104047	3.5842765677126422	3.402684114629128	3.1734716689807283	3.048698105396665	3.009147598438753	2.9043076170244295	2.8370548668022946	2.827301819449983	2.678578402573285	2.4367154945312217	2.2110337786873115	2.0718628594879314	1.9530371770543307	1.7583931622271656	1.5748004900167427	1.479539394394869	1.3903211771379282	1.2378031493054331	1.104975932983476	1.0337332997535773	0.9631767575170768	0.8581256711817083	0.7709129506747019	0.7183108819731385	0.6746860500390439	0.6058236247939353	0.5440965458801713	0.5110375152444141	0.47350833790551405	0.4244633871235709	0.3761731364343661	0.3398472571454266	0.310403398282577	0.26004431936712435	0.20789612624580928	0.17798255893363304	0.14885535745235204	0.10591661651165585	0.07313729989628415	0.05624890621262783	0.044738410392610825	0.028799988853660172	0.017548096561924145	0.012893233052866371	0.009684438252971671	0.005916215412305855	0.0035993389038292533	0.0025121485604438776	0.0016571736302087765	0.0008391420611566734	0.0005066518105096896	0.0003905441039345524
MCW_CT_ROA_97_R2_trim	0.00020043224796633793	0.00021098131364877677	0.00021098131364877677	0.00020043224796633793	0.00020043224796633793	0.00020043224796633793	0.00020043224796633793	0.00020570678080755733	0.00021098131364877677	0.0002215303793312156	0.00023207944501365445	0.0003797663645677982	0.0005327278169631614	0.0006856892693585245	0.0012395152176865635	0.002442108705484591	0.003254386763032382	0.0047840012869860135	0.009251530603498861	0.017252996923628718	0.022501157100642044	0.029162892079102172	0.04910590075175279	0.08125945295182636	0.10086489152263894	0.13326107223340863	0.2059072130555237	0.29461430637915187	0.3458880401286459	0.4132174518468117	0.5418000134500588	0.6991287790379516	0.7996350023273877	0.9222573418200567	1.199212512246806	1.4856882144519563	1.6163594910603263	1.7768529763529506	2.0928133171405174	2.4766410719960543	2.71222808134912	2.871640287409295	3.1879065511016518	3.4383413704027506	3.542814042388783	3.5981913626887456	3.609668746151239	3.6248119299383803	3.6583632333413765	3.568057956566859	3.375553331460874	3.1676259723271634	3.0612913902481798	3.0466598361466373	2.9459690042077584	2.865980713670666	2.859187115371175	2.7194647404072727	2.4739721583783973	2.253085272053811	2.131153896363341	2.016406434402613	1.8239651036907227	1.6373257591041734	1.5380801491637888	1.4463718466535067	1.2867855810095719	1.1393518390318067	1.0595376080784746	0.9833417066542187	0.8646066978655285	0.7678137456963109	0.7135968226214164	0.6590687021088901	0.5748027654375687	0.5032590019792684	0.46538258164647184	0.425195915929221	0.36685430817249304	0.31130820282161137	0.27574730240611	0.24348825954921208	0.19638140674428142	0.1536260435333568	0.12671537697745533	0.10377115911815085	0.07366412566047041	0.05280862280628882	0.040766864329784894	0.032454200572023084	0.022216332327216193	0.01489528074360364	0.011788580900125403	0.009388668457370566	0.00626087048252745	0.004029743090691636	0.003096150777795799	0.0024473832383258105	0.0016298306479368006	0.0009230432472133984	0.000590747678216575
MCW_CT_ROA_99_R1_trim	0.0008673651268911813	0.000871701952525637	0.000871701952525637	0.0008673651268911813	0.000871701952525637	0.000880375603794549	0.0008890492550634608	0.0008933860806979166	0.0008977229063323726	0.0008933860806979166	0.0009107333832357404	0.0010104803728282262	0.0010885432342484325	0.0012359953058199333	0.0016132991360175973	0.002550053473060073	0.0033046611334554008	0.004792192326073776	0.008682324920180723	0.016423558677684517	0.022252252330393255	0.030565947071645228	0.05189011871626492	0.08760821464164376	0.11171662834358413	0.1438611799461713	0.2186800957918046	0.3217881252509938	0.38767751711528237	0.4642528473428703	0.6191555853543663	0.8119795267135448	0.9316238723169143	1.0743704880750307	1.3772977586417756	1.6792926116971127	1.8217616706146238	1.991413952608904	2.3135663712131924	2.6584784507471046	2.8558950904531724	2.99878915828286	3.264753663967137	3.4773231724399936	3.56912943429579	3.588202793436128	3.5340661990412143	3.4752718539148955	3.468679878950523	3.3895154638191647	3.2179549785457238	3.023825652670574	2.9085571641323704	2.8570313387693997	2.7604979369720457	2.686351229099753	2.6587603444133445	2.5342023753661365	2.315184007174844	2.1037333997156775	1.9732730109799752	1.8521931760916006	1.6676742558224051	1.4976620173004649	1.404459297590373	1.3161788749753884	1.177691021990308	1.063892717342185	1.0002801589359858	0.9362425916176099	0.8514836714178038	0.7796441547830416	0.731314569912665	0.6973355410667029	0.6411909964030368	0.5887674481337338	0.5603352192742409	0.5214642511126126	0.471165747404193	0.4174454882701877	0.3774686295717732	0.3447733011136101	0.28820808436340173	0.22944843384215863	0.1957382881855329	0.1628044343174747	0.11422765038593412	0.07866134335776123	0.06044667569304642	0.04799564929652351	0.030977945506918538	0.01935525280657671	0.014181419824670811	0.010629559630051426	0.0064185019389947405	0.0038597748146657566	0.0027105160215349414	0.0020946867814422027	0.0013530895979502427	0.0008847124294290049	0.000693892101512945
MCW_CT_ROA_99_R2_trim	0.0008752048065901362	0.0008578740183408265	0.000840543230091517	0.000840543230091517	0.0008448759271538443	0.0008535413212784992	0.0008535413212784992	0.0008492086242161719	0.0008492086242161719	0.0009055336860264281	0.0009618587478366843	0.001074508871457197	0.0011958243892023644	0.0015424401541885568	0.0023136602312828353	0.003951419720842595	0.005251228839540817	0.007608216041446928	0.013609001472770384	0.02395981475467056	0.03102644366332656	0.041485574371784927	0.06879023125857224	0.11077839848958715	0.13754146824358354	0.17828181872064813	0.26218016463555605	0.36441881721529584	0.42875936859085784	0.5092782107971504	0.6629719736890906	0.8451098927952101	0.9598917033703877	1.094517266491025	1.3909214052219052	1.6863723505990733	1.8196807738127632	1.9888119363377759	2.305731395658776	2.644886256303641	2.8412787487448177	2.9691669679335355	3.232417308743487	3.429663342505942	3.4949570872352163	3.543509290515657	3.5281542121267684	3.474537085980467	3.4629687848240525	3.3848719202756015	3.2261608941854862	3.0494431791043377	2.9413770489757676	2.904375816063492	2.804164865708921	2.726353959166583	2.712649638358442	2.5906495544774266	2.374317990155419	2.1710581728704534	2.0488977791981324	1.9243197405650323	1.7356134527124243	1.5565690793088065	1.4526753364512577	1.3641150084972855	1.2225138031063012	1.0966272899603784	1.0242842471106977	0.9554030292138166	0.8509330376469781	0.7633302357437802	0.7141194625098655	0.6672310149013584	0.5953472379402844	0.5271679169675003	0.486392904913937	0.4457305429839943	0.3819402441353479	0.3209012079212794	0.28524311109832484	0.2518466821419052	0.19970700569385716	0.15477693715752197	0.13017155054056462	0.10790148764020174	0.07656742248544993	0.053071206316448405	0.04009911131184015	0.03126474200175457	0.02091826141691672	0.014029273087816143	0.010732090623384987	0.008106476203614578	0.005385542448472966	0.00372611947360157	0.0028595800611360884	0.0022919967459711986	0.001650757580746742	0.0011481647215167627	0.000840543230091517
