Sample	1	2	3	4	5	6	7	8	9	10	11	12	13	14	15	16	17	18	19	20	21	22	23	24	25	26	27	28	29	30	31	32	33	34	35	36	37	38	39	40	41	42	43	44	45	46	47	48	49	50	51	52	53	54	55	56	57	58	59	60	61	62	63	64	65	66	67	68	69	70	71	72	73	74	75
MCW_CT_ROA_082_R1_trim	36.286759031731926	40.54407682534196	40.22815600721268	40.790862537841164	39.93963442808607	40.40995039637599	40.25497941732496	40.37614762226393	40.79785607935501	40.35911098276043	40.86937876253982	41.313186461612055	41.179769426222414	41.52766101636563	40.28405014785443	39.701852985617386	40.01366336261393	39.737767530849226	39.970886617832925	39.82288139480234	39.85623663490868	39.881983660891294	39.86540066912677	39.89948681985964	39.858644183854366	39.85125894821629	39.80519551564184	39.86290311528071	39.82620822728688	39.85798507909967	39.868686417666744	39.83894412313583	39.85223803300718	39.833337910984135	39.811213551002105	39.797228134786536	39.82612483079957	39.79091256241197	39.81104384449636	39.84163707232667	39.843697891066775	39.874024454250694	39.910353681645404	39.90913878641905	39.946050638279054	39.97716288637906	39.933136539028055	39.970535300246446	39.97945130072736	39.95429947973936	40.00357833960643	40.091843439499534	39.9689722824615	39.96440969699035	39.94822988668618	39.947509488549215	39.86890608994382	39.86246245186958	39.938809764492916	40.02613732356559	40.048764043981606	40.19228467761154	40.13068338371666	40.06253037476802	39.96946246973106	39.87013191333724	39.932124690149465	39.83681586590148	39.90824845322032	39.99251041149106	39.99665134846458	40.061632968727835	40.05164977145267	39.87601711946886	40.01599838479424
MCW_CT_ROA_082_R2_trim	35.123713793174524	36.23740951872728	35.82615940221085	36.32689596219797	35.5778220183667	36.06271256367921	35.99355696343306	36.12209791738274	40.54962911052324	40.15397951952968	39.64380920886481	40.157815145464824	39.92436043659949	40.125639866418545	40.06453377788021	38.37956795515451	38.818063501986416	38.42726799235829	38.767929621385385	38.595100567717424	38.64165958844381	38.671176812948	38.639399372504094	38.62435353985629	38.640601295982435	38.6428373472696	38.61383863320497	38.62166549247118	38.63528186229948	38.59586059026918	38.63445717332681	38.6317963384795	38.64431854053807	38.57950651200928	38.622951303769476	38.606921961262145	38.6140185652272	38.59362204763884	38.609921067250454	38.636280092838014	38.61613209001463	38.625032163983555	38.618613764795356	38.62711426685754	38.59843045195183	38.52194705197313	38.56173999191774	38.54603729787408	38.48729383132761	38.53798926612898	38.51026797390898	38.49209188677291	38.42753449643968	38.4504069684815	38.40835716283368	38.37413835123901	38.36580616075204	38.41259184659165	38.3877776540185	38.411624282301595	38.40702729192228	38.45749725500916	38.23046766440191	38.31396057736107	38.34877402483069	38.29408799433293	38.305943718598705	38.28229915689459	38.31142269722422	38.33740467976591	38.348274072595274	38.342246389533365	38.30814784839766	38.267312810352735	38.21945859906358
MCW_CT_ROA_090_R1_trim	36.318397807210985	40.98637980888882	40.45606340119103	41.03737018819906	40.23660816396648	40.688974615174196	40.58032196196978	40.73690286208072	41.48658236882168	40.7970802187957	41.47184232076015	42.00974511246961	42.01490098811327	42.098323177949744	41.05466644211965	40.39538278410395	40.94068598595499	40.33356962249489	40.78685296837674	40.5068466230255	40.59948886866727	40.626290799114244	40.67175210647895	40.704859171449584	40.66527745665751	40.75105827530968	40.77445033096923	40.798340803579876	40.700726708139356	40.71685270864514	40.8662520473516	40.899155914095346	40.911602622809795	40.88563035988279	40.89383829690632	40.88974846241409	40.97925373474475	40.87691817956891	40.906589275899385	40.89617021364556	40.865785207873685	40.88403798782188	40.890475923540386	40.88100210129957	41.01674815504562	40.98019376096831	40.990697212639624	41.04603783912023	41.0999035224675	41.05366625661793	41.04603230669254	41.15587773630777	41.007114312528785	40.987556103258726	40.98264748299185	40.94578360492232	40.95981445908271	40.9908135140822	41.093519123603635	41.08473351776844	41.11505630432769	41.26373734594684	41.10306696857331	41.055618286862035	40.999267230664444	40.94383738574949	40.99228337289761	40.79423131440168	40.89748016534299	40.94107736313124	40.947869989938056	41.014954509454775	41.06691348323159	40.9614402504763	40.95506608240221
MCW_CT_ROA_090_R2_trim	35.835907981709546	36.90495553338912	36.597236753159024	36.951874804002	36.41470139286741	36.736096943753346	36.676061950217516	36.794760426407514	41.65244105426304	41.42615330671785	41.003578415648256	41.37868494649567	41.17103696931012	41.27288035106067	41.220055279841304	40.06543488676367	40.39180547449368	40.10400896290581	40.38984498705587	40.17538652851691	40.26706161970758	40.30169569000211	40.27445908581236	40.15278041677449	40.222093666786606	40.25796653242358	40.24148392998122	40.248824838520676	40.274216710824625	40.214747162936156	40.24436032777217	40.2669254066633	40.28513779365822	40.20795054317496	40.23347711929798	40.2317190936945	40.25058332954984	40.21882449431222	40.223552069308525	40.2679395365523	40.22104211552566	40.21619771038391	40.21612098216117	40.23895849557102	40.25209910133168	40.18061870541463	40.06695573005577	40.21184788391938	40.17450933572069	40.18647287651925	40.171759896876154	40.17998183190314	40.10854417549924	40.115575585190236	40.07084090526886	40.04375456630008	39.97615269148034	40.067855015604245	40.067851188770135	40.072924659805096	40.06568551867895	40.126520579852695	39.95719004685906	39.95354845439307	39.93756128201774	39.9829608443981	39.984804424989825	39.9639897260853	39.944266231748706	39.95020615087071	39.91143091686149	39.989854016692	39.93217164010776	39.912424687658685	39.86092583178213
MCW_CT_ROA_091_R1_trim	36.31819847928054	40.610078275177166	40.24235609401297	40.83031716216147	39.942736754643214	40.44086865162769	40.299034477426126	40.477094209245074	41.315823729303766	40.47117808339411	41.35303412793115	41.85233123590716	41.85441262535057	41.96161249946319	40.73760130000034	40.016345926182424	40.558617583112024	39.96765671353591	40.45214909300037	40.16593470882407	40.28025597968413	40.30682040694949	40.33107829589595	40.343170976057884	40.279695285718226	40.33595224765417	40.357740458768234	40.381116980174696	40.30579207329001	40.33230005629501	40.48976152178255	40.51483828444516	40.50556455013009	40.466297196832976	40.448542152191486	40.42331416385764	40.51040750046677	40.39012332495253	40.449206495677906	40.45816172679561	40.44994753194314	40.48778319511283	40.494157591715705	40.46361218130862	40.58799357061281	40.53507891880366	40.52028875441904	40.557868299188215	40.61541202861388	40.59601309837937	40.626212218835555	40.76716141665071	40.618227405546115	40.58056864904556	40.58431869719535	40.51703291387261	40.512870161222324	40.51859571344679	40.63264789896853	40.63619018971656	40.68711241861063	40.85931216212235	40.7049928708318	40.67071279688176	40.607723793880325	40.53048321194998	40.56375946506908	40.352852163412756	40.431351834836576	40.49112284402336	40.52317400903479	40.60162571854923	40.67520955792319	40.6078977057687	40.60160486079313
MCW_CT_ROA_091_R2_trim	35.24415592964609	36.41317611911479	36.00595801709133	36.499581629567466	35.73939304522894	36.20921140387879	36.137890089539034	36.2872297674302	40.77319669065019	40.40059618881354	39.879597402757526	40.367913635899136	40.141560011188595	40.32864459868531	40.2023642131196	38.65930526194363	39.05464087701586	38.703180956723685	39.0301539508993	38.772506099504206	38.8932280689949	38.97037664897361	38.93735542041463	38.82165490890048	38.83908246307236	38.894622300027144	38.89909051677748	38.89354798328632	38.9297445347003	38.84752943812395	38.881232908996566	38.91121389581566	38.93495312102888	38.85369032910461	38.861368955804565	38.87795280451168	38.9142977004331	38.86747604472155	38.88215045022348	38.929180126547344	38.8732025116783	38.85153691546649	38.85886281752656	38.89225181443682	38.91279663803115	38.80145575922021	38.70035792073727	38.85996393291466	38.797146076137295	38.83248438912886	38.78968058983986	38.80631539753984	38.7274188829693	38.74691864053858	38.71005368953729	38.67878124572435	38.616356533630224	38.73243441435581	38.721499944935616	38.73872066079208	38.73483653485816	38.80305042525049	38.61676457378235	38.61566910386017	38.60548225918924	38.677427733535616	38.68738659224829	38.685468359883295	38.67966800934009	38.67593639340269	38.62302102505614	38.71158682302146	38.65847830123987	38.63663383815135	38.56597423875182
MCW_CT_ROA_093_R1_trim	36.40137332137007	40.67159790600812	40.497655335916974	40.96140180308325	40.26646742959206	40.59079760516753	40.47266536208263	40.636144238887795	41.502600443080546	40.70990126174604	41.62229113762019	42.02318246041013	42.041715196577584	42.14524496531	40.95053645334768	40.349434465904544	40.805320775515085	40.292580048079344	40.715816123093894	40.45589434901063	40.55090862611141	40.56155907356885	40.5940902328937	40.60951747083226	40.551086963407776	40.591271220990464	40.61363568817982	40.639058986805146	40.55928678604252	40.584743620290915	40.71796675942615	40.73600260468248	40.725156293108164	40.690073067429175	40.67682233071594	40.654919527616	40.724404635329215	40.6172881044729	40.66530085548672	40.67595907957139	40.66757302169796	40.697187806553224	40.69590131795492	40.670199286455826	40.78195452140729	40.7373649389959	40.72197280436474	40.754913913448114	40.804276016700335	40.79025982779559	40.81738473320404	40.947967497042164	40.80458522367669	40.764485112448135	40.76292288856105	40.699840157668156	40.69447191011236	40.70368048568739	40.80640520717155	40.805112584923116	40.85215405839174	41.01163886493238	40.86452348550001	40.83650794871294	40.775496644393066	40.70057279236277	40.7319033901364	40.53445140904351	40.59347017868247	40.663248375092024	40.69300511738287	40.76926857035569	40.83362942409017	40.76832786891838	40.75294034596879
MCW_CT_ROA_093_R2_trim	35.1516181746989	36.38168640280352	35.92013543573487	36.42141432224325	35.6282675541688	36.12706456014075	36.0433318784473	36.206982559903665	40.60937624022493	40.22795545156553	39.65036807567477	40.19242469722657	39.92837572072857	40.14159606809362	40.00678568184518	38.392894248179886	38.7934330446163	38.45737430225889	38.7799508474071	38.521187765088705	38.613908816155025	38.67215240405689	38.65010456664838	38.53508540981563	38.5740698247594	38.630870628061444	38.623430017424916	38.63216990273171	38.655818631218104	38.57812011514866	38.60283283235986	38.62248712751015	38.647478868971305	38.56275173845282	38.59567921856914	38.6105570811933	38.63794111287792	38.59933763627289	38.609063035364585	38.65152695782459	38.59885187321747	38.58263080994457	38.58454538040798	38.61605778699642	38.626733158674696	38.54129795743808	38.45237426531574	38.60672278100145	38.5405963880135	38.56719384759378	38.53043339537357	38.53951706532228	38.467033813607905	38.48446679464067	38.457574248703935	38.444184683317324	38.37578629545481	38.4948929488581	38.487976561936414	38.49400397318983	38.503124629074364	38.5638616535966	38.390906237259024	38.38444537284539	38.362932647593766	38.44123422068043	38.4439085352528	38.44163083509256	38.43504260550677	38.434517582855435	38.39601871361291	38.46634251918876	38.4043945990583	38.3806695621863	38.32263593689074
MCW_CT_ROA_100_R1_trim	36.582273560178486	41.2927264944763	40.98520111984465	41.37346252504578	40.33425945382562	40.792252247563916	40.76897597324578	40.858113500160165	41.48857652570343	40.905951721805074	40.417787398506434	40.888233197001256	40.81347804380044	41.16398686293001	41.2128706918143	40.500898273738684	41.146162637909455	40.610611372910554	41.111548585816365	40.86103363711984	40.894935337957385	40.9990068513778	40.87686294568748	41.08351083273326	41.0196276704653	41.00599855546176	41.00750673604351	41.04944630678007	41.04520663370282	41.04617255511254	41.08367881953285	41.140182546855996	41.16795895527576	41.21398476864658	41.13810150909979	41.060299484029755	41.09662460114267	41.09263162537342	41.13020608662342	41.16918681049739	41.133365899430316	41.17766351685509	41.1988455661544	41.161928430564416	41.20557580964724	41.12260658554108	41.18693664954282	41.2321190565862	41.245491992066675	41.22533547068812	41.244261708771425	41.18460858855407	41.14960341564135	41.17475833513085	41.15640261404836	41.09091292039504	41.077199642690026	41.07351181898853	41.16749897488304	41.19601153535175	41.30899962371735	41.30295980843928	41.29391912686682	41.30629661698435	41.22381473094546	41.19892849551917	41.17517390317123	41.1449296430516	41.14373679156626	41.194031557269525	41.25126353510774	41.31809365583485	41.264562412595694	41.21291118406623	41.148099082485096
MCW_CT_ROA_100_R2_trim	35.700632069732926	36.80062064990452	36.55124166795299	36.878431263597776	36.319253374468126	36.66487510541568	36.588875750907185	36.749341511364115	41.55849776987609	41.295497913449765	40.80428624357811	41.28405015394504	41.080545726510394	41.214988316229864	41.21734002081215	39.87655639093847	40.22312495438652	39.88652536161646	40.19209789816146	40.03082566722581	40.04019612640298	40.06074240743233	40.02555113118607	40.09097389382224	40.09434479243858	40.07999462573656	40.048104625305186	40.01678781906503	40.00182041376622	40.024031411022996	40.082310909227616	40.07870806168488	40.09074093750701	40.06306828432866	40.07473471662225	40.074234228056476	40.06711565632038	40.07077541227676	40.050478611962845	40.02263924975493	40.029324024862305	40.050202394645574	40.068483808492566	40.08282373383498	40.06116810030517	40.0208672042976	40.01459760089433	39.956286444115506	40.02580546573822	40.01475240904331	39.96150353807777	40.03262754504089	39.92204206086543	39.93873457511582	39.88522352017612	39.84148642440488	39.840753994635925	39.84936759795804	39.828654491505276	39.854143954805444	39.867085765088305	39.78494705879707	39.726583405807766	39.766335000986736	39.765404779005266	39.74441253168861	39.780685399040024	39.72134964435985	39.73765835227651	39.721991690194976	39.74650004493662	39.7565279746723	39.689669793253564	39.66429477315641	39.6560360533177
MCW_CT_ROA_101_R1_trim	36.45429592559415	40.57264920908321	40.53608290412285	40.954838640528685	40.015421945659114	40.35542805160276	40.30124240713514	40.3391417950503	41.04275351020703	40.247649436204654	40.027392708764566	40.29733116694333	40.33574724378118	40.706672032400725	40.74086987860446	39.992692787944314	40.61041582268825	40.04798047970097	40.53098378555806	40.259456328220075	40.31836305901768	40.39768420400374	40.3083652869664	40.484660956417834	40.445146266407086	40.43708710531803	40.43278218386223	40.43615560288145	40.44247042813776	40.41128018472006	40.44841746737824	40.49999430354658	40.51974593574958	40.581802521261274	40.507815306288435	40.433601197166794	40.489328943825626	40.479178451603715	40.489320582850716	40.53343588197327	40.50323953140574	40.55042219439556	40.58200899478835	40.55720634429951	40.58547341882331	40.491650122257745	40.57795754497614	40.61501813768404	40.631971473400725	40.61928434679964	40.64110498131649	40.57999483491423	40.57287062692095	40.59025447272509	40.581621840104276	40.5079942239307	40.510454803318936	40.482368369819156	40.579625764009926	40.61373401191337	40.749067796901954	40.739796955311334	40.727958284438394	40.74819470557206	40.66968428207986	40.6525997273527	40.60727930770116	40.59321554682924	40.589444234682794	40.664945881128666	40.695252004245894	40.76984133925594	40.73663092074569	40.72725721029487	40.65995546130244
MCW_CT_ROA_101_R2_trim	35.68236337745642	36.74649008898328	36.57757759953805	36.91140756212453	36.35764792178496	36.70796469069187	36.62293279609059	36.77561909355359	41.57561203940565	41.23665675133164	40.878452121752694	41.24521190731742	41.09015328360926	41.19759834633431	41.19498966626413	39.79844450521745	40.1208523956084	39.801863104912485	40.070225406387145	39.92644955593575	39.97865908494867	39.97883744177638	39.950348216296874	39.987562479840484	39.99470769302911	39.98289426262783	39.97101466265641	39.919269037722984	39.90312292053877	39.91013255956253	39.99135659828301	39.98920837635071	39.98070496033668	39.98283433622283	39.97829354660996	39.9804184813082	39.959029390222014	39.980541512431195	39.96064941426112	39.91436400120897	39.92409296699341	39.94559069267352	39.96694998507866	39.989839969424786	39.960468216759324	39.910880545296884	39.91797651585344	39.871352279991015	39.936408471245265	39.91088869312702	39.86846587180354	39.960915113522596	39.872825013999766	39.88661524763155	39.876251865087205	39.82567225071969	39.848462000621325	39.852544847236985	39.83732087252189	39.87569291117919	39.8735831498137	39.779821442513146	39.74399061142749	39.80173929168872	39.79116384351122	39.7924731062617	39.85921796616113	39.83446504531259	39.84597634300276	39.842678536191606	39.850819884079094	39.86571921864021	39.792114541014335	39.79128177949101	39.7633391564664
MCW_CT_ROA_102_R1_trim	36.737760891955645	41.570758216544704	41.33817865418658	41.691745469560885	40.79409139535447	41.24840964456333	41.185513542745	41.28790989826298	41.97884695456206	41.468822194780245	41.13913816332652	41.494777818816	41.43571623615071	41.71988378448452	41.755166035824374	41.1969213903886	41.77807755963265	41.29794046618548	41.762935529179146	41.54974429355131	41.59242070162522	41.680433861484396	41.58337350737142	41.73807503719906	41.686758721122544	41.67085550750573	41.678077386461325	41.70986827416834	41.72799657529487	41.72321913787446	41.76865095658649	41.81652185771016	41.83384946629916	41.87848845265396	41.794555960630376	41.72462728449359	41.75778341957618	41.76446844755077	41.803102980644304	41.847757842099014	41.83295094063008	41.87548745344309	41.894146983697325	41.85292676303127	41.869306232051954	41.76687554575118	41.83704238599486	41.87408453629037	41.897644874841795	41.89623318129018	41.92928923177366	41.87931504248633	41.860533038041176	41.86046480551942	41.83242036511106	41.75655379644348	41.74093547808339	41.72615110157039	41.81700293774653	41.853168524688606	41.977130238764964	41.97066415705438	41.958505176064044	41.96327701441883	41.87925011333304	41.8440053535503	41.801363523460815	41.7848725837202	41.78113612963196	41.850390147226584	41.89661410619965	41.959913913233954	41.92513682973017	41.91410816748519	41.859539660083655
MCW_CT_ROA_102_R2_trim	35.70041918819976	36.82731483838919	36.55164483174781	36.89057728794131	36.29600126834799	36.66654618397096	36.55918765237299	36.73129076647845	41.53595270102072	41.27344222780228	40.76547533451356	41.28057357030191	41.07299878323317	41.22755963536131	41.24382610907674	39.911670182217144	40.272481016356764	39.913938018660666	40.20588315737043	40.049669874437214	40.09294213721031	40.102548072310064	40.09577334470065	40.16527261734308	40.16675563167397	40.14641076061353	40.1181942587656	40.06496723418932	40.049972574493914	40.0691096776145	40.14248195295251	40.14530163896936	40.17067881660491	40.16780543662296	40.16703319166675	40.164845186837944	40.15359369063672	40.13898435002369	40.11842207888936	40.087855070848	40.109763046186586	40.1442383321131	40.17738935234819	40.19310968349443	40.172482960528015	40.12662002531136	40.1282483903163	40.04861471593333	40.11724149024117	40.10243608249347	40.053652228695235	40.135553959401435	40.05853536129606	40.08457171255813	40.04923669412454	40.0044127620512	40.008681716275184	40.0118832975529	39.98596029789578	40.0037199430888	40.01738877172595	39.95861276685551	39.92556199510298	39.98032589495673	39.98078624935423	39.96994681350194	40.00928431483391	39.94863698188792	39.966397901144745	39.94354615768675	39.96018792110812	39.97356726234392	39.91302021107456	39.90540899280869	39.90771651086327
MCW_CT_ROA_103_R1_trim	36.10130009033796	40.32221991593586	39.92483738894266	40.565493005162125	39.71183125410093	40.238409333602085	40.13296804878828	40.20954404536602	40.543594909652946	40.10930460051583	40.57389630501321	41.07587419230194	40.92150740603586	41.29304816641189	40.05901413104707	39.484228675996164	39.81981014928727	39.53732717866333	39.750124422195334	39.59160228984014	39.58478190667461	39.61644375216842	39.59394568779499	39.662839149052964	39.649616050753224	39.667508667859046	39.64029524102788	39.70171387962871	39.638642029450146	39.673395174613006	39.66258715872996	39.62191620142171	39.64407160785529	39.62814266007382	39.62969904149129	39.632862825282004	39.67939324980741	39.655377129727945	39.663337127949106	39.68088653635363	39.66325656026502	39.68673462538622	39.7109999099192	39.72505403651332	39.779129397445416	39.83599332491913	39.80056191298775	39.85494458715531	39.87053350238911	39.83030773968723	39.87051736168754	39.93911589700089	39.8024441182831	39.80488466479695	39.792489077337436	39.823565625986014	39.75444507414885	39.76818812401715	39.84890112949522	39.926398088624246	39.945440920788556	40.07318637268927	40.01134761475606	39.936602950392505	39.86132661435723	39.78146549144578	39.866742016057785	39.77672178723852	39.87325868956246	39.945199891613285	39.94817902010803	40.01567905314082	39.994529202000116	39.815793953765215	39.95211262047607
MCW_CT_ROA_103_R2_trim	35.423726611143024	36.38027336069142	36.06353185169683	36.50243654016871	35.81703833408597	36.28899806114533	36.22710421635581	36.338514693445546	40.952657084593994	40.54675524845601	40.07662817174609	40.547791075442596	40.34375792045473	40.51852405395194	40.4742902197379	38.938655570120034	39.343842559524894	38.97122472929974	39.29354605535567	39.11217846658051	39.14551517428362	39.17363873094892	39.12024837922648	39.129008331716165	39.136768492169296	39.14575724130892	39.124877852965525	39.13279710730439	39.146804562955516	39.11910236893927	39.13419473485639	39.13096261146948	39.141658566520974	39.07410519871689	39.10388359729284	39.090376717330976	39.108386697731454	39.089791685525796	39.107680845209025	39.133330059442656	39.106526947400226	39.11822661485611	39.12549853229741	39.14107911529748	39.11863495686206	39.05477015660467	39.09719585051225	39.085865693889104	39.05752732906141	39.111882326014886	39.08166018701305	39.06704410232817	39.021177989209654	39.04427925883411	39.030497942025164	39.01757293208717	39.01189052398038	39.06290736605203	39.04261697588357	39.077300136621744	39.095982382728096	39.14433062533647	38.9261465865419	39.006417331035834	39.049248004434325	38.99338521166673	39.03047838740576	39.00143602219908	39.02771522938497	39.068555171643624	39.09675825240127	39.09439842324012	39.07742771539872	39.03379394943557	38.9752199674051
MCW_CT_ROA_105_R1_trim	36.50015129238276	41.248101662460414	40.90970570277952	41.414251492657456	40.736620618962526	41.144097893132866	40.998659211222744	41.12795122747336	41.56936049301244	41.26753425123354	41.61578920067472	42.01478183245617	41.911585750967866	42.19041854597927	41.29073424271035	40.850900028884915	41.11734723626417	40.85046933927669	41.05859847452578	40.92572636500407	40.95109350368334	40.95623609410581	40.97156943963076	41.0149963232769	41.00172573486142	41.01845474230287	40.994709792695346	41.03488110478415	40.99412744270762	41.00626905143551	41.00578089643024	40.98311878066796	40.99605346272796	40.99383470172802	40.994502204661416	40.99415713356541	41.03380413047124	41.00875014780655	41.02352115747751	41.03190053411616	41.01435423158876	41.029432386663075	41.049540530848326	41.04309668692107	41.0770006836793	41.11197621348746	41.083541487578394	41.12341154448143	41.13207114975479	41.08677970561061	41.11811170025525	41.171794492620556	41.058156608992256	41.04477907078869	41.020237048192996	41.031363929052524	40.96155528116893	40.968847533166326	41.0329294027238	41.096087813054766	41.11206163232411	41.226386274467686	41.149453884034905	41.077333819871996	40.99234757663178	40.90285687524794	40.95598979639413	40.884030583426096	40.96269430051814	41.03558276035707	41.02355029384296	41.070280488922386	41.05433925095599	40.86723169859444	41.03026220885023
MCW_CT_ROA_105_R2_trim	35.39047113504637	36.48804923280745	36.06443526613516	36.50000965390696	35.843757312475	36.27467740578266	36.16656815837329	36.312514696999735	40.87820584372034	40.56744922304225	40.09063704338404	40.53693969201018	40.354634367558134	40.513735178587005	40.51739828992046	39.00266275360999	39.369859201606104	38.97062171184175	39.31894347419006	39.14832257359876	39.22323184652669	39.20739251311748	39.216538498299975	39.207522112460026	39.225218620383714	39.21416934215079	39.16900417645072	39.154278299570315	39.15526950716491	39.13745880251886	39.169338452029336	39.19708063044052	39.21438337964406	39.16677021347101	39.20222448039057	39.171733493529935	39.16814044467615	39.126822674983536	39.141387790472386	39.14372340771843	39.14856653270037	39.18003287044383	39.19860016298188	39.20990995809896	39.19492702510604	39.173098448044776	39.180757550684426	39.1436167716876	39.097752231747435	39.11539389413416	39.097164623746764	39.100472107896735	39.071380442397434	39.091299276644406	39.06067841075937	39.043299307091004	39.03969776667996	39.05650263194982	39.02010948729938	39.02708401486796	39.04565425701121	39.090918994066215	38.912597126433376	39.00380670700351	39.02563621459843	38.94678462031921	38.9634235342288	38.925645455182725	38.94088402598049	38.95653194158427	38.95666091094984	38.951628028037995	38.92399419276931	38.89474893665044	38.88549271527497
MCW_CT_ROA_106_R1_trim	36.091667772733196	39.86509878390148	39.834482933975	40.186215059337435	39.58199656792574	39.68922724491199	39.576202612955775	39.681132106459884	40.081307840448865	39.582268233305236	40.33892829472324	40.63111107866914	40.562554696417585	40.948908745003834	39.35559877639366	38.79454447697228	38.97791022358457	38.8384155449085	38.96922453287759	38.84185491948481	38.83555175440571	38.82382003880991	38.81799942539248	38.82924212471134	38.79065626332413	38.788744542184695	38.70243388613798	38.77688382889116	38.69819915550801	38.746177847104384	38.7291198524294	38.67696788693242	38.69773460288906	38.66000797865343	38.63753692353513	38.62099821873716	38.65971714283706	38.6058560492494	38.62775053604887	38.61730898000057	38.61292203781507	38.61239131058442	38.630593772937885	38.64828729260405	38.68826006397892	38.716347506287605	38.68347207475715	38.71751248524471	38.721730080507726	38.66734316846868	38.68487737016269	38.759568586346376	38.63260563213786	38.615238375735146	38.61034030303755	38.61377154461536	38.53292728510786	38.5278754491065	38.63217934597493	38.69530743046238	38.702864792852985	38.835798050347385	38.774349809305015	38.68361267452206	38.608050133280706	38.53393910583133	38.59128173545154	38.4736128930823	38.53780599503011	38.61556011245441	38.59805675243212	38.64479089920237	38.61692284074064	38.36667613535334	38.42096697974799
MCW_CT_ROA_106_R2_trim	35.909478846188705	37.08009605816387	36.75012675169011	37.015301568369395	36.49004861547303	36.770385825804624	36.70039254554591	36.84454258404132	41.60468602043806	41.35951079146318	40.940730968500844	41.30594647282104	41.10179301134102	41.29229303258807	41.20087997285578	39.861218957110495	40.16550561805271	39.92747392559827	40.18386359411528	40.035967452055424	40.069505424902815	40.05740255166115	40.07530629811333	40.0572353385247	40.05652330542319	40.05519976528082	39.99707499093216	40.02967091966216	40.000525404810624	39.99904436941534	40.01720948251395	40.005387167359736	40.015189191094024	39.95847466966047	39.983095280638395	39.95571464158574	39.95191077820448	39.93747396328562	39.95258254590217	39.936024789393244	39.959198382596114	39.96240164044285	39.94846548052823	39.95770058196297	39.91563279455868	39.92051602301245	39.91372221949077	39.862844790878924	39.83363759648495	39.84981177058794	39.8351273253469	39.82355292969308	39.77444051791422	39.78207899384039	39.735124470759935	39.6893990471043	39.65753362569329	39.64118057230876	39.62123940408796	39.6348687953207	39.643674408846636	39.64236289704198	39.442878565807426	39.452700977210384	39.36598007558058	39.21853108414534	39.14745503281674	39.04231356932023	39.022350838773924	38.996761297850284	38.98138064141756	38.9195097984485	38.838971509482036	38.801251405416906	38.67897531374983
MCW_CT_ROA_107_R1_trim	36.566211386257756	41.130175877067046	41.0858213167214	41.28773177746752	40.3559456321745	40.55477752608671	40.51980750130211	40.625809096447064	41.291186777967496	40.65632099232652	40.350199614839745	40.615647371263165	40.61570325275471	40.974816506793374	40.941242016061565	40.233225472459225	40.79058605319877	40.346325600324214	40.77737181609775	40.54340209869868	40.589319367626736	40.64326158669983	40.57103747574429	40.71393990316153	40.652656560229055	40.63928769033781	40.628210829261334	40.64431298326365	40.65119492723867	40.6395900830633	40.68119975743739	40.72441020852078	40.74312067508016	40.7915122075657	40.7053234602071	40.6428033476833	40.66223587314722	40.65756189699528	40.699213991627566	40.73061451423382	40.721201396022	40.78503677427122	40.82063326577143	40.81684728514918	40.84639823036704	40.757333216946904	40.8207013151389	40.864020437115485	40.87771264202276	40.85602191932349	40.8925742494394	40.85956281866598	40.87144091883852	40.89926499423865	40.89768799605086	40.81886136677858	40.81119219328468	40.79101590224095	40.89338067673517	40.93628893945957	41.06603008116027	41.06480295640772	41.083272171662514	41.11998525233807	41.057885743576435	41.04414089181695	40.99940051314351	40.98649313224439	40.97379680171087	41.02631664497236	41.105717652245445	41.161009853297166	41.12123068078148	41.10811485970398	41.02075043822345
MCW_CT_ROA_107_R2_trim	35.639589770849035	36.8619904606396	36.51850622578567	36.804606694666354	36.22545462440252	36.50032271597652	36.41707678727861	36.629198468841295	41.35903134646998	41.15274987463095	40.62817243288605	41.12193016113931	40.888374554831586	41.08402609152695	41.039434713854824	39.663664052292035	40.01891378116056	39.744176063972176	40.02258787797174	39.878098156793065	39.90322219712938	39.911011851463776	39.929406742994615	39.94723464990453	39.94615050810591	39.921892884703205	39.88889711981986	39.859225948932924	39.87516318907307	39.90840137621062	39.941579572880926	39.946442575669536	39.978857380270284	39.93679026947321	39.93755113970105	39.93733958533887	39.92826583669237	39.92025290673429	39.92761444778486	39.9038139633062	39.93686051212645	39.93129213547717	39.925070090784004	39.91262399983578	39.86302467326179	39.81204960560814	39.80926209901266	39.73347927068775	39.78347923510338	39.78474307013769	39.74088162874935	39.774111152635605	39.68574304822824	39.7027946184285	39.638056637340874	39.56540016822394	39.57120394002139	39.54645204870092	39.54879109584371	39.575518762355244	39.587796748381656	39.52525921470249	39.51061866949482	39.497615897474354	39.45857194548856	39.438944010680856	39.41387037406834	39.341009676894046	39.36054094061649	39.33144541015009	39.3555563542048	39.33640511606901	39.26533652091428	39.25152529651811	39.22942701927769
MCW_CT_ROA_108_R1_trim	36.383212653407426	40.65213465370219	40.62660256682326	40.92484541900547	40.42209531103178	40.51041542646764	40.41284686237051	40.52285321730162	40.98292306397326	40.63385022651671	41.23633681340142	41.4842028355629	41.42439370051832	41.72566784455548	40.48477523063799	40.03271265421321	40.202910527628426	40.06548447273102	40.19125746025115	40.086721057032115	40.11159282169867	40.10811718454603	40.114563260780834	40.1263341653397	40.08863563522797	40.07699733458147	40.02049453912742	40.066409432343896	40.01658666885519	40.05445235399157	40.04903897844081	40.02097702647886	40.040765722466645	40.01738986923858	40.00286593138962	39.97778558974755	40.00777021103785	39.958283551949094	39.9763662465545	39.994623597255504	40.00759950219572	40.03994255894646	40.076498392972454	40.08310703475533	40.109435848752334	40.12969177714703	40.09272919040154	40.11914277831206	40.12245529149387	40.08643877027706	40.13242618511355	40.214302463123985	40.1080362241995	40.09533489252713	40.072974646868445	40.06833876067579	39.978675595960794	39.9619260929738	40.040750206579524	40.103855563817014	40.129460469993624	40.26953522926229	40.21959189721833	40.15630091059498	40.07233259537457	39.98718115593678	40.03000429196575	39.92879185943177	39.984657136229025	40.05687371390396	40.059778710400956	40.11699279978888	40.11860237944455	39.929845014059964	40.043799026842734
MCW_CT_ROA_108_R2_trim	35.203253341534925	36.4669817040078	35.95705511426548	36.38756130665738	35.70013615127014	36.07318871466377	36.00862034029221	36.17328370309569	40.54521467967423	40.25658402611201	39.697557119343344	40.18097459473121	39.94142127725805	40.154867250094426	40.09069976351855	38.41539863863662	38.8123325246891	38.49294887374863	38.79487374816359	38.629461297338366	38.663289011154454	38.66061285529809	38.66937892851199	38.661081431532146	38.672181495003976	38.672661799580474	38.63630700836399	38.65816823759676	38.64083214205472	38.638092200627376	38.64626754002151	38.65183851233616	38.662768197082066	38.599156844960774	38.648297105326584	38.62446104949877	38.63741714831806	38.628662971326335	38.6407543097182	38.63794320484228	38.6348401509688	38.64283401351136	38.63285449786715	38.63465609991577	38.59515412088908	38.568718760890626	38.58701554646527	38.54652924907321	38.49932304486438	38.51574069152703	38.48395844941623	38.477031341621796	38.43358577936079	38.45619248191086	38.41708069192752	38.409358768742074	38.4155116588392	38.4368426855985	38.42369896398152	38.437082812859835	38.45866545864546	38.49052033007136	38.29328036865624	38.34408839429554	38.31154745582095	38.22288591449822	38.198500986534505	38.147069806528904	38.16230074497499	38.163361432867376	38.17189388443336	38.12661313781277	38.06166801464011	38.03286719542012	37.96944165946091
MCW_CT_ROA_109_R1_trim	36.788067630789314	41.7646229877734	41.70028776592671	41.850429070224514	41.16323234117754	41.27566589684091	41.260271386830624	41.36441976585846	42.05159103815713	41.609906915840746	41.28289519676972	41.57993538713843	41.55328771351191	41.85730476760406	41.83324306768594	41.338203977084454	41.82301370771638	41.42634819913824	41.79630164519211	41.596688864939765	41.63683770647951	41.69910572540866	41.637853916559834	41.77747525605946	41.728986344904605	41.71514454598198	41.6974366999093	41.71196476692932	41.70125048231908	41.698672561909326	41.73134183142309	41.77452607868796	41.80252990313873	41.84810454041887	41.78323019008403	41.72510708957214	41.73698079763316	41.723971553542064	41.75001480109358	41.77814816636569	41.77025565979904	41.82814805032427	41.864124257498005	41.85786363317839	41.8819043321406	41.798291670349535	41.86185962332229	41.88184202341751	41.89579954725814	41.87216029626659	41.9037280846955	41.874464885368695	41.88453476340103	41.90796194422884	41.8981529179439	41.82405096746373	41.811365388592215	41.7914137085146	41.861555234402154	41.89174270589	41.99878282262163	42.004800851753956	42.02059134320808	42.05122369370414	41.984792181323336	41.96395653228583	41.92066211143053	41.89274891082766	41.883204620248996	41.9262447247431	41.994572644081536	42.03150688116356	42.003082259179926	41.998815409314176	41.923235197912405
MCW_CT_ROA_109_R2_trim	35.52834468577867	36.82033772337142	36.36699772690266	36.69285711833321	36.05379937597741	36.39092908337896	36.31019867205221	36.51886788180091	41.142604859189035	40.941328745783636	40.31660316781995	40.897332464036495	40.632209127982044	40.85592536143758	40.807689596407336	39.33162188971573	39.74408589472798	39.451541292850685	39.77918150194094	39.61842518189522	39.61728595364048	39.61779502137325	39.62407591347221	39.65509031920803	39.63508789641634	39.62594976850523	39.60017172155276	39.59056417848425	39.61504625093505	39.65117716699431	39.66238866518693	39.66559013516313	39.69779035276799	39.65063502398713	39.66799327155849	39.66441889245519	39.667728264706085	39.65221667002272	39.662956400557434	39.65886291212691	39.683518601405574	39.68208848954088	39.671020067644875	39.659864102931664	39.61910478591649	39.58442400029346	39.58819093043642	39.50396648670076	39.563768105128474	39.578290149743985	39.53490311025654	39.55596943497615	39.47035194173012	39.49328721806536	39.412371162175894	39.35530862541571	39.368125688613176	39.35857537782473	39.37689035365914	39.4074234285126	39.42376344256619	39.376463474994026	39.366541096373446	39.33200422312469	39.266016752512904	39.2444376602171	39.21841040162179	39.13991734904238	39.16954321681191	39.13807903792605	39.173893536316825	39.14151201734801	39.07241445907964	39.05741426594655	39.00180000045443
MCW_CT_ROA_111_R1_trim	36.438621109577696	40.74284192904132	40.60560530085659	41.02764775412322	40.34849437302633	40.63716827756597	40.53176020258232	40.699023141306064	41.58995107812094	40.797671726559734	41.67251135077878	42.058299045481625	42.074681241521446	42.19402787075371	41.010284051747625	40.44748608900935	40.888252654451904	40.41211768623441	40.82616107294531	40.56127551652695	40.64435951744478	40.64568461634438	40.665495540813204	40.68691236096267	40.63586300184008	40.67194141248671	40.68767097061854	40.73261850890694	40.65367464236507	40.681549239981976	40.79062124188558	40.795706414780454	40.78800149851376	40.74478786502778	40.73303037812137	40.71026017611056	40.79583223788783	40.684671334364154	40.7402118453616	40.76183569032678	40.74198995253592	40.77196316586927	40.769330842499976	40.757110366920365	40.86571885255748	40.829612104377055	40.81777609551546	40.8531527481623	40.90900700436789	40.88941590552461	40.92474091482915	41.054047676582606	40.908216950114905	40.85919127151912	40.86743626677785	40.8153399842767	40.80932594484488	40.81746875555905	40.93199025727295	40.92565918716123	40.97570121785356	41.13570970987026	40.989765475153746	40.95668818911358	40.89114441222408	40.818114873871586	40.85145532885611	40.65536145984332	40.72694596630684	40.792252365656914	40.81779938645402	40.89030960823712	40.95912644769629	40.88552131746287	40.866893309716936
MCW_CT_ROA_111_R2_trim	34.97625749533406	36.31667779015836	35.76637374196363	36.28789188586482	35.42516878147454	35.95655673281684	35.86715697934455	36.05611449191413	40.31185880156507	39.93495946290756	39.308163280899	39.90119669704931	39.60848590497705	39.83341525194044	39.67189924394166	37.939689795041055	38.3700832833481	38.0325164636443	38.3799432636285	38.11601798066318	38.18945194591952	38.237970332319335	38.20536549949551	38.101542673957	38.157817034344326	38.20605274285482	38.17889818664623	38.19145416235041	38.205004201647505	38.14932504607447	38.19407771143817	38.205138908124255	38.21986294240666	38.11577986127761	38.14804017092974	38.149622926779706	38.16453094695983	38.1269294305834	38.156067188679955	38.198620552169025	38.15150080380073	38.130283005740694	38.128096058285564	38.14579125211776	38.13846988561752	38.05061050986766	37.95129839096521	38.09671594163543	38.04812299769684	38.07313940030369	38.03985963663972	38.05167507830083	37.970893150678954	37.9847367081701	37.94251686149624	37.91757910658503	37.85355928146942	37.95290715776579	37.960996491513654	37.96951606976773	37.98185637533313	38.0346051551907	37.87306082121803	37.8612060108091	37.83136961721903	37.87616112688702	37.891616375989464	37.87444697580368	37.85560177741702	37.85078380313148	37.82455708805234	37.89324082012915	37.83385888886397	37.81147171127322	37.73786026454382
MCW_CT_ROA_112_R1_trim	36.81873527150419	41.945096220152166	41.75825411673885	41.97293983564985	41.19965202982084	41.47267052783035	41.452721130037865	41.56541946071791	42.21725183720874	41.805357224727246	41.42899544596924	41.78990287176444	41.73660803059692	42.02416064944096	42.0409676943926	41.56396003960518	42.08485128571939	41.674002362658285	42.06514041769621	41.86566312722842	41.90569046534694	41.97317696318525	41.91402319280098	42.05116059683419	42.01259965336601	42.00113629050046	42.01181250798166	42.023111701074406	42.030945178454466	42.011381054986884	42.05661644559325	42.097582546962435	42.1243757276743	42.17432252660353	42.11001130993744	42.05346613993876	42.07753555331575	42.076502267498086	42.116225609872956	42.13089599626283	42.11149992480519	42.162655080214115	42.179372634540755	42.15717086761341	42.176662263586074	42.08801678997048	42.155903973728584	42.188971626421974	42.19473662248849	42.177433912217325	42.19633308098986	42.15397331905506	42.15057030647332	42.164171986174225	42.14602756044519	42.06960442828974	42.058589275667245	42.05325534625954	42.126005282231176	42.16403176524456	42.26042521252056	42.25450154006148	42.249412483702514	42.27365278447141	42.202894987547616	42.182250920363295	42.142124731357974	42.1389568223515	42.12713725073681	42.17464158757496	42.231779288511845	42.27059811752769	42.23221783085603	42.22911250762011	42.17141353577259
MCW_CT_ROA_112_R2_trim	35.313333039661615	36.5784964601978	36.11399199540684	36.49677808112614	35.790231028567035	36.15695292646254	36.06594806548545	36.286172702216156	40.82276732959006	40.594679703012865	39.92560872388181	40.59383070864943	40.31770535316372	40.54833980584193	40.541451355700495	38.98562426259695	39.43283283777397	39.035672703486384	39.37682854173104	39.205327652112324	39.24612042335861	39.286522732461414	39.32484714559965	39.36873466783805	39.36606332717572	39.35030385699921	39.290462441967655	39.22781701601723	39.2408949397558	39.27539405312793	39.32455161111807	39.357165942039124	39.40939531404804	39.39217128020576	39.40548867562554	39.40054661714556	39.381456626978	39.34673019338451	39.339201487574506	39.319562022021685	39.36283250578515	39.38897569772141	39.41496514401248	39.42225874567924	39.40219899344759	39.36169925904794	39.361360213237724	39.27910400982754	39.320078893750996	39.32172970071194	39.27938990527204	39.33131802070642	39.27616958332121	39.31588264593939	39.27145775469134	39.20974058846045	39.22648888363051	39.195966528420236	39.18694914832293	39.20537027879976	39.226282066954745	39.19539550103215	39.1858882412127	39.20482667585846	39.188500671164306	39.18243929561975	39.17634650022394	39.10779282261274	39.119744607620646	39.07587452980657	39.10316902167628	39.090712079486636	39.03872071134995	39.038221203489535	39.03403806820938
MCW_CT_ROA_113_R1_trim	36.777210232971264	41.71702966878575	41.59394150084207	41.779696585218126	41.02510512299878	41.248162179895495	41.22567539502321	41.327569396058806	42.02476563585095	41.577256011547085	41.23884227375847	41.528432270255145	41.49951608610375	41.760714898752326	41.778300418873584	41.257526057580634	41.785225849718294	41.384174905661645	41.78672041239454	41.591334775607415	41.61976064724533	41.68539508868666	41.6034924396211	41.74720525090724	41.68816153360812	41.67027379239025	41.66541184838067	41.70316766483202	41.70970156369496	41.71232494195253	41.751998361445246	41.787735732640144	41.8024533453064	41.84460347953737	41.76473136932886	41.69203476460318	41.72817043086685	41.72246799881433	41.76758200346561	41.809041199814665	41.797624932152736	41.858328719673466	41.89008873447112	41.862993422303965	41.88892088323131	41.792013155091965	41.857943785868514	41.886173456691196	41.913797315502464	41.91167390912742	41.93793532708334	41.90956172528343	41.89690271902815	41.91602234221527	41.893210499571914	41.81371879384157	41.798149192661974	41.784179014020545	41.87585937330351	41.915618514503315	42.02929972418308	42.03759204382894	42.040381692000174	42.05703020795667	41.984910024922996	41.95452610845798	41.91220575890598	41.879990567634366	41.872190949479005	41.93222522194867	42.004398034490215	42.05836090706451	42.021734570084654	42.00203780751479	41.932987629830386
MCW_CT_ROA_113_R2_trim	36.0347709706523	37.165738060162234	36.87974380692996	37.112786129621604	36.6335681392483	36.89804131313112	36.81420415971593	36.980375198408375	41.99917909502925	41.82648166876138	41.33690135705341	41.78144730638613	41.59109208759553	41.736488205161805	41.753929518566565	40.65293073493276	40.981346164555426	40.72209750145629	40.976581278797696	40.830758823844945	40.84052615557704	40.83906203011583	40.84806945342129	40.89121332881147	40.88338633381235	40.86454548127446	40.84195734848451	40.839668127213805	40.854749836227235	40.85624304515022	40.87972866290651	40.869744434000076	40.89594215394533	40.86697826358527	40.875896304694436	40.87656341355498	40.893891988224894	40.8709189367544	40.86777956156724	40.855784936334096	40.86437970286188	40.87260671764919	40.86330559298633	40.85405442470674	40.83108065292429	40.80105899544074	40.812436250891906	40.72248406222567	40.78663659362119	40.79755988056418	40.75189926914929	40.78697058394029	40.70178795036964	40.733089750266586	40.67422835242035	40.6180540901187	40.647699619142784	40.62061893823156	40.62588024412545	40.65028461481782	40.655027975085154	40.630981236882135	40.6036635979213	40.583091666348864	40.55753277496837	40.53726948402031	40.522358916973644	40.44317134401408	40.47088348432915	40.45671802848145	40.47302868453014	40.4642981335943	40.40340227568054	40.38183135347232	40.37019779174123
MCW_CT_ROA_114_R1_trim	36.670333967364165	41.40485510182425	41.230782377357926	41.55810649691427	40.642072578688705	41.00589509590507	40.96771581285616	41.046389928502364	41.718480670960034	41.17254718864418	40.838801151201096	41.16727879814307	41.15473250288946	41.44448679651395	41.50597750677569	40.87980723852046	41.449936839141905	40.94253769344147	41.40481053161475	41.181623137304214	41.229871258449016	41.31212793161358	41.23607189190386	41.40854335558203	41.36241730815212	41.34192423512222	41.34902342775734	41.35578088796337	41.37365098039001	41.34865676938377	41.396960418769	41.45616143821199	41.47589004877604	41.546237711000984	41.469724854863216	41.39926658844521	41.44408867242302	41.427034478830166	41.470503240552866	41.49614098072731	41.47175273804593	41.53100271155922	41.561781814335056	41.54536075520592	41.567912053757716	41.4718642161493	41.54786459593648	41.57311873780951	41.595517888353875	41.56437542590628	41.59559472767241	41.54647433236737	41.532674778675535	41.55911559314535	41.53239472998067	41.45661867596461	41.44577855689779	41.43326776072541	41.51294477585586	41.53671340532559	41.64691576581998	41.648709445595856	41.64120254149622	41.66325129149463	41.57997856748508	41.55426233009282	41.511465501482704	41.48902763915199	41.483383064899726	41.53582236181481	41.57946252758868	41.644958553201036	41.60756222949765	41.60652628088026	41.5374397301788
MCW_CT_ROA_114_R2_trim	35.77566994469122	36.824744658321926	36.60975742910568	36.92932958839148	36.42447240130717	36.733250529763794	36.65833354344831	36.80607260637793	41.67093836586923	41.45707870420717	41.040585721126355	41.43557365791883	41.275129111648276	41.37990824330324	41.411541308012424	40.138461339448696	40.45932715899358	40.12922244104739	40.4336398030946	40.292413776470546	40.33115093507706	40.30303657836441	40.29890097433546	40.35497151198917	40.36062333781753	40.3618857113351	40.344024154963286	40.29502533238199	40.29509721646905	40.29845671423837	40.369078141935034	40.3651611982725	40.36686724753832	40.37069192841454	40.36665207373551	40.38054045072123	40.38453316854253	40.38087480875206	40.37597743461136	40.33343800594143	40.34000861649309	40.35714535576044	40.36651498911216	40.38131413139262	40.36006385661911	40.31094397452192	40.32181553733098	40.26050402464823	40.34564208980081	40.315623915692086	40.26469019065825	40.345018898209354	40.248444051062506	40.27633121174622	40.24669134009654	40.19509546944952	40.2142755273119	40.22295034649247	40.209572428376426	40.242701077372	40.239073488794084	40.15042442214441	40.10726980880787	40.15215684425549	40.138439287368115	40.12368844790555	40.17873883362196	40.13230847067035	40.16522555396015	40.14303787603961	40.161688667858236	40.169620960502904	40.088160088238936	40.07506152750372	40.05570460088029
MCW_CT_ROA_115_R1_trim	36.53419489969598	40.68573519394089	40.844127704695346	41.064369497970624	40.31142369056121	40.44170088344398	40.353762711875994	40.432095556333145	41.18608459425363	40.45867878479017	40.503515269549574	40.451863943294924	40.56501614231004	40.80704803895624	40.83471477265639	40.20612788568581	40.709477747493345	40.27621825482682	40.67996879349961	40.4726116933453	40.52942134530221	40.567278248132666	40.48905530392012	40.6208699895148	40.57694085150143	40.56140102453754	40.555214206677086	40.55722740022228	40.58656704078524	40.564126621442156	40.60791613704954	40.65073699029313	40.65447798082883	40.70711517673869	40.61939450671865	40.54989714271188	40.60088296934476	40.58992486582691	40.61319645455071	40.66233066545166	40.63326358916421	40.68449114532266	40.71727546949121	40.68706259944761	40.705995615620544	40.613521632237855	40.69082245577425	40.723557147112665	40.75075926825084	40.73795970021557	40.766787858518505	40.71834816620394	40.69872230071386	40.71006559550202	40.6991792875047	40.60996572317332	40.61060153822451	40.58081382493062	40.67052276428995	40.712221919710565	40.84907048547902	40.840646484118224	40.831637223706124	40.85806000702086	40.78244531595477	40.761596798816704	40.70875114834071	40.68439669080836	40.681735473976175	40.7541378835913	40.79512621257411	40.87611192749438	40.84493527377117	40.838574026408516	40.76041593144794
MCW_CT_ROA_115_R2_trim	35.71769670878197	36.8814866711032	36.69675197727595	36.990441466307196	36.48574021104966	36.767516352446535	36.656807146029756	36.8496840038647	41.58872515066019	41.37413473698602	41.08533181551967	41.33145460819015	41.210478072649735	41.25068987940462	41.296150474498894	39.931721668074736	40.216429460230955	39.932937983648245	40.16885136511004	40.040684838388685	40.077201464019545	40.05721205421728	40.06238335129129	40.10405300400976	40.131089685332626	40.121381185201024	40.112098199123224	40.05445708994837	40.053360769383545	40.0658270305033	40.13304474625368	40.130022442731835	40.12946763050217	40.12142758475783	40.1334065146653	40.13835563859101	40.146360891165365	40.150133980272855	40.14244120232045	40.08719709180039	40.09175226185693	40.117388731751255	40.12648239240332	40.1561313895231	40.135158063831966	40.09629415385903	40.110655650436236	40.05624744565416	40.133071640651686	40.105656842110655	40.07091156097337	40.16948717622107	40.080907633236805	40.12042654734434	40.12330508030427	40.07644602806283	40.11360340163031	40.123052882798156	40.11335237335953	40.15132334246366	40.14922473387039	40.07771864861779	40.04483147096025	40.096048608460414	40.09594023196356	40.097704896816666	40.1478255153863	40.11221336238969	40.1367485119201	40.125682227651865	40.135667415875346	40.143068239801686	40.07231070390208	40.06236578856685	40.04136592776608
MCW_CT_ROA_116_R1_trim	36.80616066258486	41.86025372012046	41.6716172431811	41.90746252916502	41.14261054419286	41.43251475746583	41.40327382571747	41.50686331800248	42.171618092870816	41.74268378879399	41.360703827883825	41.70736565566448	41.661786017495736	41.94760046278524	41.978947111383334	41.501369652859665	42.014927550631214	41.600582684640294	41.99854311132392	41.80078854559839	41.820467347376265	41.89845729196914	41.81182193835729	41.97669862368925	41.92917968609339	41.92845454654038	41.92214278155811	41.9560153827995	41.951073299441575	41.94470042045553	41.97951682173779	42.023550393782834	42.043296468474324	42.087793182743184	42.02995075065217	41.96349201112834	41.9952764049946	41.995632629242465	42.01964696150696	42.055346486142525	42.02791628747563	42.0750415328585	42.099009662269815	42.06682157315123	42.09484569837194	42.00520329745297	42.079699562343954	42.10492169227147	42.1260255511316	42.107713747692976	42.12247793359916	42.08000045889832	42.060049984240145	42.08362689342673	42.063389942992686	41.99040121658117	41.977828888365586	41.97795918880388	42.05411909165086	42.08536281495661	42.18204715526478	42.18282033562946	42.179194953266666	42.193584516079426	42.13007890749941	42.108480888860086	42.07108373460331	42.0483017563382	42.0384545443677	42.094477391494046	42.15410624754487	42.19930628827458	42.16096905386088	42.14634211338711	42.08719444957743
MCW_CT_ROA_116_R2_trim	35.77139822551614	36.91015556502803	36.575795645817344	36.868020068791054	36.28878550166054	36.62967165744147	36.521748493155	36.7104862259844	41.53592709766686	41.31015513219821	40.75702436389187	41.28697851537582	41.08939715726942	41.26417923811169	41.26757209500176	39.98229784163458	40.328576098693645	40.00556461472678	40.293936802476686	40.13967834238977	40.156106470915844	40.18523120169354	40.187199043202234	40.25111436088491	40.24097308878415	40.22501362740632	40.1655996753239	40.141516299533826	40.13532946466786	40.15153041863455	40.19638361389716	40.21316216232008	40.24739512623323	40.22392167647486	40.244907242446	40.23374486713506	40.22617162494226	40.19650127706212	40.169618597470794	40.16701935956787	40.18628238533978	40.218674042042046	40.24553699669489	40.244943688291734	40.24133702966607	40.19919419708266	40.20358601111838	40.107249001458165	40.16571874762501	40.172185619989904	40.11763462855984	40.179262871276514	40.102643245606274	40.15401874838956	40.10451153733644	40.05778221403885	40.071453047116975	40.05864844141554	40.050146438145255	40.0637155133089	40.069644831733086	40.04938770575848	40.03818955167	40.058033898305084	40.05153249398506	40.04604403637636	40.04450793949948	39.958258916599696	39.96659021770068	39.955614158643556	39.97083724192592	39.97982674976394	39.93556639277646	39.91017311078072	39.917141337527404
MCW_CT_ROA_117_R1_trim	36.46601692431278	40.68536148083925	40.63945691205615	40.984599626722066	40.01481969441557	40.339309562135774	40.2973326942337	40.35438170017039	41.067060218872406	40.35155650765594	40.08751691291264	40.34808796303367	40.35984974084765	40.70029917205872	40.726248027013625	39.980165939052355	40.56116389945051	40.05867940842504	40.533428392715464	40.28801425440147	40.318579934031455	40.39309353875561	40.29141316745553	40.46925357836194	40.409965257076145	40.399635373210735	40.3869414432832	40.411949582712715	40.41697969724355	40.40478200759627	40.44352639281168	40.49615755648854	40.506615524689565	40.55862648512475	40.474606060152325	40.39414532077248	40.43928954129608	40.425885414575674	40.454607699240256	40.50965588381825	40.477270085352735	40.529460918813754	40.56059193667902	40.52496874307073	40.55523262694236	40.46400638047869	40.53862574149836	40.573520589688094	40.605308940231055	40.585545933543216	40.60661391663009	40.555979859967046	40.53582863606558	40.56498802552504	40.549997454526036	40.472122873688384	40.4763634304767	40.462078362070216	40.562368620191435	40.59159976602221	40.72894160027471	40.722549942644484	40.71645893776786	40.74336519542955	40.66567902180141	40.65368148034881	40.61391107528265	40.58611967170136	40.5731945462432	40.64590718966083	40.6966909963056	40.778429267205816	40.73848438471425	40.71721937789387	40.637592304361725
MCW_CT_ROA_117_R2_trim	35.70716332404155	36.84924979043004	36.62331031702145	36.93895714793822	36.37477429494781	36.720446227698034	36.63424681043237	36.79877925442977	41.56267646662873	41.307882452734944	40.853618717646285	41.297405580946304	41.105257745522685	41.21828197104395	41.22957003613596	39.823565919465956	40.13039210307052	39.824073693831345	40.09313206589193	39.958584713456354	39.96540449718232	39.966860079877556	39.961282879985085	40.00930511020814	40.01196364601075	40.00642018019812	39.97341839002019	39.941147000972435	39.934520219786634	39.95157542185957	40.02031433970303	40.0113123206885	40.01745087823108	39.99704715382563	40.01214680578009	40.005771475806	40.00160328311652	40.0104973030496	39.99753565685795	39.967206928578975	39.97334575483875	39.99761631906235	40.02034564211394	40.03225434689433	40.010902853289124	39.965618108355805	39.97826983605722	39.92348872520846	39.99866488507796	39.979847809773126	39.92010863280377	40.008061634679954	39.88894266513789	39.92485656041763	39.896345783306955	39.83820657666853	39.86239238337208	39.87847337726221	39.86713836388343	39.89275228065648	39.886036223332376	39.801785108845024	39.748693314951474	39.79912268027172	39.80405775054833	39.80470449192306	39.845548516625655	39.79152958515467	39.81551338705205	39.81270931316038	39.83017663539885	39.84234644060719	39.76357314771314	39.74586691891554	39.72173700308553
MCW_CT_ROA_118_R1_trim	36.471247031074725	41.118685787815735	40.749509140811725	41.27999498483395	40.584692797754435	40.98270914411898	40.89591979277318	41.02036179064011	41.83396572819154	41.15656786800474	41.821678487255284	42.29986841865417	42.293739113040935	42.39936420755293	41.39960621017073	40.88165044955515	41.34316210872832	40.8290745391773	41.24360290974632	40.97956249927665	41.03017267819012	41.06679327744417	41.09262334530899	41.14516968292733	41.10894712821233	41.18372496361922	41.18970219081678	41.23771424658076	41.13715140987184	41.153753414888	41.27511535092214	41.29391410040487	41.30066355507527	41.271048640905505	41.275496966119036	41.27275600949107	41.358072628498455	41.25711905544861	41.29080229770292	41.294852423057854	41.271458488797094	41.28257518574678	41.285345879757095	41.26183164993146	41.37802193779582	41.34059934984681	41.33677512342056	41.363798401322796	41.42026173356743	41.393977789802456	41.38986052107066	41.50535868821475	41.34495264483096	41.311322293490356	41.30343623883735	41.25112977713601	41.24744042938808	41.2664569823088	41.36537558271332	41.351155226222936	41.396428441456536	41.538103366299026	41.376991784612905	41.33161192684286	41.263134101360414	41.19321332130908	41.23300781190377	41.03202593371236	41.1000398623274	41.1610173915101	41.178958568736434	41.25042565613976	41.30689585503545	41.227086444598264	41.21069592575555
MCW_CT_ROA_118_R2_trim	35.56400654241328	36.7300562836438	36.32280798267531	36.73532972305674	36.08553274210921	36.50141929281488	36.425589345155764	36.54192809053697	41.18035019841786	40.90649336345278	40.36885897861126	40.88391878818239	40.62735628731802	40.793473372516836	40.703229384916355	39.353977388955926	39.695878533272364	39.38820022512485	39.68624336521912	39.47049272489611	39.521932313139615	39.5909055705495	39.55069688713139	39.47006980580606	39.54695157449163	39.57281158984729	39.51079446515044	39.52105247724941	39.505826548161735	39.460892863810294	39.50858022337811	39.530324034054914	39.570380963041174	39.49545710281637	39.537723943431004	39.53070597159014	39.51908155982103	39.462294945284	39.45285759471588	39.49827691653589	39.45003565709297	39.463478659432646	39.47071413657331	39.49663767092428	39.50988065236887	39.43738880974331	39.31699051848369	39.421140962858075	39.379697694426035	39.39864926273014	39.35776335030289	39.3951531792426	39.31100208770465	39.351804731772184	39.31613305859377	39.30020061847503	39.21001653490189	39.30542904984794	39.270793735993465	39.26218468304629	39.27629505588462	39.34740664743973	39.19942055686305	39.21211237361648	39.191948015370066	39.21410167009518	39.214976163337546	39.14770074612635	39.097513236726954	39.11819653280709	39.0746880456349	39.15366024584138	39.101167830925036	39.066864700323315	39.03623751068674
MCW_CT_ROA_119_R1_trim	36.475795432601494	41.04326476164861	40.95953773248912	41.18180322323498	40.37649550925794	40.510504245751626	40.534752679536034	40.58265235158082	41.20456139647674	40.623930528134004	40.19975073827491	40.525672805776175	40.514329834653374	40.867094102780776	40.92542309928768	40.25174933233789	40.81386474849196	40.3619234591277	40.777047382226215	40.53800510362142	40.53624880781757	40.61924311113808	40.52318597016337	40.72682182405298	40.686326511059804	40.69390351409951	40.67143162996322	40.707994081441434	40.683881576913805	40.675041072300644	40.69204619488856	40.73957904732948	40.767754480781804	40.827004492573394	40.76464384014444	40.706220312711814	40.74389450868071	40.72624794210184	40.737111515162596	40.78095674998664	40.73239832574137	40.7879397137286	40.8183214535138	40.799139054654844	40.8462182306233	40.7776437961156	40.85463590573839	40.87393959133105	40.89838746039465	40.862504981122136	40.871286219845366	40.81967805575098	40.79345366414695	40.83949676692615	40.84333513208162	40.77774882992779	40.78237549982254	40.77646915624881	40.86963356800062	40.8865568972112	41.01412017510134	41.00474220201677	41.01859193591387	41.0430651847745	40.987266217541816	40.98346994535519	40.962459217948734	40.92236464986919	40.92175109736362	40.973899677241036	41.03693499543063	41.10188984674526	41.06324672614065	41.02926826901955	40.94411123248263
MCW_CT_ROA_119_R2_trim	35.843847729908134	36.9750623128449	36.664748855915924	36.935823563451066	36.41936486236287	36.69653629824173	36.63616704637371	36.80573380681922	41.65480765989009	41.47846437738529	40.945479626912885	41.41288760420437	41.20898574574445	41.355876179406636	41.359197608750684	40.07773423938884	40.40536420398296	40.15341277256802	40.39657695826813	40.26392592407371	40.26307345566954	40.26902678769269	40.251224244369936	40.30507489636164	40.2904948960995	40.284498700742134	40.240652220232036	40.24922566547812	40.25200877140644	40.27425834466184	40.30089540893846	40.28971110919698	40.323443710894615	40.27277372732611	40.28093498348828	40.28686275744078	40.28701826912261	40.27030575832802	40.265879473148765	40.26907290477499	40.266762772944084	40.280290791599356	40.29552565911903	40.29239870057076	40.27872647500402	40.25180548630403	40.258705712255065	40.17543543707822	40.245406305196084	40.2501487034504	40.18887700523978	40.241602209192685	40.13825878414677	40.18628034532952	40.12976648054591	40.078781961726705	40.08155272838667	40.081920380485194	40.07797205958874	40.111156213014795	40.12238055816612	40.076142603238964	40.045495062177075	40.047728550459325	40.03514585154814	40.01901025352911	40.017224678189585	39.93182994115572	39.950125505562	39.94381900969251	39.965482197330466	39.97914264848404	39.93049661495664	39.889061114543175	39.86133647771728
MCW_CT_ROA_120_R1_trim	36.37109975770904	40.79076110109996	40.53769376148875	40.95837839867766	40.23476213248287	40.593985621811555	40.482180757312285	40.59345171129477	41.041710966510166	40.684479950950255	41.120920949131865	41.5317477254979	41.39852258398153	41.71014663432683	40.57626171757377	40.06781766705265	40.340659869295045	40.119362973597696	40.30371434432312	40.196425074490854	40.18626626183242	40.20074071821665	40.183555601797266	40.22866956660064	40.18863943072799	40.195276745733636	40.152126713580394	40.21747783872586	40.167040862655945	40.21469649265751	40.20506389062254	40.17463779634844	40.19149499774238	40.165550203670534	40.15403542025667	40.135115954784375	40.17002690996694	40.141271670448084	40.14828671460388	40.16852166682964	40.14380495126536	40.14034187000995	40.15710635714071	40.14508568148487	40.193123875823154	40.234819670096044	40.20189567310863	40.239300334678404	40.2568379796016	40.20940222514013	40.22260224143605	40.28292150765448	40.138031482348076	40.14353399928603	40.12156242792198	40.155201427716825	40.087454860779324	40.09401928200367	40.1817861405449	40.238129386415245	40.25723059020094	40.36749233286334	40.2887708473176	40.20879305068186	40.137486924809664	40.068571074616166	40.134154933647594	40.04265706540653	40.11924673833982	40.1990826498171	40.19451867639424	40.24082840605125	40.2113813602408	39.959343263184515	40.09850746659581
MCW_CT_ROA_120_R2_trim	35.42152557079511	36.57080876653494	36.173786254988194	36.58999426144268	35.945610612324366	36.327387828574686	36.26818778386503	36.39472763729038	40.928917501456205	40.685196043437685	40.14210965573516	40.67489158049229	40.41452320747201	40.58808661183887	40.56595577053923	39.02113128366912	39.41184728936051	39.07043575538156	39.37482260941941	39.21221892349495	39.21687312091912	39.23408935699809	39.213009722595544	39.22754913068923	39.247204630530604	39.253037811210135	39.222003421684875	39.24535912196526	39.23347121036745	39.21238062529736	39.232430988603795	39.23944931127575	39.25251266641963	39.17815781942354	39.241136619537976	39.215424583763884	39.22667462684119	39.21819640325136	39.2139451447939	39.25506825402399	39.23562668608064	39.267626536099264	39.27909284946888	39.31116339974059	39.3073409126227	39.275219635186566	39.318007429961845	39.30116193879595	39.27150732215375	39.31407580763329	39.27871884859922	39.28608668567166	39.22620899202732	39.26496612429624	39.24734469114541	39.21788898840024	39.20754891514663	39.25183203495267	39.22930089638302	39.24870777377738	39.258745813849806	39.30179577482238	39.071284777430364	39.159691561792854	39.18377752183989	39.12512464841444	39.136360334660615	39.08193265997275	39.09452057822777	39.13468746641881	39.141806733294366	39.138203134429595	39.101730449581076	39.0642691982773	39.01999015869111
MCW_CT_ROA_121_R1_trim	36.727246177974045	41.96259028207436	41.646889239754785	41.83482801596759	40.985495591319285	41.30560901166237	41.295849172044946	41.41460736432717	42.010314979091135	41.6976381244067	41.09259021900098	41.59302528973677	41.469814631375975	41.74968901147847	41.818403423881534	41.27338853232998	41.83104923645885	41.43023075368762	41.836430558987786	41.65282701898608	41.64275982618399	41.74719849287693	41.6378721689725	41.846270913700046	41.781679159175695	41.76874356465127	41.759227908776246	41.82795589993821	41.804831801249065	41.83330226500571	41.8551653426863	41.90975648630225	41.94661389660353	41.9803687768792	41.91735233586165	41.84034863509232	41.85989837713177	41.867510779192344	41.907268905452874	41.95315421374171	41.912773312852806	41.96305301712489	41.97833028504906	41.946788623109704	42.00221934069353	41.91343069704162	41.99162052524006	42.022840184886675	42.0464682710135	42.02612562339327	42.01772534409365	41.980436151749934	41.934815044883514	41.98707894650994	41.967246428315484	41.907764772281844	41.89138796789002	41.91060119882589	42.00569321088043	42.02531754705497	42.11406945531837	42.11546798776695	42.11853806460501	42.12989887901856	42.07024731458005	42.05159928333026	42.03810839041567	41.998581183400866	41.99779611817636	42.04378126927152	42.124129296270986	42.16430663110913	42.100914498604666	42.004372451519885	41.928749197492216
MCW_CT_ROA_121_R2_trim	36.04532649835844	37.208239830086434	36.90010781919513	37.13465883787488	36.71375433486145	36.91676170224001	36.856945733045556	37.006782217249444	41.99870708339945	41.975500263790366	41.38901849220321	41.91216361754626	41.66844327542516	41.80208533570059	41.84560006972448	40.772039659438455	41.10053562991324	40.87694294314966	41.12188163328673	40.986731779796294	40.95551042997817	40.964054137628196	40.94782226649061	41.02996454651881	41.02492793879875	41.01722275215674	40.96743871791181	40.99154715740735	40.987371029992495	41.01267912601119	41.034179304144	41.02459044345369	41.073903437966734	41.00983669011485	41.04098402362216	41.04184149576848	41.052718048957715	41.02957636136423	41.02276250524088	41.041775207829815	41.03808072534767	41.057147575561544	41.07265897962961	41.06511699832153	41.07165941339276	41.039498152185395	41.0560985894266	40.957862079549336	41.043078906241334	41.05832221387271	40.98554538103617	41.03450159500704	40.92580869993331	40.989793647687186	40.9175811148971	40.871677623619	40.874854935075206	40.866677102019786	40.87105523807865	40.890713037387506	40.900001763857155	40.87713480880734	40.849770990829086	40.84707876248747	40.825062591965725	40.81199099207166	40.80173069097824	40.67939601347417	40.70394068844979	40.69541335310075	40.723444555498624	40.72941141697045	40.687656992861804	40.6433062641443	40.639051980294255
MCW_CT_ROA_123_R1_trim	36.63947048998717	41.639022484357604	41.24432853557762	41.634346740438886	40.975705951679394	41.34647933277739	41.232946514786065	41.42241252319071	42.18195682075163	41.71385924733473	42.222287983756765	42.64508716472775	42.62242373655417	42.694177167003254	41.8797319962348	41.39086725000461	41.85535667730925	41.35040768131583	41.789043638598564	41.555448171774046	41.6838298398175	41.652098993266065	41.71260654306806	41.69329541963612	41.6526040447519	41.720660591316815	41.75632065838401	41.771913854099104	41.73187653268971	41.735475877816995	41.888956050435155	41.89620158808862	41.89707857653521	41.88059682827065	41.86409507667338	41.866785080182375	41.93997194740406	41.849099554684024	41.927926679000564	41.91231970488091	41.916513851086805	41.93667506562633	41.944836835237304	41.92453014189603	42.02292134005988	41.949339343613666	41.963757795520664	42.01241161882915	42.073583713445856	42.05243971710456	42.06268569507663	42.15843626761004	42.053006191729786	42.01249653607105	41.993813484139906	41.91981088372619	41.920274882302174	41.93027797692684	42.03817322371456	42.05754925871281	42.105208253049895	42.23204370536368	42.099514097507836	42.04013788269854	41.979072580215906	41.8957054624098	41.915813560255714	41.75196252399388	41.846108247462034	41.89532515535864	41.917204402654235	41.98039663123432	42.03507143185268	41.963634407396164	41.96912409492662
MCW_CT_ROA_123_R2_trim	35.91524695771607	37.06751658913765	36.65315977854773	36.99996403802276	36.43039622400625	36.764958011032626	36.68536185629381	36.827391823150144	41.67547351294211	41.560113204638434	41.04541066078558	41.54087072514269	41.282080671569275	41.44208593939988	41.40351386137082	40.27624838815724	40.603065530672616	40.26110198048217	40.59813997969736	40.407177661521615	40.55210815589207	40.489105912826815	40.523713862885806	40.39541008245002	40.51682647520588	40.52099120626626	40.48413581620793	40.445750451696235	40.46868632888522	40.439784432058886	40.50813814660548	40.517888734970704	40.54931917168843	40.51127048881833	40.548425239989044	40.52531906944798	40.50299686644942	40.44794790836323	40.48230326870656	40.467675068683825	40.493164756608316	40.50559679262435	40.51959592026525	40.54335143445547	40.52277289729248	40.48868238827135	40.379497165782205	40.47530843615437	40.43480338276251	40.43304826845614	40.45621790635703	40.46007433602618	40.45613584941612	40.44186755875907	40.432747039523385	40.38221372405778	40.32291056277788	40.355476162471994	40.35597803569068	40.3576356208128	40.369841302518545	40.40468786891849	40.33054201185718	40.32203443946374	40.312967842557036	40.296020570503	40.26876379432605	40.23534251997504	40.188331819974174	40.16720097309671	40.15361269718415	40.185302035138555	40.133354444977805	40.12815304586075	40.11756665930896
MCW_CT_ROA_124_R1_trim	36.69915842750232	41.00687486440278	40.90907822544002	41.495415619981195	40.42576323765967	40.69780781043539	40.621375246249755	40.706149122881826	41.87663650551344	40.795539070866894	40.713812451720116	41.23975784200067	41.30863921893231	41.666746205706374	41.67081821793094	41.310229768369084	41.91640655861181	41.4432512255784	41.837258039646976	41.597912857075364	41.678545685766636	41.6819749762746	41.69078857373654	41.74798687818624	41.73563416205831	41.767613951810496	41.77705973525176	41.75586979863597	41.788193602243915	41.73330641548803	41.77805666238417	41.808853005085595	41.80652368445122	41.78225934878018	41.866528345225184	41.76111369270881	41.854171781394605	41.83568567080972	41.820753908778215	41.83216670471945	41.84884122867962	41.82472360357138	41.83223406518859	41.85715986516457	41.82634448122981	41.856958294748466	41.92032532105228	41.87913081101363	41.93670436650468	41.95531598696293	41.93205537227441	41.94793697949237	41.95875130652272	41.89410388454311	41.91174110355	41.919254098452285	41.89878060334478	41.89208302222821	41.968531092513786	41.96675614869728	42.02910965006382	42.03092119746267	42.00052309373836	41.98109166828685	41.95524157261931	41.93560311172388	41.952097819586605	41.91593905917552	41.92468390812091	41.930949767149464	41.95194649647464	42.00173497384351	42.02702191610409	42.012292351522696	42.04665034487748
MCW_CT_ROA_124_R2_trim	35.759342604315606	36.94272083414635	36.693270045533374	37.04038289926304	36.4202093792017	36.79388024904182	36.73142974100069	36.88387808185299	41.73993501564912	41.46685268230249	41.02227446367842	41.44726380777448	41.2696490348625	41.40288680760717	41.40944238452096	40.01968600768283	40.39850972531557	40.10896742166266	40.39775570050741	40.23160164299766	40.25055488382192	40.28970786365071	40.25155848349054	40.26892227165163	40.29847786853496	40.29159787947546	40.25299589994347	40.29511785924572	40.298068688012734	40.30684411437687	40.316141174415385	40.343607306520376	40.37438353116082	40.34176612575466	40.29775704575904	40.28685610756109	40.337496044490344	40.27693108461414	40.33572238111013	40.36296396468878	40.330522074096024	40.355367521673365	40.37454104871998	40.34562079135981	40.33895553752098	40.311904231493216	40.30008101044287	40.32243822234523	40.32635382289475	40.35965947846624	40.348655001167444	40.316532328441234	40.27153972218845	40.26433207506664	40.227903660945216	40.192761593955765	40.2425521174794	40.23230259500083	40.23392367370467	40.259501451202134	40.27522241481754	40.25488469668256	40.27996735098117	40.274885309120975	40.20131371645844	40.20194448902201	40.196527972511376	40.22618292313002	40.264157073210626	40.283784001116054	40.27339885406225	40.25371023065958	40.28605152235396	40.28093971755396	40.24949238005849
MCW_CT_ROA_125_R1_trim	36.94624367874605	41.7933744303964	41.67781063534384	42.007659425633086	41.06990314304724	41.24084275064487	41.19295816924451	41.33657076494692	42.350399232286584	41.609769139270334	41.409290950275484	41.90270979089063	41.90206816808754	42.22687038705021	42.20269778454214	41.98311654434781	42.518690610203066	42.14076005877479	42.46974179887835	42.290719814008305	42.3553581874498	42.370767275740235	42.37555376655311	42.41762366295155	42.40700131847047	42.41898097238132	42.41996835913012	42.400035759439064	42.431887268376286	42.395493931288165	42.44624294757526	42.48945369420878	42.49093876160142	42.46672067374655	42.54855093479308	42.44585568005158	42.532593498265896	42.49755730641403	42.48919693930725	42.516366880564426	42.55268328180917	42.534512983301944	42.55560296379025	42.58795090910674	42.56146001390626	42.57889099567342	42.63373674985121	42.582884712418334	42.62975354762784	42.64713664752794	42.65419933515129	42.660875226583045	42.67793504595132	42.620342699646145	42.628986403814075	42.64041364860912	42.618621580155974	42.5938697667611	42.65673644144818	42.65440791159519	42.72507182464379	42.72423688913065	42.70974222161394	42.681712110351	42.668893843301824	42.64655163135023	42.66196879540295	42.6252084219289	42.61590173923242	42.61099583245825	42.65108343627508	42.691010645848415	42.71866563360919	42.70611096150378	42.722082304676434
MCW_CT_ROA_125_R2_trim	35.86044171734422	37.00793864758846	36.72165977772167	37.00700810419741	36.43604464730003	36.72466501445635	36.674420122087604	36.822995752005035	41.74601476760943	41.57231629799808	41.09066288119962	41.535620945769196	41.36005587382392	41.522217450135884	41.494132954139815	40.286431057503385	40.636218440818816	40.3686944081333	40.654127210292366	40.49308941897626	40.50594157243134	40.56130002388848	40.536291587451686	40.55286833441865	40.59261526831178	40.59075043341476	40.53559958184448	40.57180016089577	40.5666646136605	40.5717637385928	40.58438700574507	40.61980861981171	40.676770293393474	40.6422778975782	40.60888650983346	40.602371781285626	40.64108524992195	40.57726468075734	40.62541543568425	40.6441924724328	40.60325345708136	40.63163640686693	40.633140884211485	40.612995875323115	40.58318944464425	40.57402160774107	40.53571315872902	40.55946159176569	40.54576538268928	40.551858263560874	40.55208102344134	40.51432671169303	40.4723701627857	40.46988699561515	40.417528482770884	40.39736533797217	40.42031181998889	40.39090085166146	40.3843738261435	40.40641102079091	40.404846265502634	40.37131601616414	40.39093610304608	40.36280080285435	40.26288146644839	40.2465556895421	40.22469522445314	40.228228493091656	40.25376751715016	40.26368063552656	40.24804177245741	40.21637563649361	40.21311240364586	40.20377242403734	40.169115695287985
MCW_CT_ROA_126_R1_trim	36.27981718335113	40.19598027879865	40.21633670158924	40.50406614044608	39.97830549689627	40.07402387418052	39.978008258897354	40.07549264549866	40.555988113738465	40.13022571858931	40.86931161682327	41.05953959474779	41.03949609286784	41.30545030496442	39.97539076418711	39.429144469731526	39.6139351898728	39.43612630520423	39.61541883373064	39.508756786049524	39.56687603850633	39.49613723885106	39.525394386099876	39.48521773889669	39.44010686062532	39.432521193854505	39.4031086394802	39.440581879314294	39.42551644523387	39.45161718364976	39.46217805339886	39.402177953036556	39.411068172708305	39.38430180204391	39.35297318479189	39.33590762637448	39.368150659761696	39.33901013913036	39.39353816297872	39.39814548575857	39.42588484395757	39.44794868317057	39.481608553625684	39.46695936013151	39.49359416952509	39.499029325322034	39.462586907807854	39.50754359277305	39.535332262727124	39.50944190527491	39.56040005578193	39.63262378611669	39.52522263173288	39.49532107220859	39.46990472442522	39.4319466798334	39.34715173604703	39.31799101314242	39.42510314872166	39.54067848738877	39.56326950637466	39.70161694971303	39.639505410475856	39.569585994765994	39.47843526773425	39.37421343987023	39.395765453654704	39.29024639338972	39.35691172070108	39.45309493316707	39.478276633308	39.53366822572855	39.521262126786695	39.27779616907164	39.36074177810873
MCW_CT_ROA_126_R2_trim	35.93591556892504	37.14105460816178	36.80000833244288	37.081209231002106	36.616992234631816	36.84478472094822	36.78413472317394	36.92753891724489	41.71560422236909	41.55469704891909	41.173672694039254	41.48753703634097	41.33843058915782	41.45733976826229	41.46819863447735	40.13347088997333	40.4477645874569	40.13473725856665	40.4423719271182	40.29776838501638	40.39996862580517	40.32305813740754	40.383422952011344	40.34521337884671	40.357826899649034	40.35146253281569	40.34539729985248	40.328974727858856	40.34411799597388	40.32415110927976	40.348512781922174	40.344991748991646	40.35390065054095	40.3207914395942	40.33902013876257	40.31547385517628	40.328460451147016	40.311059466451375	40.341589965094855	40.32116947020083	40.3486204649352	40.36569517157572	40.376031947765235	40.40464588990364	40.39716057562365	40.40125207513044	40.40657676968219	40.38570450090224	40.36709079989637	40.385219367259836	40.401670539903115	40.41563152323071	40.42286067498175	40.464314703946776	40.46560704273089	40.44268619373652	40.45150506439509	40.42014562785397	40.418835037126804	40.45143964183942	40.4596949488809	40.48521283607757	40.32550797283357	40.35666887294567	40.311932464392186	40.167829134446265	40.10761143275798	40.035345502649875	40.01913429998535	39.99629206098344	39.99279688875355	39.938342518021344	39.87466457100929	39.8439743985737	39.750810438146175
MCW_CT_ROA_127_R1_trim	36.74263161480974	41.050910486956546	40.98067336276299	41.50104060062436	40.36246023736684	40.64779483115262	40.56148829990833	40.67850134479884	41.86120907098172	40.790550130626464	40.74803894923292	41.21456723082015	41.272950762826724	41.61875484577748	41.5882653228297	41.18564070832816	41.79304655585876	41.34587995168113	41.74610038693476	41.525741165699145	41.607439274915414	41.607305018268	41.60971825769645	41.64926133174297	41.62805961269346	41.637732923654745	41.64684349548853	41.62969412678483	41.673679042862254	41.633510608146274	41.691305702539275	41.72148418337692	41.717507604894806	41.67509238015746	41.75676919214014	41.63210467537842	41.72428072574281	41.69660906578325	41.68889649181956	41.70829761114308	41.731488324765245	41.691178615588015	41.69468386602909	41.70596838138344	41.67720501560028	41.69142322948211	41.74975909510054	41.70448954735391	41.760395836690435	41.78128453469001	41.7643924230051	41.77184309752551	41.773777642944665	41.700846046414505	41.709944127603634	41.71933188828099	41.695048369054504	41.68115313777538	41.760238402009044	41.761109971769166	41.825264530478144	41.82904529783991	41.79136698592466	41.76161995298765	41.739614347858854	41.71608007617472	41.72903626640505	41.68505295184342	41.695388681353485	41.69750162443305	41.728988041857576	41.78110260853723	41.80326878212336	41.76534253785851	41.79086974124705
MCW_CT_ROA_127_R2_trim	35.26843096875089	36.55194215680632	36.22699195414389	36.670271502162905	35.92118103689415	36.330560382034406	36.27558301727378	36.45025340811226	40.99077031297979	40.72263092500975	40.17833186857459	40.691800503475726	40.4855789315495	40.63918840100334	40.62343441074658	38.93834889348635	39.36575408332779	39.028682724817514	39.357847625891935	39.16127999400203	39.18054840263589	39.22931970873485	39.193858271675396	39.225684146785454	39.27040914827858	39.267224343304115	39.210107802014946	39.24414763292013	39.242148568766915	39.25270035187122	39.26810398426795	39.30341423851649	39.35446106448048	39.31336127070866	39.27216422622627	39.264203229326746	39.312708202281144	39.269792673162236	39.297267581157136	39.33429831686984	39.29099948354285	39.333784580425	39.36679566593842	39.3486284808855	39.34544526165094	39.32820133967675	39.322574654252584	39.34561342780405	39.347083738221784	39.375385400214675	39.35993563991466	39.326323747263864	39.2714570142427	39.265943621185116	39.21492125517891	39.17328332688565	39.23436529688811	39.21872482648772	39.205248517739925	39.22749841779301	39.23827833141955	39.222913260446056	39.23725825577765	39.24271483791533	39.14837684825305	39.14928071332678	39.141575160993675	39.17372863714514	39.21419204238952	39.21982590328988	39.20296403162467	39.173603117871714	39.20932850459694	39.216549713462285	39.19111087812919
MCW_CT_ROA_130_R1_trim	36.83896078094766	41.51404546242107	41.25169494961954	41.77155366056013	40.61896540197509	41.04615716933276	40.94654613071649	41.10255592235279	42.176192064167516	41.32984969505503	41.12209465852869	41.672306385875316	41.6451605896702	41.94176499136322	41.98084017213178	41.62116352847626	42.2684483161795	41.82663943601546	42.22341252812545	42.027346168461705	42.10384396419468	42.103695431093776	42.08916165696443	42.12517746173009	42.10952145055369	42.11345577745047	42.136138939896796	42.12601912249278	42.1933342925216	42.156657747248794	42.21572327601816	42.25397445814802	42.2347435608887	42.188914986810296	42.27954051767749	42.14664606299382	42.260124763998235	42.22511944493106	42.23978758104666	42.285209860312996	42.321017572812295	42.28128408594703	42.295488933360716	42.313668023652475	42.27165763839213	42.278155855391134	42.34692855426126	42.298435148554724	42.37340630557118	42.4061530100343	42.42615351425716	42.43089414676462	42.451098236713015	42.37545345642576	42.380612217547714	42.394768002063344	42.36585338970674	42.33741259595458	42.42578548984485	42.441876417726284	42.537766180757146	42.53097911707793	42.51143990572402	42.47035208559867	42.44348964487747	42.408009270909126	42.429317562990214	42.393686685479096	42.40173849014854	42.41046003151206	42.46292753138964	42.51659639418879	42.549986921752584	42.527809015792414	42.54921267572675
MCW_CT_ROA_130_R2_trim	35.87121581144614	37.06922673711724	36.75953480461612	37.096197277021226	36.47581458062682	36.83496495720867	36.77783050633329	36.930862534995214	41.840954757272016	41.67032217368826	41.15903607639501	41.64038572726234	41.44846571995034	41.54671547806372	41.6016035904932	40.302009708941966	40.71732438273951	40.3972771203202	40.70256937346208	40.53238820431964	40.54146024967116	40.59307387127368	40.56146763140713	40.57442239308456	40.61831196832412	40.61554271325842	40.56730759362997	40.607812079812035	40.61852228856635	40.62527962645393	40.63998571396398	40.673319037960475	40.72237536775278	40.68759200764686	40.64618299694787	40.642811591025236	40.70777151835044	40.64272415754554	40.69682126071958	40.72692645159949	40.67613931720664	40.715650305117315	40.73853208326915	40.728386403367104	40.717007625503115	40.704346774555134	40.68153733542492	40.718919222126075	40.72048395872902	40.74390865047406	40.74173643146904	40.6954770877337	40.66616148151783	40.64993162647408	40.61080627059015	40.58114642147174	40.627463006562074	40.608210728825746	40.60474207324099	40.63245154015576	40.639116550657725	40.62058861222564	40.656903158249314	40.664513568898606	40.577997536101684	40.57561029048121	40.568645437580344	40.60305565966325	40.6492205500586	40.66279467944964	40.65486920711613	40.63685417292641	40.65510689328284	40.6516485964267	40.62075657294546
MCW_CT_ROA_132_R1_trim	36.367572673029315	40.82603168099683	40.35205629596683	40.96990392942299	40.13524548783064	40.65530305312611	40.49358552658606	40.693846860027485	41.52187113519565	40.77155357674309	41.546742323682516	42.005373102716675	42.02419968779839	42.05004035578824	41.06307590074293	40.33341434009585	40.9080007537098	40.255840772216665	40.77902011499919	40.493081128849234	40.650627092709264	40.59894443493984	40.660206809521235	40.629618606811626	40.59443840132339	40.66231084798967	40.72839858614223	40.72270735779999	40.68473125567826	40.678732920529626	40.85319591873604	40.84880392507316	40.853480198826965	40.81963886470205	40.81329560166708	40.80396595936396	40.90336402256862	40.78804290713534	40.880115672039274	40.85805080145914	40.87294581189638	40.88773940857782	40.89794288660257	40.857368941734165	40.997537879799395	40.933073818671225	40.951558104260485	41.0061660639977	41.082378662830315	41.05496376724035	41.086585475631864	41.19730209755142	41.074180345049164	41.02754643114422	41.03443730988563	40.957165609838576	40.975418022431164	40.993284811337325	41.124527171340524	41.14051927439715	41.19095186593309	41.335564580620904	41.1867996492232	41.13811046147007	41.07614169802673	40.99607897920817	41.03267796536048	40.85356259033631	40.964002471744585	41.02257600210783	41.048519288682726	41.11728330626142	41.186928649209875	41.10361670813337	41.11062262808274
MCW_CT_ROA_132_R2_trim	35.94357531612479	37.010955262921016	36.70649979523129	37.0626504611815	36.51374059209653	36.875754143165736	36.79360163055416	36.934034075047045	41.82260803580704	41.59622190284103	41.209406653623425	41.54551183555035	41.381871586179834	41.44277636086987	41.45509142426191	40.259996580188776	40.60127292567589	40.23096024948374	40.5695844526918	40.34198703227817	40.516175791667685	40.48988945256144	40.50732328776753	40.34711718300452	40.41609170826528	40.44969740624798	40.47717682047119	40.434125251246	40.49143965155663	40.418776586200586	40.455930311181646	40.463162886835335	40.48941462884238	40.42866845151924	40.448741340695044	40.448216708579125	40.47763467695543	40.42613930546435	40.47319136654144	40.48137209575136	40.45973186062164	40.445593348755104	40.44326104018379	40.46582107261443	40.47786285201467	40.39626114370664	40.2980960503093	40.45298562220032	40.41574659990767	40.42851640750121	40.42791983918205	40.423904711559416	40.3876087734725	40.37594047676379	40.36463774013598	40.31127874623345	40.26364451035714	40.35095524498183	40.36617841214955	40.374487132180974	40.37608604547653	40.41816880645558	40.280602499810065	40.28371411896131	40.282406022882256	40.31938901495062	40.32116721217628	40.337901918927976	40.33359167206175	40.33780822091301	40.30822691255953	40.372259063301364	40.31831756921141	40.302146620948214	40.25635352163409
MCW_CT_ROA_133_R1_trim	36.38929041194366	40.70183355520771	40.39429073013544	40.89417246377309	40.062655538052695	40.5430209931327	40.387889853261996	40.585289706604065	41.43983718910979	40.60073610390246	41.51730066102464	41.934415406727595	41.95382789947544	42.02530937172036	40.846615414922006	40.18013800036744	40.73206831471204	40.18257454937819	40.64893464652989	40.37163216402119	40.4985665341288	40.481373340949226	40.5121153386139	40.49130882182184	40.432464022048826	40.48657325092589	40.537940166877455	40.56701648708878	40.52793579202885	40.544555382133176	40.69577398223172	40.692469918232625	40.68434564173125	40.641306245097965	40.61692034954537	40.592086138293354	40.676945840607274	40.58351181871004	40.67299876515295	40.67379084702796	40.67995619535801	40.707049067179156	40.70015170683567	40.65822496519978	40.77430607802953	40.708851991460286	40.71153035896002	40.76499278859274	40.84150348548759	40.83646092649268	40.86958017379697	40.99535745072191	40.856212019529956	40.806866961660596	40.801815740276105	40.71650883174164	40.72284432074593	40.73885604550947	40.87747988344129	40.89655645360145	40.95382224393597	41.11122167700363	40.95100407961305	40.90780058332391	40.841527060622354	40.7611660162986	40.77891130855721	40.60365973531075	40.69539760403067	40.76664930498534	40.8047639753639	40.872574236416185	40.939326165241674	40.86703643705054	40.85627163096098
MCW_CT_ROA_133_R2_trim	35.776527729190555	36.865557626535605	36.569005447962596	36.93414395585162	36.3269288892092	36.705256348217624	36.61889530660315	36.766018145772485	41.58508305678625	41.270827406097425	40.85899247342568	41.24012395230206	41.05493291997586	41.212978890741496	41.1168143637908	39.8933909517041	40.24502438046707	39.93994578453976	40.22035642970846	39.993993186680356	40.130167822088	40.14915024160409	40.15290247874586	40.020434755202665	40.073893480234005	40.10753394866614	40.12481993203635	40.109562881759004	40.15008622995585	40.07877850811	40.117945144028965	40.13173708346295	40.15252653021596	40.097659715666516	40.100506886722805	40.109751807135275	40.12616669450246	40.085470302259736	40.12134085346876	40.14424737274034	40.123838689904126	40.110688204254174	40.109076966322725	40.13625221936082	40.146279083407315	40.06188363222565	39.958157572159976	40.1240461933256	40.074017323570835	40.09610170142581	40.09278647421157	40.101708467159156	40.06328961926735	40.06446430703965	40.04868194418238	39.999259633903	39.96595448810244	40.04477506463468	40.06017657597291	40.075453922586874	40.075478931022964	40.12988740731776	39.98102180758615	39.97544657132161	39.953279540216194	40.007271356545935	40.01663577896404	40.03073162587754	40.026679606649	40.027700546359256	39.985951681616285	40.05601418923307	40.012930937297185	39.99465337821682	39.93587888209282
MCW_CT_ROA_135_R1_trim	36.177763843593596	40.65359873596413	40.24643532876057	40.785045398765234	40.039874724708234	40.42799930402616	40.27296983523294	40.432064620221496	40.73827296307122	40.38636017912835	40.85039066497019	41.271852621638196	41.160893436992566	41.486189970636985	40.35017198584393	39.783054476071726	40.116568422964434	39.83200837816651	40.04698917872772	39.88147322074263	39.93388565222935	39.925520412303065	39.93566974149137	39.96033454420482	39.94656915578374	39.96605944634033	39.96392862550178	39.99208277586004	39.980863168915754	39.972596194198196	39.97531356517541	39.93636861279423	39.954539803649865	39.95549089753911	39.957795556804626	39.958756022442294	40.007453961656275	39.988310572579856	40.01872670271234	40.015807246386935	40.005600127709414	40.02548663163724	40.052503665695646	40.04640008890692	40.110693884906944	40.14256119619284	40.129456602981804	40.17896545282279	40.19104147067837	40.14337769073952	40.180493652556464	40.24791945191031	40.149644805050556	40.13354965132234	40.140260449813276	40.145413249568875	40.10283717170411	40.09822443162426	40.196764022544826	40.272777876618214	40.279323579532864	40.40884238818803	40.33622278981314	40.26898292270856	40.1999785447291	40.12126493840903	40.190214723509115	40.123337242695904	40.209980540381245	40.281661270146344	40.28624603982167	40.32687724741733	40.30696837874098	40.12908805837444	40.29066882082701
MCW_CT_ROA_135_R2_trim	35.584912886003806	36.59041622718566	36.21584284576739	36.61850746423312	35.991609744612425	36.380133976403954	36.28959203930266	36.45787393806783	41.12351808733263	40.81816316154033	40.362588556411225	40.76759870459062	40.584716466214395	40.74683562885252	40.748106831697086	39.285973004101436	39.6890489321709	39.32471482845958	39.63403749595059	39.4660094342243	39.57368387118872	39.540938935879964	39.520496011066605	39.48709235454289	39.4892908058837	39.50113357276547	39.502931314062	39.48604989656755	39.52956720835492	39.508513279022225	39.53011503701759	39.540440300238764	39.5453773046771	39.488327125822245	39.499996241008056	39.48502952925878	39.48532682725468	39.466314924466246	39.51660114297333	39.52987993436416	39.538575125896486	39.553312606696146	39.55645711475045	39.548359214716854	39.52731077444168	39.48741487860775	39.51616856466219	39.51349170073639	39.47820953655809	39.511973742505084	39.510629939866895	39.49399464298275	39.47343398200496	39.455968978327235	39.44268179711	39.386145032132816	39.39292009045608	39.42394063568447	39.42162669063452	39.46384540681119	39.45759601147271	39.494426385866795	39.301390628520046	39.36712409572204	39.413498955663194	39.33906661023522	39.34823446555704	39.35558531955711	39.385984419986336	39.40968917210811	39.42790856180563	39.42481975042551	39.39287590204325	39.36523144833026	39.30264604083387
MCW_CT_ROA_136_R1_trim	36.26196275601497	40.79060826690036	40.35866820325715	40.939194857054645	40.131618676197135	40.57154403558348	40.397369482697265	40.5445458111197	40.88021356804427	40.50490536815493	40.91017893974127	41.39416137169363	41.27800798137958	41.61954080809812	40.51299663025798	39.95225228275651	40.30426135380513	39.9979997576651	40.206305037227985	40.03013979715458	40.079429803815266	40.092244247064826	40.110264171760384	40.140878360541905	40.12486065231925	40.142231993817404	40.13207815926792	40.14821419026404	40.12543949273713	40.12478607868871	40.13069586247089	40.09473740119308	40.11575998497588	40.11619958234704	40.12613128507028	40.12280614760966	40.159978963296176	40.134143126129366	40.16130993496262	40.16174140679507	40.1639249408322	40.189696401591256	40.22682061955998	40.23806891202944	40.298803979895375	40.33234435151345	40.31563049894279	40.36543677586663	40.37044260993657	40.32689893536536	40.372130460352174	40.44921661950103	40.35115390736424	40.34944254771561	40.355783069421115	40.36343267221262	40.308777344655795	40.307570671497345	40.39852224461427	40.475667626390916	40.49204142704098	40.62521490063097	40.55862519702707	40.493726880399585	40.43372179681189	40.35380455122586	40.40924375053609	40.342680216072466	40.42567752397626	40.498266975178005	40.50038264059092	40.53686529124369	40.533380773300344	40.3487542500418	40.51514347447914
MCW_CT_ROA_136_R2_trim	35.66436498474775	36.73266021217821	36.35446139036565	36.74664809823608	36.13454581578357	36.513314656079054	36.43088285705091	36.58295839685916	41.30755841150372	41.003497251673025	40.56079983180209	40.97980878679318	40.7683321051797	40.937592507951905	40.93185855401233	39.54140219774849	39.96420102497058	39.614756054130055	39.91813795654107	39.74985341406706	39.84157848878507	39.827059353351785	39.80921968112504	39.77408472481603	39.78309375626429	39.7784656864062	39.78275345674134	39.7663867907341	39.80275286701784	39.779152042042035	39.807151497459856	39.81522899984159	39.81767766182091	39.7662048192377	39.785768835342985	39.76610314248713	39.762214838503155	39.75528930152546	39.79583726465442	39.80390927259392	39.81288640237376	39.82536836095722	39.82255562885046	39.80612322735129	39.7728300822944	39.72806132590557	39.74125138182973	39.73623019074323	39.69643409778931	39.7307792986422	39.72909008931595	39.708446311824765	39.68097049009133	39.658508355595174	39.6345273954312	39.57979541401508	39.592776181619065	39.60737823331318	39.60726154657685	39.636987882285055	39.638101185562185	39.675880751625165	39.48788614584658	39.56325356685008	39.58431947799535	39.513751034026576	39.51931216942983	39.519451341529	39.55063403881364	39.573622527822	39.59290491028702	39.58641340857869	39.544732893391796	39.51286750859336	39.477845398117246
MCW_CT_ROA_138_R1_trim	36.654418019499325	41.09152313465827	40.94503260642104	41.480636796385866	40.44140857517953	40.61497797120667	40.58814094985515	40.68744214346831	41.76747365379877	40.81968214351426	40.657298351977936	41.16510002107964	41.20651404955228	41.52839241982987	41.58604389887975	41.20492465224814	41.82277229258236	41.38203834580147	41.7443456877391	41.534417484213705	41.592374116187685	41.60362219246722	41.60697387651456	41.658554960910934	41.654201048208634	41.68481370036745	41.70864291088274	41.68527705639351	41.730307828845895	41.669798434476746	41.71081342617886	41.75170643421556	41.74044359430476	41.7203480964935	41.82194282504684	41.71210514728647	41.82151240277217	41.79270250630993	41.78239274157487	41.804264719308364	41.825374408771076	41.79501584473902	41.80590088703508	41.8455371272799	41.8262446744003	41.85861735294059	41.935334889189846	41.888999878667406	41.9481477094973	41.96710094399044	41.9633143464667	41.97790409076604	41.99831206161345	41.93544491246511	41.95721027088899	41.98541982085026	41.96818747280135	41.962744344071055	42.03788052604028	42.039737597744235	42.11272266775629	42.11664338725739	42.09153650144526	42.06655267755883	42.056557439071085	42.04020540377574	42.07079736057874	42.04473868971678	42.05005074767577	42.05259171787487	42.09107339526007	42.14059749254483	42.16463609441652	42.1528564696498	42.17612989524107
MCW_CT_ROA_138_R2_trim	35.82265764869704	36.988666394412	36.69324662922112	37.03118483813388	36.4611964348041	36.750203927762136	36.725551493007245	36.883005214004314	41.753181235711175	41.62162771208924	41.109091835056496	41.570869046030396	41.37715847363853	41.47049859866321	41.53147208952779	40.21304081323388	40.607593151777166	40.305474533785116	40.57838110796427	40.41276147118863	40.44467708888665	40.50131312843156	40.455686452605285	40.47211462135024	40.49923631120747	40.50055045183001	40.46297979764135	40.49911464809368	40.50733145971945	40.522008468036134	40.53099078125875	40.56764353669403	40.61346710793555	40.58207252797108	40.536962018589904	40.534576841445755	40.5853670038139	40.52600749391924	40.57979279674196	40.61979112789588	40.570986715583246	40.60529701831635	40.626669098070394	40.59818673614871	40.58769431716199	40.580831152277796	40.5632048967664	40.59161003542175	40.59653736283062	40.61804657950804	40.61024119686448	40.57354049420266	40.531357427691646	40.51417197333369	40.4758794587843	40.44692835621906	40.48751407942888	40.478328340619875	40.480188646542295	40.500546634029845	40.51735672327246	40.4957199412229	40.5290678050244	40.534121840433144	40.4585632610467	40.44663660875642	40.44483867362875	40.48171802384975	40.52260942787125	40.54566389083343	40.530920461527224	40.51704346196546	40.539927686004326	40.53354295323549	40.50867836367986
MCW_CT_ROA_139_R1_trim	36.810072870957775	41.140383558263146	41.24647357429337	41.63587322336049	40.79672690605577	40.82861294169987	40.7811654561923	40.84954226711857	42.05618096651158	41.076783685350776	41.172406811423286	41.473737325495	41.57411988103124	41.866003020027684	41.81233541281192	41.53599962758381	42.04016993625718	41.650040219654976	41.991827562336525	41.803309267795186	41.87900837129591	41.88076581277778	41.89027569780702	41.91021768658685	41.88636785577627	41.90102805285834	41.89434319931311	41.87388430764278	41.907159401468604	41.86042666182815	41.91826265892282	41.94672358299412	41.940479399220884	41.90864521402898	41.96819803565794	41.8535872507712	41.92533812761199	41.90566179237414	41.891011787828454	41.91033949347075	41.94555144291736	41.93622404041451	41.954721487877194	41.980749647628976	41.96091628357808	41.97813800696889	42.03335720686138	41.98358076029518	42.02978409887787	42.06157392799939	42.05212960753639	42.08360330841664	42.10273045312362	42.05391698393388	42.070784319314406	42.07509344387148	42.05355746390737	42.03982841777097	42.10644866271192	42.11002440879052	42.176829838998614	42.20464915325382	42.18257165103862	42.18066113498788	42.17231699281609	42.14985306851575	42.15568133800458	42.1141431680268	42.117157864929034	42.117387493182015	42.15338703798892	42.207781645819544	42.23879032244833	42.22433944554784	42.24314646004503
MCW_CT_ROA_139_R2_trim	35.381938780962024	36.786311629288214	36.35192719462205	36.76609619322196	36.00026658187585	36.417551773006416	36.37319167543503	36.56188704287573	41.07542254969864	40.845549305979944	40.22881176552794	40.776756523858474	40.53851694634137	40.6875856706619	40.69354710122708	38.97843802240428	39.442894421702164	39.105093190625574	39.44996924865531	39.26314550723194	39.26996965092148	39.33522944365897	39.2798056720249	39.29031606426229	39.31943766513673	39.32047524839324	39.271056361730245	39.31851541887555	39.33089667107829	39.340108363675775	39.350411889017806	39.380739545768805	39.42563505741028	39.38086913089239	39.33634693699669	39.322261707645815	39.3838803087721	39.331143783016614	39.38341180465052	39.41809091036236	39.36728968559989	39.39771458836204	39.40897481617923	39.377524030977995	39.35257671340571	39.334777634810415	39.30296970577754	39.34197746276351	39.33244919912176	39.35572694842082	39.34439336884648	39.30985694351108	39.25298475286619	39.23491722774854	39.177633866574396	39.141162768700624	39.17776736777797	39.16251003633138	39.16287557485413	39.199261547865646	39.213819167572794	39.18741855173469	39.19549695375122	39.18444981340042	39.07107611903345	39.046406803932044	39.043910602169596	39.07159448085384	39.12242196794475	39.14700541848339	39.13027300886227	39.103207014370255	39.12059441185842	39.1041811379186	39.0608199397659
MCW_CT_ROA_140_R1_trim	36.85504541097503	41.292027479720986	41.25385784958535	41.74086238730105	40.77624306129477	41.0344994138502	40.956656679051704	41.04895976327873	42.22522922224234	41.26783137626847	41.27862759944806	41.67650307776301	41.72704263090799	42.02617775650978	42.00443864454321	41.7247105798952	42.28179802544707	41.85723140102568	42.23076275615926	42.02942086097671	42.10750531825046	42.10914247052887	42.10803931012339	42.144036514926704	42.12649993669992	42.14157788379303	42.158304695082904	42.131563079761406	42.17752019709303	42.13363767897873	42.18697972347344	42.21334168241391	42.20514509353292	42.16933022579031	42.245526774274225	42.13316578875882	42.217686523201166	42.19956151764712	42.1937915549101	42.21210229991901	42.241333555805426	42.214375550310656	42.2214166324224	42.235714279884036	42.2034787003084	42.21688752718705	42.27728072735645	42.230743347235205	42.294991776934395	42.318397655160474	42.30483677866497	42.32102629616283	42.33006213549314	42.25830688796539	42.266699739634745	42.26997987654874	42.24544822663766	42.23179607284973	42.30790263322173	42.30875499392991	42.37465151715768	42.38326672081034	42.35633584140667	42.328617752242	42.3060881438546	42.27253379227929	42.28497519796695	42.246081210971546	42.25470271843834	42.26065297426807	42.29120042495136	42.348649261262295	42.369569460429865	42.35744467990972	42.38244548179601
MCW_CT_ROA_140_R2_trim	35.268181218234936	36.61920789333874	36.224203245078506	36.69631064483129	35.891777355501716	36.372447255405014	36.31854062402851	36.495767715192315	41.00575737514975	40.72762620124152	40.11607694413263	40.69669571216279	40.470442142016424	40.615881969461455	40.64883369044391	38.910093567365465	39.38451181733063	38.999095001246495	39.35504240948923	39.13832677116822	39.1458205735649	39.20289874350933	39.156082881070006	39.19977049157393	39.247373992401926	39.24993876382745	39.202726270047265	39.23425010816875	39.23950146245859	39.24941879595142	39.259407956982365	39.289137945491795	39.336788640156314	39.29982190243182	39.26520434037483	39.25911062455893	39.32411205175267	39.27336561843505	39.315432393901986	39.349617211590044	39.29691723617425	39.33678962893975	39.36269526011265	39.34064369690595	39.34413443806496	39.317295279295294	39.30761058059923	39.34408224095355	39.342664581593915	39.369267002384746	39.35549840338638	39.30160618665205	39.25783764850887	39.2438614834281	39.201632523697555	39.16742953116915	39.23822942236467	39.22005100394622	39.21010380422183	39.23731037478364	39.24586214859204	39.23896558307572	39.25880518826041	39.25719026002984	39.17077436955945	39.18207931516609	39.17813126198127	39.227013561873825	39.28332341801441	39.296668510845464	39.27795070342031	39.25456692516781	39.28326516246576	39.27896115595699	39.26512351842177
MCW_CT_ROA_141_R1_trim	36.96071553081345	41.78887876782089	41.65138438249863	42.0573334038628	41.230616942622795	41.45365028187598	41.41029876369205	41.50987215956853	42.56652086746017	41.88659927653116	41.76020365316666	42.1764739748103	42.19102672315154	42.42101703444409	42.48537766525853	42.30106189659281	42.82696011125959	42.40615219659447	42.75879430160289	42.58581852209057	42.67151080779279	42.66547305995032	42.67774892580105	42.71693404248636	42.7098360628848	42.719335215687636	42.73318317849128	42.70186289401853	42.7455923473987	42.702015455793294	42.75534847330879	42.79501009990002	42.79003120715923	42.76669647146296	42.84958580455597	42.74900860359697	42.83951248402842	42.800900031574535	42.79916938982252	42.81884119614233	42.842959943806015	42.811476719853694	42.824501190513026	42.84080094078219	42.811948764449546	42.82618209965358	42.88385069472506	42.834643414658935	42.8852064262247	42.90393016310848	42.9029423822269	42.9055540586047	42.919912920434534	42.852606595799024	42.855639764752375	42.86425470804496	42.83818756781186	42.81351453954814	42.87869188560142	42.878714242520594	42.94414398501526	42.93512956266432	42.90999517808785	42.877563139693294	42.86110151197426	42.82422938843556	42.84240674487514	42.80064879915347	42.80815250734732	42.80201970628353	42.8381722734566	42.88136918547455	42.904961049097984	42.88879645806068	42.91766318973517
MCW_CT_ROA_141_R2_trim	35.791185007185376	37.04824411589564	36.69689400579178	37.06256251802705	36.458035202741925	36.814815801984686	36.77886626468684	36.921390530020965	41.76195202370054	41.64950243056245	41.10078694554152	41.590602611741545	41.404798798045185	41.47790616435733	41.58379347040563	40.21869470398239	40.626725894030265	40.24613868923045	40.610205256735554	40.431117622445775	40.45464046106171	40.478884951023076	40.44191221878955	40.45709606266149	40.50565910877689	40.512130644102896	40.47690694878435	40.503142063012184	40.51266734873312	40.51240262866005	40.51639914117364	40.550277197704354	40.59621947335663	40.5677492399108	40.53314636893792	40.53987282043827	40.61161447630643	40.54224367907674	40.586842507150486	40.61183322719255	40.55001219227818	40.58932170367966	40.61134450823176	40.593926018545474	40.59824881300452	40.58255743251717	40.57597721448941	40.610783062116	40.60362377281063	40.619569892567256	40.60728409445994	40.55744400002085	40.524953298727134	40.50801413831887	40.47148463778063	40.44742808785942	40.502657838592256	40.479629527858684	40.47113151570915	40.49642659295482	40.51058466657082	40.4979050485145	40.51664936472447	40.51243123391138	40.42036014559053	40.417999888001575	40.416753804352325	40.46229695164595	40.51041424768329	40.528489645855764	40.50394018973792	40.482765702106896	40.49935237550674	40.484269098000745	40.46971854304127
MCW_CT_ROA_142_R1_trim	36.79063917951902	41.230156839455745	41.0469084120149	41.66505454946832	40.4811086364292	40.918814166135654	40.80922130134561	40.92554090685317	42.06599270145652	41.05144315187648	40.96413691574577	41.51638380126943	41.53660343474413	41.870377515772994	41.88266490963498	41.520650251778825	42.13997158321012	41.64551497000879	42.062104286748806	41.84356270708748	41.93886583945113	41.95179443437409	41.94961277686028	42.007281713817335	41.997811621484466	41.997980094846426	42.01910050423446	41.982642324729575	42.0347380351403	41.991998519819624	42.0522539033636	42.09547879063414	42.093630104905095	42.064062628739684	42.15486772803756	42.02883096757399	42.12949852511375	42.09575819475572	42.08725981982432	42.11592430988509	42.14590461281638	42.107741551064485	42.119819643083844	42.14174590238782	42.100444476176115	42.11495548175769	42.176011303506144	42.11914231906886	42.18530521763883	42.20061968402192	42.19521989585256	42.2076864106684	42.217688987543326	42.147278958752025	42.15117702082924	42.16287774926596	42.130132179508614	42.10814337401101	42.184192450297054	42.18372648921128	42.25310441899467	42.25131241968265	42.23046262912301	42.19939796259496	42.1705247003424	42.139157374755506	42.157613526163644	42.114678526558166	42.12330033213733	42.125199469290905	42.15304958556204	42.21394784464058	42.234840537374915	42.22179222703425	42.25646861635502
MCW_CT_ROA_142_R2_trim	35.732320341012034	36.81761022473257	36.634082803052415	37.00340047930127	36.36503132252073	36.77966389320209	36.70934122823828	36.84468431327802	41.715557788713326	41.42560373819827	41.02725977238401	41.42289681653986	41.27108451847213	41.379074044955736	41.3892538688797	39.98606138419158	40.35253343192942	40.04729686903243	40.34429117808783	40.173556480300945	40.210316235495135	40.23317339337267	40.20017576801331	40.235861427278984	40.272207714745306	40.26044147277861	40.22599655825411	40.254499619210634	40.25609141978543	40.25944287383026	40.26967643076316	40.29530337087176	40.331488025143564	40.305975510542616	40.26897931370466	40.26005759438885	40.31024113504422	40.26689945756302	40.304376421706166	40.32922289664534	40.282047988627305	40.32167142461594	40.35512260847166	40.33829430029687	40.3380531564248	40.31963664500283	40.33595233517313	40.34424851213382	40.35597228173867	40.382386406957174	40.37841873631205	40.33636035514565	40.28184585245424	40.28553788850718	40.24702691013218	40.20996073294172	40.280242375891575	40.26480338804429	40.26658178052889	40.28963243392971	40.29185393594323	40.28253498867758	40.29615531290694	40.296496810351954	40.223579382499196	40.22332844067559	40.22260246888832	40.25878754011547	40.29903885115264	40.30337022444411	40.28583974554539	40.26431018673839	40.29916291837095	40.303967531379236	40.28495110229337
MCW_CT_ROA_144_R1_trim	36.25001788495964	40.2383632052662	39.97984068123176	40.58620563064629	39.731837710422404	40.239261385633476	40.102691473077535	40.26310245627898	41.17052917059049	40.192854725216236	41.24704430672269	41.67960444897411	41.71845760004389	41.7930273084691	40.544474954985	39.837475340923916	40.38197315640208	39.77978803745034	40.261476040980014	39.952165154129034	40.09703619632644	40.070453706821525	40.10917596066024	40.110571656564446	40.0671488057577	40.12100143795267	40.18161083015082	40.179621287369045	40.13804777696534	40.14372721720485	40.291399046055744	40.28219844479691	40.27824717347585	40.23824885897069	40.22706384975729	40.21198768506298	40.3083368254261	40.191206187985294	40.275569711222154	40.26480055052966	40.25543481644729	40.27849925968718	40.26641416122483	40.21872644567983	40.353563695641895	40.30163341210972	40.303780631675025	40.35570021622696	40.421622140270664	40.397750703140204	40.44000881583279	40.5604799627246	40.41027002102058	40.34605683953478	40.35593239582297	40.27278025962596	40.290729770634535	40.30075675412542	40.43929598869848	40.449238820485256	40.48047639361094	40.646626908269845	40.47138237483748	40.42568433282655	40.3608900610635	40.27095591716674	40.3065988034043	40.13164513546661	40.2139731013609	40.28540933013236	40.31759906286145	40.38271557694876	40.4435437595381	40.36802861002717	40.36100654408901
MCW_CT_ROA_144_R2_trim	35.51030550200527	36.58842557405372	36.30460872797258	36.749510213999734	36.06370922747546	36.50607154445874	36.41650669926662	36.56057592836114	41.18980769083365	40.79491813994681	40.37365914821007	40.76677849032282	40.59021119193116	40.73389434769003	40.64672904711695	39.18407616254669	39.56191501518676	39.18450491359472	39.49289394730547	39.212821286216624	39.38226558854498	39.435339521052214	39.44909405726633	39.30648774117618	39.317056125163184	39.38268160857032	39.424167373681094	39.38487936970635	39.44726345851978	39.33583887595029	39.361046326903576	39.385137855992035	39.41887289826065	39.351667165541876	39.345903594381426	39.37236489486938	39.412393471837134	39.34919321439412	39.39159927098066	39.417516396279936	39.37164818958138	39.34992729611501	39.34428142086198	39.37915629744698	39.408391957692274	39.28299556861176	39.185832893701175	39.37194464982453	39.311647699285516	39.33999740048026	39.31667466235602	39.32719693005749	39.26766013985247	39.281371332828535	39.26904041005842	39.21559862058914	39.19205599216	39.2955004925579	39.31239074620931	39.329138139549976	39.32312078215841	39.395740715785166	39.1965185986238	39.171681991006565	39.15136025952543	39.23883377608413	39.2686100438039	39.30381062797947	39.30466487894523	39.31097359088679	39.237726466006066	39.34793256159154	39.30313846036698	39.272287953619696	39.185535046445246
MCW_CT_ROA_145_R1_trim	36.688465339477396	40.92879791628278	40.92928867749822	41.41778959800058	40.34159061152123	40.51003479058752	40.458785160344064	40.548761196363145	41.749604380961316	40.674835715363834	40.679627552995015	41.091940762636554	41.172842636049054	41.50010282392547	41.48433892884921	41.08245092577181	41.670732137242936	41.23434494747744	41.61325745841964	41.403893235115326	41.476325607527876	41.4754479897473	41.473548267158044	41.50502446127543	41.493419095070784	41.50697713934975	41.518512167924214	41.497244920312795	41.544813278088256	41.49328455011444	41.5406805311919	41.57628687406867	41.56472726507846	41.525086508364616	41.61181018055035	41.48955688344967	41.593552191819725	41.57023993250762	41.56307435830849	41.58008719264214	41.609949248952624	41.578713376244934	41.58998003159062	41.618658636838745	41.59547943723907	41.618557785202896	41.68994724971377	41.64378090796753	41.70572919992973	41.726848624484084	41.71990949987272	41.73478878527282	41.744322358835795	41.675049846202405	41.68624009883564	41.70057995886235	41.67380984442278	41.66584324583485	41.74199893008472	41.752329702582294	41.82705265821861	41.83351233371083	41.80440050546862	41.781035546586665	41.75815852028809	41.736931562747934	41.754563895255714	41.7173686576343	41.725136098848836	41.73261681912988	41.769195698508135	41.82291702700272	41.84501832106672	41.820911493022955	41.836178771928545
MCW_CT_ROA_145_R2_trim	35.77751968822482	37.0110580686586	36.73127196927016	37.04673770936938	36.44013767898938	36.76097549651887	36.71582324929003	36.87461518107933	41.697634261239656	41.50500600616712	41.0339713842247	41.47850301093469	41.29065660420976	41.39433587062005	41.42619963253089	40.01985556680599	40.40101999417443	40.0975098402747	40.39107232023968	40.231585310726736	40.24794091424679	40.30097378500827	40.27860825524279	40.28560719972335	40.31788347650339	40.3145521210573	40.26657417769942	40.30111834189959	40.31784413084965	40.32102980841782	40.34065950166273	40.36888537643317	40.40323244404986	40.366068781514464	40.32969785491407	40.31641489262086	40.373840403577425	40.318554058610914	40.36562831725349	40.39246550845516	40.34482812296248	40.37091128938725	40.37086815432346	40.34357725654072	40.32241870244004	40.29299960949087	40.2788932635037	40.2990622731582	40.292577475849676	40.31713250630274	40.31267283600546	40.276911812040765	40.2365480206953	40.2337248107035	40.1987020606345	40.167282412962	40.212723900352486	40.19163850431351	40.18977334799482	40.22275401420013	40.23487315568567	40.22162627356328	40.23276348350513	40.22822216704404	40.140300691124565	40.123929962858945	40.11718451660419	40.14223431452531	40.18254268184919	40.204292999058914	40.1855232643958	40.171253752166194	40.18532608960223	40.18168654516404	40.14364645201425
MCW_CT_ROA_146_R1_trim	36.8072993539055	41.221003476198376	41.297717974793585	41.665787403668055	40.790846535664166	40.814124744457416	40.798786374315355	40.8767088950205	42.06954012764483	41.10587184960761	41.14205961328731	41.47302771427748	41.56324856253906	41.868994703776345	41.81730835413563	41.53377682838101	42.059765905318834	41.67714335555601	42.01142162576936	41.81915148917797	41.88484632313929	41.87938145091673	41.88335575673748	41.90533038271886	41.885196020341176	41.90834433273202	41.90955439164581	41.89620615116077	41.925834260713756	41.87402715028154	41.920998938858105	41.94609812632566	41.93245258283119	41.90172375044077	41.96884287283566	41.86051950090754	41.94570668769228	41.92258028587158	41.915985979179794	41.937288859534405	41.97093849186141	41.95762124118632	41.975312695574736	42.008707276664936	41.99146809342561	42.01777217634777	42.07807019818212	42.03381003942215	42.087773971842374	42.11737430132533	42.11119213300754	42.130274824630625	42.14893514994097	42.099001293763266	42.11139366680671	42.12156324135083	42.10325135503171	42.08973371050558	42.16268559057349	42.16833153918319	42.2330274517279	42.25407691028921	42.231657573566565	42.21578617084595	42.20171614628335	42.189673321900415	42.19829317580277	42.164776568056915	42.16199406638537	42.16359137756719	42.20606071188265	42.25529667535048	42.27747487693855	42.25926158531658	42.27321973949667
MCW_CT_ROA_146_R2_trim	35.55062936888827	36.90515749872419	36.47755634546354	36.831751982457895	36.103545285431046	36.47384064744255	36.42887823232208	36.624682765297926	41.23482536078558	41.00818210724339	40.41445362919726	40.952360892709606	40.706518387717814	40.85051522586997	40.85898984229874	39.24784508359083	39.68891501809702	39.37750808292126	39.70336437194872	39.526681601059906	39.52402510249683	39.596357610495204	39.554086328785736	39.55022450871851	39.580952104805164	39.5860975842689	39.52752863930996	39.56429765883601	39.5854482249197	39.596906094473624	39.60859420149389	39.6348020944792	39.6771534979196	39.62703681502875	39.58137945086193	39.55693012379377	39.61689797648916	39.55315925935847	39.60890148266844	39.63598733089237	39.58307672450506	39.601282283193044	39.58738862724652	39.541997313197925	39.49851987513549	39.471410389343795	39.4236357963166	39.457762996095184	39.4454780124425	39.460468374804464	39.44751474392355	39.40442470130069	39.34423117120625	39.317423458852744	39.2465954300448	39.20532726893624	39.22037827107735	39.18748250039177	39.19557692813504	39.22985746316429	39.24151350691954	39.204769777149956	39.21080951151609	39.17723102118444	39.05612899934481	39.02185195809567	39.00157124355794	39.01207873039959	39.059814508784704	39.0749999194941	39.05980733487053	39.03178340794939	39.031378214191484	39.0114465740695	38.94633846812062
MCW_CT_ROA_147_R1_trim	36.70054188515412	40.635601478677444	40.72236555353323	41.355834652113955	40.26669911015517	40.55427602469027	40.472708794431604	40.50741148420832	41.88899856337925	40.58762667778416	40.84965139847029	41.15439337565322	41.29298103471332	41.59491232709368	41.547447353116546	41.1808580694532	41.7432273355314	41.274647438620335	41.68206644897469	41.45687525311104	41.559938779946314	41.55265527095483	41.56038642972825	41.60062760450297	41.576551883636	41.589306305218464	41.60677242308862	41.57475549828104	41.62347924096298	41.57312966546681	41.634450053882524	41.65342358143119	41.648189802189414	41.61142667673418	41.67792413023468	41.56101937111205	41.649130069058266	41.62744955170909	41.617599918113044	41.63090874740223	41.65067607074892	41.62853608209045	41.619573245777566	41.62200228755212	41.581725294683004	41.59246811669599	41.64798276811286	41.59759051677712	41.6637134569058	41.694671171930935	41.66329001197812	41.67841223092132	41.6782266375746	41.59375431281372	41.59273846008508	41.57866104497378	41.54722403295998	41.53638600336859	41.628417093168984	41.63605604834971	41.68309529896485	41.70838092611175	41.65870192360738	41.63511876614423	41.59825892035951	41.55967935335965	41.5569424606059	41.51162346665118	41.53529704948771	41.54884893207545	41.57609342481249	41.63733208450605	41.64909299935144	41.63431620904302	41.65980999025959
MCW_CT_ROA_147_R2_trim	35.08180180714038	36.468408982243105	36.16510849311326	36.69028480286202	35.878882959853016	36.38055713825357	36.300998790973125	36.4545041691893	40.83869271445281	40.49172127085513	39.98434767127199	40.50834198719155	40.31530271766327	40.43910355703678	40.462430836807115	38.52418273559047	38.95727286040151	38.54155549157744	38.88112206242674	38.675563022610056	38.723275514531835	38.77629506973793	38.74846416802863	38.809163398847055	38.85036141548641	38.834518788872664	38.77913799858082	38.77939728136865	38.77344153959717	38.77569902237989	38.796937660453395	38.852695598730065	38.91136795243968	38.878424211623205	38.850554330250965	38.8215328595287	38.864298821698064	38.81037326994561	38.82398264553716	38.85029426688302	38.7984829825755	38.86033401723387	38.908261923599156	38.88845558443506	38.89797046567848	38.86052942713472	38.86966668577628	38.8625698435013	38.856951076932596	38.88870042122137	38.8761638102383	38.83722628497843	38.790850200756196	38.79001253957188	38.77453876154617	38.71464406065271	38.79800135303188	38.78212359211	38.752255099722575	38.750043863792804	38.77480467119187	38.782333619117175	38.8055616041391	38.831157119528385	38.75487667949374	38.743024661094644	38.751035421391826	38.773207168389426	38.801343842210564	38.809841987277316	38.77711253462178	38.75423102563022	38.80203989340055	38.811840039668255	38.8083055115405
MCW_CT_ROA_148_R1_trim	36.73705253239665	40.96274130142831	40.948961002672974	41.48683453025305	40.422237628166215	40.682253699256584	40.60805381716302	40.689971365408134	41.917855670023044	40.83383611647583	40.86590746897462	41.278257832145655	41.35254647500236	41.66369679933037	41.65623027282183	41.28905470656935	41.885583293032205	41.43141336520864	41.82494094962993	41.60994470955317	41.69840863488045	41.69822779913973	41.69302192740384	41.7336783937462	41.71528092813181	41.72622430413633	41.74282771830729	41.716800281105385	41.76676613433486	41.719921621742635	41.77597492548601	41.802092672333494	41.79630572229319	41.760174464140476	41.8363469740613	41.71610338614697	41.809563296653714	41.786594513195716	41.77803758385539	41.799404713774535	41.824923912185504	41.7971292960009	41.798036238821794	41.814595232489815	41.77922467325512	41.7974276756084	41.85757137479891	41.81236371165268	41.87123467039827	41.89856663609293	41.882204361066265	41.89741892476669	41.90686597034444	41.836327314929804	41.84151548989203	41.85191379652705	41.82001070670205	41.80618029896355	41.88604430317912	41.89789084039667	41.96135864382296	41.96946232654126	41.94344149553876	41.91709513021311	41.89203976963548	41.86026087782712	41.872722220687486	41.83553806257556	41.84559752757699	41.851435363065754	41.88103042192531	41.9404494323881	41.96303881330161	41.949956054122495	41.972118953379265
MCW_CT_ROA_148_R2_trim	35.62584758095993	36.845120356645715	36.59199837808896	36.977278200814375	36.313806299319026	36.70564935346195	36.653160002712895	36.8019538398392	41.550846401663065	41.30009031654712	40.828374658856056	41.28995348527964	41.10918624203315	41.21023319367265	41.244138794890006	39.72535772965153	40.11976181365033	39.78415118156551	40.09950151150505	39.9145829266313	39.94876358057031	39.98750131186784	39.951258168772895	39.98594169325498	40.02601184613373	40.012055354167885	39.98114728996691	40.00953027950075	40.00695916583197	40.01855284102589	40.03126742958388	40.0584361369741	40.102282512223866	40.06938348405849	40.03090895972223	40.019717531506494	40.073431531202104	40.02499875955387	40.06537952851711	40.09353978643816	40.05786557389011	40.094357802534475	40.12624627308399	40.108717678076765	40.11191226216368	40.08642664213143	40.08948052244022	40.106787247349885	40.114748384577574	40.14669977957835	40.14275439188393	40.103478669785154	40.0476718096064	40.04358055574509	40.009547605015086	39.966519659847485	40.034308487138574	40.01641502954177	40.015357407341966	40.04510453372023	40.04049732589755	40.02744398771284	40.04574691589238	40.05135269619	39.97211499993874	39.97084215988621	39.96335459236961	39.99875673770343	40.03947656221555	40.05345850277509	40.031809677425905	40.01310753699413	40.05362594983039	40.05238742983651	40.026256483448556
MCW_CT_ROA_149_R1_trim	36.89893415746018	41.830562688562594	41.647077834470565	41.95290957822221	40.96809321027314	41.13526188217621	41.07189406828201	41.26879948357287	42.254135294942266	41.57731637187272	41.24684131304799	41.80937867978527	41.761058384153195	42.11587342088848	42.078570590214945	41.797961356556605	42.39194279534401	42.03193378467264	42.376779554395426	42.20067142942176	42.25382028721259	42.26085644814082	42.24893521131214	42.288496798657924	42.266081425189334	42.26500392726876	42.276290807893794	42.273976082313986	42.320309181823134	42.30275856761988	42.34626242970552	42.391938949462855	42.38627633406354	42.34790337016872	42.4361919699956	42.31392928505479	42.41356148409503	42.38113353043354	42.37015542345645	42.39145285986871	42.39803089475472	42.32982099351119	42.32815027298024	42.35280896127083	42.34008538195128	42.37584545448472	42.455004646960205	42.41933654155034	42.475761659809244	42.48283820955863	42.4671029441407	42.43527619915386	42.433878416728994	42.36455770719387	42.38845221144949	42.438668731760934	42.43190333384045	42.427699985096	42.49666132805177	42.49704196981744	42.56994251788874	42.530157892933964	42.497768174748366	42.44780779897739	42.43707856912473	42.42273251827648	42.447751348175764	42.43227168529215	42.423835825518225	42.428893540551115	42.47177737551677	42.487843660337916	42.49757412560315	42.40941014299486	42.39840977346815
MCW_CT_ROA_149_R2_trim	36.005934355252066	37.19726112889822	36.900537637306144	37.145329923382704	36.61480705758741	36.83089274079965	36.785532319801476	36.940695490376456	41.97844365458013	41.87092794706284	41.340426806012665	41.81845980407732	41.59930091856314	41.7848421213243	41.73720175391373	40.646892850070294	41.000580382322966	40.76861153676018	41.0304596016176	40.87295480972798	40.87210536748014	40.92826001336239	40.90706668362567	40.914008973024636	40.95364322169267	40.944862046574684	40.885071079829366	40.924897156559446	40.92296381281825	40.92827985902505	40.94285609948888	40.98041633897214	41.036669609381626	41.00153420572789	40.961818753767524	40.950708292281114	40.98415693084556	40.91077556731476	40.95721835107717	40.98590639817273	40.951927843483396	40.977866806349496	40.97759352888182	40.950427135493236	40.90141789369092	40.89378175559295	40.83711476958035	40.864588266149376	40.84892985655853	40.850343662988074	40.841321207250246	40.79249600568446	40.73270316490504	40.69516521945302	40.59619315707382	40.53933711783886	40.521775020703636	40.4852702495686	40.46602460500064	40.48058955261856	40.4764631522419	40.431528797218064	40.42722123641596	40.36965455079811	40.24863052650261	40.18553036391494	40.127768696785424	40.12092108288756	40.136834725175426	40.12647686369647	40.10262520201642	40.06738795476189	40.0528804418411	40.05275368097965	40.00864960257784
MCW_CT_ROA_150_R1_trim	36.35267272569731	40.88294726425238	40.6352861176488	40.97671016506987	40.37797970290675	40.54963301382001	40.42046862267201	40.57959844300128	40.96935239124993	40.698637772435276	41.18498055606182	41.52561449602418	41.444866406740054	41.74176125088328	40.58029923856085	40.03157669747339	40.29163585354584	40.053390992813725	40.269481739107285	40.14117250596234	40.20509148229293	40.17876859727745	40.21285739700938	40.20576883103851	40.16653284967225	40.15631326215376	40.13008392742674	40.14916958040839	40.13584286438799	40.15213095197527	40.17129214861192	40.13840530745763	40.163255450470054	40.14634529158699	40.138841546427756	40.12237934237356	40.148140995469845	40.11575816712812	40.13136961968486	40.107866260625755	40.08151147378509	40.0563599028501	40.061552038319	40.054765040683655	40.12834121743875	40.16436153671508	40.15892560769538	40.21419961657879	40.213844166420294	40.143924494693294	40.136806316823865	40.16207601908365	40.047511111895275	40.02277979932756	40.037564903727606	40.057671753028856	40.02232727663351	40.04091328136766	40.14014578629683	40.20484297494274	40.189578010622576	40.268492879784375	40.17241848899937	40.089080568448686	40.03948185421319	39.97732099415029	40.026872907079294	39.981919528917174	40.05552748413743	40.13127551241699	40.12858467993229	40.13932293931186	40.09689801396392	39.765649316613	39.89891991611536
MCW_CT_ROA_150_R2_trim	35.50059827925441	36.64863778005511	36.21921503213073	36.605088518369534	36.02639341415088	36.295056453554395	36.24476295804159	36.40419380597312	40.97594018354753	40.79602151785862	40.278376512866444	40.720436910159194	40.508380144959254	40.6940911761205	40.657446152231536	39.15737680285577	39.532056592735216	39.19131378110479	39.52229412025199	39.36320439153409	39.46095552337357	39.411562142667535	39.442056385651405	39.386123650125406	39.41038079680201	39.41421411863338	39.399805592405556	39.38343508295055	39.40382615763394	39.38098304816365	39.40444931937413	39.41028951930336	39.427542959868326	39.37595022384465	39.408083517008784	39.38356115216439	39.36768890343535	39.349966443818026	39.37494597144458	39.37529713192552	39.41059096765818	39.42884491670329	39.423644918419924	39.427211642888224	39.39163194283557	39.37572062919089	39.39138766934284	39.37250636680379	39.33176054535938	39.35620491653663	39.35044445627461	39.335688200782506	39.298603061700604	39.28629530890761	39.240348414356006	39.16902279110578	39.15231257915708	39.13676798419427	39.124197195655846	39.147962290628364	39.14023726055483	39.14466569966618	38.94176926057896	38.95259537437085	38.91175727872699	38.77824442507152	38.72592935692087	38.67002576112876	38.652418824538564	38.646877080710894	38.64694077933295	38.60876996361389	38.53903474943329	38.51227909971273	38.478319922741164
MCW_CT_ROA_151_R1_trim	36.1723894607214	40.024499235507925	40.05881295229983	40.40322742826048	39.863138469182246	39.92935028524279	39.82108371557937	39.92755128898983	40.367871518012144	39.88198479472704	40.68180451047769	40.91935266834589	40.87556157686021	41.237368417005634	39.71028250759687	39.21368292825027	39.39222469791401	39.254678495570666	39.37092326610716	39.242698620328845	39.27116219467004	39.24646218009972	39.26747258402243	39.25214740056803	39.22192705768574	39.21991183840353	39.17421950220295	39.203229782133036	39.159066851052884	39.17883445457213	39.1826710784058	39.119741887071584	39.137050987952954	39.111493550512236	39.09799454239871	39.082999848761645	39.11013912224555	39.070819326517736	39.106185771795445	39.10173981253658	39.13448078434086	39.16083786025808	39.205961232555254	39.20743903354355	39.24207994901205	39.27584606375703	39.22925491426546	39.274466068273966	39.287700513124804	39.24930590527247	39.30024567169358	39.38297807709784	39.27602151211048	39.266602575642565	39.254496577471116	39.21837586081728	39.133062331909755	39.11850773812246	39.21323668346169	39.313043042585605	39.32683465084534	39.46745328645609	39.42381648287333	39.35183501114495	39.274278178197555	39.178679209954595	39.20902019934425	39.11755732750053	39.18570527842133	39.261847841582444	39.273835495818254	39.32741708578469	39.307209438604815	39.09872929946429	39.16682437339084
MCW_CT_ROA_151_R2_trim	35.88001858439219	36.97385052627221	36.6617635664073	36.937869713988285	36.39678262695448	36.68250274300349	36.609359039194636	36.75965049255766	41.521637343885395	41.20629179017587	40.820158771985085	41.16665202744366	40.98345501632939	41.199710705208545	41.0864690616844	39.75558531379581	40.06879143719527	39.79964936790995	40.061962155630255	39.89911877427496	39.95795316654743	39.93505565546933	39.963347174409385	39.93519426046868	39.938779976724	39.93908459639652	39.91641198568344	39.90694934137696	39.899681753910606	39.876347934295225	39.891727214786485	39.885964709179035	39.896111361707746	39.852771995865666	39.86461778864993	39.842840672224725	39.8311482976244	39.812741114264654	39.82261485902009	39.801576888641584	39.83108078627117	39.82230537933387	39.79633377694294	39.79737812886448	39.757562168431086	39.74111742603048	39.73683132137939	39.71348529548967	39.67049224509083	39.69204328570422	39.687949250896516	39.66391673130669	39.62502231159561	39.62769945719772	39.59084159620119	39.5379200840867	39.52518127003011	39.50340180053817	39.49584239277408	39.51227809833961	39.5061042139555	39.52108520196195	39.31348270139305	39.314257318785785	39.24057132078908	39.061044762885615	38.97911932980888	38.90704567625447	38.87703104352064	38.85810244983592	38.84869345595635	38.77594462814291	38.67949898304756	38.64504961789448	38.55462822581037
MCW_CT_ROA_153_R1_trim	36.35180930611058	40.83572573458989	40.55370437570463	40.92360101060281	40.240147904328936	40.46027621623558	40.34075676931847	40.55414144099378	41.34977240825748	40.61964504429163	41.4896109001136	41.91314849599043	41.942002726671966	42.054828963829934	40.81353377149887	40.14974006344489	40.64318144362732	40.120754466735484	40.560127017193615	40.291919494054156	40.42043292228706	40.4085043341199	40.45439050950389	40.45641376326703	40.3862176243162	40.42528577786034	40.45202420739453	40.45719637999265	40.402057615455696	40.42389868180083	40.57934168238526	40.595181075323595	40.60448941312251	40.56842610758928	40.555659160716594	40.534467769031	40.60848461864008	40.49531570985689	40.547367597268575	40.514307779792915	40.48597074117486	40.491359621372574	40.48753695815463	40.48630340059342	40.61975962185518	40.57223978137043	40.59378513611439	40.64764068002982	40.68468044578391	40.64664717669121	40.62938305573789	40.72939479255876	40.594221138749944	40.564303498864064	40.58636752110415	40.536603361675404	40.56149558156314	40.57418660872957	40.70168011019065	40.70489861850091	40.72118004406163	40.85705391809135	40.6861963579607	40.64347954690097	40.60660497877413	40.559042075002424	40.59469579222116	40.418798605531066	40.51100763178457	40.557299996376095	40.56718434019375	40.61215066860424	40.65991506244748	40.50921387168611	40.49962700501766
MCW_CT_ROA_153_R2_trim	35.52111646523273	36.70930786932114	36.30284087808633	36.69214532349372	36.05782854980305	36.3601076778945	36.30136611120659	36.47244168074268	41.06819674510314	40.82620094356038	40.3207105942831	40.76991407974243	40.52448339635001	40.73709391922534	40.579236944883895	39.206533401129796	39.57064902616072	39.289659173987076	39.58709576768776	39.38184648920654	39.50603225074155	39.50864098640643	39.50875917950601	39.36309947665066	39.43521298974517	39.4654974876803	39.458820643928256	39.439404266353044	39.4702769960493	39.42534397204974	39.46471842707006	39.481166895139516	39.51043094208761	39.43573087326639	39.45432238712631	39.45201409022367	39.44018127562153	39.40189012739078	39.44025061369117	39.457283530362815	39.45204880920269	39.45521524536827	39.446970876953266	39.467186958006074	39.442732762703216	39.387290135077045	39.27283508138525	39.41856489147327	39.360797798144105	39.38387964713545	39.38303282981389	39.38692062846332	39.3249723919302	39.31114790767568	39.26616766968995	39.198260134105844	39.139769181017506	39.178830888449255	39.187636759435044	39.201663457977745	39.19499280887702	39.23119303659477	39.076410734940396	39.02232594944498	38.9707851822917	38.97165234887789	38.928853216291046	38.90985366990565	38.876226083529154	38.84374102157428	38.81241145267327	38.86135366357588	38.7804310093262	38.768695256638544	38.71998661774633
MCW_CT_ROA_154_R1_trim	36.32103803185511	40.5631752800706	40.34009347896509	40.838614430318025	40.115271805454064	40.457859126498384	40.33733331368327	40.51872133600593	41.36622368166892	40.531294695567915	41.47126112131055	41.881577725514305	41.91042527579619	42.0157820627342	40.78822918531218	40.176231412257096	40.67197175769111	40.14732247933773	40.58066366516496	40.29789165362343	40.41564105620219	40.39939767035101	40.430840469455944	40.43035918233956	40.386036701256735	40.43699365938024	40.49011192924627	40.5014721271769	40.44856619560122	40.45652106700562	40.593213588114416	40.58935246045207	40.58433060145897	40.54658454655286	40.53971389038793	40.517879277327395	40.60763512341322	40.50530831406185	40.58040725453091	40.572626704948576	40.568333582132446	40.59318346828664	40.596114836709624	40.56829114593785	40.69736750008674	40.65034402180577	40.656230190601704	40.711657522410135	40.76955698445741	40.755531845032664	40.78848791032468	40.914872024245604	40.78352597061951	40.73515839300619	40.74931027696072	40.67923092479584	40.695465468741325	40.705276325975504	40.83729529512165	40.85373531557621	40.895081065347206	41.051273794294914	40.89567129945324	40.86271999418153	40.80631707713655	40.73259104198967	40.76218171841225	40.597141569402346	40.67816219253226	40.73992981530325	40.77330172981593	40.83608093560983	40.89296062400422	40.83146033317317	40.8186294451088
MCW_CT_ROA_154_R2_trim	35.81902607213065	36.87268391598626	36.58180754424984	36.91945831077392	36.30582744105661	36.68880923617865	36.60269688541242	36.750200852746	41.58374863176872	41.24699568518753	40.82019568610326	41.21930382083255	41.01059215206638	41.204959745014555	41.073434381459755	39.86823692728489	40.19926352271143	39.914382225874974	40.183104889221475	39.97315772055178	40.08543988017615	40.09186442889717	40.09375095240895	39.95334748927573	40.02111147152869	40.057154267314104	40.06557884438749	40.04584882794283	40.07778949703401	40.01445598777025	40.049200336857005	40.055139394529625	40.077610022191735	40.014584936489904	40.02378405014038	40.0245238744884	40.03783387833081	40.00420713477923	40.03459071676731	40.04033676054454	40.021287524139524	40.01098255833856	40.00665903418225	40.02635066405494	40.02388301904122	39.954671738079334	39.854655823485466	40.00300550158067	39.95911850654367	39.975668418799735	39.972743087961206	39.97289541632896	39.928293182552125	39.91647957563821	39.90061757171349	39.85533206198084	39.81922738835485	39.8947967270741	39.91085484065111	39.92155219101605	39.912376454029726	39.95492484355128	39.822693726845756	39.801191758839614	39.79279351413238	39.825370287701574	39.82047540854807	39.834205633084714	39.822038918168964	39.81927835798205	39.78495369554838	39.837803050728624	39.779332567792444	39.76348750023754	39.71349858519719
MCW_CT_ROA_156_R1_trim	36.69193522758147	40.76248982402988	40.978279214479116	41.36617184124876	40.46360619562513	40.36480667769564	40.367602522611385	40.41496729673936	41.704910965648	40.544665539894034	40.691194932083626	40.96702135822375	41.10871105026238	41.4485613480775	41.3513728830649	40.982902690958745	41.503823673161186	41.11374973244778	41.45913637719559	41.25585352061386	41.31019136756951	41.29953698942459	41.30779214486888	41.32581051536477	41.29189069137031	41.32695751549726	41.315167627842044	41.30899500219525	41.32490136780858	41.27336771323222	41.321224099160695	41.33593141403028	41.32213353076238	41.286722623163335	41.346494212424474	41.239536287540965	41.31456677813233	41.29757007842997	41.28527451017031	41.29805778839208	41.3442548922421	41.333963887327705	41.3458810082349	41.37235735054483	41.34869274567529	41.37097544288441	41.423636969294776	41.37431471651559	41.426153826419636	41.45928112601022	41.438916668957795	41.46620057112	41.48488723300903	41.4269166504284	41.435941672722095	41.427126762007276	41.39388194694139	41.38200396990933	41.4619709539453	41.46627327633205	41.5310847974298	41.559911759328294	41.538143084699286	41.533238000212535	41.51445013413459	41.4872603292778	41.49352331651654	41.44214760632018	41.44209417892963	41.44749233287816	41.48418230267996	41.53954835583516	41.56317692494277	41.53492631213959	41.529223103750155
MCW_CT_ROA_156_R2_trim	35.89546790042064	37.12339672774104	36.80412777261454	37.06654861187581	36.47820457423126	36.77700446859948	36.73623774448688	36.889754185191	41.714894165718064	41.46637027729855	41.00234516999742	41.41216184894485	41.2198895384516	41.36885697062927	41.31908274358913	39.925310418992844	40.27565868866237	40.01618994393494	40.299162475501916	40.139502555552156	40.14096461718122	40.19195698238014	40.16150638812133	40.15778991737985	40.176349488203584	40.1720719545342	40.121530953270316	40.154405930362586	40.15686062210472	40.160362485526925	40.157798633714215	40.1739823691848	40.21046926171756	40.16909470098439	40.1319271540627	40.104099185589845	40.13924602166605	40.0621419726489	40.12178985096917	40.12294899975191	40.09247284473735	40.08866664736622	40.05416372450238	40.03113664829161	39.957692197653124	39.920374563881424	39.86576366018282	39.87936288120499	39.86517966810113	39.865648394602225	39.861522273929346	39.81249061321412	39.74239759859456	39.715716576793525	39.6457408409346	39.586852004282264	39.58045773330161	39.54024412509358	39.535499952884216	39.57137909746151	39.573376699988934	39.53778472894779	39.53109049163862	39.46498237205906	39.324015544838495	39.24405053405486	39.17699642005169	39.151130310545135	39.17901456184554	39.17480469948962	39.151951182804524	39.10808427399857	39.08901984719398	39.06711942812438	38.98120247429869
MCW_CT_ROA_157_R1_trim	36.71238506462121	41.37183071502318	41.266400760182236	41.63091071719676	40.610382936797336	40.615193634832245	40.60529353387501	40.74568500770764	41.78068941069356	40.9020746212727	40.63948826690235	41.198118434427734	41.21624463628864	41.627809848866555	41.59036028370133	41.23768021086054	41.81463178406811	41.42302901291953	41.75638429842179	41.54738601299522	41.59369067968422	41.60250111487738	41.61308176397426	41.67135144642953	41.672444023757045	41.700741098258355	41.700442632350274	41.6844022604779	41.70109970735325	41.652473153683864	41.691104025617804	41.7403685797134	41.742618366074915	41.72386510586822	41.83239612443072	41.730088358340254	41.827739771062234	41.79314106515932	41.753893203760164	41.7318965971353	41.71296149985231	41.63593038667535	41.6363279474198	41.679765524514075	41.6974877976359	41.76842936054859	41.8693972472864	41.825076059134325	41.86138474682522	41.83851368308742	41.788533454082675	41.747405813230884	41.74349111843361	41.68649800560406	41.73991589790136	41.811709162903576	41.83095029775534	41.84143462734203	41.909425507205896	41.89310956223354	41.930044048969265	41.88698572508513	41.83873883856506	41.80818998895233	41.81585597599358	41.83643345829639	41.88143990344546	41.87318262374144	41.87149807803038	41.86304722987701	41.882423136682114	41.88977755281247	41.883470329142625	41.7659477878231	41.75725939537885
MCW_CT_ROA_157_R2_trim	36.063553151267115	37.154902074342274	36.90443360989324	37.12508987481875	36.62653151839109	36.825076504420096	36.785102801920765	36.93415643509422	41.98695320696184	41.83218925850695	41.389779466340876	41.78354524225055	41.59588439080205	41.776461416956444	41.700594954267864	40.6397704695142	40.91969027853696	40.71593183668231	40.9404318241764	40.80209471296045	40.813689377858964	40.85932765859415	40.836612301532654	40.83885032394647	40.85868745817567	40.856589644762735	40.79646969225654	40.83093784371534	40.8211074900857	40.82702291877288	40.83395286639461	40.867207605845785	40.91100870221796	40.87627064975685	40.84027376385707	40.825386030069694	40.84945469613645	40.77130805900117	40.82272503683382	40.83660509203273	40.80817474080602	40.82742057760147	40.827097985560385	40.8038963404095	40.75435857644938	40.744495622000834	40.69793837496142	40.71046249600374	40.69449727541679	40.69130364437795	40.67691819674445	40.62928558159704	40.552116830406504	40.5228938624043	40.42528741036699	40.36850696000656	40.345047924329876	40.302489358361555	40.28496278558912	40.29807881076516	40.290470956675804	40.243276930761375	40.22743609653768	40.156184114319394	40.03369309702728	39.95532505530016	39.88942544837709	39.8674975530298	39.87413223165404	39.86026534708052	39.825968932889715	39.78426771919978	39.7605300857968	39.75716315621119	39.69499747288186
MCW_CT_ROA_158_R1_trim	36.63597884887461	40.77219510757086	40.78520472400003	41.31941456493945	40.24332458071459	40.4218549067744	40.37029624117117	40.45347244056379	41.64352657998927	40.513876426735244	40.490928770798156	40.948338613572496	41.03880741208943	41.399042674365134	41.38254179449927	40.9962378509221	41.57839250657346	41.142043183423006	41.50912926442329	41.29458012039586	41.35862497275438	41.357169410727785	41.3604437606517	41.41067765310342	41.39919959962572	41.42918763229192	41.44416447715325	41.41963609907738	41.457659719271064	41.394130679742986	41.44261062348171	41.474794156712676	41.460580183879124	41.431375209231845	41.52331600371786	41.402956399032746	41.507305375968315	41.48338557927948	41.469875511351425	41.47989908515532	41.49678111462159	41.46857731533896	41.47736843842641	41.49582931342812	41.46444878038894	41.48719520358277	41.557956626433196	41.50408522556009	41.5670755755583	41.58531678633078	41.56380940727278	41.57421560620685	41.58432997507855	41.508314879551705	41.51599778517432	41.522279808067196	41.50290533977661	41.49300279158845	41.56880710922181	41.57398799875756	41.63555278931455	41.64291399925811	41.608626921193405	41.589386165628916	41.56124227868291	41.539265148623954	41.554537435460716	41.51582205550027	41.525775159721	41.526774028890884	41.56272138984371	41.616725830112536	41.63989527811851	41.615794749831764	41.64620898670385
MCW_CT_ROA_158_R2_trim	35.71044046661537	36.89711061446912	36.629063909282266	36.973942582759136	36.34977219359877	36.69960218605009	36.64403183904343	36.80406105462956	41.560543898871956	41.323528186286886	40.83438862676294	41.307858776263515	41.1227984493191	41.26001609083289	41.25754040263066	39.80487235324915	40.16930059749889	39.877812676341755	40.15005045216608	39.986936976879036	40.01339335766154	40.05810574026297	40.01250836525652	40.04301509072763	40.06526000193131	40.065546951938195	40.02588246081563	40.050897618368325	40.05427732270599	40.06694668167242	40.07547989645101	40.104738864529004	40.13945373739665	40.10985114079198	40.06572178469142	40.06278434506615	40.109516222211425	40.05100002378455	40.09625938852205	40.12340572974045	40.077028651906524	40.11297786033508	40.12748122849705	40.10723693002763	40.0982763278055	40.07653282670837	40.05932439422759	40.0807324290037	40.08886220777092	40.11256044547525	40.10206878695692	40.064840554430496	40.021007602156196	40.01299956307792	39.98468219161456	39.95133967677789	39.99816637874214	39.984230673988236	39.98183790852602	40.01686337290422	40.02270144623423	40.009355028923615	40.02728790527125	40.02963366792213	39.93825742746761	39.93857228093897	39.93555711295545	39.96247952172802	40.009302717474036	40.02856728555887	40.00909391004025	39.98960875797563	40.01860818468516	40.015877573124996	39.98359240506614
MCW_CT_ROA_159_R1_trim	36.75715729239015	41.105528067512	41.11502031383492	41.61430057100008	40.75514987983798	40.86889284989889	40.84181146548492	40.891065477544146	42.07019895880072	41.10267540274252	41.106096486106075	41.491875572383016	41.58412128066283	41.87401574706356	41.902418336519624	41.62631078048416	42.165029389608755	41.723532074239635	42.09306691239146	41.87955708046414	41.95861354795598	41.94305927330504	41.96821594609117	42.00663194144803	41.99817707174462	42.03207460422439	42.042569392360534	42.01421723808001	42.045458580125356	41.98726596144426	42.03535175575016	42.05782249900464	42.054425953227394	42.03187407912399	42.107771889459464	42.012398693839984	42.105695403349756	42.08111146636914	42.06791204752864	42.075780857334614	42.09370223156243	42.07370902782507	42.08499567877261	42.111188000482166	42.09519231126555	42.125059758220566	42.1920806023228	42.150534808512234	42.2061777811442	42.22490184150499	42.20715772963857	42.21889068808919	42.23509015256588	42.17719621628992	42.195891749470455	42.21183982994165	42.19638247239532	42.18601964366463	42.260762408279604	42.264470514085005	42.31841090466895	42.324718414560515	42.298102947387605	42.282678291940975	42.267196124713294	42.247337766170794	42.27142189312066	42.234505363265704	42.242862110509904	42.248525944527294	42.2779365557561	42.328002304824736	42.34399347281742	42.33159213437482	42.36168719649642
MCW_CT_ROA_159_R2_trim	35.846161392035505	37.06458533347265	36.78115859542585	37.11433708058538	36.536756916230786	36.87553550464975	36.8301261854859	36.97269537852573	41.8441076356663	41.65236900496014	41.167563384696706	41.60942377548449	41.4232398876439	41.52222634713609	41.5852095613318	40.236077002034456	40.62175946698464	40.291416631263424	40.59998428981095	40.43145700537798	40.461774105178975	40.48789284722951	40.45516089322211	40.4649072384245	40.50247120026759	40.502900922399405	40.46985132217822	40.491232679141405	40.50317456882933	40.49944520965837	40.50030378449061	40.5290525864044	40.56260436523406	40.53437406953885	40.508139362914996	40.497550931320156	40.5637533000195	40.49256951772407	40.5486265329321	40.564848110196806	40.51872268244046	40.544569857341216	40.56865515581261	40.55058131075903	40.5499432497308	40.529876625154316	40.52861087509793	40.54715468871756	40.547223731384854	40.55793753022943	40.54912031582418	40.50563302067754	40.470381475143085	40.454144215714294	40.42978233411213	40.40142956026723	40.45536370467968	40.4278154748796	40.42263115420589	40.45086875501874	40.466932067160535	40.44766231371666	40.46398751553464	40.453100677405295	40.37246804799065	40.364166619228904	40.3659279353542	40.397737583480044	40.44797339349619	40.45592414008422	40.4368478794233	40.41143807007892	40.42331978508626	40.41377493017034	40.39457521100316
MCW_CT_ROA_160_R1_trim	36.29752783092164	40.47629516752366	40.23867628728951	40.76639806565964	39.958361940167215	40.40958533190872	40.274965224457915	40.380964607426975	40.836031172432044	40.35898727652741	40.931070021611696	41.30641177926523	41.19839723231893	41.512838702092274	40.33312989801453	39.78152872154833	40.106198280263015	39.84247453245604	40.040139210300985	39.893963463256696	39.95254376838982	39.934762339153984	39.933187524821655	39.94328541216568	39.916592438997704	39.9243972816984	39.91486777849155	39.94669802058382	39.93870650504425	39.94815388462977	39.960823586656815	39.90596114573246	39.918453831968776	39.894480579621174	39.88496967876676	39.87149634957847	39.91286144794216	39.8873591404595	39.93036645475366	39.93360699114146	39.9329162962884	39.95986717994021	39.97476009245213	39.95418629184141	39.995972393779006	40.022556727460056	40.00270073406755	40.05225142210675	40.070135182554175	40.04165591994893	40.08926341233967	40.15881916263127	40.04370408858016	40.01605183569918	40.008916067928055	39.99453150413089	39.93858879169903	39.93085418875123	40.03555544508693	40.13245962360182	40.14007780499133	40.26889776019633	40.20126005699747	40.11718412685687	40.04148741203147	39.941763031924864	40.00369243048313	39.939122083242445	40.02351230492504	40.11050829903126	40.114066126621005	40.162329472116454	40.146694409237995	39.973691135242724	40.11734578791557
MCW_CT_ROA_160_R2_trim	35.57494776917295	36.63570759746669	36.294951118491674	36.71496412922199	36.0585564526269	36.48600926170891	36.41108695800983	36.54688156188329	41.174870508166656	40.82528522973297	40.36922725331609	40.834769930146265	40.62053848872537	40.78470598732721	40.79195952525834	39.259247930610066	39.69893986660936	39.29951995749715	39.616503842334005	39.44763779338438	39.53586364573081	39.53013490606654	39.53485420326241	39.49768502367097	39.52109139898454	39.52704612521575	39.530133931252145	39.502060126361464	39.541215894036554	39.502843595121064	39.53447974462857	39.54154915215904	39.54358161152802	39.49935117533013	39.53418859216592	39.51190744505173	39.524421305178755	39.504487029099444	39.53777238275056	39.54703524950704	39.549062466560805	39.57230848011189	39.575465472311905	39.59114909730926	39.57261181626386	39.51057172193338	39.561681251694004	39.56630300473542	39.51903775526325	39.574923694222996	39.56409674013479	39.553676204993444	39.53793788751696	39.54812625126135	39.5465449360688	39.49763806369923	39.51730661216595	39.543667581232235	39.54979919800849	39.588427660057064	39.57890647093273	39.63193868682669	39.42511238635835	39.49809236442178	39.5343337965603	39.490168234680645	39.51160045277982	39.513172807642746	39.549600435933385	39.58591362515371	39.590908128666165	39.58119272732586	39.55521183427461	39.520809108467475	39.47802389702287
MCW_CT_ROA_162_R1_trim	36.32466958094686	40.572191884389596	40.358116270850914	40.81318802872195	40.12378907958895	40.43351075155924	40.33264937184313	40.48971532084799	41.350853873536416	40.520433245155616	41.49575473063395	41.879640460574166	41.92583739378755	41.99101206245264	40.7865392025102	40.13127388570259	40.65574962160807	40.11055929041828	40.55165620565068	40.27785335392478	40.40088650436025	40.38384059618249	40.42600928855755	40.42844163520468	40.37592588632137	40.42486985016983	40.472342262963245	40.480069990670366	40.43507244126692	40.44190719624669	40.57851090885816	40.590090065987134	40.58567954345496	40.552523450055396	40.54294320476578	40.52348373205352	40.61420033699972	40.50842636416164	40.587503843017736	40.57948314005841	40.56653029260926	40.59494979777121	40.59107601727937	40.566163178074696	40.687637917465274	40.63535131626823	40.6444304287804	40.6930862386982	40.74588222701737	40.731692417207036	40.755442375163604	40.88205620112438	40.74804935374228	40.69558553857561	40.703715436512944	40.62846966865255	40.640224463574974	40.64606443974572	40.77642089229923	40.78675424094192	40.83010636439673	40.97711482681473	40.82543145040135	40.78390263089083	40.72505099476158	40.66025269895199	40.68824595960998	40.51538879973889	40.58798391813995	40.654364566379385	40.68837355055379	40.74931495570304	40.81310022414162	40.73812314906954	40.726241952463305
MCW_CT_ROA_162_R2_trim	35.72663100508008	36.79484289824635	36.481625129072356	36.853964662242	36.24645358658462	36.58617903969981	36.532954038894	36.67519074413904	41.44830623634727	41.16387062376838	40.72051443575941	41.11314603818798	40.917963338845595	41.05912297876028	40.978992196184926	39.690552830150416	40.07125179978135	39.748513439422034	40.048134991904895	39.81411592407956	39.95459184576448	39.970744140513375	39.97819487977068	39.84692845103785	39.886754442115695	39.9373380214357	39.95292109740458	39.9277013911117	39.98119193702028	39.91205277084561	39.949654631636285	39.962409674834944	39.97831887266408	39.914888852800836	39.9211277235206	39.92703203850616	39.94672932845511	39.92033034537203	39.96101342299948	39.97675185959999	39.95976400756459	39.9375342318173	39.92607908656299	39.940551020805344	39.94097743341978	39.846111011306085	39.742782003134415	39.908906645800585	39.858965026836216	39.8923807980238	39.884355461419275	39.889989581631525	39.8435807896092	39.84704485213523	39.829960536681085	39.783483321272286	39.748253130648074	39.82632749236621	39.845266391151654	39.86871540040663	39.865637425794496	39.91532483039888	39.75079193144199	39.73792720405332	39.71377933194688	39.760413536053775	39.75544220577242	39.77261481344128	39.76098659433954	39.761851412403594	39.72010612098883	39.805003509076904	39.74350229367326	39.725683649287404	39.66390751007884
MCW_CT_ROA_163_R1_trim	36.77535742600936	41.16308778129237	41.192408601862965	41.62589191753229	40.73046253690607	40.81856218236049	40.8091674002109	40.87649854769723	42.03275312635832	41.02551256993904	41.036079218301815	41.410874521751644	41.50362655694494	41.82043237438974	41.81543016884444	41.54260479518905	42.07957882913129	41.680902110772415	42.02050081699017	41.81696680068477	41.879750726766545	41.884552488043596	41.890019215992126	41.93315029784008	41.92441837224464	41.96111299400339	41.966766638286174	41.950817522190626	41.97877410588758	41.92330252331823	41.9623700318327	41.988292279299344	41.98553060541648	41.9636067797626	42.04263307076262	41.944286512738074	42.0357665984423	42.01158020060033	41.997571926311345	42.01106353722927	42.033038316474915	42.012277942551165	42.024240860513025	42.056431558999684	42.03585938989658	42.06367875847649	42.1309225500741	42.09077451179844	42.135812600918534	42.16199674228315	42.13964827363966	42.156298003851624	42.170863940838814	42.11495404681611	42.12708836346754	42.14874916934931	42.137720838168846	42.12865858186031	42.19889104829356	42.20143677179554	42.25752776155263	42.27147364390615	42.239729997559834	42.22792819997099	42.21715334826645	42.20282943096314	42.228108775327854	42.20026253214817	42.20455010120512	42.21152019823309	42.24706312077661	42.29376902879882	42.31182417365041	42.302931568647026	42.321887537879796
MCW_CT_ROA_163_R2_trim	35.48149640841391	36.719656871062085	36.33152221502817	36.73528843813189	36.019685921328204	36.392668938281346	36.345750672411555	36.523815651799325	41.13945169225876	40.88383746666155	40.28472795866226	40.83939281133179	40.6600895840948	40.80848667813308	40.82770111134692	39.224913024148485	39.65774554041941	39.285438833611316	39.60348182750436	39.40493338323665	39.447253657055235	39.532821339201455	39.49731703452296	39.539805857072054	39.565266686682406	39.552616162781035	39.48750664157905	39.48389376718334	39.48654499120583	39.49671765473122	39.528145195168406	39.585425964183564	39.662074832919295	39.632314091119184	39.584242138001635	39.57267349081274	39.606165121015174	39.5154810659442	39.551458579401285	39.585451285256966	39.54562625861097	39.59979713773008	39.64620007004206	39.637314027009445	39.618925754532796	39.61539632024537	39.57735557678099	39.59395071154118	39.5737221914752	39.587366029762634	39.582612459364306	39.573535833631645	39.53801340694006	39.55600202938139	39.522154577691815	39.493871438059564	39.516923550288496	39.491227228477186	39.47287592682211	39.48608904948906	39.508036826975115	39.50567745484527	39.54231288692384	39.5608269833143	39.48545456503342	39.462942738875476	39.45763660406822	39.4749374082256	39.4918764884455	39.49608115686968	39.480102208283306	39.46479735996836	39.494480415225496	39.49574888268684	39.48398094493032
MCW_CT_ROA_165_R1_trim	36.15645638407884	40.06977769047351	39.70886685191847	40.46522908909523	39.477629630283595	40.12306738148262	39.942834293802896	40.04661091455389	40.49502564317618	39.902405084766464	40.54872457012363	40.96424867119404	40.85067382406709	41.17819863790228	39.919157580006875	39.29592113752891	39.65235034324657	39.33317898087354	39.57087426469225	39.404513394837	39.47821044439602	39.462705814528036	39.450340749656604	39.471784784433936	39.446233995169216	39.445044948803364	39.45278206304632	39.47250681791126	39.46637801269644	39.49137567930084	39.50276920404886	39.43474810315537	39.445830296806314	39.42894435476529	39.41709126215709	39.40425142041036	39.44532097769545	39.40986182239317	39.462574326429426	39.459613433273574	39.455437622241575	39.47789861230883	39.485687979349976	39.46285927315475	39.500139904266156	39.5368610028934	39.4958389695533	39.563210602553134	39.57814284235251	39.54767346983713	39.60630782596515	39.67394258877948	39.540789569057196	39.51454583989041	39.49438025991298	39.4811096508753	39.41895766379923	39.41743128092749	39.53329403650342	39.635938410391475	39.62819044567373	39.76709442972868	39.68554483488656	39.59510732972947	39.49481589810529	39.386389403132526	39.445975911785155	39.40173954588608	39.49006432417267	39.58307648564117	39.58725329022358	39.6421460552563	39.611405034454485	39.448131417515874	39.59395732694705
MCW_CT_ROA_165_R2_trim	35.41981416641211	36.408869453722154	36.16012961442768	36.63597780333797	35.905624458057694	36.425483549011595	36.33329497832378	36.4485415650467	41.04473205805341	40.56004795661304	40.18357317536131	40.59458569049279	40.40686281145639	40.531361575366	40.53019944424294	38.859708348936564	39.30953490476573	38.88252247527786	39.2128311478261	39.0294413317234	39.127342898296575	39.108199417190356	39.11548028757323	39.06755565875335	39.09618620967202	39.08833344075019	39.10426287064682	39.067507865639094	39.119235486764275	39.047452492098024	39.09598195919801	39.07876168585805	39.091888129991844	39.04291510393334	39.08205293405871	39.052785370786424	39.063296430968485	39.03512847312515	39.0786906065477	39.09362423951384	39.09413398802488	39.10993892595897	39.10921282867731	39.12835441453515	39.10710604161232	38.9872029561612	39.07741147536487	39.0907244845257	39.04496171384114	39.0919481439072	39.10210562617143	39.06878098861352	39.03125950223228	39.040041997571706	39.027509054884725	38.96587605724331	38.969743331179984	39.01642148996099	39.026856906313384	39.06597335400877	39.03967558686056	39.10610472874227	38.85154781237979	38.92706255743317	39.00822499328155	38.947153560443056	38.96305959976803	38.980199609965005	39.01874701810747	39.06733382110853	39.075757743942475	39.07483297085639	39.05916331405295	39.01905754043547	38.95420730553981
MCW_CT_ROA_166_R1_trim	36.41333990645722	40.52348921164495	40.32333825577798	40.90927114051268	40.14735609575971	40.59522900275702	40.46274972585845	40.59218713765935	41.557110610438386	40.619381090482904	41.64106497442908	42.01688998993424	42.05111174809063	42.10519858105743	40.98023572416794	40.35682898938217	40.85965114459877	40.283646549314916	40.73339282967418	40.449574628676906	40.604226800271086	40.59910785212343	40.63286699125274	40.64103779235305	40.60124206551291	40.63463773539359	40.68409435584997	40.673477313611635	40.62827627843355	40.6417531883549	40.78441097119849	40.78041218010789	40.78770691561027	40.74817381829356	40.73570077553676	40.71679508420378	40.79349866905878	40.66806040758571	40.74864992320646	40.73916465044431	40.724194360664285	40.761350301537036	40.74208244559846	40.69444733978654	40.813512396600196	40.76258412729585	40.74898895621493	40.78387590017541	40.83771610025022	40.81711541764933	40.85770252635297	40.98935431690795	40.83319688460172	40.771545426500026	40.77813481821215	40.6866826894505	40.6972662677508	40.69629730389382	40.81877334714697	40.82423084356977	40.84769200274157	41.012243538397215	40.84299613167834	40.80341569779344	40.7353506026781	40.64800504944413	40.667751077486656	40.50661141987946	40.56386512197156	40.63838764217474	40.671085230363175	40.733565564685144	40.78628692897103	40.73075338133486	40.7149587423716
MCW_CT_ROA_166_R2_trim	35.240145263209776	36.464629452634995	36.03499628872385	36.593858118251184	35.78859674169245	36.312511570909614	36.223743238877006	36.37132639605434	40.804931692580304	40.3889421949403	39.86761085740228	40.3745372514303	40.15057648828717	40.30645451749564	40.25554285748915	38.5569384383937	39.02816270934726	38.5638697127228	38.91517712044069	38.62645354489161	38.81244191169386	38.87905110139295	38.88508301890642	38.75495354511176	38.76461811136633	38.818514485134486	38.844828355926566	38.786394220450134	38.84263808492846	38.73580983976638	38.787926260204735	38.82108140226508	38.86774953085541	38.803269171849756	38.80886547726126	38.82052848951198	38.84072235068131	38.7678858938731	38.800998364348196	38.83267336899706	38.80269206819183	38.79360777316173	38.79947784132507	38.83982507636699	38.8649102299388	38.735572821610084	38.63156027568	38.803680095459676	38.723971155971576	38.75486521157406	38.73822228356936	38.76500047822963	38.717929369900205	38.72854516345772	38.70552914408608	38.64753638278571	38.60885715065116	38.70304237117234	38.71089507188007	38.71342475995147	38.71026923388512	38.81011503523307	38.60827270546698	38.610541944317255	38.60229119379071	38.6702544463073	38.68711541003044	38.71039004428479	38.685673438851225	38.691814651669496	38.622557415814306	38.725722956669024	38.69171339277135	38.664666462159865	38.61650534101548
MCW_CT_ROA_167_R1_trim	36.53548936913845	40.90242999312487	41.11467662302859	41.32707493952557	40.75872210358931	40.58215013247591	40.65518369247981	40.68959416190907	41.5125505373257	40.88186364218825	40.67664551940969	40.94926695508599	41.003672417044896	41.288192247529814	41.359266479733286	41.00750604089573	41.43923168037055	41.104071249127074	41.43821899330113	41.25983114893697	41.19921372843839	41.27848725041123	41.21650213745751	41.31243890738538	41.310400029647354	41.31411753863348	41.28067826371231	41.32310571708861	41.32110378214897	41.30933860132083	41.29607358713978	41.286870981750035	41.30842166440055	41.36670206666958	41.30405972559621	41.302535176982	41.341160768165565	41.3369902481289	41.320845073780234	41.369611889970436	41.35734679335555	41.35741263739502	41.434240221206146	41.419021801780694	41.4388094854257	41.480822784823644	41.493134454985466	41.45905489082238	41.5313989134892	41.572284527595684	41.55072947844213	41.58797485410205	41.5180100710697	41.503680189728755	41.50582212221696	41.45161898913166	41.5053079340017	41.49876486836123	41.60020601853226	41.61833928231558	41.70472043924985	41.723608893868274	41.74277358103792	41.62764851431897	41.645696665476535	41.61021701472441	41.62902252920685	41.58776361289971	41.649051985980556	41.71486910122763	41.74393398562159	41.81590443976781	41.8392896015283	41.835619694869976	41.72912646889964
MCW_CT_ROA_167_R2_trim	35.75871615379762	37.027878702416174	36.70030510956863	36.975913603767225	36.462097205247	36.73200414381491	36.71064152017956	36.8175176808512	41.53512642106183	41.445742893119444	40.844089860970314	41.35540248348885	41.140441803683395	41.27479973731949	41.30520329072348	39.92919617833612	40.24212930858022	40.00631882738479	40.193323074192506	40.07898745963624	40.08376783728693	40.13433404654955	40.13602376046054	40.18255187998097	40.1568079690474	40.13282834710635	40.082201784827646	40.10724367041661	40.08217946963322	40.086141413960064	40.131149673964025	40.14773314730231	40.22985055518962	40.17349548512505	40.16886907263598	40.17401947885923	40.14701743981577	40.11145354206634	40.08237649760987	40.09735467039885	40.095112268250666	40.11859134550696	40.165731074134825	40.188765206330665	40.18103027132791	40.03931042939102	40.16770151460613	40.10837416996608	40.106328767863936	40.1387098227533	40.138098216179266	40.18704126059366	40.117126836841344	40.17679721955363	40.175177060956955	40.17914586633506	40.19414096457521	40.18051093108771	40.198273739592565	40.18589338437925	40.22592579118452	40.27929785380119	40.25591853599851	40.23771857245298	40.213641417862206	40.16505793676962	40.18461336611217	40.09354838618626	40.08692974737256	40.08770310533552	40.08389287176053	40.0977675160733	40.07585942940373	40.0596827388135	40.06350220567073
MCW_CT_ROA_169_R1_trim	36.59858814190968	41.62490969776073	41.30702607645527	41.63440848210855	41.09263237038419	41.328962743280215	41.303735056135054	41.4074088725583	42.176394977243014	41.74581138503351	42.19053410958733	42.6298968566761	42.596755844052254	42.672258636230445	41.8661558817976	41.42632404618372	41.86638522775793	41.43041283004282	41.78322077041655	41.58722848364717	41.61498668940878	41.66052746626178	41.66492398782433	41.72428527696599	41.68031815559199	41.751142368714866	41.733754338128136	41.81728044237125	41.70658762865078	41.7526258199846	41.8576609692183	41.894429698301636	41.90551271225054	41.85262276937243	41.858707093259156	41.86311812839545	41.939914002368255	41.850773845515754	41.880202531439565	41.900827975131804	41.87528584937539	41.8979467842041	41.910294348974105	41.90314335519211	42.015524091495685	41.961599759307866	41.97085155331347	41.99411918285782	42.055906213890566	42.03474373205367	42.030063102912344	42.130502911467744	41.99120603229222	41.971611349304986	41.9547540941178	41.921416218088744	41.916382710749886	41.931114087538774	42.0250429863104	42.010413335728586	42.07633861592556	42.217352052688035	42.07989846680252	42.03394955039935	41.969586040267586	41.905249250548565	41.97380186313026	41.752386677283944	41.84641487977198	41.888374895251054	41.8915825699747	41.98030989528761	42.0443593867613	41.96283092986654	41.93702025009555
MCW_CT_ROA_169_R2_trim	35.58549963074269	36.90554503838482	36.35714186903333	36.75512129945903	36.139824789748424	36.498440895309955	36.45911125086672	36.56938721704849	41.078041720666015	41.059728763610984	40.32023872672393	41.04244871087844	40.67153090162034	40.79541186806502	40.82638335636231	39.41106312958894	39.802425646617976	39.496796437379494	39.795692679922944	39.6177892991061	39.62696732326895	39.712716639038234	39.6619673883612	39.621892801180614	39.73066393678956	39.75143759293387	39.60958033256909	39.68050318240941	39.609592113409384	39.64111189379046	39.69231198199046	39.73342393752925	39.79231611664138	39.66720694228775	39.77567766627787	39.72609141678239	39.699321589048594	39.636662603626625	39.629374565841935	39.68767976708056	39.651232188609974	39.68819754685166	39.71279671711065	39.74507006776485	39.759584436192696	39.716687467905736	39.61953223922734	39.66080528467253	39.62915195809877	39.63733961358841	39.62673419026329	39.66749159371782	39.57661065265335	39.650850157806	39.61858634739404	39.627346951268215	39.523346061822515	39.60338347109346	39.55208193477346	39.5379246384273	39.59429561786541	39.65323605183142	39.559228742351344	39.601084460408835	39.57864939389325	39.58931502193866	39.60693764610864	39.45561783187991	39.403267146670636	39.37945148000051	39.38552448772283	39.44529156850269	39.39456643235644	39.37776869521379	39.34360974279161
MCW_CT_ROA_171_R1_trim	36.66035186195094	41.32341011729735	41.225784152442095	41.540349108470124	40.63183544600717	40.84352952465071	40.80711000545019	40.94327582614039	41.700146155745074	41.15851115787683	40.77595807139194	41.21622965339445	41.184451439221206	41.460862833009514	41.552180552510876	41.082725125983394	41.606783013679845	41.18062785824601	41.6506761710843	41.445658044598375	41.424003368205504	41.501166173725494	41.43327672620294	41.495225529672524	41.46069797451604	41.43997693591796	41.44741059575672	41.46925328329508	41.53605290809074	41.53603365572063	41.543744424408786	41.539949612926954	41.543661658277905	41.585685822630296	41.50631477118672	41.47280729052922	41.51852282060559	41.54310032084799	41.56475382595529	41.617852603099486	41.62049460123593	41.639638060746485	41.714807752142264	41.68299253691189	41.66987214645947	41.68614705377209	41.69858991884056	41.68750156523772	41.77457306238481	41.8304951423601	41.8378948771205	41.87740299393308	41.818180392110655	41.81220904281567	41.786967515235006	41.72496386800985	41.76524829468438	41.74778993433053	41.864144660912224	41.90668172958903	41.993619772194066	42.02513448646661	42.042958990940384	41.90809051639795	41.91098561393691	41.840912393443524	41.849003051257725	41.80242742040731	41.87030380968923	41.952665256781444	41.985624324253195	42.07421367558342	42.085993639918804	42.08612893735976	41.99349516706343
MCW_CT_ROA_171_R2_trim	35.97676241792908	37.16455238710244	36.87901729674207	37.14189895035683	36.62397898653587	36.93168783504678	36.88807269683643	37.00367804778731	41.97499377866259	41.86679542375213	41.336299885261546	41.79741988326275	41.59911574232107	41.72736559960401	41.7624799430288	40.59459464667669	40.92525783437333	40.678994660243916	40.932096028693465	40.80672703399167	40.8336776427718	40.80956659418904	40.8097973459455	40.84140943372981	40.81573693338496	40.79712714395825	40.803269604118206	40.820642873766204	40.845054818268025	40.83589942852432	40.87128101090384	40.869720712787334	40.92939842062048	40.87373664841397	40.85302248390386	40.863562801279826	40.86127967980455	40.867593986897134	40.86466597756024	40.86682850255992	40.86729482084368	40.88998142681009	40.91141275357457	40.91750899048998	40.887894710234825	40.684530448908006	40.841799002061656	40.82576660400557	40.82611573544822	40.85012033291077	40.86566629890809	40.85829141516188	40.7918893442475	40.79882084576976	40.75935214791166	40.74076824357495	40.74774836235529	40.737862090068255	40.76610879784416	40.77927755983103	40.77811164930336	40.82080044773248	40.77505206713628	40.72447010883033	40.6973161098072	40.650059701014065	40.65660757969163	40.60541683457918	40.64379055733941	40.64529705495838	40.63914494439624	40.65561937578821	40.61742250131068	40.626119855877185	40.638702149359645
MCW_CT_ROA_172_R1_trim	36.49505921267787	40.50689317013371	40.66835851478503	41.06807940973705	40.16968076303391	40.217312689419515	40.34721218771791	40.301790272593344	41.25985193245088	40.4070233766159	40.10607451116292	40.55237971953699	40.534104949036795	40.866315243575144	40.963095088484444	40.419849170746545	40.935484134852786	40.53403296159383	40.95184894558183	40.724370442885665	40.63254694655785	40.73015291975803	40.6147292547158	40.774746495607815	40.72837205054211	40.73901726299165	40.68854587979603	40.75733524066537	40.738260941411895	40.77875428462499	40.739648288557035	40.73229750547049	40.74400329988388	40.77890306606036	40.71595509699521	40.69410214651514	40.750346326120386	40.742430340361715	40.69965306155254	40.79681327399437	40.768312197559816	40.73887926454287	40.82327494059524	40.78614934346563	40.792983959120726	40.832706410940084	40.815544757194296	40.76169218233896	40.85883276697628	40.923691067251085	40.89646069990883	40.930420512047355	40.823475536175565	40.807537225832924	40.774781379466255	40.72337667169689	40.7773828543994	40.7598695565	40.88273523758006	40.88239269126729	41.004347485978194	41.02670168201685	41.030326738136324	40.87161971133615	40.88411934364912	40.83369489163117	40.88344959481525	40.76453173586946	40.83306087063939	40.902037081543874	40.93485050670444	41.03207414392718	41.07959360877085	41.023259801186555	40.91938582175603
MCW_CT_ROA_172_R2_trim	35.80463897517273	37.052791643533766	36.76135423828277	37.076738509301585	36.51325102569911	36.83720364731805	36.88857975077215	36.91913209830497	41.74128283306723	41.58692107385859	40.89316255105467	41.563624219656326	41.29400902760348	41.41526323515703	41.51847066113477	40.04792899668926	40.462948822826114	40.18168737651245	40.41010820115181	40.268958947466075	40.18184740587653	40.24383250235235	40.210109407636374	40.33101155927765	40.298816598101375	40.287766455415934	40.24854000943211	40.341897486025154	40.28134569112304	40.30672417878211	40.32484717577376	40.309570146018885	40.37493060625829	40.27495973096702	40.33733789892793	40.33666947106783	40.33192930280613	40.3544391869947	40.2783204968262	40.33931551002186	40.30497913007902	40.31255066409427	40.34735817161652	40.36510468109087	40.34776350781774	40.20417323325701	40.33869756988929	40.28247920598844	40.304140836280126	40.327093699009524	40.347623005754095	40.35283445944386	40.24515364821764	40.30939211778863	40.25588857350137	40.297738142779004	40.30473203139365	40.335533489609396	40.36392188893623	40.38425810444546	40.38343285832559	40.426399096135135	40.35696024536353	40.30395189779675	40.298400003425655	40.278257127138005	40.3659030932973	40.24222237277241	40.25932754132387	40.277526204388145	40.298521403713	40.30699744152918	40.29621304931223	40.24151125543229	40.25286782932228
MCW_CT_ROA_173_R1_trim	36.56750575081041	40.91579399199211	40.95779687847958	41.30743956056128	40.41725595096672	40.538809458771574	40.49920938220583	40.60783905214451	41.38187128490916	40.72068477419052	40.49034202907052	40.85397403174002	40.86466859740024	41.16402019540509	41.207955483239914	40.735399976552884	41.23738876754956	40.81614040254948	41.23898211404131	41.038675837517445	41.036428798523346	41.12555345956886	41.058513367524036	41.12375057516658	41.095135570934254	41.077051336772925	41.07941731302713	41.06609703352953	41.128791359595056	41.11464975258609	41.13094576187132	41.13353185127449	41.1378531467729	41.2011989469971	41.11246568398179	41.09165107161563	41.13468620317959	41.12752872929344	41.13583523846934	41.17447375754899	41.17229306294138	41.1833183693264	41.26747618440043	41.23463490312212	41.237345861987194	41.24087269049951	41.24726843226623	41.218924029482565	41.27877958159224	41.33339397293789	41.32696825029815	41.37854653438359	41.31559953167652	41.30820856413569	41.28846091431956	41.21696477649816	41.2694570594553	41.22762242921368	41.332583038649545	41.37101172573574	41.453252027411935	41.48705521285176	41.502354884763534	41.384093004495924	41.396102912485595	41.34707899796594	41.337253090740305	41.29284566989828	41.35174514076735	41.421284989667484	41.44719696301702	41.52629805601459	41.5423394688224	41.55839385734255	41.46719826785662
MCW_CT_ROA_173_R2_trim	35.64531818784907	36.90012718835577	36.598900888469935	36.93714354533424	36.31969093833134	36.678018485292995	36.647399751988125	36.76953407905915	41.506756095329386	41.34617404241664	40.79697778827498	41.29601954580633	41.067309805835194	41.21451731603167	41.227328473192955	39.85109889042733	40.22025347537639	39.937722624785714	40.180372403627146	40.07147983487787	40.1079711570427	40.124403561238225	40.11136518841879	40.12752586915437	40.10272569474643	40.08861533790994	40.10442566993084	40.10258577793663	40.12963910038608	40.128794306698815	40.16931689209929	40.17404448440026	40.21842848536839	40.17671810560106	40.16328385983881	40.17082729529102	40.174800209431744	40.181760564333324	40.185133507897454	40.179907622350946	40.1711473431156	40.199913443772374	40.23755490256997	40.251448429410964	40.22664912773072	40.03488406547201	40.200685000690896	40.17594683177887	40.16842413588719	40.17722080134185	40.20662297459261	40.22105323691338	40.15139331915739	40.16244916454016	40.13470928703816	40.102622209898726	40.12724422634543	40.11277095220989	40.14628322380777	40.16595148007128	40.15508548848812	40.20647009153311	40.14637180672487	40.118094936415126	40.10202860213097	40.06883493998155	40.08559500091432	40.04176595394999	40.08423360124859	40.09404170257685	40.09996953419627	40.10605632738264	40.04367580214604	40.061525815560366	40.089037277935596
MCW_CT_ROA_174_R1_trim	36.43145705089505	40.43339414909457	40.48881772138294	41.04112681372056	40.0884652063435	40.316118163126355	40.2579929096165	40.32419429757796	41.159550477702574	40.30080211580079	40.147354238075124	40.53255267775717	40.56505855628327	40.91257473836252	40.98957919314833	40.470081149843	41.04824810870585	40.527107475364176	40.99742175385651	40.7495580691074	40.758272450868816	40.84549584733576	40.77606891147802	40.857919712650876	40.84555908065776	40.8428858497376	40.87528193733449	40.83478352482199	40.912900965776565	40.86153615012948	40.87344404118487	40.87365623638317	40.862604995639934	40.96315509484139	40.86609497275343	40.85150396904895	40.927386818071014	40.91093750111081	40.92831901158512	40.943846304551265	40.92331857912659	40.91959984127151	40.99992648381218	40.97318350266395	40.97845475855365	40.9854049065815	41.01530499637664	40.997830398495374	41.05254001157058	41.10678187966214	41.077323516960824	41.122872193253556	41.04426169159246	41.0245491298619	40.994272662361574	40.92368993714739	40.996696116609606	40.96470443992931	41.08660043573812	41.129976406175935	41.19997914137193	41.20922344449218	41.20204094985183	41.08636129929745	41.08309249133682	41.04521604252109	41.03294081714685	41.00868992849895	41.08579885897196	41.16407029023928	41.18417630185101	41.24225198910161	41.236731509075234	41.26483703784756	41.17445763199973
MCW_CT_ROA_174_R2_trim	35.96857927180089	37.07381408822205	36.9525954531661	37.240665827057995	36.719097869391014	37.06937501651638	37.01667547244837	37.112822016263294	42.08164848490008	41.84860946612282	41.482515060289046	41.83187368334428	41.65628174695513	41.76633992724094	41.78442252899127	40.554402673839	40.88848516450335	40.591964222055665	40.81688677021622	40.7139611753766	40.77075433900872	40.77326299076745	40.76698922194771	40.758093482754205	40.73962381542225	40.72643631721339	40.75909594936278	40.73219304496936	40.785541363032095	40.77194040207685	40.79312919519938	40.8043592194701	40.815171194601895	40.80018826434686	40.76830439490843	40.76607010254495	40.79259309140542	40.800886763002225	40.82176435486246	40.78721694006001	40.77050926631396	40.80327965810048	40.810580460923404	40.845285292271065	40.829878987158985	40.65497444584296	40.82117005186807	40.81494793689046	40.80469426551238	40.79499836836226	40.83833918154345	40.85136032229324	40.805085869821035	40.80764962649267	40.78735428601904	40.757899650811105	40.79693753025829	40.77322905078752	40.79857459815042	40.838075978319736	40.81359803879134	40.850747339787276	40.76763617636542	40.7587044435537	40.76389141831205	40.7266529688785	40.757819640655384	40.74174016521755	40.78332454767466	40.79427374839813	40.79766250368827	40.78976834671461	40.7396906691837	40.74602202597601	40.769219136816716
MCW_CT_ROA_175_R1_trim	36.64638416410714	41.02314254725878	41.21663579814299	41.40511977486164	40.64820769776154	40.53104021708216	40.51933830223573	40.620008246726826	41.449728307093956	40.75544339145061	40.6779308580418	40.900660827722106	40.99516082500041	41.262186392610054	41.23224501793597	40.82087567838266	41.26546331426332	40.91805790679825	41.28087083376427	41.053902263108476	41.0868797800822	41.13869642320041	41.09724861042305	41.152215602929545	41.111745074233575	41.1047803775845	41.075734166066574	41.05955360328098	41.10714957103119	41.108014269895214	41.13726620355827	41.12243680030004	41.12089526395638	41.200933617838174	41.1107578394193	41.12375320098198	41.17112101120969	41.16766222042235	41.20232607776868	41.20801663047205	41.23379552252096	41.234787194224765	41.32862755650376	41.32398783192461	41.367675178992386	41.378634997688394	41.42743552305588	41.431021379715794	41.47083397448961	41.524115075596875	41.51847867661121	41.5498759779102	41.50142614741145	41.44181043006415	41.426556288723845	41.332256193810686	41.37553962494223	41.32506553603547	41.45056239510471	41.4720995569898	41.54429421269627	41.55752258937125	41.541387523599376	41.396455750781506	41.38010240431656	41.2810116232133	41.276863910883705	41.19853672643146	41.21123294998663	41.318562757714716	41.32591638510886	41.358385305480134	41.30371135020542	41.245966149604065	41.06586486168171
MCW_CT_ROA_175_R2_trim	36.25955415962996	37.38767917238789	37.21484220310082	37.37396320544556	36.99935631983691	37.163195375300916	37.12238768597662	37.212712479094	42.34944620371593	42.248323435433214	41.96190578578077	42.21328840720923	42.07160781453277	42.16769864296251	42.131559967121916	41.17008965265719	41.417018219031185	41.2596048642146	41.45028884035192	41.351326157070346	41.414277199104	41.38553603606056	41.412170282147706	41.379455086413635	41.37140691076331	41.36910026637701	41.363993014008734	41.358144816712006	41.398741574625525	41.39816581321296	41.43519865383328	41.429966218435865	41.44725349325535	41.43930425078793	41.40339468126852	41.41272710309266	41.43372215737156	41.41924066652605	41.4517791539389	41.40658026520515	41.419064635308786	41.38932389734575	41.36089136668749	41.31736018937891	41.26407055997488	41.113301717177364	41.15567634931257	41.12288805054129	41.09051198741976	41.106802072118	41.14897191427584	41.16685609332521	41.10774217969	41.17001134936288	41.186043775343585	41.15431325807818	41.19513549533541	41.13729030597035	41.18754694124773	41.21332713073388	41.210850783687754	41.276359679301166	41.21270027462838	41.10644975945253	40.999759323841566	40.84944899689178	40.84366703964545	40.699791617632705	40.67322084677491	40.66663649420085	40.628784042487496	40.53217625208146	40.431237632977805	40.44828085464311	40.42315727060251
MCW_CT_ROA_177_R1_trim	36.54824019285558	40.654592660824434	40.91810504952985	41.17004463152547	40.39867233312411	40.33770463668478	40.30896647540814	40.39438362664965	41.23202652607788	40.49991316607779	40.37505416771171	40.59649829911681	40.69568679398737	40.97524916660376	41.02013485705225	40.52052636864292	40.94454274481874	40.55552195181438	40.97706441945581	40.78018008716534	40.755372209455466	40.80987149504263	40.75768755099717	40.82902742142344	40.80729316834075	40.785175693393256	40.739752708088496	40.758020876611155	40.79540856539102	40.791017270049906	40.79969221982114	40.79813050473697	40.804852578392136	40.86188750551267	40.769097365295345	40.74158732136157	40.781351166068184	40.76772093309409	40.75424730446334	40.81137969147965	40.81776695711174	40.82744782474465	40.91571929322322	40.87135163666139	40.864477436296305	40.870517216771745	40.86639139601894	40.83089433267592	40.90767286665749	40.938380456499104	40.92845610379524	40.96635998454917	40.89874790772275	40.87605606355296	40.83882632757978	40.76300191605906	40.78728421889982	40.7625961082124	40.874018188320925	40.88627108535873	40.97545675883048	41.00195553555455	41.019231081956484	40.895354462920864	40.90635785506791	40.84341719668484	40.83924369434163	40.772068843972654	40.82020056457204	40.90196787152315	40.92948564735695	41.00031842919738	41.03748979763837	41.02370330201652	40.92762727446127
MCW_CT_ROA_177_R2_trim	35.545915309128986	36.76023954636423	36.51590719467079	36.81470290357186	36.24172618901516	36.57173051755905	36.52354381121471	36.655000929214864	41.327078532428104	41.13510997908291	40.614111997740274	41.03407698170546	40.87622391755891	41.005168834267984	41.006420260106495	39.548833628981264	39.818340884760296	39.5715569614372	39.81327831667171	39.69837779280588	39.71431688308855	39.70230653462461	39.728830122988384	39.75995552863273	39.753956385904424	39.746210932032255	39.71016441355024	39.74303512787575	39.74693864070591	39.74650227243134	39.777946915439806	39.774861637430455	39.82830050493808	39.77096919594577	39.77880613563433	39.75643523194314	39.77583153987938	39.76826053879822	39.74838775626843	39.750486639023265	39.746371704358204	39.76589559442757	39.7857458095705	39.79380348265239	39.757890478167944	39.59621060480827	39.72056888549647	39.69460606593384	39.72000712081448	39.69433071245174	39.74238818571625	39.75773390216849	39.690526439155455	39.74086118371762	39.72819157480273	39.73386716561767	39.739855494985925	39.750905631440794	39.78003980116411	39.790206053905884	39.783057164302065	39.827044746491886	39.77325986048659	39.7339815970423	39.71599949612154	39.665334964964785	39.699398342677654	39.623421108186186	39.639622348735955	39.66966180747918	39.67545986704292	39.666973863336494	39.63660416688308	39.60714859020571	39.6326950391446
MCW_CT_ROA_178_R1_trim	36.294346944811984	40.42658814291948	40.385508570618995	40.67025501906203	40.2032247929237	40.276985086049066	40.252412791053416	40.3496117198493	41.22436426207441	40.494990598044	41.40447873723571	41.76729865482184	41.79422418229923	41.869204797259435	40.6429423576736	40.09956982676566	40.48045738459426	40.06168160921679	40.40828166705867	40.18863534474405	40.20724990476073	40.23352034135032	40.23165568222	40.29060914147502	40.243344120600895	40.27517610422959	40.264085140493194	40.33823039311053	40.23948365136514	40.27398601220383	40.35918325359981	40.38240249742392	40.36755832938552	40.32261021499933	40.30996885388237	40.29045336878297	40.41280056107135	40.27266759888963	40.320264844388355	40.343466424865206	40.30403337079966	40.32822074383397	40.34385913767935	40.33730947468175	40.4687503911322	40.414098770970504	40.425695782000346	40.43523378836671	40.501358931084475	40.48769315156374	40.514050621672446	40.6468150894258	40.47669351712158	40.451926565048375	40.465179235598235	40.41859175859457	40.41180624281104	40.43896000758713	40.5548117393768	40.52209486402797	40.596118283185284	40.78020951590194	40.63282944054734	40.602155565370055	40.54121171133943	40.471273354067286	40.5526517332882	40.286078014140905	40.36537575631925	40.43167516645398	40.43785396418249	40.549540388833414	40.63889653510079	40.53674111265595	40.47623532963331
MCW_CT_ROA_178_R2_trim	35.7923294142789	37.07917606982609	36.693404291771024	37.021819333384535	36.532146494616974	36.77649003937568	36.75128005635193	36.85701175590382	41.50153246633857	41.490094072262515	40.96100573728591	41.443868763262245	41.16035169148953	41.245076372427825	41.20938793487779	39.94406833184294	40.2197601606676	40.02019678933143	40.24052728039178	40.067723049910136	40.08087511266289	40.1462114666655	40.112002619471866	40.04623736964704	40.125041924769526	40.16586833842325	40.08483134814716	40.15198070248066	40.12840179225378	40.09443023729958	40.13322087166424	40.14441147004406	40.16672615463556	40.075772799404064	40.12350867848128	40.112018316602104	40.15367497004341	40.09480763986911	40.106631634964764	40.14922571572101	40.0886555068704	40.09487558047867	40.10639852351268	40.13785188658219	40.16936164098581	40.1125312316347	40.02236570598882	40.09450892430125	40.084786569755295	40.092790344535054	40.05298795024832	40.08977655300641	39.98244372670741	40.04670892698875	40.02727577823344	40.02755803201383	39.94177909692146	40.04599764911062	40.02120266105561	40.02623848987108	40.059202647329215	40.10966493945377	39.97924638128463	40.01540646013985	39.973136794571815	39.99938031329313	40.01278538714452	39.90133564198479	39.87806952100348	39.86648245824884	39.84974636364372	39.909805658875776	39.84700012873009	39.82178203643982	39.74254055910939
MCW_CT_ROA_180_R1_trim	36.7026148894974	41.53374576677955	41.460290548096204	41.719461264582726	40.92201917151006	41.041470556415405	41.03931781683768	41.145497251293314	41.851682833978984	41.40049947814321	40.96386073068406	41.46031664785964	41.42256086563473	41.704149186015556	41.79319903742021	41.450042624021776	41.9091040311492	41.5327987529459	41.91927837534993	41.7372055249489	41.69273535074583	41.796989054507485	41.737618726403376	41.832053915029704	41.815763569180675	41.80544463370346	41.79148661412	41.81248732865238	41.84009676348811	41.8457351505675	41.84447297591431	41.85366782399103	41.87180158606731	41.91960622653151	41.871846919420285	41.84688613505068	41.88390291585507	41.89938440729223	41.874972373823034	41.93947856373345	41.92882210538682	41.937241497380015	42.019724274321966	41.97791748710399	41.983259536276336	42.00123657348982	42.01550273885663	41.97995678778785	42.05199438066648	42.083708762524026	42.0780212560827	42.11240365188845	42.040643214175844	42.027677109138715	42.00175054967766	41.94509250774594	41.982512958089714	41.97032332297142	42.064556283696994	42.075231642849204	42.14281727536711	42.17504460992859	42.18737722341786	42.05702035820866	42.06531692218152	42.015750030050185	42.02063438190532	41.94955210861023	42.00714716745656	42.069680890433766	42.09989437010375	42.177526510372424	42.175435014453974	42.179829034729956	42.0854861951154
MCW_CT_ROA_180_R2_trim	35.93555999680009	37.091144368365285	36.836369950559245	37.08402026446254	36.61687160091268	36.878950051056655	36.8592771530286	36.95503592562954	41.898881539240044	41.829541961522025	41.29850963462821	41.759781377708855	41.56441937518618	41.68647582271317	41.70849761197429	40.604328838579214	40.8801525959373	40.694814247479506	40.899526633645166	40.789676757921264	40.7847642467576	40.796110077514335	40.78766506087118	40.83893319658	40.805291835132586	40.79420060863369	40.78531003908034	40.825607948421705	40.831090495628445	40.83381804645889	40.8622568742671	40.868113575310794	40.92492683618137	40.863946094906254	40.876397433406034	40.86393524020874	40.87215509761562	40.877790091280104	40.84862102422269	40.88012207348986	40.86043614431766	40.88093931160851	40.91778118938215	40.92081125645295	40.91207684124488	40.74997228770454	40.894862144112075	40.871929413550944	40.88860201635932	40.89726729367642	40.92542113766369	40.94736726618552	40.8677444997881	40.89833890021844	40.86813690184371	40.869409737247864	40.87314236237455	40.8928218206071	40.91559326892034	40.91921585339658	40.91439804854261	40.960937185051876	40.90696194980968	40.8818284135765	40.86320023963255	40.82120035777508	40.845224474745294	40.756034419081914	40.78960054331861	40.80179509899864	40.813302396397695	40.8203955834776	40.77211558583039	40.772789633911785	40.77502585021034
MCW_CT_ROA_181_R1_trim	36.789188646651624	41.44400938158218	41.533819667059824	41.76062951937182	41.14684946397824	41.183136087586924	41.18387395375561	41.247203364528254	42.05482119811536	41.54440616499057	41.336670385914665	41.639006117309215	41.64619187746986	41.891062126415825	41.926996304271434	41.66546554332787	42.0728024942817	41.72630271389324	42.08249075721082	41.912008570634285	41.886040148072794	41.96458031390616	41.907304764473174	41.98055773915555	41.96469457607686	41.94893909246861	41.93179095463761	41.938328910321346	41.974877853255656	41.97163589457767	41.97239136254416	41.97552425453777	41.97922076259754	42.03445766448276	41.96292922317741	41.944348410529315	41.9809851162905	41.982806515194696	41.968850294283605	42.01101125566782	42.001003023139575	42.00270529795138	42.07267183408343	42.041308263156495	42.04136271645033	42.049705900386144	42.048893984754315	42.01385613635655	42.075456160108246	42.114264302330625	42.100292516752475	42.1353900836456	42.07389126821983	42.05412221978185	42.02702468036888	41.96658732781411	42.00379900975524	41.97688031282102	42.0682913583059	42.07730452402349	42.15339414863039	42.17434567751197	42.182160984207535	42.05926952189785	42.07593315625102	42.026227210270434	42.0284441909763	41.96090065559479	42.017794859746445	42.07101358352694	42.09292201162438	42.164293740994175	42.17478470121089	42.182219583883565	42.10085442672744
MCW_CT_ROA_181_R2_trim	35.532260959334735	36.90027177563574	36.50837588445322	36.8514894164095	36.2112232550433	36.585786641793305	36.56482751114291	36.674028614639965	41.2946334237661	41.16768062087135	40.45247597579821	41.11637024242697	40.85422305879859	41.036577381071595	41.072966903658745	39.595040721355225	39.98015029877117	39.662350257190546	39.91785846364125	39.78771946933276	39.79905408925876	39.85851047620632	39.84723305997295	39.910339448197846	39.879406799173275	39.854940827891866	39.8297029809747	39.83574887935212	39.8333695153439	39.840650098442566	39.884259060902075	39.91677513283975	39.97595808893217	39.92831791109846	39.94350216334574	39.93236030508697	39.932559159533504	39.905459953096845	39.865122783832675	39.888417350338585	39.8717155419042	39.92408007624522	39.978812533327044	39.995495176842475	39.98908450987038	39.79352769220889	39.956563443075126	39.90912531448215	39.89425366141686	39.90851747449502	39.927819986843495	39.961641275446794	39.88811122095301	39.937475306680945	39.90343387822879	39.900254165038575	39.911868478828914	39.89966307671506	39.913185876445255	39.90615278129233	39.915374886911806	39.99610765937919	39.944402717672794	39.93321705961859	39.9119729732638	39.867174896054784	39.88805518700125	39.783930524627266	39.805433413383085	39.81219005694914	39.819640191059236	39.82917890336427	39.78255843910535	39.80691863849153	39.82759711088468
MCW_CT_ROA_183_R1_trim	36.431361230900734	40.4420765675838	40.70527181134587	40.96961906324843	40.214132843927985	40.1058948115687	40.151445365491504	40.188689984654	41.03086731797697	40.228214544025214	39.99593909931495	40.313525973073524	40.390846652904536	40.728240777620805	40.7709654618294	40.29846872142547	40.73584500760663	40.37512766525493	40.74526310788678	40.53217467706102	40.46143830495487	40.54091330102607	40.46861207647605	40.57577251684803	40.5723096946326	40.56802555132113	40.52564026253684	40.55792833009338	40.56917954816984	40.55388511733966	40.53373976737203	40.52934629654361	40.536755481007475	40.598036180774905	40.515324686767215	40.510919292446616	40.56254491021772	40.55232586003579	40.523429138182514	40.58027907824497	40.55211334791391	40.54415586091076	40.6237873099593	40.58892570283145	40.59261197525858	40.619310115075606	40.63117314709245	40.58496578925032	40.66464722054823	40.70711103391727	40.67801472208215	40.715263638137344	40.62430434771665	40.5987881061557	40.56760309959913	40.503518306467434	40.55188326523204	40.532766200166115	40.649390737789666	40.65304401424952	40.750835261466655	40.76837046734083	40.78390558635671	40.652631052309204	40.65972066242235	40.62274381405814	40.62436709098672	40.54935582925453	40.614833401375165	40.686358432710314	40.71377348313213	40.79808767446006	40.821436328543086	40.802434901193976	40.67304456955741
MCW_CT_ROA_183_R2_trim	35.8728555394498	37.08744119370546	36.83115521538043	37.07974670751105	36.56780817092578	36.852620498304724	36.82665991687094	36.927232438690275	41.7291454964023	41.57763823969954	41.029356224137295	41.48508597599262	41.294166110906794	41.43257862881502	41.41988844937881	40.10421323340009	40.36704560110781	40.18062687207752	40.35986115510377	40.24008409390685	40.23224481737271	40.250476525260176	40.23873871717598	40.28047982589227	40.25372933467501	40.235300647291226	40.20331606047269	40.24248207501667	40.24928725709358	40.24067417381019	40.25595166436196	40.25224838540768	40.30269077407781	40.240712900714115	40.2331710349565	40.2253351806033	40.22528104591076	40.21919803228995	40.186666910707004	40.21938318935399	40.18733536810594	40.19540560158437	40.210532656449814	40.21334606460674	40.18499091758459	40.03611572310953	40.14492131656518	40.09296465046919	40.110630183047924	40.117119272845514	40.13448364440742	40.154173404480666	40.07290552145825	40.116016704784016	40.08475498496295	40.09110443818162	40.09629885917211	40.095893972101415	40.11332461643464	40.121248440484685	40.13694884099783	40.18121808989452	40.145767445846495	40.0972796304104	40.06883468989429	40.01791352826711	40.03434447499903	39.92501952820484	39.94579748717151	39.9654470039746	39.982102375307626	39.97963694604267	39.9486165313401	39.93194852825821	39.8930401586964
MCW_CT_ROA_184_R1_trim	36.122183056427005	41.006693857120055	40.50975880303247	40.904814632900525	40.28739293979787	40.4982101586085	40.48830896967929	40.60675707838802	41.23885236295087	40.744425286106015	41.28718959819368	41.89164434884489	41.85561508214316	41.978627698941	40.856119173914266	40.25592310210407	40.75592296264672	40.26615462268095	40.641518199601954	40.39621839672807	40.4185773672064	40.48027952284053	40.484692198356846	40.56953304727542	40.5314880160895	40.62635013177074	40.62275256694092	40.694755088253544	40.56997652323724	40.60453993611472	40.73490748601643	40.78046131807264	40.79109494036248	40.74872007170991	40.77192854508907	40.78444812754108	40.889394429599506	40.77899569346749	40.80240918812219	40.79379880235588	40.723765071905106	40.73798033707411	40.75347143278745	40.773476875948155	40.93624708730741	40.89853313269509	40.96688404569826	40.99735245691735	41.05083379260229	40.99480775451373	40.958369128062444	41.056226370220095	40.88291453029677	40.89979467817752	40.9071313705816	40.90959795002278	40.954067252939176	40.99738146679812	41.10424802108129	41.0748190248348	41.1042781179734	41.25236582317117	41.085789080906174	41.03291648735176	40.996614096584835	40.96676094934674	41.06301554694765	40.82346234199135	40.95554176000049	40.99817071481771	40.97079150514934	41.04153399094278	41.06798817437662	40.89952045795935	40.87440562394685
MCW_CT_ROA_184_R2_trim	36.099375287281944	37.131482753641905	36.82096937508536	37.09229302283074	36.65856633625515	36.8620479154807	36.84884474972576	36.943584777956076	41.87790344328489	41.83909412979461	41.29178230003817	41.77807076213804	41.494509378877495	41.64478692686058	41.574706177346215	40.58876473982791	40.86524487733657	40.66300839059065	40.88794788237275	40.7156662637275	40.75012193242108	40.79154307553736	40.73351446213337	40.65977494866286	40.742393405028395	40.76570498308353	40.70361734722292	40.76053233219643	40.74072392766619	40.724925704309385	40.75108054191014	40.774027918255456	40.79961216320846	40.6978753352031	40.73657149412466	40.72876130351414	40.74268549106551	40.70486285899552	40.70703056322957	40.74640495289242	40.695429629946005	40.706052591716286	40.719820554727804	40.74446229887537	40.74706818023076	40.71079216873825	40.596059857648925	40.676681827706744	40.66356154452997	40.685632885458695	40.668805350405876	40.679562036829175	40.580025931377776	40.59659414426403	40.56052136970422	40.541231557769684	40.46306107756179	40.53635597913709	40.507050578860046	40.50463970351779	40.54108180866033	40.57762946061087	40.454121045073336	40.44197020246285	40.41399138476674	40.41093851175313	40.41111570230224	40.30739180371159	40.280886734516756	40.27516008866647	40.26858981141965	40.32631296891747	40.27366156364239	40.23912196870551	40.177436989993474
MCW_CT_ROA_185_R1_trim	36.59278127561105	41.00813029451889	41.044410925099534	41.35948652151766	40.493453281776446	40.59776530872477	40.598049068332266	40.68593845333844	41.48226394682708	40.80648331915334	40.50982527361741	40.897581680264295	40.90510783726232	41.200644000904795	41.265427356385544	40.817247773543706	41.32559157314518	40.927791406588746	41.345968710712306	41.13142012236541	41.08664086234167	41.189483620585754	41.08561092290359	41.18253668354578	41.159908947653676	41.142351948714506	41.13333072990867	41.16793393772266	41.189196330399795	41.19671793115008	41.19606473145748	41.17959243260883	41.18736093169322	41.23567335720966	41.15424728119264	41.13643615843293	41.172714163372966	41.19037263184713	41.18135588290049	41.240458097586576	41.23334238739518	41.23429575529525	41.318475029192534	41.282756233979825	41.301157995189435	41.31816626340218	41.3274081063548	41.303776004265245	41.380529920512956	41.43809082801318	41.421539986028236	41.46009578711356	41.381051827755584	41.36802437430468	41.34196572728808	41.2938479337627	41.34445279007489	41.31900962325891	41.43905841439136	41.45832055513684	41.54691258957966	41.56673399042079	41.58673634326566	41.45509552915489	41.45475503450623	41.40564917149281	41.41576126534474	41.35371680052057	41.42702791407357	41.49346801875408	41.530514602679126	41.60176343437644	41.615140142339904	41.5889248619434	41.49592760981202
MCW_CT_ROA_185_R2_trim	36.00532806247891	37.18103859467382	36.92895935450535	37.17448136746843	36.64243101450751	36.969677060740274	36.929701281064226	37.04180062417514	42.00657073339347	41.82687214551996	41.31599928110106	41.751107659744825	41.56934738413225	41.684372449118314	41.70130234893718	40.503291258067605	40.82874900182367	40.602095606856196	40.82775096688897	40.703262386593124	40.70150353053	40.73170167530433	40.6914912254905	40.72965691636737	40.70896726572114	40.67892661138365	40.6754210872272	40.71739095637329	40.72212101089861	40.72273420321397	40.750819862532424	40.738129878340374	40.792050715711675	40.72744236876245	40.71532203201779	40.714964555008955	40.706230041598275	40.71736383520148	40.69803841904109	40.721998217570466	40.702906748834984	40.719404520620415	40.73587637762598	40.72758084990721	40.70355011617064	40.5234869280273	40.64184338642652	40.61512385838319	40.62164845048902	40.646671390227425	40.66689925509096	40.669296772328636	40.598463878398256	40.62934724249357	40.58115040914774	40.5798264028285	40.59074579271715	40.577629809588245	40.61320551838128	40.63244187481713	40.65289556961846	40.6717573089656	40.62169343351184	40.59508850184665	40.57360025875423	40.54353980120235	40.55509221082758	40.47996251726616	40.51770602101906	40.529427898388086	40.55383994523456	40.55176837120006	40.5207421772221	40.500428194158864	40.520011823901825
MCW_CT_ROA_186_R1_trim	36.29399526737392	40.514174770427836	40.313240482495566	40.8343020050284	40.2148859492056	40.49832117669551	40.42198443886753	40.527129973056255	41.36504817673334	40.604009729842296	41.464586483995895	41.90936586766552	41.932389601451604	42.03651444037062	40.885891732667574	40.30785096691623	40.75572165223198	40.20751102979356	40.642455181306794	40.35172533813534	40.44394354681939	40.452538122012456	40.482130074004786	40.5310524565932	40.47795750122935	40.54369828363575	40.568873010126595	40.59098189319524	40.52254653032477	40.51417184742234	40.623564474990225	40.64322049499777	40.63686167061802	40.626638380788776	40.6061141352565	40.59949335054893	40.713417616970915	40.584596138100785	40.648237314076084	40.6314325673807	40.59295726778186	40.62974398290491	40.64967651791455	40.64664288493634	40.77975164449883	40.740356259107394	40.75666999566403	40.78557096887962	40.84085744152078	40.807824364983524	40.832032587433616	40.96042675716343	40.8075672423978	40.78034828270556	40.78268290468195	40.73855166817107	40.7519359444816	40.757303013302334	40.87872767364523	40.85477032936216	40.90218028966475	41.06749534566795	40.902054538790495	40.87898938498258	40.81271256068063	40.74291853531929	40.80428620586696	40.60100922481937	40.6905757601078	40.732404942802596	40.754876249665074	40.82613515271707	40.885580368736925	40.81971123636464	40.797305995582036
MCW_CT_ROA_186_R2_trim	35.78358721460718	36.91479899901784	36.55887246944955	36.94090056835956	36.3485563131359	36.73251078942125	36.677279796178006	36.79265033039799	41.50429521975617	41.28034092061041	40.785720543627185	41.25484196345392	41.00209357676228	41.15538742641037	41.08237766432099	39.78320941522014	40.11782208082985	39.79835814494322	40.11929188760892	39.89344035653607	39.98851448874168	40.01264079591474	39.972047957471766	39.8627354741262	39.91856892387091	39.968156118752376	39.95415048098549	39.95464238663785	39.98688412106324	39.90527963635439	39.94838567101988	39.953886354600044	39.970522793294755	39.90702346729162	39.91810609089267	39.92073464518963	39.95576039182512	39.90999587593023	39.93672951922453	39.94917869250409	39.894392998079596	39.887942839634775	39.893743328678966	39.93128566646236	39.93267803231492	39.85921077950223	39.77409904304364	39.904132536774526	39.86748087732234	39.87619712633582	39.85420494785525	39.855815357767845	39.787131517169186	39.81045892257019	39.774501900323955	39.770878475631314	39.71270623227661	39.79662939849449	39.795188800838524	39.79487328083186	39.81667233602246	39.875124167034	39.725701243129215	39.718426035896655	39.6881189299047	39.72274129971135	39.738391217767884	39.71837387435685	39.71663663262133	39.716654117811736	39.68288077885565	39.74242372087231	39.6874800732973	39.666191526165264	39.6112710610825
MCW_CT_ROA_189_R1_trim	36.85016462568515	41.84795379475745	41.74199541185224	42.0028136500168	41.32034363430533	41.455020074532456	41.45485187201529	41.55862143062902	42.306833494384286	41.888474437052786	41.56212216735703	41.950304550213254	41.91792046324186	42.146495782067696	42.24311050359502	41.99878909495797	42.45876502986958	42.086597617396585	42.465620874623596	42.282905392879094	42.248327558391594	42.348634453932924	42.265536755112315	42.35204127851633	42.3338848169188	42.328318506846415	42.334948965222374	42.3510380230519	42.38378445631984	42.3852750455535	42.3837850141563	42.37849758104944	42.388029074948946	42.431413122725935	42.37566694968744	42.35240064333677	42.39078108674565	42.41068871650521	42.40371794710245	42.454106561308194	42.44035009959278	42.437644871815245	42.500495993748025	42.45805495095009	42.46028579480863	42.468611054908365	42.4803584828673	42.46262965434368	42.52245911414572	42.56102409086313	42.550395169578806	42.57665985381711	42.506222588106496	42.482214775191856	42.454112695431455	42.40435389523647	42.440381745717524	42.422132962549384	42.51774028944415	42.53612672383582	42.60358948374541	42.61442692602466	42.61736632982552	42.489986056834994	42.49355189774829	42.44219307553969	42.44983776482125	42.400572254552976	42.46658722760732	42.521974413804436	42.551641656673986	42.61099181167256	42.60764614498512	42.60951407248223	42.542024293100866
MCW_CT_ROA_189_R2_trim	35.967815415217636	37.12372897329937	36.81634103531587	37.08770536063751	36.531970896640274	36.86178432157394	36.815947638789254	36.92814079255464	41.879318895850204	41.72360130544013	41.164444031483306	41.65823904403144	41.465580958332495	41.59916991855081	41.64421301373098	40.467030917606785	40.81292043773979	40.52550861670758	40.76557007005531	40.63242160287052	40.65813379754625	40.702497910747766	40.68255919740674	40.72306519535989	40.692241479485304	40.670198642746314	40.66120566374798	40.669140809823006	40.66339287902396	40.66336665836369	40.70357777355765	40.717380589762975	40.78351172973403	40.73522698275457	40.73107826950757	40.723188845455276	40.706093453357	40.693776087660666	40.65730900284984	40.69505963054061	40.67941246824399	40.71073513303974	40.756620494824304	40.761782622267646	40.75970756008179	40.57237301293581	40.7136140625555	40.692972494286174	40.66731408224306	40.68866688727472	40.7040521112806	40.72822823791367	40.66245159287965	40.69024639039115	40.644239571122164	40.64798446855363	40.65475337988337	40.637690775452825	40.65239993158996	40.65317355245209	40.664343270839545	40.71220197951405	40.673566985056	40.64930049699694	40.63006567894508	40.592001421589345	40.600755375386036	40.52621916373874	40.540425005015116	40.55022497603329	40.55240416036606	40.55400458036898	40.52905490321326	40.52456395895596	40.5592250263573
MCW_CT_ROA_190_R1_trim	36.28262211338384	41.20743532851633	40.85382243521451	41.16462398686305	40.677275582842256	40.79014990805967	40.73996472470925	40.80723389385872	41.103865626424245	40.983835460432324	41.212130903064846	41.70998366684024	41.57602138026639	41.88799826870629	40.855027086324974	40.437076895146	40.68068811427717	40.47579843704632	40.5974475494484	40.46796182663866	40.43764510272817	40.49960404810357	40.47705697436384	40.589026192293325	40.56991225492539	40.579083327805776	40.49276869228546	40.59289519591877	40.47191774637217	40.54194969665965	40.50318440216943	40.49353572954435	40.53381323797438	40.507921157973264	40.52295932087403	40.53713126307372	40.584689401967594	40.53838939692294	40.52287550384329	40.5116788547026	40.437998449266324	40.39175041908204	40.4253297827819	40.457265423508524	40.567866731142345	40.61163411907876	40.65416361467513	40.668587862032574	40.68372359057858	40.58932117163673	40.52893652214694	40.548708542045524	40.38908197872751	40.412396381275094	40.44474876746634	40.5110835132306	40.51314992141739	40.52699411502188	40.61726463105203	40.61435850196223	40.61690090823955	40.670985040690425	40.56673886857577	40.46133207448599	40.40149957935665	40.3973487397102	40.50229923204219	40.39475319326621	40.495950126802704	40.52861708747401	40.473111606211326	40.46489929676884	40.39972670992871	39.933560028651826	40.045647655217785
MCW_CT_ROA_190_R2_trim	36.15034054194984	37.22781924661811	36.91356189242177	37.159209122475474	36.80282450019944	36.93447632174089	36.923958593641345	36.991253007761905	41.951726502256406	41.97257737837605	41.477879731091804	41.89561500856427	41.60421128610585	41.733997503604876	41.76203943006001	40.6926387704949	41.003984765491836	40.76188567587076	40.988261826082706	40.84300145232097	40.84368086880657	40.867852087957814	40.84882032691186	40.86497511832591	40.86619188207522	40.85471104687423	40.77379609490336	40.87565200596576	40.810536175225096	40.831816572065684	40.82282973936493	40.82602258176606	40.86326747474119	40.76865747140077	40.822884940583215	40.787542855601	40.802132005923546	40.77947319521701	40.787465876422246	40.803313136518234	40.79087727418987	40.80794315763245	40.8084016892727	40.834483158098195	40.831586611557846	40.84403560189688	40.8369824824227	40.765126784397395	40.7520845455119	40.774441609006175	40.75054992570082	40.736279995486775	40.6599220211394	40.68882555413601	40.617448176913086	40.58996332390234	40.5636589743607	40.56027565662911	40.53197383854809	40.53716917901073	40.57960395468827	40.56391988168525	40.3824025463557	40.42754892598711	40.3426498520538	40.21407467196002	40.193321634017934	40.05519113948118	40.031739290241546	40.02364717739427	40.03204488595604	39.975093710985334	39.941786175059626	39.88797466797641	39.81245943432606
MCW_CT_ROA_192_R1_trim	36.70232523318619	41.32813516560107	41.352644229944396	41.651087654765405	40.92001505204633	41.009398378775245	41.031427853377096	41.09856668651979	41.921318624415704	41.36228743725616	41.07903006225151	41.44329928315468	41.437543794889926	41.70346932992974	41.768851571780985	41.42920130702304	41.896409211175644	41.52698727310878	41.90782751952372	41.715313390098615	41.66932002391536	41.76697682422712	41.67561471193068	41.77173974302051	41.753532383863764	41.746303124454094	41.72790362873981	41.76134349639401	41.777509868266094	41.79163273715145	41.77960607712516	41.77070397725594	41.78534428608357	41.82704461412586	41.75337461279673	41.730462221473864	41.76681016955514	41.780066757175675	41.765914793037275	41.831964145013565	41.81936632864864	41.819869864519866	41.893783367397674	41.85522420070024	41.86430796033374	41.887446675862506	41.88642453496959	41.86520598178969	41.93680790704444	41.984399228976756	41.96609697548956	42.00643509621215	41.93615731024254	41.92264754368162	41.90054916161924	41.85475535332372	41.89093068214492	41.873894647509964	41.97543249025431	41.99113805684152	42.08421271935455	42.093443079148294	42.108510681760556	41.98097605197901	41.98655930860229	41.93943814712651	41.952527304609184	41.88339664675655	41.95430070110123	42.01546175316481	42.05179006279213	42.11883413943664	42.130553528017025	42.12546172884933	42.04215649220059
MCW_CT_ROA_192_R2_trim	35.50201142418648	36.88955070549947	36.45926694602435	36.812765829574396	36.10344007225314	36.56112839593823	36.53101162093553	36.672260927368676	41.247621576792476	41.06685352478596	40.34581500087655	40.967735985171686	40.69786413533313	40.82140161101751	40.8887799414304	39.317109543284396	39.75058558687362	39.44244164797201	39.733012105819995	39.58674213372951	39.54767729364659	39.60115836776227	39.55398560508642	39.60241902193071	39.577091379125505	39.57506294039037	39.55764912282161	39.61159718862209	39.6133183090249	39.635415818425344	39.65295951834237	39.65273952793522	39.703666100432166	39.61637769616583	39.63487979702664	39.61609388446603	39.614758714387676	39.622852953738494	39.60966770443565	39.66457350749237	39.61913591619053	39.646900357632596	39.68016310978122	39.67403359060779	39.65739504672985	39.42688028902993	39.61446068100034	39.59974438408277	39.61834896733421	39.63637165233674	39.64001233584481	39.64527648767281	39.54365126127309	39.57300967645563	39.50995215804914	39.508402589631935	39.51582790557927	39.52726704446832	39.55558614832535	39.5782302278884	39.58123667785779	39.62154334701424	39.56353794155198	39.54268645414868	39.50702555193368	39.47273947707513	39.49811780801301	39.416263968244785	39.45728585507926	39.49461551300796	39.51998394330566	39.52528092943032	39.471903603413814	39.4643426771734	39.455762493094824
MCW_CT_ROA_193_R1_trim	36.518781189748424	41.15004803368089	40.820810141514954	41.288352771802124	40.54548143690862	41.003928476176355	40.90207491863436	40.98868940467834	41.46270072240963	41.19846418547793	41.4775931075336	41.94689857484067	41.76318407129314	42.06342392079978	41.08736020676595	40.666070794158166	40.94755925492193	40.731447408624824	40.924447741305656	40.8196556418951	40.8038435942205	40.844829270267674	40.79413630172647	40.8556213082136	40.80600104735929	40.8177138753431	40.77063765157086	40.86609490292825	40.82352562319737	40.87053482676623	40.86024935673758	40.830896928419584	40.84162584498444	40.8075083151856	40.79053775984582	40.76268196826831	40.8150566703184	40.794979248945246	40.815758734473896	40.85942328774914	40.836279382284765	40.853184864284636	40.88047346550576	40.86119431367583	40.88926806319737	40.918621015396994	40.874224228718624	40.907749618510906	40.94094206663285	40.92650939787673	40.96196659574037	41.033801944483244	40.88359599190087	40.864240871166004	40.82993067198546	40.84497787456351	40.75819545473902	40.76746349052201	40.837352687131435	40.90825847626374	40.96070822513085	41.07946606332388	41.001524811986826	40.91873077240215	40.816097894469465	40.707565114937466	40.78484776055626	40.65586414755807	40.743926597977584	40.82650337440062	40.83477776016323	40.90644277969082	40.89119786573537	40.69246796746913	40.822339730832915
MCW_CT_ROA_193_R2_trim	35.96866206409316	37.04477424802586	36.71171314561588	37.031283698065835	36.47240407149497	36.87403837735335	36.813190140271274	36.90379345299518	41.774895221630636	41.57109569437256	41.05039627683735	41.57105401465469	41.319675124098254	41.48479620476995	41.4991277630957	40.29248808423678	40.635641821621356	40.32034568116789	40.59383259856158	40.441543493971515	40.4291823642827	40.45865813296247	40.40525269578994	40.46107059839883	40.455809352750094	40.4709927618234	40.42307745350928	40.4735216552203	40.4669289881949	40.44483557262195	40.46054166348144	40.45075819960334	40.449332938225076	40.40092985282145	40.44243609009595	40.41348572645958	40.44458885966888	40.430098656125	40.41624474726061	40.461354737596665	40.40366054912065	40.42889996762075	40.456061846837116	40.461367068280424	40.4667280463086	40.44193961018131	40.47290886677228	40.434978631750276	40.41909592869301	40.45170551313323	40.40688749320895	40.410116118252894	40.34807252766234	40.36286658785507	40.32928405218952	40.33418047637832	40.32259423890965	40.36100716508901	40.323122671120984	40.34791574664338	40.37568892692355	40.411122139745906	40.19798216745697	40.30380882757929	40.31075897996241	40.24836140597271	40.2814115182522	40.225447069357166	40.255882655555666	40.3008817987864	40.30227714020203	40.29374714692023	40.259197750121615	40.21509814975542	40.19086539236354
MCW_CT_ROA_194_R1_trim	36.54379886627213	41.03457652694564	41.024434773755814	41.30967736421623	40.44329699127719	40.53967552589941	40.571655578100454	40.64688857293545	41.40032686561737	40.8018797481754	40.39415788833289	40.86106597547037	40.847165330989895	41.14475448552142	41.22880357189445	40.776320125852365	41.25413129305016	40.87875665295879	41.28755568060428	41.08261961313744	41.0200341320417	41.12492406509257	41.035962130116474	41.15360092170929	41.12708347296499	41.10717417328804	41.08029102846657	41.124845565176166	41.13639112941773	41.15786043207299	41.14712383722178	41.147347309258436	41.16160431273676	41.20530869685143	41.13677095527546	41.10968479924391	41.1465741474632	41.151755459790884	41.13519478468295	41.192292469246645	41.15618706940731	41.130548315810046	41.19711499394869	41.161574977133064	41.17463152120003	41.210555724273206	41.22461016481235	41.197946630501306	41.27488151316713	41.303607191051874	41.25812016058478	41.279997500933064	41.18079604242442	41.17343025886947	41.16178130435398	41.138818500283364	41.19127417184842	41.18376981066891	41.2956752092254	41.28279281862687	41.36001604800911	41.361539064882535	41.37242556459397	41.232924223156566	41.237435164931256	41.202539411748894	41.23187102821149	41.15613718314913	41.236436115223825	41.30317053006902	41.31355089491105	41.37212762867965	41.36092600443475	41.27935673010465	41.16133443302783
MCW_CT_ROA_194_R2_trim	35.84075826157727	37.06688478694289	36.79802265837947	37.06043968813429	36.54695986510347	36.836867967656794	36.8179686876233	36.91800958331006	41.75597757372	41.66786994759951	41.061737305292745	41.58627961153345	41.34919809901997	41.473257572418035	41.514989879149546	40.25969697424056	40.56485546898604	40.353355677175706	40.56683162657022	40.44291532012389	40.41779320014325	40.45424557571899	40.437815322609666	40.500031637289716	40.47603849410717	40.46369921392935	40.43276778189069	40.48719975294908	40.472250888865894	40.48081547234199	40.511649500858894	40.50831703032191	40.56443363251449	40.4854306832554	40.513682111921526	40.49881131633465	40.484991244215294	40.498309251654774	40.47685877044838	40.510240911551506	40.48602641543028	40.50921882683007	40.54760039907015	40.570609259529505	40.54683207117758	40.38461145417025	40.52602935567526	40.493986404629695	40.510946660615694	40.51616507921179	40.52591908430349	40.54525456764129	40.44172701350308	40.47406409540644	40.41600991263332	40.423426030890546	40.40532712349475	40.41999560249386	40.450591357418425	40.436580399912216	40.43704332668252	40.476763578247564	40.410614500292816	40.384150292708654	40.35308096872435	40.30917288074309	40.32748778989775	40.218771150213556	40.25244031656156	40.25950091947402	40.27451062378951	40.27146311995227	40.24135233226447	40.236304963491726	40.22818248114365
MCW_CT_ROA_195_R1_trim	36.625499728097004	40.85293456472629	41.179481149367724	41.3518457303934	40.81404116415931	40.5914526149842	40.61842519640379	40.66842828771679	41.55295479708862	40.901638107153644	40.82243650089332	40.96112341939603	41.065125496920686	41.302418339053865	41.32060264753941	40.969597791339886	41.33151300235916	41.02969100192139	41.36697752390396	41.19099633413935	41.15154483178794	41.19575140669243	41.1469205081977	41.21639722876522	41.19723656787723	41.18061130693847	41.13631041398258	41.167318685309006	41.17253605250161	41.18114611996293	41.16664982094313	41.15859469466369	41.17456746097095	41.22097825787921	41.13420333673321	41.129086331074305	41.15608494738879	41.139635467144444	41.13885571990635	41.19372075648147	41.20603966721054	41.21199687217297	41.29200494266826	41.28811394521946	41.293874792819864	41.321793749653	41.32762087469813	41.29461919372015	41.36904993572429	41.411221577188236	41.4065584892518	41.454991895878074	41.405677368968384	41.38167379957794	41.36251019448175	41.304883065197664	41.330586908873244	41.31397076969769	41.42637118836466	41.43259462037759	41.52348011232148	41.5519537252692	41.58171055791424	41.45003836125792	41.475357516413034	41.43388469263381	41.431479384568796	41.36815865642386	41.42093528809536	41.48933445264036	41.50855653442625	41.58012010925809	41.61949142414001	41.61042058122528	41.4838389947099
MCW_CT_ROA_195_R2_trim	35.639826546502746	36.98139173853672	36.65810070758511	36.93124565575371	36.38358699002361	36.66352687659746	36.63604066724607	36.755947121633106	41.41527722663456	41.31785579850398	40.74763401419616	41.2009697804423	40.997468889397666	41.10968141243156	41.121622427350765	39.68200584134977	39.98127307923174	39.75772623053191	39.99250797006066	39.84355951729192	39.835415041602005	39.835554895504494	39.86801992148996	39.90071917633392	39.89568294289608	39.879571418788096	39.847900796523454	39.89178469333708	39.8796287542631	39.88923121414464	39.91283613597862	39.89935251525856	39.96017856367287	39.900555754480415	39.90928091367061	39.897470861709884	39.900498360992465	39.89218963986516	39.90563767509167	39.89862505608754	39.899300466370164	39.90597694411808	39.902305351540626	39.92029416095751	39.86458279675012	39.70818174298271	39.84276693337175	39.793736995195715	39.802042249843964	39.80451437927816	39.819521849150405	39.83959390523587	39.75127425545704	39.813801471886514	39.78400746788238	39.79558486765973	39.81990207065292	39.814860398705605	39.85492536413473	39.85625427064868	39.876469481296866	39.93843682697051	39.872822560092075	39.81097217417784	39.75567489613155	39.678061639961456	39.66610209136953	39.56014841200448	39.576450222639956	39.58316953472742	39.58150169637429	39.54064259186038	39.51737120230936	39.50118654214914	39.4708395448847
MCW_CT_ROA_196_R1_trim	36.35479412670046	40.67817749709934	40.57995899919451	40.88087062841547	40.36197880154124	40.52207733547752	40.472323744976435	40.521629947629485	40.959169931782526	40.70744015915948	41.09327304329441	41.466572910794326	41.33124150761962	41.635015680854906	40.50867331668105	40.08144609565402	40.25954174423044	40.12464132275435	40.24320000597267	40.16359728470303	40.11514281087592	40.14469299761061	40.10998479567485	40.183721793851255	40.15889469184596	40.159407433201025	40.07460840548749	40.180113038506995	40.081962345061946	40.150084592058384	40.12060747526393	40.10115593420846	40.12002519894048	40.07636110283313	40.07243507010263	40.05578749252457	40.11072369409818	40.05182953263083	40.06664790051208	40.100455049100646	40.075441161189914	40.098017585771395	40.126706569176974	40.12816791885062	40.17635524215546	40.20695613134228	40.17893695411623	40.1807265182858	40.219357245981925	40.182021972681234	40.22001048058751	40.2945861243065	40.15331321489962	40.15098565284285	40.147002982863214	40.182787283146716	40.093779648623205	40.10910339556619	40.186005125519365	40.214940173300505	40.274740654125075	40.423111814951206	40.37324521361932	40.29797241295846	40.218823166928885	40.13066393257928	40.2303259482436	40.08353103501214	40.16030075032396	40.23261027533252	40.22203480700255	40.31890093176658	40.328998065206996	40.11205995492886	40.20370113475284
MCW_CT_ROA_196_R2_trim	35.65315920954603	36.93605918486206	36.49452639470715	36.854059194576465	36.330299943976456	36.620876102552955	36.59410432802802	36.692942115144376	41.24714516184304	41.22483019347991	40.61638714978639	41.183788339553985	40.892981955536804	41.01300995732829	41.05448116422785	39.612264362451846	39.934935182749804	39.673577665209585	39.927011815283855	39.78349162914582	39.73404224582078	39.788211108970884	39.75872421870707	39.82330620631441	39.83091229692777	39.842574626511876	39.74979501847484	39.83590133676246	39.778444722472194	39.78908815044301	39.814925335456245	39.814002068241514	39.82742016446694	39.72873496582779	39.80654406290864	39.760020345179605	39.79345621082446	39.76702460020904	39.77591046058416	39.81314479725211	39.770240544732175	39.795431684961514	39.815410296108084	39.85686051855183	39.855484460240106	39.83828423440641	39.8650818631866	39.78497536552609	39.789212611613294	39.80303736910885	39.74222807863573	39.766596518048324	39.6787221167405	39.748490363821055	39.703641367763126	39.72961651952452	39.69545980939851	39.75852818737716	39.7235776631753	39.713797261023664	39.76728394402373	39.80456845501022	39.61574702683219	39.73884105617903	39.71529761927973	39.64762405929544	39.67755610900933	39.578740366903446	39.601434425231645	39.60871216101143	39.62280641573516	39.6195149671197	39.59692604058175	39.53940886267934	39.469048648520506
MCW_CT_ROA_198_R1_trim	36.21033689729718	39.88575202488986	40.083126578088766	40.284859398662206	39.928873700614105	39.85531747719115	39.860098136123916	39.93458617689362	40.897136058810645	40.01079537845106	41.171584960275545	41.451989722805216	41.53666033154655	41.61253008997912	40.195420308795725	39.6315453360229	39.93769307624559	39.54423254324763	39.895826639982445	39.64786483299845	39.66916484395007	39.66291082079793	39.665245350977344	39.73823131948992	39.692135357310846	39.69623764326645	39.66086380236319	39.75631129333752	39.6238730503649	39.690082858671545	39.732172459907304	39.75217240562746	39.73816174340184	39.67649204720911	39.652677128880626	39.629812346447075	39.75314326243148	39.59820340305786	39.64519225962098	39.689750348092204	39.63400004430761	39.65902576212485	39.67522047591238	39.685340219966456	39.822285761534935	39.762800293801035	39.76618195677469	39.757462793134735	39.826162458293545	39.80444149845282	39.836795461760914	39.96512102345886	39.78198373470268	39.707961811995816	39.703756217143905	39.66742445185396	39.64326431387073	39.65676319662711	39.780973239219534	39.71186000048576	39.80728922232084	39.989094556672505	39.83655930504534	39.79724646513324	39.733564655021894	39.69731103818417	39.757558663371704	39.47035111689796	39.539838208998496	39.60882091592126	39.63017675048612	39.71999582525861	39.823941797655436	39.695211668254295	39.59681020748424
MCW_CT_ROA_198_R2_trim	35.70788728541776	36.9832706227982	36.666926968612714	36.970979184971	36.4980766586974	36.71055208915856	36.684777773174154	36.782983188220506	41.33459990884823	41.25437357249686	40.77158095117236	41.177349954171525	40.956240871989486	41.04656668425516	40.96491118413784	39.573722374273544	39.78627118590563	39.60210511146653	39.811312430955404	39.61209641657369	39.633503852464386	39.68952606605897	39.692682846368335	39.634967300066826	39.68816285413977	39.72879037346028	39.631548220892384	39.70900478968603	39.65615136029304	39.62912396403689	39.64351377965509	39.65922701091738	39.69235969307862	39.58568774205955	39.63095203847488	39.61993041891532	39.65173742993771	39.59763005869906	39.59999611233931	39.64224458323125	39.578358570081896	39.57841706754359	39.56084341509017	39.60274226472982	39.60674010572467	39.54203438416719	39.46319027402947	39.53222289127587	39.526151828078156	39.544290267353695	39.519512242904604	39.59055734868658	39.52754329961463	39.654247892536965	39.67212307256997	39.72934044083005	39.693249157837215	39.77096083472382	39.77355191904608	39.75953243125328	39.814852535425054	39.86364572879961	39.7425223101421	39.74002119846651	39.679341702577396	39.71611613900887	39.706648007803295	39.57791990235997	39.54766210661645	39.53002932218049	39.501855072321646	39.5394805408559	39.49372392556455	39.46071743747453	39.343977724515014
MCW_CT_ROA_199_R1_trim	36.52165406586173	41.19116619786567	40.79464454757765	41.29057575102205	40.58483923102135	40.97429775651702	41.02280526381174	41.03071033865006	41.92115056287379	41.33335075328797	41.79211659049053	42.37740012240381	42.2901732559152	42.37960160598823	41.478658656495575	40.89329884300375	41.403712986320194	40.909141862111724	41.33643837023447	41.08682003800152	41.066606474220215	41.13520017808234	41.08354473985199	41.20752930505302	41.14429989288455	41.21324682945442	41.171828186822324	41.31414441428202	41.139821209721504	41.25913043855692	41.33106964635785	41.371938899830084	41.373469296914735	41.28979404007162	41.31210675847918	41.26600939416015	41.36613023874474	41.28741177427769	41.28621110975151	41.367846444363515	41.32186883261793	41.31222205733991	41.33019638364392	41.310251440594	41.411655057147094	41.39523253142581	41.370272498164596	41.359708732551866	41.47833751945116	41.463094147688736	41.4678515891759	41.58116192088071	41.39086145606345	41.36457726595919	41.32854873408723	41.33436107574599	41.31130881386461	41.355075005365514	41.440991397336596	41.40947685972444	41.518227804895105	41.67530185428735	41.50837095819822	41.4263313994405	41.36392743157852	41.27369649278201	41.37644634297194	41.07073481224527	41.163626388306696	41.22273126623436	41.25597336080752	41.36610123077522	41.45883458320362	41.33989360521793	41.28168164658152
MCW_CT_ROA_199_R2_trim	36.15144455675968	37.2755278894125	36.90971732789012	37.22576983067193	36.72370834178712	37.05613355294512	37.077396169535575	37.09173509722048	42.08987319031073	41.99153082870574	41.32909262960581	41.97759019482078	41.65325710024327	41.755659211346	41.8057349163557	40.706950898946836	41.06300083715284	40.81588919672198	41.089708666339604	40.866528777518305	40.79668378738793	40.87662140920637	40.77607087416308	40.80508179039875	40.87827738653921	40.90541191290278	40.82087703692666	40.921029513139175	40.847184049663326	40.8472361906288	40.87526346623807	40.85647850880616	40.880107477948634	40.7485104779005	40.84602623184038	40.83220198440142	40.85004512874486	40.84331573516711	40.7812287692085	40.88172435496648	40.80357123384766	40.77485228024173	40.79359510044484	40.84726608890223	40.84434824331499	40.84105193930074	40.71380961123353	40.78810465875518	40.80656117319093	40.83267868214079	40.77637885483705	40.80678470905831	40.68013250717028	40.72953228070745	40.63327604166011	40.72055443034223	40.597052509247504	40.73070620742361	40.7145574467619	40.70660969294176	40.74240296722521	40.79862974663842	40.620645017211935	40.62984909665301	40.62163398051071	40.63898367028292	40.696794887344076	40.569579159303515	40.55372556783451	40.56396146616043	40.55899579826298	40.61387230520953	40.59656646854668	40.52221385620606	40.479358253096876
MCW_CT_ROA_201_R1_trim	36.08595521031802	41.09364228828344	40.54026538220629	40.9788269042665	40.31416889646975	40.62005458798633	40.602378241154774	40.66685558623364	40.8866837081407	40.81220499495612	40.88990098247835	41.54267259502256	41.30867523201189	41.663643471375615	40.65653072554033	40.1655553024338	40.501640118372514	40.277885108773546	40.44018946683479	40.32247735311665	40.26101422308077	40.324644454898674	40.28414558218387	40.42152516206658	40.40878226768033	40.44544594469809	40.380209316540146	40.50033818694638	40.37697792444164	40.459014547626005	40.40627298084896	40.42237453076614	40.45725159421515	40.40726569584508	40.46117213354672	40.44831217727066	40.50719641848434	40.48411359971415	40.47091012409063	40.52270476966704	40.45537477358011	40.47114636533997	40.497142847489584	40.52328339161286	40.59931332384854	40.64595291767203	40.659699700684776	40.67566124630898	40.70142143854222	40.63392996722666	40.629953699419644	40.683082162231514	40.52026004508361	40.54890991406121	40.54687630751975	40.625687437384045	40.58528655771026	40.613780174124685	40.67646065716764	40.708105608325226	40.73185681598379	40.858232870518414	40.77455497990182	40.69159888281717	40.64205006554716	40.5792219263976	40.70526764471649	40.55319891001646	40.67696092231951	40.73625619288381	40.71244460506541	40.77008714119336	40.732605263402405	40.4574259916677	40.5663119946424
MCW_CT_ROA_201_R2_trim	36.01611317374097	36.98903331056716	36.669199403361134	36.96450854312146	36.532723475369835	36.77656945437117	36.761879621778974	36.840092543678296	41.74084695351858	41.69491106692048	41.109846989408624	41.63465599987261	41.366653543655396	41.50393668220785	41.54512487503649	40.41917393593022	40.724369763697325	40.47597913883556	40.7138948833294	40.55608298288242	40.525836463231315	40.58360437462918	40.52766685208552	40.573398252865694	40.58044102987627	40.58856385864021	40.51174988692249	40.59410315182317	40.54306364345984	40.55415878010282	40.565225100973095	40.570571667643414	40.59979189156227	40.49298035549105	40.557779302697654	40.533475548630186	40.55260285261708	40.5276326566601	40.53713016078622	40.57950360850476	40.532771534537495	40.54789133464807	40.56313172505127	40.605755210537744	40.59791316483062	40.58985862459864	40.60470454070155	40.53933445600429	40.5505281655604	40.56740540330468	40.52539796545112	40.534093040810234	40.444789809347476	40.471642012003464	40.424241829775475	40.45658068668688	40.41681428519863	40.46988777835746	40.42666369638857	40.427731615257365	40.46700947778076	40.50438378850656	40.29457335018862	40.38763660918022	40.3911955607381	40.326948026648225	40.36130973611845	40.2659374221411	40.27943993609917	40.30884303832882	40.316432897494536	40.32875312272801	40.307268936821444	40.25457292781981	40.19048244673565
MCW_CT_ROA_202_R1_trim	36.4954830034225	40.621878822881214	40.823141427878134	41.105700175132796	40.35724126721209	40.27354440634586	40.31183398679303	40.35737046288397	41.20779496375035	40.46580893479444	40.23697860059891	40.548183779731	40.59390257022987	40.90286719477053	40.95174744922312	40.47758353075097	40.94705263517746	40.57143885481417	40.96770240228243	40.74812693521217	40.70285607397063	40.779146292992095	40.685305991442824	40.795009116858076	40.76991513829552	40.746725342637	40.71780276861919	40.75061550098742	40.75783166745394	40.76937544643923	40.74629057690806	40.74881965348779	40.75366863630019	40.79577003272111	40.71156462972531	40.6998974546625	40.73598507129252	40.72689605195746	40.72995056987994	40.77491150354214	40.762962749409645	40.74929730123176	40.81856430480495	40.81045180604042	40.81278577775114	40.830521188486834	40.847292660161415	40.80693594936586	40.88984030874454	40.92592040643328	40.906902103208154	40.93952041839324	40.870999197625714	40.863490557954634	40.84547067814559	40.79770888556843	40.84996452122298	40.826455388494935	40.96785241137232	40.96626506708683	41.05392055475983	41.076100642458236	41.102513608625856	40.96868942212094	40.978968733230936	40.95265934822792	40.962938599430046	40.89854475952577	40.96925591737662	41.03380946941687	41.063425589568986	41.13402381466641	41.151968934040205	41.130983439509436	40.99453854123299
MCW_CT_ROA_202_R2_trim	36.173235664916525	37.35441364547232	37.14508656717804	37.34109936550507	36.91360071043934	37.15904194406916	37.13274418136644	37.219371048022815	42.27932856394828	42.159077835821904	41.688192310341826	42.0805561471774	41.90584758740627	42.01404145458045	42.03039361775824	40.92621261832314	41.19459209193681	41.00030702712856	41.19688738912835	41.065097805188415	41.07248384779289	41.08334080488114	41.073582664376566	41.108339415968935	41.084093858353285	41.04653849443533	41.038092750055796	41.06689458561546	41.07492198744445	41.070710857538124	41.093317109322186	41.077903135592685	41.129682357984656	41.062153310464225	41.063968709814525	41.0629746147785	41.060356457901506	41.05962243548385	41.05033284290556	41.04358985324112	41.045604460118504	41.04530882370262	41.07032872011821	41.09913228737109	41.075058315478586	40.940730810623734	41.051262490888	41.008259994644845	41.011667427789135	41.029726186951905	41.04533085522338	41.05120347779224	40.97567336637217	41.01273633204763	40.96638911402904	40.96722094088228	40.969225143966504	40.945723231157324	40.986298534797925	40.989970494191844	41.00074859409557	41.021869530061934	40.96732194612224	40.92016248215628	40.88499841740096	40.83837210602873	40.83279957624919	40.735218368463805	40.759693525029675	40.75386306647563	40.74843239131351	40.730892173456695	40.706907326249464	40.69758807965701	40.669824486425036
MCW_CT_ROA_204_R1_trim	36.5289587973239	41.37011616055671	41.041618518197616	41.49491260311829	40.83281588909233	41.23194840686172	41.161985896668334	41.23865835966063	41.70028275190574	41.492770356483575	41.703584900842	42.17320174666555	41.99230669036856	42.28670341999288	41.43022399772991	41.03884084380808	41.321773688702976	41.0934236855762	41.285130223390176	41.1845847791714	41.149498368767205	41.18943298550361	41.15955899768366	41.23806158963331	41.199929098608344	41.22401985701223	41.19087122027889	41.265359380773596	41.23028118357536	41.25210820135196	41.237065698184885	41.221099412557464	41.231536881495536	41.21038797552636	41.20366546463553	41.19492209042943	41.25688655153382	41.23635404017638	41.24495503064593	41.26980003602562	41.239470086063136	41.25385505787678	41.27792713418001	41.2612480305494	41.29795025820766	41.32691888544965	41.31417956684304	41.33684301877192	41.371147494519384	41.33052792696036	41.34718654947002	41.40862943398896	41.270807299531164	41.26650758626726	41.240415664500794	41.257905713467814	41.194225548171175	41.20099622590294	41.280179053169725	41.32529834440951	41.35611804631062	41.47270398709474	41.39241457515211	41.32278833375758	41.23112977942015	41.139206514246304	41.22652013374183	41.115861287404634	41.20477348170866	41.26827673196318	41.26923238794203	41.33564466674174	41.31894682320514	41.124220234267085	41.258425642389454
MCW_CT_ROA_204_R2_trim	35.43180084650235	36.65580124448782	36.133724924414125	36.59677021437659	35.91520608043479	36.38739434790807	36.325834195503035	36.43709882023236	40.88681700175295	40.731410486797664	40.04561054990006	40.77403356283719	40.42436407920511	40.61855468065295	40.66505192070822	39.09969518727887	39.52176207790478	39.1009961864914	39.443830799439795	39.27536865940986	39.25633056299622	39.32235429168956	39.28639062442462	39.34516896540579	39.352937940664596	39.38134450338279	39.3054865912745	39.32663149118277	39.31296987927012	39.30003460752106	39.3228441112895	39.36671466847494	39.373468136660435	39.31867299750545	39.38707573282091	39.33591572805056	39.365699071354896	39.33121871546391	39.31091691001915	39.36150010525351	39.308799516764886	39.37050943005267	39.40704626981759	39.43154075176342	39.44436096845367	39.4130174573037	39.4412624069676	39.374575431661334	39.35824598671022	39.363820700414884	39.3220529275431	39.350952147358356	39.28306606899084	39.347332236174516	39.328058953989505	39.31370731148015	39.30249000671257	39.351172270354674	39.30209617284815	39.30042460394139	39.32931653842668	39.41428540209818	39.219138716361904	39.34248487456574	39.34179974076294	39.27642113722431	39.32753950243234	39.24515038685611	39.25959036538099	39.30274561467795	39.298719119908526	39.32186027034653	39.27901318523242	39.24942322258059	39.21336736429022
MCW_CT_ROA_205_R1_trim	36.33083679132485	40.666333796814726	40.46560001342985	40.868201304374324	40.16863922917643	40.48236860626641	40.37395737196823	40.460744750291994	40.856103028435555	40.53197793888597	40.98056273464077	41.395091011868985	41.26867591101689	41.60902657009587	40.40984176639011	39.90048817544789	40.14634872825367	39.93387151281317	40.11853208847238	39.99886747771276	39.996195611330904	40.030511155579724	39.98683568195181	40.046026806138414	40.00817124990557	40.01606149562701	39.9492853729262	40.012742173869384	39.96349240631664	40.01224599510744	39.999384486936435	39.991444060451634	39.99203691454973	39.96525853512496	39.9463752566162	39.91820506544924	39.96684806764782	39.92031632969935	39.932525187766785	39.961070412512456	39.93881338351443	39.96774520877767	40.00891946988788	39.99743548707645	40.05103306673468	40.05719958030837	40.03381241744029	40.03674733142008	40.06186137796568	40.02682824450638	40.05063928394766	40.136866287357854	39.989298344327416	39.98878147287109	39.97834157065211	39.99519555551988	39.92461430748622	39.91132487230553	39.994156965271436	40.04559315963334	40.07534692920048	40.2254830666439	40.16143755953131	40.07739140716013	40.0064989012167	39.93161635109816	40.013414180325185	39.874558478245675	39.954496700215394	40.02708723204722	40.02331685293319	40.09574293802245	40.08411766679689	39.89017961195435	40.0261338307543
MCW_CT_ROA_205_R2_trim	35.585547538290236	36.726104547719835	36.33230088783671	36.71854985889639	36.08029867301761	36.48698104445344	36.43246011306022	36.55557463523065	41.12286347900917	40.872103758447125	40.31692619616238	40.85616930199545	40.60553157821163	40.79708670149496	40.7652381316593	39.254602192164455	39.62354221410327	39.30191023143837	39.60506630861937	39.44674976640798	39.45566918438661	39.49098513542634	39.42935565751325	39.4558956000444	39.45475646933188	39.46329285355894	39.41815588620588	39.46364589597862	39.460799637360786	39.436166405801245	39.46682097578691	39.470900609552466	39.46344998122415	39.389954023235866	39.43343358246732	39.401819328820274	39.44285919550513	39.42506279862541	39.423646993275085	39.47001939100055	39.41384519147063	39.45915636162428	39.4766994818943	39.494097532933026	39.50478162616017	39.43321477683642	39.49527725699736	39.44985817402806	39.42255868476895	39.482817812690556	39.4314955711239	39.45264870688597	39.38112293685006	39.4430203269743	39.41610822609131	39.417675954737554	39.413924327092396	39.43583973916738	39.41598206216351	39.45298432611149	39.46679888617667	39.51709987924807	39.29149068062835	39.377564059047394	39.40538235619401	39.36217678031296	39.373557304214906	39.31117496690334	39.33322282461958	39.37561403218759	39.39777886460991	39.391198798031375	39.35930832386728	39.30184463567813	39.26830176827334
MCW_CT_ROA_206_R1_trim	36.53850707117058	40.82043874281054	40.97034402394012	41.274691863580635	40.51683676257116	40.50689539555965	40.525255679046296	40.59549399190247	41.40086817706706	40.674180559556945	40.440605937105985	40.77950313166771	40.838872634972354	41.15895265959095	41.19573380173633	40.77934507392143	41.23779598705915	40.87362039200789	41.25638116557827	41.03792532989063	40.98748724183566	41.064462248092056	40.98713730762671	41.09505996486931	41.08435925204964	41.07984561979338	41.05948924032997	41.07928675147042	41.09628686106056	41.08639004200426	41.076894699828586	41.06722664015905	41.07549733584984	41.126899211740586	41.061387523987	41.04870404691072	41.09298594840133	41.091804867472206	41.06943429026143	41.12177191616166	41.09967592610843	41.08900798785011	41.163982738122755	41.1204428220002	41.12456767507077	41.13276910064238	41.1482834738892	41.12182449353894	41.185230161353076	41.23094639041578	41.18873325450933	41.229296549984646	41.140953812995086	41.13022142874106	41.091671551080246	41.02971955214263	41.078466415173565	41.05585271772927	41.172589890042566	41.185469842579714	41.26434001893875	41.27909477762052	41.28540789279314	41.15079910427696	41.160245904926	41.12695071619149	41.11632073809293	41.06494183609152	41.11687256414988	41.19491547437794	41.2260971989489	41.29203948819849	41.2959731308288	41.29659344164827	41.19837487253994
MCW_CT_ROA_206_R2_trim	35.53994838837863	36.78587229911757	36.43545932861116	36.774727967579636	36.10522167720724	36.51341422972993	36.4692079309092	36.61513152331504	41.24886436706788	40.98988327345249	40.363156412034066	40.894692242754275	40.68124962080432	40.86084698329363	40.83563519755971	39.3224741469673	39.694142753219275	39.43833261288516	39.678089879999554	39.52189679199174	39.526616227702924	39.539244286437416	39.509251647338566	39.56026394871181	39.532190242670126	39.51717818642168	39.51620598153443	39.53284046662233	39.545957139732856	39.549319640376524	39.56833712768447	39.5711609731206	39.62005706636006	39.54834518932453	39.54257208615238	39.538796718824216	39.534875549402756	39.54804156705035	39.52304982323303	39.55643450874175	39.52421836438151	39.544296531829566	39.577966097376596	39.573495124981534	39.55807345337046	39.36412729281249	39.506271023175266	39.4842292146097	39.49277998525729	39.50780050971285	39.50592175376897	39.517591099624624	39.43651702017329	39.47206030370691	39.42980965005049	39.42186043619785	39.43705589553653	39.43046737050172	39.451446001072696	39.4680738412212	39.47124825394324	39.526946209182064	39.472677153149874	39.420821163925794	39.413252146940536	39.37684277925651	39.3830153116089	39.32477187379988	39.342385229062394	39.384640246392046	39.40426106066016	39.40326907526089	39.35947149286122	39.34643459590428	39.35681451741945
MCW_CT_ROA_207_R1_trim	36.69975415907102	41.60830362220326	41.42136806946305	41.7179316041278	40.81997291719137	41.02485898004805	41.019749244156316	41.15044423874303	41.835915551503305	41.36740716081259	40.86745043047073	41.412014623752206	41.33957129996863	41.64914033939404	41.73231803920026	41.32901258763014	41.849699805564136	41.44340380876233	41.8808069088332	41.66826897959899	41.622731849915695	41.73226665857419	41.637911257054384	41.74336303448165	41.71701719972666	41.70295432012258	41.70811411373376	41.72946268109098	41.76179782060158	41.77699964476932	41.77907813782124	41.78386487641056	41.78834176969395	41.826234394829804	41.77425126839887	41.741683384626036	41.78373999202754	41.81014417256552	41.795075726106035	41.84529386446301	41.815274609870364	41.80723822020932	41.874810893537635	41.818994877654376	41.83845432225195	41.85608459274108	41.884208062351085	41.867678212900636	41.93896676253151	41.970304272313065	41.93005085535218	41.957956422749014	41.857959801271456	41.85890106187031	41.84204279710216	41.79493814858338	41.86334603281847	41.847184584092645	41.95997063545798	41.968488632596035	42.01975538373935	42.033310410402144	42.03898589135042	41.88314737715659	41.89788874580972	41.85467410050246	41.86664472625167	41.81928465938773	41.879162900758395	41.95173092451999	41.97529584294134	42.03304517017195	42.012074743827384	41.944482498508506	41.872361652339706
MCW_CT_ROA_207_R2_trim	35.9381249145944	37.09477236448322	36.82077880448698	37.082975317022175	36.56212882432917	36.86541448654055	36.8275889576862	36.94302316030791	41.89745739573978	41.76849549195368	41.20255415875787	41.696291627548575	41.47695649444227	41.62559649317753	41.63268709769274	40.48085002263724	40.81093027665591	40.58137991144808	40.81470914709065	40.68618033812091	40.68448649116691	40.69457134363161	40.67218541842932	40.71713899330589	40.68137896482963	40.6689880391485	40.6684723337154	40.68846915627694	40.698131470055486	40.69343374471161	40.72431876127225	40.73186454213112	40.78346675514462	40.716817442697284	40.71722626753581	40.71473643585021	40.705716215627234	40.71247535697263	40.68840777664887	40.72153139757335	40.693450743235395	40.72548873576559	40.765922366545155	40.76531094736969	40.745057337845566	40.55083998089503	40.7002514161911	40.67349308772325	40.67854270166135	40.697027476720116	40.69306179798017	40.71382572897693	40.62160313687816	40.64423210947049	40.58718234788755	40.55894638508404	40.55981592757218	40.54444642812989	40.570603747024265	40.57565283429451	40.56670048052497	40.61791021210715	40.548907014421935	40.498218966027544	40.48461245518024	40.43640131943705	40.43839146658761	40.36088885957974	40.37601079034866	40.397070245887605	40.40520927434288	40.41922063096708	40.37046953763328	40.36963369544722	40.39305572233016
MCW_CT_ROA_208_R1_trim	36.47192133517528	40.52723882132405	40.72997534678666	41.08592222806724	40.256068841182866	40.28604727837164	40.27849969685033	40.32825340226245	41.15091498239492	40.33225032389546	40.1494968259226	40.49505601847283	40.57225015358169	40.91323377301463	40.943735279966205	40.47579708011899	40.956252487487646	40.53826347849308	40.94879464227022	40.70855991472475	40.68443212219922	40.76268355878449	40.694387496984255	40.791132930572914	40.7845540851524	40.77945533705453	40.766606547291886	40.768167268071736	40.794881107523004	40.768833945022436	40.762075672197135	40.76144980437941	40.767560658220546	40.835860031798525	40.7567258419132	40.73734742046228	40.79340342551701	40.784593896195496	40.772757809444066	40.81451694535193	40.793244253945936	40.79460003344735	40.87934918491239	40.84641006954548	40.85760124682398	40.86610574644862	40.87848681861091	40.85358467384664	40.92508687952526	40.96439738455703	40.92785425716103	40.971936432508585	40.89713743313577	40.88332645408484	40.85803201378891	40.796429508487634	40.852783628719905	40.824025396292406	40.94628129566107	40.96980932849173	41.047120700500685	41.06734315000553	41.07055496930464	40.94744934913104	40.96418761660167	40.93560923330484	40.91673610614294	40.87296351345869	40.93012832545894	41.00631825339993	41.032320901505685	41.10239248824855	41.11132443630072	41.111952441523584	41.01506468037753
MCW_CT_ROA_208_R2_trim	35.88690130136529	37.04942782314636	36.84779308579725	37.108425989906166	36.58803983647846	36.90423458508278	36.85773017989384	36.96948489953111	41.851032315411366	41.63141601563167	41.16899819355896	41.57013910966672	41.39508483958354	41.53935601208711	41.51985430986881	40.258586285266844	40.562167630501925	40.33949493657724	40.545035468137414	40.431460819191926	40.436191882453095	40.4545419465634	40.44257426114489	40.469692918427455	40.448607469062175	40.426990485976546	40.4260186658653	40.429720639904325	40.45640539999204	40.44423366013156	40.464685099287586	40.47270939649453	40.51241666860315	40.458958740637904	40.45159983674455	40.44058847396211	40.446704646551225	40.458295567583896	40.436255188286125	40.44148871099661	40.41805563083467	40.45445450916444	40.47652464791679	40.48522329083332	40.46724078094722	40.28462698090389	40.427070566894464	40.40661945975053	40.40811669949139	40.41564660622528	40.43356621302674	40.444590392250646	40.38672268365603	40.42889459309042	40.40165373490242	40.390013065885476	40.409708196202445	40.39092307052907	40.41674317284816	40.445438481233666	40.42370745013443	40.469254810657695	40.420857332437066	40.38336074591479	40.384836878600794	40.36057252409978	40.3748823311126	40.31600847720996	40.3275911895185	40.37184991572426	40.382259069535294	40.38301750857465	40.341351731849834	40.321081485227694	40.34000688610023
MCW_CT_ROA_209_R1_trim	36.73865285917005	41.745121613143525	41.61211983829405	41.822825952936455	41.01791979736911	41.12327001472147	41.12364123796313	41.2528249787746	41.92368494564952	41.52751192646551	41.04109668339061	41.55917290594995	41.49817189603153	41.79863116361626	41.86035457790745	41.509379150984735	41.98576905125799	41.61203915569525	42.006674238073025	41.81331822592183	41.77344876744572	41.87703703441442	41.7990599877409	41.91479191308466	41.894941742042	41.872338416074925	41.85381080166985	41.87749660403961	41.888002817817544	41.91202096360779	41.91640615840815	41.928513610881446	41.94592607059265	41.983479738461256	41.93455188506641	41.91471165407951	41.936057084664775	41.95311109724447	41.92934555371584	41.9686614277657	41.95089613744072	41.93843539381339	42.00754316571279	41.96617417817912	41.995873649391655	42.01207538938207	42.03624680018055	42.00147099292165	42.06655599965464	42.07865586040236	42.03231375413428	42.041506353181184	41.95697482074862	41.96287871825351	41.958628993904384	41.92419856277133	41.98711931560103	41.97356939299129	42.07437392189826	42.06089916664742	42.11067926463335	42.108979624156156	42.11787753755888	41.95621161833268	41.978922265983925	41.95383280407119	41.96542748520855	41.920773110316176	41.97229934319995	42.02951601105377	42.048481633775694	42.063269295738195	42.057514243764004	41.937266630729646	41.85556921998344
MCW_CT_ROA_209_R2_trim	35.87039141342616	37.07793115681365	36.78443724087302	37.03462518197144	36.53979753905722	36.79118577590083	36.760136501104995	36.87220538116147	41.77955402581603	41.70901380298577	41.13602096625591	41.62116002861803	41.399290320250756	41.55914785676326	41.5468071049761	40.39821010726717	40.70199460566207	40.5300900974263	40.7378264029096	40.61211423460937	40.60842676852994	40.60987344895888	40.60420528986239	40.654218356737054	40.62562833685706	40.59450966653384	40.584795940207066	40.63364053239576	40.62585977884604	40.62984694360865	40.663881742494986	40.66986497878785	40.72488694847867	40.660977154496756	40.67042282808403	40.669316912296374	40.66497693580447	40.65677865304857	40.64243462079756	40.65815028705946	40.651421656769614	40.68662257049221	40.733444562130344	40.74363752797252	40.73014367912802	40.56600528363698	40.7045608979942	40.658422032481106	40.66977725919202	40.69145077427669	40.67566573214191	40.719881099592186	40.6139646584974	40.66594341516914	40.59917546371538	40.568498446012285	40.57450960545631	40.5459268394143	40.582165281311795	40.583399344565905	40.57447009223674	40.613223119636544	40.544108571785806	40.49104242211828	40.45757332381079	40.4161207072226	40.389063845049336	40.27679205004647	40.29311548421024	40.306961975743945	40.31539597573708	40.30345361836382	40.24956286628145	40.25149178554683	40.270228948909434
MCW_CT_ROA_210_R1_trim	36.54236405723047	40.76114553288226	40.83996139812614	41.21559973499722	40.316911675882494	40.46008883246159	40.42526006770469	40.506658388131335	41.33373771173621	40.60490577352432	40.36135559865401	40.751266313164656	40.76967978602856	41.086104647305476	41.1253279290934	40.64817584606888	41.121570670738045	40.71898463450155	41.15795274062692	40.950959124676615	40.89999444639549	41.004620729530984	40.91351325495003	41.02698558011606	40.99536142082567	40.97356038929671	40.94314207097583	40.97105756555944	40.99595252158635	41.005411196762225	41.01294843494804	41.019086952724926	41.01941352801086	41.079421384975	40.998143784574005	40.96307246151599	41.00629846463836	41.010090064163926	40.981626440162096	41.06051235628109	41.04330089133529	41.04542477854337	41.134563420357985	41.094442812724715	41.09581898362473	41.11438847484377	41.11552136809596	41.07877063809062	41.16036688092388	41.213685528403374	41.17983276532736	41.238077726726836	41.14950721789223	41.145767306873424	41.1124898229844	41.0458767279501	41.091738590018004	41.06541778557568	41.18269596877915	41.19119846286388	41.275407122003415	41.301522203405995	41.319016308878574	41.18616289390209	41.20141705444409	41.15141087893545	41.149922731787164	41.06951450674852	41.11928018960078	41.20445139702111	41.240244340408125	41.320284909145236	41.33280801965185	41.32578219218282	41.23011955455044
MCW_CT_ROA_210_R2_trim	35.67412258471886	36.878064599730756	36.63567401914419	36.95936251803888	36.343364532731265	36.745534461986985	36.706896616955866	36.81885891922189	41.56044161995238	41.350344227450904	40.787194468579024	41.27966297967927	41.074110837770576	41.202509250920365	41.2116073357707	39.80809495105338	40.12280509736153	39.884467496598255	40.12374952875506	40.00797029432053	39.97431614347049	40.00351419162107	39.96899773895397	40.03081271402973	40.00611954930346	39.99692238300198	39.98441070932705	40.02184384942105	40.033443362589935	40.03605665307996	40.064857903069765	40.05893672460349	40.095799300451354	40.04827779979029	40.04460907737614	40.03040035650778	40.033873767817234	40.06377754788041	40.03039631326159	40.06709582003031	40.02136385814556	40.05997143781149	40.089402427605584	40.07872178744897	40.05773527116707	39.85899484179284	40.013019547904456	39.989109263824474	40.02021541111827	40.01775161886011	40.02456734165796	40.06100297528274	39.96444290761283	40.01093799549264	39.961113905450176	39.951976326690954	39.96634350590921	39.97653865283411	40.00873533881083	40.0301365606188	40.005639995555754	40.05850042655644	39.97738447883823	39.962139436903975	39.95510419713464	39.919398500082885	39.96319280553993	39.88715428615981	39.90696921934134	39.96139306660566	39.97924695308557	39.98855515360441	39.94181108180828	39.92324821055335	39.95031835552731
MCW_CT_ROA_211_R1_trim	36.558423865159355	40.78990053229053	41.02251494074274	41.269016953734024	40.59783610771486	40.47530176881367	40.51530135603559	40.567692310274204	41.40556674875844	40.67949050440941	40.50306144437341	40.77473266758679	40.8506286632491	41.160794223899416	41.18710030607748	40.78704718417558	41.21692022460232	40.87029860381543	41.22255865370124	41.01499533336302	40.953963545107655	41.02357695233053	40.95268193367256	41.05271394431975	41.04926146349454	41.04421182443761	41.01688268821511	41.02763167155478	41.038268799440296	41.0230409506092	41.009779630548536	41.000831960080255	40.998586238551646	41.064972343457235	40.97705273432148	40.97849320477483	41.00988271298423	40.998972115752636	40.986371680317625	41.023779917948396	41.00965303732309	40.989409554556076	41.05293400783641	41.013657017573244	41.006572640817616	41.01834947005023	41.027353369158476	40.97991037814157	41.052869468448314	41.08548793670352	41.05067933381458	41.08907494224715	40.996059125912296	40.980785952745705	40.94267808583213	40.87129644822925	40.91275775705506	40.87720933471882	40.99665667705603	41.00248078065435	41.08461270972158	41.100009051550344	41.11122139574442	40.96737256451741	40.98138136907216	40.943974358518744	40.92091246980176	40.85820033726161	40.912108398019825	40.98346472088812	41.01645149200687	41.08215313490038	41.094738208203665	41.083629991022846	40.95881644814509
MCW_CT_ROA_211_R2_trim	35.67266755030786	36.95810572773971	36.59792116246452	36.885994720055066	36.25763238355743	36.60709727311622	36.56632236014324	36.71052885080665	41.36972905686351	41.15046947624055	40.54067218404601	41.0312070895107	40.80597842857197	40.98447560526578	40.947241381200776	39.45946350235563	39.79237678160639	39.57293903621979	39.79598871192392	39.65105952015202	39.64864821623528	39.65421973738386	39.635125151673996	39.657235325616675	39.622377634113896	39.60032673135057	39.59100911508232	39.627755484674154	39.637980010214676	39.64138756899303	39.65260470728357	39.65097469581077	39.69688396731854	39.62052610450689	39.598857205740586	39.60241166032959	39.595792066198634	39.59721484583341	39.585067913938595	39.61312087066703	39.583796088181295	39.5832458761611	39.608014797799235	39.59951126837476	39.56453334804579	39.38432555187635	39.51544931955263	39.46872223199597	39.48492655575048	39.50768102099234	39.499872228345225	39.50440836886325	39.4073573788364	39.43888589017234	39.38503862026626	39.35236991216579	39.35844002708705	39.3349281202753	39.37337407122404	39.382181338781145	39.3974867562512	39.43897192308563	39.395015169567074	39.325492979258335	39.287316277100416	39.22247403156053	39.20655784984075	39.116893463212755	39.11782619897898	39.15427072922892	39.177898970963085	39.16556971781181	39.12913944166578	39.096601752332305	39.0604251356816
MCW_CT_ROA_213_R1_trim	36.40834222928845	40.259332007858035	40.500887214101795	40.83651325202549	40.020686825450134	39.781199873358815	39.810726381613854	39.8697062333013	40.92597421559069	39.953656575904574	39.947246354524204	40.27170385064973	40.36674770894028	40.672839939200884	40.71796286658106	40.179332076351955	40.719378885180696	40.233325639237165	40.67036719138382	40.429283735097954	40.520363768814526	40.45775117675876	40.493290809568485	40.30434734937128	40.528186557325675	40.55261633392662	40.55731392725224	40.5240592661562	40.533145342789794	40.53664637041475	40.53390504179951	40.55306964020969	40.518591872208276	40.57577633226141	40.57464833211266	40.47116356928587	40.56621337918013	40.53914946962774	40.58762474014343	40.594823143665565	40.55905693784276	40.61252610892668	40.459186116039994	40.65218979075856	40.66039647855561	40.659445598886954	40.73394753293386	40.724060210440854	40.77449991171203	40.79573322374845	40.761535755069055	40.793022973023085	40.77198759168584	40.769082886586666	40.79086560678835	40.72273368735341	40.79457263090398	40.72467399540893	40.84137516742814	40.876611568202534	40.93987899308218	41.00968129134869	40.90908097063643	40.96139777907276	40.91304677661228	40.93063743232531	40.903642948837664	40.85447544789211	40.904414964438566	40.933659264249876	40.99768978756475	41.018418637936854	40.99177007274745	40.99024530104721	40.96977688094109
MCW_CT_ROA_213_R2_trim	36.05795372463783	37.29221315361389	37.03194652270148	37.25577191077131	36.84214572062285	37.01356451818645	37.00256667662749	37.12370694830949	42.07396059158695	41.98269637720329	41.589321771064526	41.88144374686517	41.75534308907243	41.85973360131282	41.85718535594546	40.70757956993939	40.94288136591371	40.701304638013326	40.94623849469119	40.84122368050861	40.85359756343734	40.86601491205735	40.67064938209066	40.86836499439184	40.785714936611065	40.83126251750747	40.859968074468405	40.849555522536605	40.8565882927512	40.85157600657939	40.858898156041015	40.863172344649705	40.90312437654392	40.86925447297406	40.85675594835983	40.84745236107758	40.88362016294785	40.865898730368514	40.885927754486836	40.84459917207102	40.84858981936037	40.8595291497131	40.832726021340676	40.80950868857963	40.73969317817224	40.748388579012754	40.754973008055046	40.73256809665984	40.71441839170493	40.70654291748822	40.694804777528795	40.67898704283561	40.61831994329875	40.621001766694484	40.60015975340981	40.47801350662178	40.57048750863269	40.5288548040606	40.519693700154015	40.53506112360922	40.558962372018634	40.581032050026025	40.56384617162962	40.4833571504708	40.427041601138754	40.40166893670994	40.409355502760654	40.33523207160438	40.32954044306479	40.31288504963338	40.25649062801998	40.15109031346941	40.16202760950466	40.251190002776475	40.1582101590111
MCW_CT_ROA_214_R1_trim	36.24074464675224	40.05979344522832	40.08432907296327	40.44474111666717	39.95177632627051	39.9538919572356	40.02722133609304	40.04936708376773	41.04227011657228	40.1150077043959	41.26812763424703	41.63290369696298	41.637544814858714	41.76156270671019	40.38122194076694	39.70727014927751	40.183211457885264	39.670026924118595	40.06227604362159	39.80080588167444	39.87522917655755	39.87012824794092	39.87311816307607	39.93589973998164	39.8820803988011	39.89186963734546	39.8989599938302	39.91137079396652	39.861282569143164	39.88823324459056	39.969533580945765	39.990820140334684	39.941666559950825	39.92587123771681	39.887462105071705	39.87671270791133	40.0123914562235	39.8368695213552	39.93276791958099	39.91113174949667	39.86941439059742	39.902529637001685	39.93250799291208	39.932400071764484	40.072071651816955	39.963652900720085	39.98339207437177	39.967212824647675	40.00929674714231	40.01373563718532	40.0259098459995	40.15260773510485	39.996626122394986	39.93081363207308	39.94003036666554	39.8602010501211	39.85455891994686	39.79413454204711	39.94218856807688	39.93766629031466	39.971911975914225	40.197489808955254	40.019741129846054	39.956730006078416	39.90831478951981	39.824348772317414	39.89358191056868	39.61789418406197	39.6968409138582	39.75053582219463	39.750357334990014	39.83905982640435	39.926802413618226	39.83190804254309	39.7847403336614
MCW_CT_ROA_214_R2_trim	35.86335207015187	37.039352692653274	36.69865287681534	37.043003071511414	36.540119458263845	36.738886092082204	36.77520634087155	36.83616006423471	41.57248658906657	41.42111984502002	40.913614595646926	41.43779421182933	41.11399121227859	41.29111403257782	41.22745686565024	39.83961244538702	40.239433630890176	39.90602616325012	40.174669358446415	39.98858854725267	40.070354733766465	40.11590182436699	40.108022022212126	40.016799246455655	40.062790731762966	40.10207034125418	40.06828352334618	40.072536260480014	40.09943000647923	40.041565548888464	40.08691473355353	40.07591107804163	40.07801672747483	40.021999756142954	40.03332549219228	40.06493875985159	40.120288155361855	40.044924956929776	40.090155820229384	40.061428846272996	40.0199376316056	40.00826713276838	40.01380889070772	40.05118518734009	40.081551900936596	40.02059297363803	39.961304223908634	40.04058136132939	40.0146006228113	40.050659229550995	40.04234162256239	40.09377586715362	40.049701909586446	40.148664846373634	40.16954151171092	40.177706804332026	40.181357114882395	40.19626575693201	40.22211434375527	40.26614008729898	40.280016993638185	40.36373520173955	40.23025687592443	40.17876154274452	40.1654773398187	40.18174069029597	40.20932931707117	40.145739490192845	40.12969084424598	40.07455788557376	40.03263557833614	40.051486824503854	40.00617906577611	39.963506092112695	39.918054217944
MCW_CT_ROA_215_R1_trim	36.63324353270848	40.867281214967726	40.95508016417626	41.26252365310399	40.40125211822823	40.36418416610407	40.362961808073365	40.460116715222426	41.483893333625325	40.66741895262151	40.58698693532478	40.980352522368186	40.968510366033776	41.277365798419865	41.23377938017143	40.81440440157509	41.396203778767116	40.97804915378152	41.39207071208498	41.18447660975643	41.26148507171929	41.252669972054505	41.243659275286674	41.04928401992218	41.2361394755102	41.231292398595585	41.23474160101869	41.234843088468615	41.27746320699025	41.31473357626829	41.3157230548654	41.340880879350756	41.30038242852162	41.33854007180083	41.31796849893851	41.19601193964596	41.28088496653634	41.28362096112228	41.35103559683119	41.4005286239485	41.37699702995341	41.4491255539697	41.306666563020684	41.509982546129734	41.525280144331965	41.53773756354383	41.610145653395	41.600134126790536	41.67777308687526	41.72934339477205	41.72004880916921	41.7697232733324	41.73908749533568	41.75405860650735	41.774761382098184	41.703165039044514	41.77262832885012	41.70680201841992	41.83324796728201	41.89408320328863	41.95537841405181	42.02214277596091	41.92535485314958	41.98852280713642	41.92764352584216	41.9488215627366	41.91847781934658	41.87512707721593	41.93131640762674	41.9876036129923	42.04339270439474	42.06471857882689	42.03890759177302	42.02249097968098	41.99938393436735
MCW_CT_ROA_215_R2_trim	36.12463912168893	37.387152600589175	37.115157818510696	37.340092514820654	36.90734584961278	37.0990922240902	37.085448538146736	37.19726207794672	42.20792484217574	42.101805870347235	41.68161482173811	42.033868083369526	41.847528703063986	41.9999444344708	41.9762901030994	40.90980322523683	41.19789944202371	40.974861559993826	41.205083124083934	41.10566914947722	41.07858582611459	41.130279346536646	40.92211207130431	41.15343072437258	41.06454854248416	41.11635213932501	41.13586032979023	41.14351808940827	41.16602947203332	41.15975192384737	41.182292136420536	41.191445156937526	41.23008724157414	41.20591071200094	41.197380602347444	41.18933889269926	41.21822745479054	41.216050417426224	41.22854649263064	41.206090063743666	41.21573460685667	41.23013599131516	41.19064853638746	41.1652253581132	41.06471892929666	41.09042370323124	41.08029848249807	41.06477225945655	41.062132738489595	41.07347581303658	41.085743946104174	41.09358510721137	41.04275356084217	41.07457777673293	41.066960278551996	40.948037366920865	41.06157099577852	41.02132943463009	41.02709051669126	41.05255388074143	41.07985158237495	41.117034043097036	41.08449124485454	41.025622686894984	40.963022242003035	40.94466462199344	40.956177740034285	40.881079534988075	40.877396542177635	40.88623331315832	40.84880328889862	40.73518416273754	40.76696871631623	40.86344917840567	40.777080605028516
MCW_CT_ROA_217_R1_trim	36.64198400916838	40.8710590108432	41.0522263826868	41.344534564704055	40.65738079691069	40.46831646277183	40.51307881025804	40.5722443496434	41.592603647951115	40.81451061676504	40.798414574014764	41.11723386771299	41.1403463800187	41.43278768738868	41.38695725810507	41.07535825328596	41.58584201250795	41.19080551920305	41.54846845554245	41.349257719800605	41.42321534266481	41.40991533238525	41.41238094188551	41.22332813524382	41.42362891630818	41.446379170345836	41.44383045265785	41.42519738282299	41.442844536271366	41.45907004308861	41.45952276640867	41.480238191062625	41.439219441958315	41.4851766672453	41.471855230264	41.365948153009434	41.44457588200542	41.43329039077229	41.48095683797662	41.506259807765325	41.48516217161063	41.546431987828115	41.40113965440337	41.599702230546185	41.60385144701146	41.59500784598171	41.6522999102665	41.63317423565739	41.68626386088906	41.71460839938323	41.69662896689924	41.73295703666324	41.71177168089876	41.72102634518922	41.73281540337984	41.65892729438763	41.711781004553515	41.637662347903934	41.74301791482705	41.780069829886	41.83003149770894	41.907638606935514	41.81069517946646	41.87358901188	41.81894019003368	41.828328739453305	41.79834035345393	41.74214744076952	41.78956063721723	41.818214454984684	41.87350185046409	41.882780744053925	41.86357237659811	41.8747462434085	41.849427415474985
MCW_CT_ROA_217_R2_trim	35.93101731437808	37.21641330021693	36.888229611100144	37.145836624463286	36.64816969868552	36.874758027883054	36.87702889036937	36.99600094133782	41.7930193069702	41.64890132963424	41.172316341769765	41.56190566771596	41.34951909824903	41.504284358421586	41.48371740431938	40.19751463539912	40.515462733432365	40.254000455138836	40.51142621089377	40.394308569989974	40.37144648214139	40.44331225689927	40.2173870145961	40.429289436241625	40.335862518256064	40.39262644690511	40.41406708677733	40.41579700299038	40.43204290285437	40.42421623762071	40.43623869028805	40.43867019322008	40.46891218343265	40.43883313082373	40.426434254419775	40.415437371620584	40.454935363036135	40.44202494189151	40.4596216050068	40.42546926348524	40.43099244549169	40.452418495672006	40.421502815351545	40.437456634305825	40.35757455594249	40.396391572694824	40.41818195512493	40.403892207107354	40.3972048077549	40.394677754337614	40.40074907569612	40.406871327580674	40.34298694093322	40.368919447029135	40.35269520942012	40.22949891559199	40.35025935395356	40.30205679010519	40.30371918417985	40.33543270278772	40.3583824747207	40.40141537928777	40.36918467582284	40.3031960348223	40.23529842049572	40.2211838855442	40.2413956456977	40.145797736409506	40.16184970263726	40.16288283533092	40.10818442736097	40.000786516376884	40.020363951404214	40.10477916290636	39.9980483797559
MCW_CT_ROA_218_R1_trim	36.55393993524561	40.848416226786	40.90931915320827	41.20782189613735	40.33175877512136	40.187498249117525	40.24462835594259	40.33177018328842	41.27878538851508	40.52421838481988	40.38762104470569	40.82352471788586	40.80509024643132	41.12850463646826	41.09555455372224	40.655379689652655	41.23646901960655	40.80277986669189	41.20515167865392	40.985605116186534	41.06275813436183	41.069455652496224	41.06654667150653	40.87833664300143	41.07622964540862	41.07470578156878	41.07564901236725	41.04722584460753	41.08147939549331	41.10767333967778	41.111487341197126	41.147032597964966	41.10802206452736	41.159370636369424	41.15041630408847	41.02892488245829	41.119227932046286	41.092656550768666	41.124584117248354	41.100654121061126	41.00845530156767	41.027248665353795	40.86271723866415	41.03895351858803	41.07458707972035	41.08881090466892	41.17585204401566	41.15585097992556	41.18797376105059	41.18428934066668	41.10217054432983	41.10323554811894	41.04210349441188	41.0464793602068	41.089926176641036	41.03280139889756	41.13053180334193	41.07169203081378	41.1805472065219	41.20587150803244	41.21871927854868	41.2433294839264	41.09268403159908	41.131707115508135	41.09084282912792	41.14288375749343	41.12353929365398	41.09180018275197	41.13595252900955	41.16299419389841	41.1784360668485	41.14170727976913	41.061601573629474	40.90130819217725	40.87353176474755
MCW_CT_ROA_218_R2_trim	35.98509409313305	37.24809903355127	36.987886052801905	37.21499577791805	36.79898781576092	36.91731373257761	36.930871868432014	37.04222076686819	41.934877731631225	41.895288451885136	41.461595713557024	41.823582118177484	41.610382056594794	41.752719717779605	41.732298157352865	40.59892287461268	40.87833820201005	40.65164745826221	40.87440470663546	40.77769653786344	40.75545122925275	40.84231436716745	40.632562409137634	40.83632819813848	40.762493408008766	40.80662780834475	40.82230555165871	40.81708959506861	40.83371121319128	40.82543185350131	40.83688707000915	40.858641321905615	40.88839275323086	40.86999763042496	40.86641561687347	40.84962185595984	40.88616284610405	40.87593118958814	40.883479392491445	40.84352839765753	40.84857753174102	40.9053136112292	40.89774552723784	40.925294550002235	40.87512279517398	40.92323879054743	40.95582677453083	40.93430839972525	40.916762233164384	40.90924510909203	40.91963109409392	40.93591272700094	40.859021524138015	40.88188375896604	40.847196483088766	40.706663229385875	40.80257749477894	40.73803104874895	40.71086003737318	40.72317108660366	40.7187077985938	40.764678980860346	40.69079224787502	40.599919538005935	40.49452726981409	40.449818216188945	40.4390513416173	40.320109791787736	40.30066341653183	40.26918154905979	40.18213242393438	40.03901233596873	40.01462017495366	40.12289632857468	40.031369874150435
MCW_CT_ROA_219_R1_trim	36.51902384067118	41.21814392119604	40.896826141534994	41.35866877309673	40.73026536239066	41.01594727719596	40.95764220289651	41.092351719906446	41.92606268138963	41.323377805159204	42.00530430561243	42.41019156782582	42.37811632946609	42.459705202554616	41.5169760955584	41.012433653711604	41.51819266519979	41.003682091952996	41.41135668245299	41.154210914156984	41.27026153004665	41.28728677822646	41.30435742957743	41.3336299391216	41.25396193161946	41.31312535146415	41.37214186158263	41.36388028484224	41.36226143768648	41.33079631190333	41.46422438008449	41.496421280799666	41.46770905902495	41.471064196261715	41.4344437644522	41.42661801464081	41.53809716509138	41.42305437992394	41.51703862071316	41.471186427978594	41.45710551111099	41.493888796720974	41.50148728745925	41.49885485028761	41.58789922069194	41.51626034283386	41.55938340973644	41.592852681961304	41.65990610806482	41.61884759006462	41.63498269009895	41.75549769817503	41.62863424439244	41.59714414379528	41.583550089296594	41.49749073490308	41.53429302698156	41.525801290671865	41.66031521996532	41.657398594421174	41.69057796745577	41.854076723355796	41.693320550816225	41.660430664758536	41.574505805086744	41.49977713233805	41.55432111351998	41.369134598651016	41.485866819701776	41.506532621381176	41.52369441179465	41.60456548833787	41.65163013819698	41.612102905050726	41.569928810306145
MCW_CT_ROA_219_R2_trim	35.8430098962926	37.041295371227726	36.58937712862509	36.98941902662064	36.3806587607627	36.7277012037718	36.695108374429466	36.81973474071725	41.58486856177138	41.42202543571012	40.90587271579223	41.43328825921386	41.0845709273106	41.234693665774536	41.223089072690534	39.988674487859576	40.42549504190819	40.05883938909734	40.37927532959718	40.162370922491576	40.28945209254668	40.30552912132535	40.27274619209431	40.16760652653654	40.22366365657722	40.27085439000364	40.2818641699799	40.22502277145872	40.33081456265094	40.24330162393359	40.29066364188281	40.33085813723079	40.30519308851357	40.2857864190673	40.28609222329359	40.28778414309657	40.32251063608486	40.272212695962004	40.34448846490351	40.31511706597925	40.2952398476485	40.303469903030006	40.3015579987218	40.34811249372976	40.32168657607302	40.26232995305788	40.20832843615597	40.31450008662984	40.29629969790216	40.27943925841521	40.295074861851944	40.287315944983135	40.25116308715533	40.25821992631869	40.24485799220878	40.19088827719572	40.17247124715159	40.22136832164095	40.254694490067266	40.26849899138924	40.27269316668495	40.34089402397869	40.215379781128576	40.201014301729295	40.18556312140732	40.214921259767216	40.2324557825909	40.223620815643926	40.241981080469714	40.20498136784684	40.19871255687826	40.24261368500822	40.16633748581546	40.19904053930295	40.13328952279226
MCW_CT_ROA_220_R1_trim	36.472443598114616	41.45129583720258	40.84198298209012	41.360780337496536	40.53385552727293	41.00200669660212	40.910111372557765	41.091095380932735	41.83778410166077	41.29842285980175	41.80389947424669	42.352016243218024	42.27076893433473	42.355786501500695	41.439301347562	40.8429573739575	41.45255759375624	40.87822573834171	41.33888974245215	41.085569469171624	41.204583293080375	41.240244775403106	41.245849455214646	41.2628745641638	41.1666954281579	41.242812944975654	41.30564286427612	41.30606610103448	41.317743604155915	41.289102637420065	41.465386620903864	41.512947958371804	41.48998903705097	41.49089716268081	41.443161500260544	41.435952939464975	41.54659974476926	41.4399359677885	41.540805910467995	41.48830476902145	41.47363226300151	41.51294675261655	41.5164800636882	41.50942506741809	41.60488652820706	41.52347723469375	41.573130830873225	41.621811562458916	41.70286823950784	41.657811630942255	41.657239250827516	41.76580419470531	41.6484400339121	41.61470968452949	41.59699461972942	41.501969522518365	41.543706021722876	41.55262756731735	41.690412123153564	41.70281001355311	41.740027960896185	41.89726168276347	41.73737975328105	41.67881556177807	41.595395636971425	41.512485583422645	41.56318962264498	41.377925879395065	41.519655541276904	41.54332991580019	41.54861842928839	41.64340037468408	41.68678442942832	41.60071274340137	41.56699830327427
MCW_CT_ROA_220_R2_trim	36.14219403483541	37.248405591792455	36.90522282806658	37.22569733245433	36.76346330217818	37.01401015903849	36.98712242973956	37.08449392476803	42.127103660437385	42.03019701738065	41.58730713087496	42.03520855844485	41.731255788939016	41.867948449809276	41.83719488349086	40.910643481032196	41.2901402624651	40.984467081502835	41.27337950321508	41.0791921532565	41.19927217335577	41.198334659290175	41.17215897520376	41.06314393997995	41.13212736880672	41.16386537798955	41.1781732008934	41.13737840707542	41.22485976497202	41.152588025038604	41.201285892518094	41.23348099443408	41.221527159857764	41.20426219144527	41.20299257896335	41.203545351247804	41.231159133013485	41.1864941543412	41.251440776425014	41.22543354923549	41.216254929591	41.2242261214253	41.23121146335961	41.26862742053159	41.244726459421614	41.19630252232264	41.11307176173139	41.228992771798865	41.2210211777505	41.2104556639369	41.22619071040589	41.22276382256151	41.1902090600912	41.187661048936654	41.167704761743	41.11072185043633	41.07264948422849	41.12110942303745	41.153347997244865	41.15481274681016	41.15253893959798	41.210812837312986	41.090440874572266	41.08951226852029	41.0672174442663	41.08310402556641	41.094322211242805	41.0811514060398	41.08480577806337	41.0571694442218	41.05009358861583	41.099942332760065	41.040235408147964	41.06695336647158	41.01359772576973
MCW_CT_ROA_221_R1_trim	36.47985713131823	40.22625485502694	40.51150358384456	40.852681274148274	39.95455314792557	39.76201721066902	39.777882238868806	39.82982593008115	40.92455780764724	39.89648679743829	39.983181243824255	40.29158436619356	40.36683081652305	40.70714972976163	40.60315688066723	40.084818712071794	40.64371149466855	40.19390715634176	40.60350574483245	40.37728840463988	40.47446913394129	40.44124211514543	40.44292182253671	40.25606186694717	40.4413098675654	40.46690665927226	40.4468730070556	40.425983331648105	40.4427604713239	40.47075987706389	40.47596338618406	40.485531125855125	40.44406826999755	40.49685362226893	40.47125075140892	40.361211131082385	40.43681692487345	40.407311604351705	40.46376655062176	40.48129843581985	40.46006823424016	40.50151538646899	40.3521907880453	40.54296255553911	40.54381547389305	40.50955513647469	40.57374961186596	40.5419279793124	40.5832576180416	40.62467707726824	40.585810467039586	40.62555909810433	40.59591372324482	40.590503193827864	40.59871013558158	40.51352506231964	40.56523825826246	40.46739154054116	40.58743909857415	40.62098278074133	40.68192685438115	40.78135811925608	40.661149598998776	40.73305402658309	40.66644562366129	40.67850252817963	40.634469476239005	40.544722819074266	40.58672078744065	40.62075139493271	40.68817447347238	40.692894694596355	40.6793833382167	40.67985961906473	40.622680111982895
MCW_CT_ROA_221_R2_trim	35.77748971136665	37.11588551537056	36.820248702477905	37.08960741593737	36.589352734772994	36.76686886399296	36.78690649397237	36.89745161623825	41.61665421526809	41.500635433723666	41.04388437119128	41.434339163690645	41.24482434105142	41.4203876213608	41.340674827340166	39.98951261142802	40.2951064281574	40.03181988714037	40.2942896182212	40.17920112174957	40.16217029488303	40.239760345271385	40.03413110634621	40.245819143449395	40.17046414434621	40.220757697229665	40.23232632948975	40.22212737348097	40.238766901730365	40.242330875302535	40.26254205129741	40.27353756913794	40.308894460358836	40.28890639877178	40.28814318083178	40.275571350854	40.31877200850521	40.321947851256425	40.324458440189765	40.28404016318728	40.2946050995509	40.32216639869929	40.310470297725416	40.28886994623748	40.24754864194764	40.271037766545376	40.28166001273512	40.24429792845816	40.22293578997143	40.228204711592745	40.240837793383214	40.26494714728006	40.18183944863531	40.21284235575706	40.21061477962844	40.0610037995263	40.16779285662704	40.11943209239903	40.11216964013309	40.142530618563036	40.14131289923624	40.21015597957618	40.16638554650901	40.078909614595005	39.98116909971895	39.93934692668931	39.94376209015005	39.841162359588694	39.8282302160811	39.818239999941405	39.730498387593684	39.58586628979328	39.578659909419216	39.68453874307658	39.59015548546368
MCW_CT_ROA_222_R1_trim	36.23694244761435	40.3983291678969	40.383237841356674	40.71192344561672	40.34495153652109	40.27371957783654	40.26045459899952	40.350703528020404	41.20639810597896	40.452373790577106	41.45569142944784	41.77809660630825	41.866084922041225	41.944697890609575	40.72814968368321	40.13793119133372	40.561919398212005	40.05022123504169	40.44645691217399	40.15053177325828	40.26888056613298	40.24095175038626	40.29099521445045	40.33367802671544	40.280266677693376	40.30499640404858	40.356448433673734	40.33591022870117	40.29971767401948	40.27010848250093	40.355038251546276	40.37959987983395	40.352086334645975	40.357487724058466	40.33589369162512	40.336271615939076	40.46213789815942	40.322428757994885	40.402483444066775	40.36084633012924	40.32719144441614	40.38472730764613	40.418690646422554	40.44552652502442	40.56555965853027	40.492645380072844	40.53757924746864	40.564915972351145	40.60472920533711	40.573757798155825	40.58705676095255	40.73598943740562	40.60378729608626	40.584713141246944	40.60179322267021	40.51792157504325	40.546283129622616	40.51799392104377	40.65750297356231	40.64517866060063	40.67751904379217	40.86895406224464	40.70055195688687	40.69209340954168	40.6238377533712	40.554382515477826	40.61146257608876	40.39288052651531	40.48376497641881	40.51931600988307	40.52735334834288	40.610046705315426	40.66417358478338	40.60102830242239	40.54862247335554
MCW_CT_ROA_222_R2_trim	35.97454523951746	37.15529858412686	36.78143528546762	37.078405683646665	36.60311375242501	36.82855582812598	36.805296018827306	36.920568115138785	41.716177204173256	41.55942622544517	41.15105464843487	41.51344719835674	41.26114257959031	41.37335659378773	41.30659722894481	40.05016429480248	40.390805821005436	40.10228220236949	40.41710057505266	40.240793001237016	40.36607798456055	40.296799089711484	40.27616523399857	40.140552634315405	40.23849126823242	40.26264235290508	40.236201101378214	40.202565588864935	40.259632801306424	40.21004618733351	40.25191514420019	40.252707542750684	40.234934838135594	40.19877782465957	40.19062332215615	40.19537853966549	40.20106465860311	40.159784470582544	40.228039128664	40.1773325120817	40.17866838837279	40.18820367300651	40.18028849074972	40.190054571250506	40.153395609590525	40.12961712244834	40.05323019191221	40.14437698620449	40.13658631990295	40.130089908676354	40.154160604516846	40.14968470448564	40.11567145975311	40.14022444865335	40.12109525422217	40.075027742217415	40.05947599414582	40.05553046938998	40.09770207393201	40.1168162384494	40.12598043417747	40.17362928992864	40.09585835439845	40.05232905365216	40.00618873367991	39.95131924623519	39.91478802415272	39.8559086689827	39.82722883879075	39.78282839767041	39.7766086279227	39.78754610385536	39.698178327101736	39.692937123450946	39.60560667461264
MCW_CT_ROA_223_R1_trim	36.70139402046927	41.29508454361003	41.301256471426726	41.576962334577644	40.75722205156637	40.662185713545355	40.70517358147809	40.810761528943175	41.71080958532284	41.08033826638478	40.8536167805338	41.3558120932049	41.319219136320214	41.63660794288505	41.6021346867585	41.26141721835285	41.829121007701026	41.401994630550504	41.787409924507585	41.58221409166674	41.65671563840667	41.67948264662	41.68667858639681	41.50469789719439	41.71468809493685	41.721240801149825	41.71080670321455	41.69113641600155	41.714803216308965	41.74530287769016	41.74995414176832	41.795576742669176	41.76716971675903	41.82532721381922	41.81892828162935	41.72244241849215	41.79936506394658	41.78702900629841	41.831952118091515	41.86428826828485	41.84424109048085	41.914472680802426	41.76862644226181	41.973893142748786	41.97028460064911	41.97806522937955	42.02471880417919	42.001852026219154	42.036840581589985	42.06651580913884	42.04602880501011	42.08617870604595	42.05728745276985	42.05137199484266	42.04893655896892	41.9677409223233	42.01011986647851	41.93155482979187	42.019775781832614	42.051166408359606	42.089070103451	42.15655795640024	42.06671934673983	42.10800854505811	42.043259380114016	42.045042999034045	42.01366983288781	41.943930493048036	41.95995952260065	41.9994047972801	42.0501318724005	42.04754695994589	42.020308424115775	42.01027005667763	41.98178952569688
MCW_CT_ROA_223_R2_trim	36.07903449852688	37.26643228749457	37.000758765332044	37.21926388198622	36.83158706780219	36.95749363416548	36.97791019319726	37.068231189250774	42.04272885651087	41.981996342228584	41.56006061789985	41.91639607491878	41.729797396141905	41.89229749140892	41.84250942762601	40.802733213306226	41.079394064739226	40.85240496980375	41.09483203108234	40.992511614410475	40.96886103959232	41.03852018499894	40.82852370436781	41.0460076894898	40.97204029842723	41.022999148090555	41.035661568473515	41.03795109418411	41.055076541112264	41.049380871155016	41.07081992456591	41.07987035905642	41.11927920407441	41.10550913672531	41.097649053646784	41.096045098803096	41.121205557580645	41.11892170094051	41.12135611334149	41.08342704902169	41.10587978403687	41.12830455498436	41.09398304803535	41.091823989357636	41.01485688885943	41.08727172777083	41.1124273059937	41.10090946068235	41.108944085110444	41.118831661922066	41.154503841099135	41.201171333379456	41.1304473015151	41.19732870965543	41.203086079914684	41.09369367406452	41.220645410976196	41.18559261988331	41.18657555069183	41.202454354112945	41.21092708377773	41.26002810455284	41.21835471080726	41.142650535673994	41.045192493127274	40.99564783616508	40.97479091900976	40.875182944004536	40.85184953095783	40.84099650984187	40.7700535755416	40.62075389049747	40.61157296355113	40.70066944870946	40.625340945950846
MCW_CT_ROA_224_R1_trim	36.56656155242347	41.10675898012901	40.91009893887327	41.39205546375256	40.45452261952104	40.57950576198553	40.59780508815708	40.70914080682774	41.57450265623696	40.890399083000965	40.54131589668242	41.1726154554527	41.055487038835174	41.42016025242787	41.47443546568616	41.0976243105505	41.74578018120374	41.242212517674055	41.67969498802619	41.442160466793524	41.50792909380525	41.5497614683121	41.51603640050268	41.37436891501127	41.588747814406524	41.59935580437591	41.63980110072632	41.61628575742154	41.64976003947779	41.66574215672023	41.65073854670498	41.70757346905291	41.672072125082984	41.74142346407404	41.73826395238265	41.634998359712384	41.73155341254902	41.722608704123935	41.76070953503936	41.79540926226304	41.73640550659311	41.80303651353532	41.62963944049839	41.81782227590592	41.82046182450449	41.831954885787496	41.90475494869856	41.88660634991778	41.93591535904047	41.95546758315934	41.927787770488536	41.9620725091827	41.920113684536645	41.930986347708604	41.948490482418684	41.87569106953085	41.956164339167096	41.89420292803701	42.007847384061634	42.03644542374211	42.073747725576936	42.13820223077593	42.04040874401759	42.08700848007101	42.034397397175674	42.03765592174715	42.03727711028965	41.99418986240708	42.05495830539399	42.086945135598725	42.135031986544206	42.1579239303945	42.12069909716817	42.14642130657157	42.15142305629141
MCW_CT_ROA_224_R2_trim	35.89471587133035	37.107373840760815	36.80734575658601	37.12634721269359	36.606607949393776	36.88326775032977	36.88366312744706	37.004216079238056	41.88577034087201	41.76317397100592	41.22056570530622	41.69197626917973	41.46618852380433	41.635180711617906	41.658757456469175	40.450114886988914	40.800855564524944	40.51340052236356	40.77294835433854	40.6525608594561	40.62431165224043	40.715957207466325	40.45175389202336	40.697315181180436	40.585907758268604	40.66123619815219	40.72090649111484	40.71430761094433	40.75256951326651	40.73827884274604	40.744033450957936	40.783832359068334	40.81870105774623	40.8049370317563	40.79575916558086	40.77196087841977	40.82340251123177	40.83432515365737	40.83871465600366	40.84265761886321	40.83160687064596	40.87698925036419	40.87861182635846	40.85456322227011	40.77580244530598	40.853054737076974	40.866899113305756	40.85630800200592	40.85568890682435	40.892729033266484	40.907685748085335	40.91937026816444	40.8546258394989	40.85932754523423	40.85917646952295	40.70791891885289	40.82092191650873	40.82766945537775	40.847191897668594	40.87836743483634	40.87402321263188	40.91864304856238	40.90263583561304	40.87416668879146	40.83949865237923	40.84304910896053	40.89282943593291	40.85086901102366	40.87960983735954	40.90639492131271	40.8553568605557	40.75428388871715	40.81582868724532	40.92542157415251	40.85395747456023
MCW_CT_ROA_225_R1_trim	36.359709733703184	40.87997819185879	40.48074698617372	41.000732796422945	40.21654607120554	40.62236494243203	40.52609436485767	40.687392842973225	41.49363218253837	40.78838732338978	41.521139504362694	42.025429903046124	41.994194708726425	42.095054508586344	41.01674053848084	40.37752865906048	40.92929732591885	40.345310836941124	40.811461311479945	40.525849459213234	40.646544470966575	40.66747197962145	40.67353378034078	40.70315327404083	40.619409145953455	40.69332207987537	40.75026890865034	40.74603608338411	40.725255064257894	40.712257809652435	40.85810696699668	40.89407269276901	40.866698450262504	40.858827006777005	40.82230380629693	40.81697548278482	40.923741429123716	40.81340973989199	40.903932478023485	40.87731254897362	40.867455331107685	40.91517239437577	40.93002371551595	40.91750705066019	41.03660977914446	40.96289203004792	41.00181246419497	41.04898087603551	41.12289906858022	41.08973593293062	41.113086694863306	41.24657269534904	41.11507670112402	41.088935778744776	41.08859909845804	41.00230374904382	41.043101182436835	41.04703842743946	41.18187265212063	41.19246136729718	41.230468247183126	41.414321333007294	41.25241674570898	41.209991415854674	41.139137339628405	41.06400983392676	41.122469891303176	40.916149525687935	41.043385683103814	41.082139241065995	41.102117431794966	41.19796401412231	41.25051160062665	41.19064734849612	41.165942659623845
MCW_CT_ROA_225_R2_trim	35.88033807064004	37.05219132777485	36.66391193878563	37.031039705874285	36.46585708783463	36.782249220647934	36.744025632300385	36.870065759747135	41.65696679565093	41.51082612179797	41.00005995503497	41.51824957722975	41.20794188574664	41.35430284572024	41.319117880588	40.114260849058134	40.50230197447785	40.16037527124674	40.472367009756724	40.24802291309294	40.39035964185391	40.411446082063904	40.37653759067427	40.26610136406561	40.32175375676632	40.36839210089219	40.368397158551716	40.32734457859441	40.41636108786345	40.33953562668177	40.38613882627408	40.42230094723746	40.41539741192034	40.37077910074716	40.3747213390436	40.37401045788259	40.403637170715704	40.35632084275144	40.4109873361574	40.41745830924297	40.387068261312095	40.39313477935104	40.3985553533884	40.42629006093804	40.420975978629706	40.33497071185435	40.255558429651174	40.381424526609685	40.35411833202423	40.36421258984971	40.36668307592007	40.3758764933763	40.325633023122805	40.33000867361349	40.310916871079215	40.258525665590184	40.22006815266683	40.282394277767445	40.30585362043189	40.31900681437274	40.313393214471596	40.392345400784016	40.25216397698654	40.260355999265336	40.24213402404186	40.27059314237566	40.283252747546896	40.26913310982315	40.275332322397986	40.25551342585723	40.23735401493535	40.307908540641826	40.236612112281215	40.242613294418376	40.188369116259516
MCW_CT_ROA_226_R1_trim	36.56564558299518	41.29925237018318	41.14409555532595	41.47243713615668	40.578757124332526	40.49963814056045	40.566153333994585	40.69373181878718	41.48809325759703	40.89049554541217	40.47666089735295	41.11630060585438	41.03175427633481	41.39950422325673	41.42888553806786	41.0261537367215	41.664964407958294	41.19606709194816	41.61028574994759	41.37159293773433	41.42742047891335	41.47090148403529	41.46359609073419	41.29885670123044	41.530333955166164	41.5446873777502	41.55438184522792	41.54216699283697	41.56079827787633	41.58701372480758	41.57454526298158	41.6261939316986	41.59592682891617	41.65726531893791	41.670855346286494	41.57697723992245	41.66834888670522	41.65640237271055	41.679584681510434	41.682428821112765	41.59894192578104	41.639415201263496	41.476025625850575	41.6654228756194	41.70148102744934	41.74422483422852	41.8293757647677	41.82105893719366	41.84568162233416	41.847012081325474	41.790141301929964	41.81010563186113	41.748193434611004	41.77051998123846	41.81034898749323	41.76839441046223	41.87344035471063	41.82934116058812	41.92907048519667	41.959888442887376	41.97920983783239	42.01401476667023	41.89199116725964	41.940439942985584	41.90240490566752	41.95627532406688	41.961869428716795	41.93926513061377	41.98404690770598	42.025407081877745	42.0582053586009	42.04500574580192	41.975543679952494	41.89228407211248	41.90069938156737
MCW_CT_ROA_226_R2_trim	36.117744410597666	37.25058784152721	36.99350217942898	37.21540313860794	36.80816361656535	36.94446986832508	36.957083416514244	37.06327333516781	42.09608906706891	42.01874790811139	41.56402238063079	41.94016562458128	41.74922405623071	41.91175745895265	41.882735711411314	40.87246106722449	41.15505944881812	40.923903262127645	41.13601594343469	41.031984266583216	41.0208601406569	41.09497568272453	40.86726785187887	41.08158538176665	40.99592609799128	41.0506746712438	41.06921752375251	41.07248614753394	41.07811054524478	41.08028645949824	41.092093357165034	41.10972992696718	41.14780304369495	41.11699390711812	41.11224303136795	41.10913754942152	41.12834448346701	41.1192519216248	41.12295627840266	41.111377773181175	41.11494962117675	41.146703126546434	41.14017151777392	41.1368284839685	41.074021592812564	41.120429496312966	41.128187207058886	41.11242593361889	41.09613075363362	41.099148051909665	41.101098504041886	41.10987328558335	41.02839115383488	41.035587889647935	40.989034615503186	40.85395003941278	40.93785605538676	40.903688714395415	40.89220209889054	40.899183605123795	40.90477495034605	40.938117043262636	40.894827717553284	40.81862508643831	40.748998157537606	40.720559913952314	40.723029017645956	40.64739988809077	40.64217878006095	40.63851763008275	40.57490980207718	40.459479221262285	40.48454640909876	40.57307141941804	40.49781074614937
MCW_CT_ROA_227_R1_trim	36.95038561255742	41.85183760376233	41.70795218361222	42.07564361213527	41.333432866147135	41.5557897365781	41.50787002102719	41.62385098419824	42.531577491648854	42.01353573353394	41.80961629536992	42.26129662735133	42.16628605999199	42.43315683817023	42.46345947338959	42.31750851094884	42.83498740755466	42.40394177334422	42.78785369492422	42.59183722019798	42.67922069620909	42.68992326291764	42.6853420439772	42.52976538143243	42.73675123195624	42.737675114173285	42.74867350021199	42.72405574194982	42.75819411707281	42.77846243887966	42.7997827408174	42.82857010496176	42.800363819217395	42.85872815316875	42.850238162923816	42.765643931050256	42.8242074729943	42.822205683566054	42.85634357623483	42.88420938253013	42.84960107688926	42.88567620206283	42.73083965202979	42.89792807362562	42.88942159053711	42.89715275254469	42.93461868853095	42.91670511912847	42.960278050500534	42.97395107709896	42.969525724712184	42.97857530375399	42.947462621829196	42.95473087412379	42.95528741552106	42.885703205206646	42.934785763582354	42.87916399714834	42.97529490008171	42.99693791251096	43.03258224215729	43.06108995379626	42.99166716479378	43.022881305722066	42.96522889669999	42.96737523985716	42.94296283915372	42.903513030729	42.95305963129607	42.980125549235495	43.02791744275543	43.02820811190039	42.99957901022675	43.02740484522741	43.03546711326371
MCW_CT_ROA_227_R2_trim	35.62390085012889	37.00942180945407	36.588886330253096	36.998636623390915	36.379726207156374	36.73247086612174	36.72946411692192	36.83782351415291	41.528430695760846	41.419267100101635	40.77119163009674	41.365568661421534	41.10120367319446	41.30502310266061	41.35093609463047	40.01002308023527	40.41133894657207	40.03713191049486	40.361244386137564	40.23012290985975	40.17916100461089	40.29145661807466	40.012289800339424	40.29358685792765	40.173593433827556	40.249007927772944	40.31424459946822	40.27574898586274	40.3171822440862	40.28803275905356	40.30724262650163	40.37279173131517	40.41890867553914	40.425806741908936	40.4342872569279	40.39772969785859	40.45387208620435	40.433467279062754	40.430260092457196	40.4216261583295	40.41169643782698	40.48455742655351	40.48355109073087	40.48477209242467	40.387054870046086	40.483536897106	40.4924599429162	40.467656577047826	40.45120419787023	40.4841373003193	40.49544261880464	40.516237373519466	40.454595705909206	40.48347606399781	40.484722474769214	40.31937752683518	40.45696956234068	40.43932761306157	40.43820211812087	40.443228804470394	40.44621009323813	40.529953565104684	40.511179847912885	40.50457529902363	40.45540630687228	40.472008751746934	40.53563515880406	40.451665098290384	40.475373578254704	40.49615081062814	40.425056604858234	40.3319162754208	40.39406170906293	40.518732831722765	40.471766240100585
MCW_CT_ROA_228_R1_trim	36.61722362631891	40.97660475562756	40.87284607105583	41.38677127745275	40.47273488469455	40.646390905088886	40.61743143376233	40.699724944367375	41.66761834902017	40.88669482735769	40.65150764472916	41.22619895405448	41.154817495098555	41.516245822177275	41.54116488517472	41.18689615066953	41.78359943947389	41.28183793376037	41.71879408695097	41.464936676038576	41.553560493099916	41.561465744250384	41.55520661026622	41.40789883150465	41.625641193769646	41.64872224590041	41.660093528450474	41.629925688621576	41.658429086494415	41.67080629345319	41.67704944684626	41.70371203248333	41.67370279561191	41.74576628235458	41.73610475483669	41.646560208690055	41.719456907779836	41.71799102475159	41.75265276059969	41.78275674116779	41.7418563717458	41.792222424628676	41.630430887059376	41.82050872818671	41.832998576094546	41.842867294255825	41.898290458796495	41.89058617671197	41.94376055310883	41.9621582047771	41.94712420404656	41.95964205607201	41.93589509412459	41.952394868576754	41.96678363876047	41.9054774192612	41.963333781823145	41.90719596751602	42.02694210707692	42.05193400554147	42.092748180783566	42.14281371147806	42.060788130453616	42.108122849759255	42.05305303978579	42.070106044601054	42.045942526181584	42.00586177049201	42.065585327126094	42.09194489226566	42.15037280473916	42.15915555277173	42.13303780889443	42.14871890671783	42.15457194196712
MCW_CT_ROA_228_R2_trim	35.9761310770232	37.18471536682201	36.95409960627202	37.24421443571091	36.761144844141015	37.0404457411704	37.027040616500386	37.128099218469764	42.08607950720344	41.92454839063706	41.461980531678755	41.882634140337906	41.67649316296197	41.83407600828271	41.84016631343062	40.68016111002804	40.99709025078858	40.73739600804849	41.000039271189834	40.876263034452435	40.840516676884796	40.918040210678456	40.65339885161837	40.894215641069245	40.799128933574785	40.86823194031342	40.91790527438603	40.92531076172345	40.943671254839536	40.935463761548974	40.9411769451465	40.95675476368729	40.99145025137391	40.97075741172179	40.97209972292553	40.94311832052753	40.99449177906992	41.00777122958067	41.01041431022733	41.006354496831214	41.00240216390912	41.027583136050325	41.018620502705424	40.9919163777566	40.90102118678464	40.964020724735164	40.98033242306671	40.96900267404969	40.95947609296701	41.012009284101104	41.02703061754936	41.03017552989662	40.96871943320664	40.983166062902136	40.99155629263314	40.83033703628287	40.94920839232849	40.96584305636981	40.984909361811575	41.0156659048569	41.01430125942967	41.05211214348279	41.04403833286743	41.00521015190027	40.971585975540435	40.97448477015235	41.02461746704563	40.98969018604088	41.02155764345343	41.04351230171917	40.985561800136196	40.867659660563895	40.921344528648724	41.03618155813983	40.97461903031457
MCW_CT_ROA_229_R1_trim	36.618598526778825	40.92080549790327	41.03907972338587	41.359423927580245	40.649110745746924	40.527263621821305	40.5744223037433	40.633919566307725	41.622050201945655	40.83088661668154	40.75434385544165	41.15198402642233	41.15683003955698	41.480015730814216	41.466574372680476	41.16252597064674	41.69796045959021	41.26422387222639	41.64268733274451	41.43074859179021	41.502779011302266	41.502304676879206	41.49985816335397	41.32344263484725	41.543397236792764	41.57057459343852	41.5837660142358	41.562928473588705	41.57486559479371	41.58616678558179	41.581544692093146	41.60703297238493	41.57463365231004	41.628868747679725	41.630392101076616	41.538395490654125	41.62076257508135	41.60924907702949	41.64197998183216	41.6620456557814	41.624482905479056	41.68455016700838	41.52365290794309	41.73021759932506	41.74080072221765	41.74881635256357	41.81616041201683	41.79565000821824	41.84078266063152	41.86366481514158	41.83529219903544	41.87366808079147	41.84209246032559	41.85841115962332	41.87439769520698	41.82315895009456	41.89002238197736	41.83354485830845	41.94233099923585	41.972107961513125	42.01662869006269	42.0825688506939	41.99453633016691	42.05540214387598	42.010802191796316	42.037584902727765	42.02712667221572	41.98829373486322	42.04809509420479	42.07928786662525	42.12978835795281	42.14916309126761	42.13055027162271	42.14793912338126	42.14041009031241
MCW_CT_ROA_229_R2_trim	35.650252840580855	36.97183071911889	36.59574582177578	36.92823116932979	36.367207563151766	36.621699824314824	36.62354978679724	36.74901117007912	41.38206306781165	41.23775464439197	40.65276790989293	41.18011678612265	40.956501165769176	41.161569621460416	41.138532634386756	39.71442753455465	40.0639705000916	39.73799732994415	39.99605626608589	39.86896292136388	39.8654315860185	39.97791036786524	39.753980780143095	39.99573421651629	39.88727876580547	39.94124471031902	39.95673798256611	39.926858398588095	39.93914740718409	39.93304217861335	39.96168972624346	40.0104744315798	40.0772919357231	40.05403830698346	40.04759903439319	40.02736045801468	40.048588269651944	40.02074197447073	40.01337276291942	40.005088754555416	40.008603846767535	40.074683405538494	40.077348925447126	40.07611062269926	40.012593833868706	40.070369896684554	40.08686203781958	40.06303425127695	40.03395015452443	40.06084907054408	40.076986904515934	40.11215256953991	40.06704322450156	40.112582936078084	40.11590768070907	39.99802774932468	40.11418337418113	40.07156634938311	40.06732891858278	40.077049252155994	40.10913248507738	40.17670194299847	40.16340307897061	40.13790298879203	40.094458617319674	40.10041579918157	40.13041205879284	40.05486128119729	40.049808126500885	40.06413106303012	40.00308244775202	39.91235259006142	39.961588409194874	40.068385226995936	40.009116921168925
MCW_CT_ROA_230_R1_trim	36.66242709168038	41.016322572113594	41.04790690445635	41.440431872013676	40.62265434565527	40.63487854380517	40.640114224175896	40.72703231321689	41.71945457133135	40.957872402714464	40.85096010366832	41.2784498566691	41.25106298644516	41.563952164306116	41.543987941983836	41.24921557412626	41.79448905547279	41.36350723231789	41.76346330701872	41.55045589045046	41.62893174260834	41.62997908715016	41.61703041291694	41.44495701689248	41.6484451276897	41.660011427856155	41.68078475470418	41.65963834613971	41.69185190131035	41.71067376942725	41.710842483493764	41.740242280150575	41.699918387204896	41.753356875439295	41.73714649744888	41.63669324097216	41.71477993029062	41.70664910170041	41.75358487383253	41.77595950269637	41.746652734425396	41.80179166901431	41.62364563438967	41.83131242559434	41.834704857076176	41.8296638789673	41.88973527845422	41.87601338734271	41.9369077478327	41.95569726154275	41.942491921347916	41.97117889526334	41.94149080258818	41.958712220571606	41.96278663652061	41.89698405591293	41.96353451191539	41.900064147373044	42.021109322007455	42.04578390534147	42.09506142095442	42.15378605461169	42.06864768516347	42.123083243693166	42.0663016374659	42.07360012461348	42.052758297298766	42.01180310872032	42.079398137965235	42.09611469062444	42.15152220336199	42.16843887995277	42.150150195047985	42.16500508333302	42.160802923664036
MCW_CT_ROA_230_R2_trim	36.15338382917056	37.29558555993147	37.07671977448157	37.310364722030315	36.86326454261653	37.111882346178206	37.09526458063098	37.18986541490927	42.267562216224384	42.1032616323495	41.68341143496965	42.05161315371479	41.876545672349216	42.03614994592204	42.02717272634976	40.99144244672521	41.272446757663516	41.01464729255551	41.25519268953131	41.13887404429087	41.11853179786856	41.188907197095475	40.95544517046357	41.19155592751594	41.09982421404834	41.15709087714434	41.19938670856499	41.19767269075514	41.20783456473623	41.19744459203593	41.20481324965671	41.216377396941354	41.24517584435128	41.239652436088996	41.228653181315465	41.21614173887641	41.26168003893473	41.26821208951332	41.267016640722716	41.23851927576378	41.24025532174672	41.270614505632004	41.265201303988434	41.26513586432978	41.20042369006504	41.253647335181284	41.27594620480957	41.263322139532065	41.25223621750696	41.27064075825552	41.288656424078205	41.2942925424051	41.24207647084717	41.26564139105474	41.26006326503482	41.14292183147614	41.24961462634413	41.241827839972125	41.25598667381984	41.262198501641436	41.278627251660524	41.31524737267638	41.299870632996566	41.26709927725117	41.21758037404131	41.23709428685951	41.26650628244185	41.22378710173025	41.252622055152294	41.25391189184065	41.20605166396434	41.099078861932014	41.136348298695744	41.23399620571872	41.18413153549996
MCW_CT_ROA_231_R1_trim	36.70830850262066	41.03420558694374	41.05775593944082	41.50942260367251	40.69334666845488	40.735983187618906	40.78885105708456	40.80851765850242	41.87483764600321	41.09613966956819	41.01191177956126	41.452639409577436	41.40542193619855	41.68333229591032	41.71200842423431	41.350050732716525	41.923821373819294	41.42431523984178	41.85732689988192	41.650101367047355	41.71903251786242	41.719992546230976	41.73024026046559	41.55412189698178	41.75859791988234	41.774869087852316	41.75754841760879	41.74610292164482	41.75876046637366	41.79366586290936	41.80981315860457	41.828087664760204	41.80123422116903	41.85251547911886	41.846753568787854	41.74336480274582	41.812805784339815	41.785706905564	41.82086188877046	41.85558883420974	41.8271746961708	41.87214874777362	41.714438327316564	41.90549419289819	41.91108373725975	41.91098270048766	41.94899621305796	41.92805556001197	41.968046686726716	42.00191203337712	41.98319518802948	41.99650304268192	41.977913993818724	41.98598375354906	41.98874781128671	41.94305812728555	41.97571762715209	41.91619029418404	42.00546982736511	42.03477033486448	42.1069123190507	42.151596585472795	42.06947296099057	42.105481773309094	42.057887357936856	42.072295151730344	42.0489033227131	41.98451676152198	42.03524016397915	42.05326433048636	42.113752130960634	42.12742272219019	42.126274834298705	42.13429987546284	42.141673144270875
MCW_CT_ROA_231_R2_trim	35.507090517426114	36.90220692309021	36.48559230224997	36.92941688297319	36.27146203545491	36.605940540526284	36.6866550810658	36.76015792222918	41.394037344763866	41.237201801996406	40.548717900025466	41.21508709393036	40.93395716702996	41.090274804161105	41.18617309720154	39.55788034014003	40.04322661829802	39.62416830665633	39.962616240695304	39.83232188265132	39.73821994361989	39.83991379903797	39.58588221609778	39.85437936841256	39.74643601039953	39.83699051416729	39.87999167548531	39.88830997131878	39.88788580634686	39.88973118666138	39.88354280707126	39.8928975254615	39.93791830671279	39.91392504047385	39.9457387564319	39.91678939110055	40.008106804730474	40.002619356604946	39.99959486273735	39.97714401480146	39.93672838806468	39.98577859853589	39.97294344129506	39.968444038369725	39.89854234808779	39.98543373384931	40.017335062742525	39.994283906591036	39.97056784892146	40.00976712159958	40.01817782105009	39.99279848021354	39.91502624286209	39.942922776539234	39.94398655817871	39.81395985458346	39.92739974045225	39.94306715201203	39.93468821359668	39.96370556512794	39.97564494339201	40.035008014426715	40.00792424436842	39.938954924435656	39.87881652600265	39.92177009214063	39.993643101129834	39.91661996909527	39.96210929079543	39.97784799433337	39.8939411607609	39.777927671264166	39.82086515728994	39.93107618340354	39.879061782488996
MCW_CT_ROA_232_R1_trim	36.51026876803171	40.4669937617002	40.640731697719694	41.04689912269618	40.22067401016988	40.14304749305965	40.150054777404335	40.19178876669719	41.22994288700018	40.29630045902552	40.246689146173765	40.67421189118306	40.70845289589792	41.06556846236974	41.0315810183863	40.64094673818784	41.17828033903672	40.71649740484698	41.1165173102059	40.87389435062384	40.95949613769495	40.95021734690227	40.9599718619769	40.795012663533136	41.00699198295087	41.036150164636794	41.035373082174644	41.01010088536958	41.017661490824096	41.02508432922378	41.01990422029333	41.04205655247857	41.01105346217095	41.08121955014469	41.07225064375337	40.964199200041804	41.049303961405556	41.03657331461995	41.06811020815139	41.08206698272228	41.03646049423005	41.09276430080185	40.92291299843808	41.13407531955808	41.140978469896694	41.13159647465568	41.192026309262424	41.1787853763351	41.2297814476854	41.2429900335229	41.21136650165442	41.23574005298063	41.21075261306464	41.22060125494551	41.233089012760786	41.17180723992155	41.23125403515113	41.16687048398325	41.29307234093275	41.30759371493764	41.356495555619176	41.42955512945405	41.33455329083954	41.40160745132853	41.3508949128373	41.36260691715006	41.34469406242603	41.2857968095011	41.35223389069725	41.373713297239355	41.425374619472436	41.440039432965925	41.42736265557727	41.43894479767913	41.421600815864615
MCW_CT_ROA_232_R2_trim	35.98424910910311	37.209350745322254	36.999999192243976	37.245755386319125	36.80485846843439	37.02449566592684	37.01408738375955	37.10867090523277	42.02109213998606	41.86327457743608	41.46024200184469	41.815769203829184	41.634788855020766	41.79376434130533	41.76393027204703	40.5795853756143	40.84873777458572	40.615496742831695	40.8585473181384	40.74218512991136	40.72288011720369	40.79918279420499	40.561699682258705	40.78702743247181	40.70760034909753	40.76012891695037	40.78976923511891	40.796140457739	40.800194018102204	40.79369282660849	40.80334961933257	40.81762201698617	40.853325425423876	40.83556874732405	40.83425074215066	40.80697903462404	40.85076136090507	40.85163244104566	40.84973746862365	40.83299751582898	40.830027496673466	40.86333162116849	40.848403399327644	40.84041690074278	40.76597766586381	40.823243238731585	40.83807408301415	40.81313600061278	40.8054517729221	40.83734206655756	40.86251269000236	40.867466521561944	40.80840904943244	40.84713111492519	40.85452287057223	40.724675497118604	40.834296042040364	40.83140377307895	40.84872176785519	40.86801881649865	40.8752371982718	40.91439660496913	40.90625535925295	40.86631809892659	40.80846133128856	40.8249822424105	40.86733780872074	40.805890034317166	40.83876107160506	40.8390707595761	40.78539881251537	40.668200438720255	40.7136891205873	40.814793895480655	40.73500751871351
MCW_CT_ROA_233_R1_trim	36.69774731417131	41.319069532649124	41.217885735732715	41.58192940262481	40.72393402722794	40.777841498042726	40.77881331228028	40.891243408779594	41.77912257244275	41.16546897220554	40.90543347837365	41.4346632219773	41.354113658126245	41.66392406752139	41.67846411531602	41.32838784775885	41.920021207061495	41.45065653090444	41.88187429495701	41.66271766456156	41.74117939268795	41.78190564029128	41.76394415383112	41.601168206576396	41.79596507068278	41.78502238386867	41.80165407550219	41.77377248868348	41.816551811518146	41.843940233155905	41.84894671267532	41.904617721342554	41.8697054657179	41.931925959866824	41.90994371564435	41.79772818761443	41.874689825213245	41.856003768586966	41.90224351797161	41.92376686754158	41.86926617131425	41.9416368848932	41.770565837141156	41.962887952867305	41.9558946367117	41.955182194676254	42.01704469010519	41.993243727827725	42.03466051286362	42.04642808834233	42.024596531056304	42.057440638425604	42.02051850345533	42.042086430375605	42.04980071586783	41.977404135994846	42.048987968174266	41.98175634285568	42.08381779511879	42.11030111353688	42.149951670006715	42.20424246350148	42.110341525819074	42.1665790728597	42.11035173067782	42.12191468606823	42.108917780205545	42.05964008477365	42.114236032817686	42.137085240337	42.18272010240823	42.198916997387514	42.159595619439685	42.15100218890565	42.1507401158482
MCW_CT_ROA_233_R2_trim	35.701581637661285	37.03849129103067	36.70483684844582	37.04076939201594	36.51878992504747	36.7417401462061	36.775321373285394	36.88083417868421	41.64898692153155	41.58173228302368	41.00394290469628	41.519287495039435	41.26318853852512	41.44236157139468	41.45126835605832	40.17011972721268	40.53466145273547	40.23328428758203	40.52029646523233	40.40104654959365	40.35662220287374	40.46861999436047	40.20262211127079	40.4464574053647	40.338572417454394	40.4027295160529	40.466205096519744	40.45526269624512	40.489609822555934	40.470512842952786	40.47094155118037	40.51963467265214	40.555255910512344	40.54474960948928	40.54403742468604	40.519248827609296	40.57695528897548	40.580341254727955	40.58214073490116	40.566500160081574	40.5566161230742	40.62517142999972	40.60910116155083	40.611621889212856	40.52996509735916	40.6010513453582	40.62205408275076	40.603895298672	40.59819309773153	40.62237341953273	40.637667586783174	40.65583606664061	40.582827447201176	40.60561900321142	40.59134323368275	40.429680509946934	40.56031218930837	40.541270936530964	40.552681465745636	40.56386660190352	40.56773297096238	40.63124070228127	40.59043122582569	40.55717226891937	40.49276735474985	40.51107448270543	40.551955368849846	40.479463229145814	40.51331212621752	40.516680363088426	40.4564814805661	40.355018829488486	40.39857998755862	40.52075355106444	40.4602859681259
MCW_CT_ROA_234_R1_trim	36.58833497039594	41.497647431219	41.16129549794029	41.55400285955217	40.97813651388064	41.22612116221095	41.170298941976746	41.31016908905203	42.10077144060823	41.57441226181581	42.16243206555848	42.57724021052545	42.54127855064046	42.631717691198645	41.747746415454664	41.29381986431594	41.77945846862793	41.29261458975313	41.69137218682576	41.4397079546016	41.54558974405203	41.5762501667452	41.58140007517666	41.62146837468752	41.542416673922396	41.60835990031349	41.661745750416046	41.6542214626899	41.64903761533424	41.62732696352355	41.75306054239114	41.79266674788845	41.76884155877437	41.77502140333972	41.73114935814207	41.73297370683325	41.83917897574372	41.73335691514028	41.82026513606104	41.78240781814008	41.763038301582064	41.811656664167806	41.8180124264338	41.82567955671129	41.90370542729561	41.82405478701126	41.869594479763094	41.905109508381294	41.97478315395179	41.9283705343633	41.93513175982246	42.052457749556126	41.92791176884426	41.91269034828375	41.88093595501275	41.801283479368266	41.834235453315294	41.82497240881626	41.95656154694461	41.95308366430736	41.98292957599155	42.14924089923506	41.98724482998706	41.955650811098536	41.86799999165921	41.79456994129397	41.84848062541244	41.67095489964167	41.79531068746589	41.80589281286683	41.8160960629941	41.904141334036844	41.942334094985384	41.90540969509349	41.87314545916153
MCW_CT_ROA_234_R2_trim	36.09811067608251	37.20253883871869	36.84129660235985	37.13926530969939	36.6336252869395	36.91366773977884	36.86655779977354	36.97576842503321	41.92288629198672	41.77466818415637	41.31642147812382	41.80313823229642	41.50935432319727	41.67987395583662	41.619698607671694	40.58140838108201	40.93553636454093	40.612619467348246	40.907802468076426	40.72330707347818	40.86282833061583	40.86793348496446	40.8458074124317	40.74257016293327	40.82133500639151	40.83686196732424	40.81641731328281	40.753383798283544	40.822489106919804	40.770339614049874	40.83934540419404	40.878518317198825	40.86796847918232	40.857934848250196	40.84683061644582	40.83087777787856	40.83204445164089	40.77390089448817	40.82881802294092	40.789567533193825	40.80771815317568	40.84087807243189	40.84216137903523	40.880372697018046	40.84255251053846	40.802901835332925	40.712026840516444	40.80085295875266	40.78493078362508	40.77080056858365	40.80875755063518	40.82395298540648	40.800085143486214	40.823033743434834	40.79817004576172	40.755494652771176	40.730504744705485	40.74054674707289	40.76825617600416	40.752925039659225	40.77241990177537	40.83719310512199	40.750026909742914	40.76470680369766	40.733704447861264	40.73735423673189	40.72799395570856	40.69122309189552	40.67839046659084	40.624747745399446	40.63411707890458	40.676334903506266	40.61161781148568	40.64318836336832	40.604192002593
MCW_CT_ROA_235_R1_trim	36.38247185933638	40.846311154493044	40.424184413702996	40.95685373246497	40.12257040345253	40.58781714740048	40.482998596556584	40.6483010488836	41.48762086977822	40.746089311207406	41.4890580562	42.00286426454866	41.94589612273642	42.05338285363916	40.93792203138791	40.294816352975424	40.87467273039533	40.29837777587467	40.786350368807724	40.49548621415522	40.62438113612719	40.64548842902291	40.634763759415975	40.66607417884694	40.5587329272783	40.619047762464426	40.685378838087054	40.689888614042985	40.701185501689224	40.68330653192506	40.82832850444565	40.86258702371366	40.831436147041266	40.827506512093095	40.76032247017551	40.74555309165051	40.85657981430361	40.747345350252004	40.85720294092679	40.82390592201329	40.81696094196314	40.867042202127784	40.8717752164406	40.865542080321305	40.94833242745028	40.86727239358723	40.90283446849024	40.94854455855173	41.04276169171975	41.00833979412288	41.03750652637422	41.17190235948903	41.035011717262336	41.01273775506226	40.99236829917043	40.89491338573492	40.93191894581647	40.9247266506418	41.08545715324633	41.09485621193222	41.139326742643846	41.330688842591854	41.159948210246995	41.128996012088706	41.028594177755245	40.94543176868691	41.00036028641807	40.79667283118278	40.936031593861685	40.968647064997405	40.995688782430314	41.101563293938476	41.15662465972833	41.10546651351007	41.05861288049669
MCW_CT_ROA_235_R2_trim	36.12579149236254	37.25096228997097	36.930409166197606	37.24414780157315	36.7345149575156	37.048321578380516	37.00573555414204	37.10872293357536	42.101518536205354	41.93483630192566	41.47977647446572	41.940877191993465	41.654181104082994	41.81413250124386	41.75461459409302	40.728370398147646	41.09256990485781	40.78707893176944	41.083268749434346	40.876739018226736	41.00144151916521	41.008915765423026	40.97135774851671	40.874393367140954	40.92461835406469	40.963397447931584	40.982800942954874	40.94247262630329	41.030860574276375	40.95726369367399	40.998222192076646	41.025488374838716	41.01477818766893	40.98837104189616	40.97834008410356	40.98056316591859	41.00290008303319	40.96718235920582	41.02480317268238	41.020603237451965	41.001798837560465	41.00867230360022	41.0181349904468	41.05924330474234	41.0402205990327	40.981203592317584	40.89153633448194	41.01862246662045	41.012156256379015	41.01609570319721	41.027528160153736	41.028479286068745	40.99679466181595	41.001427222039624	40.976434282345366	40.93476696839612	40.89990615084515	40.95131970533584	40.99142897695082	41.000030123069195	40.99652272778422	41.057294148404054	40.931815245166334	40.94701963584097	40.92516305184764	40.952377025644815	40.96146185845983	40.95607618979957	40.96549661538353	40.94392609698952	40.935244489950286	40.99092960248405	40.94619444510783	40.95629125650858	40.89679981949463
MCW_CT_ROA_236_R1_trim	36.65007797766017	40.809558504963924	40.90628850412693	41.30900609027973	40.42069758740998	40.5202149792524	40.46882634875805	40.56321196960269	41.60714921618674	40.74321884004149	40.71928553317369	41.097370128955426	41.09723387416922	41.41124450306701	41.381278694822576	41.031538475329434	41.58023073576992	41.12854170423066	41.54707385495454	41.32367442599516	41.42091566477361	41.41098661009328	41.40355455747829	41.23527154270111	41.43344660141458	41.44120160092156	41.450406316154634	41.42801019629298	41.46350722156636	41.48628229063904	41.49983919217693	41.51574065427004	41.48094893915335	41.543502920735385	41.52058698514831	41.41350097490029	41.482610299557734	41.47945939759796	41.52867306718236	41.55627332695495	41.52472998370251	41.57802513649056	41.40735225060791	41.60341567397961	41.59498061531651	41.589330480514576	41.63579999351838	41.62693506343876	41.68654460695299	41.706028343292374	41.686734305812955	41.70437313678082	41.68158145274306	41.686664577419904	41.68783922441443	41.61350048810382	41.66813206582429	41.60428421553835	41.729710065355874	41.752206656427596	41.80167485937006	41.8596703766437	41.771181160455505	41.82089396670483	41.7626831210127	41.76364017822207	41.731841935689864	41.682778874863224	41.75199219723237	41.7706036838793	41.831840058959074	41.84314770277535	41.82721960184454	41.84915474737506	41.84393814239955
MCW_CT_ROA_236_R2_trim	35.65409421389678	36.93226172915039	36.67968797461851	37.020675786650884	36.449460144360366	36.76535109466857	36.74759156933502	36.86355520218106	41.590151014324476	41.40249919963119	40.90348243670683	41.36248089871617	41.15856237457899	41.33670353946943	41.32393492509723	39.94053848938047	40.26514093979809	39.974662215808564	40.25827905075989	40.117884513882856	40.08577436677718	40.166302991608546	39.92136438293516	40.172422359968465	40.0816447692822	40.155928384267305	40.21528058166896	40.19791561863948	40.225118119941804	40.211305729187906	40.22006018909457	40.25286726514484	40.29243884142124	40.28348488727209	40.29190585309953	40.247177514265445	40.308899003649394	40.325902773850224	40.325564304181015	40.31081037762444	40.30088765544563	40.35369921916432	40.33883795471327	40.30697378827726	40.22931219673471	40.29738841764196	40.301795766868075	40.28343627569523	40.28011047948353	40.33884224496908	40.37550680483802	40.387021288473704	40.31387148116128	40.3463558414952	40.36271217798225	40.19711514586112	40.31955821028034	40.34008753875513	40.37959151649582	40.39955278538174	40.38225405223196	40.442284838111746	40.442292327329454	40.396796092908716	40.335536148824005	40.363678841985966	40.43208494192355	40.38706157888391	40.42958073851481	40.44263406445208	40.366900088210016	40.235882015435905	40.2947124544399	40.42064790188711	40.3570981043534
MCW_CT_ROA_237_R1_trim	36.43662243772894	41.19991887266912	40.635175180984504	41.253444937942646	40.31200977513037	40.93592234020249	40.81096059168237	40.946360562592	41.38738237667315	41.086505035443416	41.31673825409449	41.87544977109693	41.61746879454543	41.96360717367661	41.02488875281747	40.523107288654145	40.938374938003946	40.61416136795997	40.89378230560579	40.72831862019158	40.78676813841745	40.822893817284246	40.78391864567269	40.85196734634278	40.751567542152785	40.75737282916139	40.783467338297406	40.81065365300647	40.88357204435947	40.85153382590191	40.8610304836229	40.86389859150405	40.838954549965194	40.8659215204192	40.79995401868027	40.78831187771747	40.84253116586423	40.828570609150255	40.90779043488635	40.89411128881687	40.8781084014183	40.9100084486253	40.922865676667875	40.923667394475444	40.911056004317906	40.918495162022296	40.91334640964258	40.9599919608559	41.01423150727884	40.94917402854312	41.00151832384009	41.06698697134725	40.95279519645753	40.94319594787479	40.89906269938145	40.86380742493192	40.82998400312919	40.82692681999855	40.942447119460894	41.01237794618368	41.023410109906116	41.167923555324094	41.084184168367386	41.01784811114549	40.89511709793783	40.78228694540532	40.85194392353054	40.78132438148334	40.9120739669487	40.94732888376911	40.96973713846757	41.031193275429004	41.006783816850465	40.831469145425686	40.93879150483128
MCW_CT_ROA_237_R2_trim	35.979420793474134	37.010821116094085	36.70137372986695	37.07418541819388	36.5421071100914	36.89764290589318	36.85290280035032	36.946606799560286	41.89510786846186	41.67919861137762	41.23630795185857	41.72658303776088	41.42841486454025	41.618281257887745	41.630876986950106	40.47767357391957	40.90660432129748	40.5129487861001	40.84173243274389	40.6454877576133	40.73858092948348	40.7282917713569	40.69452815947669	40.722945357942514	40.687998950807895	40.69802492460775	40.736234571366225	40.689449053513094	40.79008407070171	40.71263719206722	40.732199058370036	40.77138408596585	40.750514574764374	40.75531581865449	40.74198563268524	40.73604720002954	40.762436883544	40.73997754540478	40.805835525580356	40.77804697910345	40.77539533314859	40.80229056361986	40.82432702587136	40.853172757811485	40.809146538893245	40.7722185849896	40.81534807180884	40.80476285549711	40.81080587754205	40.799453954165344	40.81566821402282	40.79768798297496	40.77978472774335	40.79396717019996	40.76329232851503	40.70374464194893	40.75236934735066	40.76090168580099	40.788054131938104	40.78231810190277	40.77899673868937	40.84630375733739	40.64502922028034	40.74087340797556	40.75716164659794	40.69025051206251	40.72224136280063	40.73427021335595	40.79162179051304	40.79751588062032	40.81388315833317	40.825164165179636	40.794327667747986	40.801166851579175	40.737639975560604
MCW_CT_ROA_238_R1_trim	36.528535469885924	40.48255427699461	40.70021992871716	41.037258299679024	40.222857804384724	40.03346129906981	40.04131173863407	40.102232958033056	41.154423735242176	40.26587835797422	40.27597198191203	40.633189074743086	40.64922459832587	40.996698882223605	40.91259657491999	40.46132712272301	40.990890299962025	40.55916648402811	40.96438169964856	40.74747443414482	40.82455534096244	40.8355933186125	40.831321893340856	40.66712320970014	40.84452021963962	40.8349301804984	40.840333237525435	40.8068300397488	40.83535840518498	40.85420540858455	40.84835364697915	40.89745045226972	40.864075273029286	40.93326821643332	40.900388281717625	40.77080475442323	40.8574333246891	40.83117778815617	40.89071790589973	40.908808442502135	40.86890487745992	40.953201384270145	40.79463155801801	41.02080144553162	41.01497793687014	40.99808871307129	41.07290070281524	41.04408559948229	41.10600785074418	41.12300480849255	41.082604750607146	41.14442634649495	41.11181349250918	41.14122029172956	41.13453384059993	41.04918897497916	41.123451603115086	41.03043691272383	41.16994072054994	41.17399673788134	41.22163720298535	41.32438495412456	41.215585999361416	41.29847981559361	41.232967724130226	41.245358224783786	41.223685013693114	41.15293151527739	41.213937455751726	41.22468333718676	41.27077968034639	41.313472984213476	41.2958046216	41.29788938656213	41.26604855483609
MCW_CT_ROA_238_R2_trim	35.905420885038666	37.16903483762439	36.92677365439444	37.18335423682478	36.72541166497976	36.911483501415006	36.92673685569503	37.021037104036544	41.871827747179154	41.75316133623313	41.34059876806985	41.702608560196374	41.4944660061983	41.66687153101603	41.60268352996769	40.38529338464864	40.65228734055603	40.43024779712695	40.67454741358484	40.56548008174121	40.534281318791756	40.61487260225072	40.38168212388477	40.61186550466962	40.51864494311183	40.57035231726742	40.60974053524331	40.5993779592509	40.634989204204935	40.61379629902815	40.625531848571654	40.649852457580344	40.67150678694154	40.66830624606867	40.65361371566129	40.6323811360934	40.67683516966731	40.67432813539517	40.699080023019135	40.65635549365366	40.65443632066023	40.68625623530451	40.62841107364307	40.60720558111322	40.51069537916382	40.53071648535172	40.53307927994751	40.506254721944	40.5142800957238	40.520947576558505	40.54676322207781	40.56652328871129	40.486727019636454	40.54878345324585	40.54210880450706	40.407430472222714	40.53657500008715	40.506924113136364	40.54532846164865	40.5453753726901	40.56883825351403	40.625532165258335	40.57957166296613	40.535415054500824	40.445731395776754	40.44666883650626	40.47824189728727	40.398602755136594	40.425870608963244	40.40783016931048	40.35656952289432	40.24294223514085	40.258649705194436	40.378257330555016	40.28697213816469
MCW_CT_ROA_239_R1_trim	36.577092175974464	40.704857275012635	40.87045816852803	41.20841127833423	40.45512049459562	40.29213107661212	40.33166131587785	40.38846525252566	41.4151440844696	40.54568632350813	40.50915919671987	40.88098743927405	40.90810451001555	41.24062915536664	41.207401573878656	40.841218325011205	41.37079043906973	40.9406227032665	41.31596437203544	41.09103710362169	41.16282706613022	41.15195256213952	41.15831060375923	40.99146403994961	41.20695465989621	41.22378697191012	41.23140321848693	41.20139454536102	41.218875508519716	41.22099603622584	41.216344531834636	41.2384416495103	41.20238318333973	41.25969607349577	41.25813788294425	41.15118387038392	41.23706863000683	41.215947192712484	41.2536765917195	41.25801778599743	41.209723852501845	41.2535594477522	41.077702248940014	41.27102661476673	41.26437268620275	41.24725464320139	41.310869129957574	41.28178576689122	41.32258023333088	41.33833860423596	41.294628518012004	41.320511249832904	41.27483299372976	41.271630870489794	41.27405871355579	41.191280736442444	41.25128311511228	41.169954985660226	41.28891147481317	41.30455308106516	41.348246246329595	41.425406751890364	41.30818296772456	41.365386188379816	41.30550533215033	41.3084376237433	41.279536124644935	41.22094713995576	41.28077806237799	41.304276856705535	41.35102005672961	41.36942146982709	41.348552805090556	41.35983044888454	41.333986051728104
MCW_CT_ROA_239_R2_trim	35.797968697729445	37.101933214012874	36.75470338024432	37.05109900479823	36.508377318416954	36.7657665290833	36.765211107829266	36.88440412341795	41.61711582571319	41.426354399333526	40.92763319645378	41.34855726221274	41.14440688575516	41.33432825568076	41.293225517758515	39.93285334028217	40.26178166856539	39.977306552508544	40.227798466284625	40.09421116847784	40.081271711723424	40.1601207519475	39.93765555444082	40.164206337655656	40.05943660207058	40.11002527554161	40.148126819536344	40.13279849063945	40.15368149154168	40.14619244339701	40.153934271447355	40.17476305547466	40.20375937149089	40.18281881816897	40.17051045191107	40.15957112260554	40.21046203695434	40.19471177153815	40.21445951107868	40.170423868958835	40.165926986937315	40.19399723312844	40.178706373494755	40.19220255761155	40.12273902541524	40.16079250764075	40.19321136872115	40.16377760023781	40.15915389497605	40.154948379572964	40.15025020709928	40.15576066863128	40.09190303497927	40.125479898468946	40.11431037192374	40.00189817975328	40.120674338152696	40.07980866159282	40.08627633739421	40.109894419250665	40.13466705300063	40.18669956687415	40.15850554274873	40.10376420529685	40.04169128276512	40.03640689604607	40.060135120952616	39.99229967378397	40.014293002563605	40.013971354755284	39.95673468621343	39.856784365975116	39.881696804721244	39.98369061623495	39.876824264296346
MCW_CT_ROA_240_R1_trim	36.54128331359271	40.894195635984396	40.892758804720316	41.2008321877117	40.7531698486533	40.86979776472984	40.807994203127706	40.87187196478692	41.427324817909195	41.07281264075766	41.6191077419195	41.84912796094312	41.7715413190168	42.04352579890528	41.00894319572865	40.61057104155376	40.81350411804906	40.62746741625851	40.78472685600723	40.66060489701988	40.71465807738913	40.69639857594646	40.69449680504342	40.73026114164595	40.67399802014994	40.68236867808232	40.66545209758825	40.66902189877932	40.689028239256025	40.667574717703864	40.67291792422128	40.65295169521111	40.638528160311786	40.658627380523505	40.6083214581725	40.60266702767517	40.66256930700094	40.60637099483141	40.66726494691675	40.62238851278445	40.615374463733104	40.65010795035412	40.67017538182343	40.67334454617345	40.674871873447074	40.67117005239013	40.671301107702156	40.68340512249768	40.71747096322514	40.64798993509597	40.68396628574526	40.75444300939026	40.633891000048614	40.63371412707504	40.592089505191545	40.56855615237158	40.52744431337173	40.486777887513874	40.60428742373885	40.65500813951027	40.65697742082308	40.80220420586098	40.72573886810966	40.670192563359784	40.55854934115426	40.473235261223614	40.544857314088546	40.462712317180234	40.568117427003536	40.59606840932251	40.60495833356545	40.66933813088401	40.64928242132115	40.49944177779823	40.600236288181854
MCW_CT_ROA_240_R2_trim	35.38690480605114	36.700955647312334	36.17825616596167	36.6358795905856	35.96971765785134	36.30930159743554	36.27837018375192	36.408536426385496	40.81203835986168	40.63265371035245	40.064643234799604	40.65574994099215	40.37456476217295	40.58503898609395	40.58099781630674	38.8928694146646	39.353280159061	38.88113752129121	39.2512134949879	39.050638745604395	39.17160344776173	39.17920018118754	39.18334767663383	39.21015030775423	39.17305602002054	39.17567923241927	39.16685938293731	39.07193841360426	39.15527753086948	39.09528500071025	39.1409101123716	39.212631345526894	39.17800273926129	39.17831036454705	39.16183522660045	39.14463431357352	39.17678608908652	39.11042264715548	39.16569777654459	39.10720651582499	39.11564850453245	39.19158004877725	39.208074682072144	39.25992441014859	39.239305978711805	39.215961830840236	39.272673537880515	39.21601650935079	39.19972134618152	39.19713547028495	39.21208217877773	39.248661793582855	39.25133247657472	39.31925285772452	39.30657528766116	39.278956254717954	39.342930324786956	39.28130582097063	39.296091366523804	39.293837388874636	39.316751375608575	39.41835089392138	39.23644654057376	39.32714169243541	39.30801778607319	39.22722007676271	39.25531943790329	39.2176739732431	39.247227311035545	39.194340794451485	39.20400238395869	39.209423890599695	39.156791402743146	39.17285688932577	39.10912701691979
MCW_CT_ROA_241_R1_trim	36.30437328473134	40.7876148634656	40.48235038965869	40.94208645547261	40.23209658249815	40.4979920076597	40.43146613411615	40.537041921731266	40.9517144232152	40.61957897793403	41.06256854410387	41.49077317178746	41.3137914774952	41.67597264414056	40.51475251103025	40.00392202213719	40.34552957879337	40.09473242348845	40.30467919936397	40.127868524676394	40.185639792114436	40.22293293473068	40.182384881989464	40.25075181416843	40.15866727737308	40.15917420968263	40.17706295503546	40.17556062639112	40.231478281655306	40.19386270608196	40.19110905945504	40.1988481009561	40.1712519051552	40.198835405087635	40.13529902233671	40.12385320685627	40.20082659797529	40.161763550722384	40.23890522510334	40.2017255802737	40.18858168342575	40.25677892562824	40.29625874831944	40.31967852349647	40.329398610111284	40.334629685095784	40.37844033982353	40.39866947551951	40.45134241935924	40.38181914751155	40.430457634763705	40.54905102440573	40.43181859640191	40.46132116143733	40.43350740481137	40.412723559468034	40.419440046561036	40.37855563059627	40.52261268047643	40.57189229407736	40.58752065935197	40.7761743494028	40.68336591684095	40.64970274881117	40.54354654818402	40.45741252741441	40.55449676582536	40.448206734746925	40.575964269637375	40.60623635422889	40.620410729472205	40.706698358826536	40.68066787524183	40.512480187529704	40.5984351737435
MCW_CT_ROA_241_R2_trim	35.85905289879991	37.02591590102031	36.60978836463318	36.97000170224826	36.4244486682084	36.681113540559295	36.668314955455735	36.79575800807472	41.57705761720872	41.42103446033525	40.929285490492674	41.444767748713886	41.12651639943227	41.34129500548083	41.32521290156782	40.032175081554975	40.47032508994917	40.10141641814381	40.42284593998259	40.21340932461794	40.336171812502215	40.348101925937954	40.32091790040409	40.345074149584626	40.28736361017269	40.30668108980566	40.31872442423587	40.262883087646074	40.365282182886105	40.30398594896341	40.33625986437039	40.38591124739348	40.35110155971812	40.345393539227906	40.31337844822243	40.3068445352753	40.335864886891194	40.31424885630638	40.3769565902657	40.333235329798114	40.349133068434185	40.389091446037824	40.38879736870995	40.409736868668084	40.34603526794236	40.316443691637225	40.36097802841876	40.31057841707031	40.31474748132312	40.29274773302155	40.30305001730828	40.30339572673477	40.26239006289705	40.292105121752606	40.23424682410257	40.18614887266633	40.24410397522459	40.19754988041378	40.239057723528475	40.227254078931125	40.23497979022658	40.306117638481446	40.10398399213534	40.19570547203895	40.15470798301386	40.07974331361804	40.09904030445131	40.06709499519974	40.124586708180495	40.09095849295651	40.11070894993241	40.11550338838365	40.0505483886589	40.05686469019783	39.96986916520777
MCW_CT_ROA_243_R1_trim	36.574096545621266	40.71721446576402	40.78471971489977	41.177707290406644	40.26150317527424	40.26857723087382	40.25205974147653	40.34942380984081	41.3495877494532	40.48764428235581	40.37258586250388	40.8177880981696	40.81014171891877	41.168430034067185	41.1255983551346	40.69737536822037	41.27047395114281	40.809398718002015	41.24638596713563	41.00865052061538	41.09424743835102	41.08473134734685	41.062362718442905	40.89875039226802	41.09632088574264	41.106107009824925	41.114199892600574	41.090836525245656	41.11977479268067	41.14645342448358	41.14111275390924	41.17632444895256	41.13214339287167	41.17853530882664	41.15894677855269	41.04529389331651	41.13197106191943	41.120507068218046	41.170388624291625	41.1962362865193	41.148109483158166	41.21125593146618	41.04509930652479	41.23534113257649	41.231172772502795	41.220435606221244	41.2862260582127	41.26777703031804	41.3247061931326	41.35196176790193	41.31986681819885	41.35035166385598	41.31578714145497	41.332783614510454	41.34740826266036	41.28556903220269	41.361025267186506	41.283369538823074	41.41493764258939	41.44346736833173	41.49896952021858	41.57091034497938	41.47501684126067	41.53261670664804	41.475339877934005	41.50290517746084	41.48821979296601	41.43496683706947	41.50576262744577	41.52776426219822	41.581942362072624	41.61356539013985	41.58316470769488	41.59150871274047	41.571381998107505
MCW_CT_ROA_243_R2_trim	36.055760902629345	37.28288632519635	37.031794855171675	37.27418389382234	36.798384915377	37.051719340058675	37.02649350701675	37.13920735390157	42.106780664545454	41.9425690889675	41.517441895601905	41.88421058800411	41.714880596353446	41.88253916481362	41.83985253057202	40.70363063193982	40.96710908976365	40.732470347549764	40.98302518028959	40.8706165247195	40.84702028797963	40.908906885742304	40.674899691232966	40.90236012800551	40.811628664468266	40.86773624114298	40.89698735987854	40.89201339797506	40.912406887162554	40.89902548154218	40.92535608336619	40.93789589173664	40.97426310878512	40.939828501139374	40.93492651944664	40.91684186443659	40.95955050436739	40.963118242238195	40.965239100250855	40.93864188326924	40.94874153558128	40.991772576492096	40.978054823437795	40.978337701736	40.90922721227305	40.9526966864109	40.96080659979173	40.953040857652965	40.942595704716055	40.96789467628887	40.979589445428275	40.977915647325986	40.915810250029494	40.93986843445737	40.922975797447734	40.79537694533284	40.89661900472818	40.86634218084412	40.8816299434538	40.89758157100549	40.9087116694236	40.93777594082199	40.908027780481156	40.853032547952544	40.8003294869927	40.80614742630539	40.82647263939886	40.763867700036194	40.778637500828275	40.770077110178285	40.732468705290465	40.62186213101794	40.66442456005106	40.76301766950852	40.68278148775372
MCW_CT_ROA_244_R1_trim	36.01633436469974	39.76022428295753	39.743158357398336	40.16288108410426	39.67182713491106	39.68243199530643	39.59522607816595	39.634918814328934	39.969497180038616	39.51694450068893	40.29816817209824	40.62791349159708	40.54004945947681	40.97620795804018	39.40633965771449	38.8873484885711	39.09111526387749	38.89417102112723	39.01139520237485	38.82006874489938	38.85616173498717	38.87229785556988	38.88566438703735	38.95718279607332	38.88977451678375	38.89750840280778	38.85924689412423	38.85161723168116	38.85673025957322	38.81132005250016	38.79288748081778	38.77974247699564	38.77662974811318	38.827789058789655	38.76377702066553	38.772758962339076	38.850578159541506	38.775929851319525	38.84252983376514	38.73983174163156	38.71378222378081	38.764014791945776	38.7992575844737	38.84874371200286	38.87224693566979	38.887344765612085	38.91125923043636	38.90814256998316	38.94907784112713	38.834829186508316	38.8443567009259	38.94673020448458	38.810125690552034	38.839703657250425	38.83264313394964	38.811173065649776	38.806848707069975	38.74594857710466	38.89147529285389	38.933778114044024	38.90091256277535	39.10137741491583	38.97725564938601	38.958557900148925	38.86953346191813	38.79142646893086	38.91389736619955	38.798837754288556	38.8950454687722	38.927073857514536	38.91102292038575	38.979193517525715	38.93771797521446	38.74214940974148	38.80305868139717
MCW_CT_ROA_244_R2_trim	36.012092309124476	37.13754421210352	36.84046048245393	37.1161911612338	36.65747204488128	36.867963563587786	36.83559636969279	36.941252414938845	41.74903578345596	41.53737165046702	41.20236946145977	41.525597680467165	41.27895607194562	41.49319802389217	41.39738306449124	40.12766402178689	40.45798148242346	40.19926445232774	40.457889537718366	40.275632535880916	40.38425203655552	40.36529097474422	40.3618573901285	40.36698894388105	40.3113321631402	40.330478825797	40.316630301859796	40.28230822587474	40.36188429317075	40.28323610582178	40.33073916622227	40.33446323230911	40.30649362169689	40.30350441440908	40.252203740267596	40.25412707425656	40.27807930524849	40.253390131497845	40.32113427865858	40.23640774451402	40.28569519455803	40.29452623304045	40.30275473708242	40.368008148908416	40.30573370433679	40.343001703318706	40.400678079672986	40.351946378644286	40.38136459542303	40.364781012523544	40.40812362266728	40.419527813186065	40.390557934727966	40.459088895134165	40.415634534684266	40.39413508720756	40.428915955924104	40.36916673803487	40.406693049234114	40.40547216542615	40.408074158705816	40.46794826454811	40.25097060070873	40.305948484400126	40.23310331643587	40.112047239525914	40.06926416840195	40.00669276511923	40.02058061808537	39.97187537932313	39.971681189358996	39.93106546785571	39.852840057520154	39.85000075950905	39.7222380453275
MCW_CT_ROA_245_R1_trim	37.00454959600105	42.183500788247756	42.01447310460229	42.2479284013833	41.58156137726432	41.68140664714956	41.672175593366156	41.818794706765196	42.64141349936927	42.27822717065599	41.973149722583685	42.45572947486531	42.346062659749435	42.61387256684948	42.609613690194024	42.50506370992336	43.024966604240454	42.65225181977903	43.02238520810002	42.83101772937404	42.88950987884629	42.92364403859248	42.91154501685906	42.736852248576014	42.94159753246447	42.93254305440594	42.953123983673734	42.93685577250382	42.984045585572616	43.0076184915871	43.01206278596225	43.057586624956	43.02158903289685	43.06334280183635	43.049876054391476	42.95918949079635	43.03207617218576	43.03070278302761	43.07988483817082	43.10687156627907	43.06702346887262	43.134540786910605	42.9516144215653	43.13857759777528	43.11655720400436	43.119095417938205	43.17069210360412	43.14967466768121	43.19498145116438	43.21584474531861	43.21416265163599	43.24452614776248	43.19756082911498	43.21343974795162	43.19973483418552	43.12976184661727	43.186844936683315	43.124543053995104	43.21605417569877	43.2468472463867	43.279516217999095	43.330848217259906	43.25284844421796	43.286127408536	43.215963919546006	43.22199183237297	43.21172546908016	43.17068570025739	43.219041688294006	43.245251888030424	43.28612517826018	43.30301061236236	43.2648405124669	43.29106816875678	43.283174284714896
MCW_CT_ROA_245_R2_trim	36.08633432365999	37.30075723329498	36.96543997699928	37.22176912454526	36.72625161342715	36.932371915064	36.91139900197792	37.025347916473805	42.0251989952331	41.946243658067615	41.426049292187805	41.90976827669878	41.678867041932065	41.90251184822739	41.86748960479513	40.86691548459213	41.17698790379913	40.88570392247728	41.13646272616693	41.00983282079728	40.994890582296605	41.10122376735643	40.87821853875366	41.145395181463115	41.0351815950027	41.08095395509999	41.099057404805	41.070704503146494	41.0869245031869	41.07001236528591	41.11022462489853	41.1664787749944	41.2127098294475	41.20106004636451	41.18991382612879	41.18181536922114	41.20417456691092	41.17701688231945	41.169195430407235	41.150194073055054	41.1710057628668	41.23671174750681	41.22983326250891	41.25892171919382	41.16898066565097	41.22394131969771	41.23912206209762	41.21469071880338	41.199819809089256	41.1913958963465	41.206739974054614	41.23323551098704	41.184672425702765	41.223918950590466	41.18933522482302	41.080163562379745	41.19883888092398	41.12262281170268	41.12011026463841	41.11580868064227	41.13767298740462	41.197949467758754	41.163845966256915	41.128043959817894	41.06262894342548	41.06468159959182	41.0784578926899	40.98264589694021	40.975882219086934	40.95821238094167	40.9186908397348	40.82848906921681	40.862109672092046	40.973886796406056	40.90840252514588
MCW_CT_ROA_246_R1_trim	36.81838088727809	41.817356391914025	41.55108757047548	41.91875311601464	40.99131772496827	41.1828631049112	41.1799786389035	41.33676130777502	42.14384742587899	41.64504446389391	41.239429178770095	41.88256941667092	41.72995400743907	42.083014706526306	42.08986700084051	41.80584161463216	42.432414889145804	41.95195361309483	42.406678544642375	42.160947577503514	42.238950421399956	42.303655173072194	42.272736676084605	42.13649129199253	42.32392526502773	42.30445280064142	42.34940731415269	42.30999563118834	42.37692106059683	42.38729276832759	42.38732981923147	42.46466218278517	42.424578171750994	42.49161736023438	42.4686810947307	42.36004262096826	42.450398598154045	42.43608241967247	42.491478888342826	42.50980591445977	42.45136661574504	42.542043004037225	42.36327234927401	42.557329385443595	42.53565162677978	42.53618326929345	42.60383531674113	42.57690759736935	42.63027293204334	42.63166241475159	42.61305960643616	42.65147399477186	42.601532493184564	42.63252667087321	42.62393728570589	42.54240569443909	42.635209063681636	42.55880747649315	42.66830999826439	42.68410199391653	42.708996669272466	42.77212152410556	42.674227732590246	42.724805669401185	42.65370225051053	42.663165196089004	42.66514865545326	42.62012018766255	42.6826943542277	42.69393461974251	42.73102839168442	42.74829230111108	42.70535950922493	42.71984026264427	42.71480577684587
MCW_CT_ROA_246_R2_trim	35.92573830434272	37.14853512694798	36.845671482368104	37.14492092473019	36.65742336763832	36.86998971079045	36.88307778101176	36.987902111359055	41.933768687113115	41.854762036448	41.33164728921773	41.80883974430742	41.566771831084594	41.775592653496744	41.74934212057579	40.67872027431598	41.02871828211672	40.73879454804803	41.039888335824436	40.892314407227914	40.86999411649188	40.96789958138396	40.68284805500484	40.95621275845696	40.83387487480585	40.90300802215511	40.981318668313065	40.94643322525559	41.00148405005213	40.96666172945228	40.98576344814458	41.04133245436109	41.064510429192104	41.06024537734604	41.04163321979305	41.027116393543686	41.08433082548861	41.075135833731885	41.09334852383323	41.07048460383427	41.06825510736025	41.14551756201166	41.12460426666262	41.1325985195399	41.037444929836155	41.10459838262762	41.12295727813768	41.11547032831697	41.1198180995582	41.13235896531401	41.15524276876206	41.164949148845686	41.09654983466388	41.12729052426562	41.09767231206364	40.9523450579673	41.08809388503817	41.0486714649209	41.08176779186119	41.072283374787716	41.086688785261906	41.14571791350898	41.10709477108507	41.080981057134665	41.01609164957728	41.04493574874043	41.08860544535173	41.020865461174346	41.05700829744538	41.0458933052685	41.00227902385309	40.90936309224984	40.948847357915724	41.07736942871655	41.00905676373058
MCW_CT_ROA_247_R1_trim	36.791845736346275	41.297736426260535	41.34440827753263	41.67012455088914	40.92276564301355	40.932463653737535	40.920560566884014	41.017967622910405	41.990199423703864	41.30995000542905	41.212050867187195	41.60018961715406	41.56457816111579	41.882762895514084	41.82402101814371	41.57057872540536	42.09649614726046	41.68311581841782	42.08137086811967	41.85530970674383	41.939154790812594	41.95158448524648	41.933356889760645	41.783363749042586	41.9640124117722	41.95993462201882	41.98220966489157	41.9533506200849	42.00373657667593	42.009301243841385	42.007306496188924	42.047209014297266	42.00472553856716	42.0675539224102	42.041242602953204	41.93431622429553	42.01701973295985	42.00347110762224	42.0625553156026	42.07562303261423	42.03698324137148	42.10765993105381	41.94216196722531	42.141684590186365	42.123986980969256	42.10987160002134	42.17842790239633	42.16003921307204	42.22223072024573	42.22992668528489	42.20605004916942	42.24425829442586	42.20901478303473	42.2432773757974	42.23605958209058	42.158943831790474	42.23218001106299	42.15681969428039	42.28473453063724	42.29718097831675	42.336260719861144	42.4084592709278	42.31700684402257	42.377188506777244	42.313295908152014	42.316322248154364	42.308142394477414	42.25611824750896	42.32254014053915	42.33007219369444	42.38005719376049	42.412335825827164	42.38477655819243	42.41872435278627	42.40688157474813
MCW_CT_ROA_247_R2_trim	35.44597837081854	36.860970100083634	36.427432316999365	36.828037553029944	36.15043214465362	36.475354304626364	36.49150243894639	36.62445999635828	41.200327961137106	41.02494518934286	40.395627130624604	40.963736664964735	40.68292958872091	40.941242218029714	40.88346774013287	39.40091060321445	39.822146919388906	39.48081571954087	39.815030528722346	39.634762438356496	39.60560849334672	39.701674627841136	39.43472449881951	39.715699315398844	39.59195916408912	39.66733402548132	39.748648106523746	39.70287892085416	39.7623660546522	39.73248074225792	39.742243663644025	39.79743013583612	39.82503850685545	39.81499778671672	39.79721934677359	39.77744035156548	39.84365964557799	39.84671906960506	39.862539238454175	39.83583571498687	39.835133242946	39.90975599124192	39.88046449647149	39.873294300897655	39.76897778595685	39.824114008190236	39.86049829217115	39.84700325486145	39.85124866393769	39.86669105537332	39.879418748194816	39.88519352776711	39.80319920953937	39.844381941232136	39.823275432862886	39.67532360909663	39.81561790542545	39.78386101747665	39.816929472134696	39.819437585483975	39.83242409992445	39.91500900459623	39.87185696929049	39.831474660073425	39.76311949910895	39.792015750130034	39.85176923156256	39.77860291689327	39.824612964132314	39.82300040376194	39.76134841427043	39.67392362930972	39.71019115525198	39.843015135418256	39.76109489427319
MCW_CT_ROA_249_R1_trim	36.51688699614087	40.540746310147675	40.6669292860906	41.066198293478124	40.16245799103093	40.125556860700705	40.133845424170076	40.20528472345265	41.23957317007712	40.29162397307906	40.22221743967705	40.652094103857934	40.6807237384312	41.034098580554925	41.01531683988462	40.56033969356502	41.138537950890154	40.658112434923105	41.0890917508032	40.843563092506336	40.915606725198515	40.90604779388647	40.90594475208618	40.74303525954015	40.952742804560096	40.97447938564275	40.98593989132275	40.960104287305654	40.97636536204425	40.98543046018899	40.980051911691795	41.00906096310909	40.96806740634225	41.03363045779478	41.02479243515194	40.907957698248325	41.00611819762174	40.98519288689364	41.031970064048146	41.037666617418566	40.989038527041544	41.04738043495664	40.875400468478034	41.07402407898234	41.06441626041357	41.050251797817936	41.11643164508319	41.09710544155502	41.1527514627753	41.163463409279565	41.11954894621929	41.1478974086198	41.11226828425127	41.11942485879877	41.1159963579775	41.045171293093205	41.10880080901149	41.034982857244735	41.15800722906596	41.17700367067506	41.22290780415526	41.295947840814875	41.19320141381607	41.24897437421586	41.18493935774485	41.19681404122073	41.169756294267316	41.11779253160115	41.184304550037346	41.199756388544714	41.251884040632355	41.273598493104025	41.251080174133996	41.26524356317327	41.25303636737822
MCW_CT_ROA_249_R2_trim	35.74790291503143	37.00783574433028	36.72399881115806	37.02266897060172	36.47977460669197	36.75258786291348	36.73456240995887	36.861283779576766	41.60199990900675	41.40202248496003	40.92921353759731	41.33875247956791	41.167177848093694	41.34001422154426	41.3002897167969	39.92300261836042	40.22805444844009	39.9535060191667	40.22118673691363	40.089427074019895	40.07858345203436	40.134133971406335	39.9097376672291	40.13320949608403	40.033394846945825	40.099110165587994	40.13947746792328	40.12259961304837	40.13644179031824	40.13378528375688	40.141995845399755	40.15922179026571	40.200479832996066	40.17438178223591	40.16073803688336	40.139992661587506	40.187449423148415	40.18698372258951	40.196328620955676	40.162573984025194	40.15842042997135	40.199189425612566	40.180220566961	40.170282087165795	40.09432650802769	40.13931704881061	40.14488254737717	40.13350459806171	40.122035311758786	40.14532396264391	40.15892644393064	40.159367794833095	40.095373627793876	40.12790163000679	40.11533570670719	39.99143524827205	40.0953153060848	40.073225923374736	40.09570334829246	40.10858617896553	40.12607967492866	40.16231599091702	40.16260235847503	40.09160611262684	40.02859152129392	40.04314586217879	40.08470610991664	40.02162413078409	40.050946241095694	40.04502371204708	39.985901805814855	39.87998761730691	39.926750851126315	40.03584079006151	39.93718180664659
MCW_CT_ROA_250_R1_trim	36.52192364092168	40.80810127940392	40.79509992982867	41.11987719706478	40.65976992522693	40.7758718528022	40.72420730498444	40.82584827176308	41.75651536286693	41.018924210615424	41.930934614553756	42.216054697141594	42.237989687963484	42.318365468123375	41.24585834338675	40.76431198586005	41.18808455436701	40.72655302561012	41.10315936076837	40.84566400950314	40.96169583006877	40.952468535063694	40.96834733128741	41.004353456366374	40.93679154226661	40.96675159846567	41.01661342344032	41.01272804357078	40.99213879853419	40.98022995389307	41.07879113314322	41.090470850908616	41.06435219476172	41.059161135466695	41.02122710290619	41.01006876127881	41.11158921284847	40.99105091198499	41.07624229371652	41.044018850163454	41.016171099725526	41.05397842378536	41.05350650428558	41.04456371002753	41.13673717978883	41.05967510760989	41.08574753088912	41.101287395669985	41.15856868429476	41.120930633171014	41.143243029491025	41.27094537971671	41.12238913267411	41.08518154046624	41.07682872186017	40.99150203856316	41.01871932197283	40.99564450857813	41.13596486225782	41.122855199893976	41.15263571894202	41.32724323125459	41.155300950993926	41.14362437180793	41.064491989177604	40.99100683460302	41.040573439514304	40.849344601273195	40.94796592431677	40.98060768803671	41.007114149429185	41.08423386356909	41.12970580723373	41.08888330186198	41.05448172921165
MCW_CT_ROA_250_R2_trim	35.46851425565567	36.80398782178804	36.31989202850674	36.76624707470815	36.106915290039716	36.43594376578838	36.3946879408434	36.52810833652897	40.98660610527535	40.80921783813831	40.259179283734916	40.83850724384058	40.51208114128827	40.69494066086073	40.62594676499963	39.082982212692535	39.52460837458345	39.11843417430609	39.44510458062141	39.21327716385332	39.36205731987177	39.412042151109944	39.39195026181602	39.29999796246811	39.35206409532632	39.38154085936692	39.37109684781215	39.28596284339994	39.36792986541782	39.29163463175411	39.34801440279831	39.408112872379924	39.40816606028014	39.38965507148261	39.37274192704382	39.37185413570051	39.37686150851633	39.29331158170384	39.347586837289256	39.330904779281454	39.32351838034561	39.36113626308374	39.35825271094599	39.407975463282405	39.396043980495875	39.33610093865955	39.275041376031574	39.37069480511002	39.34552070509874	39.35582638046775	39.38632135053973	39.4377347566663	39.40984500207509	39.46632264558024	39.470526063726716	39.423232505240954	39.40178163432641	39.41904651302403	39.4428602059425	39.43936144438928	39.448033741843844	39.550794747207725	39.42386985806593	39.42745533475599	39.4009363153361	39.415745830064736	39.42344309702434	39.377511403637655	39.35552325347847	39.311006813055386	39.289357734410146	39.35478949511373	39.29044741479733	39.315504810991605	39.26164704049952
MCW_CT_ROA_252_R1_trim	36.38825133293009	40.71050828297985	40.56047633691018	40.98868780660662	40.35535318945995	40.64045062832137	40.54348234421195	40.625843588511515	41.09196430851433	40.721312025222446	41.257510031898505	41.603604416085425	41.4698476943936	41.78422580726375	40.662176213323356	40.21028505281383	40.47836001149843	40.242362012517	40.42362255289657	40.286513985210085	40.346576593531026	40.36278273389239	40.343483955409354	40.39133728926704	40.32350447770535	40.32489224666017	40.32644372417285	40.32918746942534	40.358004145701564	40.34352232265133	40.345473048884955	40.3382386812282	40.33077101883973	40.351505855453595	40.30349762049607	40.287954121839476	40.342698675344145	40.30629990066425	40.359086835641875	40.33653526282657	40.335549362072	40.38210470354842	40.41128424472996	40.42190310953714	40.43080205344395	40.44403839711976	40.43910553693715	40.46532969480169	40.496557592532234	40.4376217266402	40.48916872439834	40.57349345670052	40.45572356520972	40.45952154005689	40.427717900332375	40.40311524858495	40.363476581488904	40.336071130762775	40.45349296525791	40.51770412160819	40.51941367360521	40.67192234780795	40.59560965874668	40.54030019016446	40.43590908032204	40.34495033880515	40.417317016410074	40.34051581790821	40.44033198802967	40.476566737499375	40.48902074563508	40.55993080110778	40.537888710392735	40.39176241241369	40.50444103469771
MCW_CT_ROA_252_R2_trim	35.764719237451686	36.780701882949494	36.48409464876267	36.86427373046123	36.30448792244382	36.643818957413984	36.60799465037971	36.71192387454395	41.47028543102564	41.21372306652605	40.7787365992949	41.241257065241875	40.98644510944141	41.17037230522447	41.167868121576234	39.8211002727596	40.22467786310389	39.84515047547937	40.154669644679544	39.97837520944801	40.08341266932555	40.08422799969572	40.05735440829295	40.05892440739882	40.04446621488262	40.056345212902656	40.07632992656465	40.02757925224427	40.10676671119226	40.0357893235146	40.06691313615175	40.09909560506056	40.07290171139966	40.07079394680402	40.06765171236466	40.06525407452121	40.08964461896877	40.06390035101499	40.11995122592642	40.094240836272164	40.096288108194095	40.123623430090014	40.12882187159809	40.170496559745835	40.14039328933745	40.07454096275035	40.148387965100234	40.13697572173724	40.12681601860238	40.14184987395135	40.15351427699772	40.139750126534146	40.120018022034145	40.16232107034799	40.156581318511854	40.11759291676392	40.165717142535726	40.17059650275673	40.20174215279665	40.215285391231696	40.21027706516732	40.27334506814337	40.07300293964253	40.151306337209455	40.174519910228156	40.132136017944624	40.17006440200776	40.167304658863735	40.220527891321666	40.21951640982628	40.238238528949395	40.240670098644934	40.20241222595559	40.19833348182505	40.13054726844334
MCW_CT_ROA_253_R1_trim	36.532537204904195	41.343617720413086	41.026211716421344	41.462999872642335	40.82820497022043	41.11731501254746	41.0507031432736	41.15741884724086	41.62999792527419	41.38521576954408	41.70250581968455	42.11352079773934	41.93968943341681	42.235009989169626	41.31984683022935	40.90304692668495	41.22635823472661	40.985083839034736	41.18127913664834	41.03592781185743	41.088460899318804	41.11123086345163	41.09171177966225	41.13468502976108	41.075523264313624	41.08703976487026	41.094984603152355	41.10988507741012	41.142194736932545	41.121683999157135	41.12235038419109	41.11856959649951	41.099387870880605	41.119835543896656	41.07648384365479	41.0676658262704	41.1305579012049	41.102992074845375	41.1555662083121	41.14021059999882	41.1271687757959	41.163394636672685	41.188284427999236	41.19001347060613	41.19914679632537	41.20261869510525	41.21648361815174	41.24636331473955	41.2811602410771	41.22270723645214	41.26668925666869	41.34508701761972	41.22875776966632	41.227072410209686	41.19502646307392	41.17094037549983	41.14348369354533	41.123164519117395	41.231482615680946	41.28378895831491	41.29797014520933	41.44139701833255	41.358354435303205	41.30334545837085	41.194954548650315	41.104107006131976	41.17711908408413	41.09296751750489	41.20208892591564	41.2391613742166	41.24535409536161	41.308050777360904	41.28356817887876	41.120063519587674	41.244644443403395
MCW_CT_ROA_253_R2_trim	35.686540226788324	36.86943765511383	36.36092235976623	36.78258627717139	36.141367681032285	36.51689211260368	36.48275463916027	36.616810721834085	41.276793673408285	41.07106038528801	40.48905482301388	41.08794473560648	40.7304530851413	40.95886522315627	40.98425957288195	39.55573898469822	40.062964196652835	39.63033961786672	39.98668894577508	39.77804817756007	39.8720867807639	39.88279477129473	39.84152033921138	39.86427221824665	39.830859219455455	39.85417687769317	39.87738482794349	39.822498117251705	39.92104695299479	39.86909933025108	39.88488861820714	39.933230062266965	39.891427592974345	39.88684465836052	39.87017837863247	39.86300063446185	39.90250920439285	39.88115418423642	39.94154734911897	39.90785676526188	39.91212029101374	39.94982418539118	39.95685733815754	39.96660907131561	39.919335469979835	39.900342519041594	39.94853564579867	39.909555628760664	39.89985955148969	39.90026143963181	39.89563738722625	39.88890857132413	39.85937150160525	39.87508396534274	39.84580781110623	39.785407570042395	39.85989452351801	39.839637692387655	39.868443843665176	39.87775219660833	39.891315335278186	39.96711901444372	39.776772958248806	39.84857062076411	39.843347334159645	39.77363564447654	39.805368414303295	39.80272805381553	39.86785853052645	39.858056670952735	39.878406741162074	39.87092654934079	39.8211005705167	39.82823639233327	39.7687213516623
MCW_CT_ROA_254_R1_trim	36.58354563400698	40.67300801049547	40.763966546937326	41.16614593734227	40.22790783371826	40.28257121198205	40.255392315057534	40.347590804997374	41.37536323267957	40.463034873010386	40.404889689737594	40.82255284147984	40.81956665134531	41.153682785785485	41.12251484318146	40.71565873841313	41.28721913859902	40.82961229484668	41.25564984465868	41.020285466599574	41.10946213986869	41.09681467585429	41.079633563455104	40.910287110737976	41.111413277419146	41.13110182349157	41.13703757957499	41.12103086345798	41.14528870862753	41.17331921748361	41.18172967607909	41.198321873238946	41.159507778133765	41.20514176454244	41.19158726762726	41.08503414651763	41.15773728056832	41.15404708674439	41.205432577903686	41.23873108089447	41.211360212729915	41.26795375217522	41.10488596071753	41.2964352900526	41.29351302401558	41.29807924784573	41.355133953086224	41.34951329426155	41.40804663474269	41.43896730686385	41.4193787031555	41.447389580724156	41.418906044293195	41.42340500650802	41.430355407186056	41.36311493553752	41.420077737297994	41.3616713260033	41.48998695087728	41.52067167501129	41.579360178938465	41.6402644186486	41.54759277862721	41.59678596275699	41.54317735952355	41.55142137086761	41.52363292637995	41.47782994046018	41.5411795778878	41.56845458344579	41.63745595353622	41.650342767967196	41.62878901097102	41.637793977409906	41.63699571474018
MCW_CT_ROA_254_R2_trim	35.9363853512465	37.15383362281457	36.911823894672274	37.179353590749784	36.67753096815336	36.95508316992668	36.92682251376007	37.04110559767172	41.93105025979594	41.73588146242406	41.30270756855288	41.69010614005769	41.522469729439756	41.682092226145485	41.65604760378043	40.43386531164638	40.72206921917045	40.47390781871575	40.72545490854082	40.6104969605798	40.58350320100203	40.65107344946968	40.4268152912846	40.65604652485536	40.5759159163967	40.63891116072475	40.66718135460773	40.67059249187159	40.67966543218287	40.67861159744751	40.691631942180074	40.70746407666083	40.74577876923544	40.72268636903091	40.72508261468028	40.69919653208384	40.73655519319139	40.746925739163295	40.743777756247034	40.72945042526405	40.731189150149106	40.774547897720254	40.74746217670357	40.72607629445901	40.65329725535569	40.70371384592194	40.70488752232666	40.6965424331221	40.68541168286111	40.72035156803182	40.74453055980809	40.753657895934865	40.69256897052619	40.71801930463429	40.72468531605967	40.58896455352366	40.69904943066461	40.698212517406006	40.71409630098726	40.73170424347213	40.739781837874034	40.77770072171321	40.77187864464201	40.72222863305174	40.67464771288793	40.69836714325792	40.73057676915715	40.68053450266584	40.70532856638616	40.71867467880034	40.66296018658856	40.54644588990564	40.60108051200912	40.703848181359035	40.63297024249816
MCW_CT_ROA_255_R1_trim	36.28295605978142	40.425783309879634	40.014719464478105	40.704509456378815	39.740896210870424	40.3722220912855	40.19622292934198	40.32112220368737	40.796827847548904	40.30706326455734	40.86254618840002	41.27176910686048	41.08945551537364	41.42090243361542	40.24595452974824	39.69539940046892	40.05241895857847	39.77388436531919	40.00743467114044	39.87283391793859	39.925708052654315	39.92604893251886	39.900619881812545	39.92320411026234	39.85927100973014	39.84967421699607	39.86523639650652	39.899003347445856	39.928704117760255	39.93957348470821	39.95444039166799	39.91833845466381	39.898281363844006	39.89607303372182	39.848684089706225	39.83125713430796	39.880600592298734	39.86057117581621	39.925952532915424	39.929168791454146	39.93092692519759	39.94184359525909	39.96063000953804	39.95040888621714	39.96139261874042	39.98277588128229	39.953527834403076	40.010935742816145	40.04977341381066	40.01643358732833	40.08581687927725	40.15557494431036	40.024069865059836	40.00828210323841	39.97425748020055	39.9429913561552	39.88296467490814	39.878292852981204	39.99731437061536	40.1037033251277	40.1100125792079	40.260364172567435	40.17596243692415	40.09148861923397	39.973900487164684	39.859650410706806	39.90631243123906	39.84287057588832	39.956688820917805	40.04180933205051	40.06230350768127	40.12236803567163	40.08912948235301	39.935520228845206	40.054665356875866
MCW_CT_ROA_255_R2_trim	35.82465700410119	36.86931903306115	36.61930705692151	37.00653028775855	36.40861199412963	36.83038243430838	36.75181140593769	36.85722813344586	41.7058612570601	41.365178788263876	41.03494184972723	41.40714411729843	41.17996857210945	41.33231394595262	41.321568478270756	39.97857963336787	40.38891042093996	40.02858366390626	40.31139567424344	40.162408966874814	40.230647007542736	40.20459424048049	40.19512615338813	40.190447304826094	40.18976972769711	40.19003666640846	40.2206314570133	40.19133589881218	40.2508657943314	40.18717208931813	40.21369141127803	40.21944873563592	40.19761349568233	40.18335372492552	40.204894659260766	40.18632957999507	40.22594298479032	40.19849349274791	40.25440142234192	40.23882544725657	40.226313197305565	40.23223714715019	40.25275282697389	40.2752891969798	40.256709646856365	40.19377363595131	40.260111531998554	40.257441650802356	40.235720372356234	40.25372775987853	40.24912605057272	40.23141955273791	40.20137898423833	40.211598202162406	40.20340154556068	40.14482251953815	40.16894458902418	40.196159827141166	40.210261563263444	40.238885721810405	40.228244360459044	40.28398733890019	40.05070071920087	40.14106444886016	40.17779885974358	40.12378661059317	40.15138676320072	40.16418478530463	40.20681996362025	40.24625241888409	40.247951669115395	40.24615137566244	40.210908895614594	40.194572437442204	40.135744382724674
MCW_CT_ROA_256_R1_trim	36.53139247851347	41.25272910063814	40.91639408325053	41.43273589563373	40.744456046921734	41.15714151073898	41.06532795032378	41.16016418743766	41.665121595497624	41.357613633254275	41.69753052102801	42.116141366357006	41.92593745561752	42.23067002949277	41.33407204634326	40.943479985419735	41.25878477619982	40.99344083652571	41.199708677037606	41.059741212151614	41.11659008431768	41.13008437819334	41.107197415912985	41.165727951004	41.10567859104333	41.117499966339075	41.133876100498284	41.1521226402289	41.18407551047291	41.16637115624206	41.166780890555266	41.15484714907427	41.13936626222898	41.16494673362811	41.12604980571556	41.119469656121474	41.177883497288256	41.15195189054825	41.21070128318667	41.19195710977017	41.177332030012586	41.20395816174046	41.22165683318878	41.216676236750594	41.220241508640605	41.239665748477	41.23820502529606	41.27320733303036	41.31332457317515	41.25209034375402	41.300368411959575	41.36071633129904	41.2445469891257	41.23773296171951	41.20733748817197	41.17717910532898	41.14488480626441	41.13764225888849	41.247143830042084	41.308866766125256	41.3074492064223	41.43387624222372	41.35656187260785	41.290325423392225	41.1857273976085	41.08126675654714	41.148132143575644	41.09090607206864	41.2048693438444	41.24453154632387	41.25309700462355	41.30656920048494	41.27706002787006	41.120198225052114	41.24416880372492
MCW_CT_ROA_256_R2_trim	36.013142090499585	37.03596602675934	36.70596746762849	37.05352682313109	36.501025275581156	36.8695318358282	36.81064534223523	36.91404839974471	41.84008878883032	41.603496285499325	41.14026619927626	41.642096168644485	41.35838140937245	41.56140538131803	41.58136291341141	40.38887952075803	40.8063566815506	40.39285999310945	40.705015901695056	40.518977856733116	40.63465363026098	40.632940294527195	40.61844128467293	40.637276106466246	40.61167611104096	40.61254155493417	40.622618372580746	40.567845886467175	40.64314467304789	40.59375925223981	40.624382181449825	40.663316718325525	40.64291133986909	40.65719186202066	40.64692326441254	40.6253720970335	40.643253042863705	40.616984076603906	40.65880868953711	40.63058559738413	40.64783680114083	40.67775608943046	40.71292148444676	40.73591883437059	40.69430385952527	40.6697369933868	40.69960357885569	40.67150046424266	40.65959068244839	40.653981450451056	40.672544944876435	40.672332049380906	40.66361393538943	40.68499164035184	40.67419813379009	40.61226045374381	40.65375761783173	40.65319924965028	40.67142477498875	40.672404744022835	40.67078581053316	40.74761594379747	40.56585119080192	40.671844858921865	40.686511514557765	40.6120506076641	40.642372416692965	40.63375234528311	40.685042742944105	40.68026575320482	40.69270607484253	40.70141266020889	40.67043397765378	40.680497028703115	40.643625759007755
MCW_CT_ROA_78_R1_trim	36.53593706856873	40.924953851932266	41.01778919524694	41.21568822275763	40.59737354207849	40.583073304243904	40.635241295185374	40.64039104949121	41.37350011715426	40.78683848414636	40.566785418693385	40.672743954667745	40.74205400064996	41.017881280596036	41.11822096693381	40.47427562513096	40.97363081472851	40.48241518478834	40.93938946210996	40.69372947697604	40.73506902206806	40.75716384385317	40.70724489782734	40.861326105799826	40.82006445446767	40.81459724358873	40.79941040481714	40.82049045728608	40.82710927311975	40.78928989179401	40.805292448184346	40.84753373172057	40.864193585939056	40.92466109423323	40.84479522795781	40.78518409428445	40.831496471699445	40.80410402519273	40.83646702160229	40.85729611062183	40.82569675165026	40.870376203004824	40.90019993909107	40.884151645056214	40.89986299242625	40.81358054934256	40.896075804649335	40.920512912912585	40.952248440282176	40.91152063798508	40.93575617725368	40.87927601231563	40.86708789197486	40.894912571799864	40.87415934497338	40.79678722166171	40.80030258477518	40.784292553520295	40.86161137162556	40.884337196590096	41.01826681706288	41.00341970115885	41.00523405972815	41.04276460778567	40.96840429243011	40.947628059004565	40.92466897108813	40.89281730303879	40.90266412553665	40.95434266356014	40.98653116290629	41.068570817498255	41.04927222912138	41.02762579603552	40.93619621009882
MCW_CT_ROA_78_R2_trim	35.80361645031315	36.97851015703791	36.64861027821214	36.945885917543826	36.451209493339135	36.71988853748553	36.67411520165893	36.83748466278564	41.62424429629047	41.469612246757954	40.97479018145888	41.36788601963807	41.194133477027506	41.29498628144225	41.36805853254743	39.954167964472305	40.28000695765169	39.93047897904246	40.252617079598615	40.08179408306819	40.13869895674872	40.10106311690621	40.11902688442329	40.15219265674193	40.13872020592335	40.12654506887264	40.10396511916011	40.08586447781431	40.10557491358807	40.103899428578956	40.123073780624196	40.10393525559742	40.13162566816704	40.08983462852468	40.08290037557652	40.0853347035435	40.0961153472956	40.07321672777068	40.087370723641705	40.0529785931184	40.068843014368284	40.05998030753089	40.06838956522264	40.07034717065344	40.038820418280075	40.01156192038118	40.024765263729286	39.93307951371909	40.008897375516	39.995455440328605	39.96913756250328	39.98214669179515	39.913389382966024	39.96097118358317	39.916583008850964	39.88215112586401	39.90346853211069	39.897165304485014	39.901240967246174	39.92539527074297	39.9495902171994	39.91131492966001	39.90708523602831	39.88798018566877	39.86085905057185	39.8315961891394	39.84674271768339	39.77663485558022	39.826106703135835	39.78937949561973	39.80774988432652	39.81185938214776	39.763969420092444	39.7328251417604	39.70204262067708
MCW_CT_ROA_79_R1_trim	36.73410481816742	41.60843034466748	41.573127398562136	41.69971199117837	40.97381066713932	41.023628041968216	41.04260627192422	41.1273593154041	41.83579949283727	41.337927626704975	41.03756062410311	41.285095469287405	41.267642409709936	41.56464526908208	41.532424924940614	40.978632185966696	41.46942531460042	41.08944863292277	41.46620308098604	41.26044918887538	41.29440942023413	41.34921038712688	41.28679932938111	41.41893342853705	41.365072001087476	41.35037391668814	41.32071483475366	41.34746992174157	41.342306060610284	41.336273099477346	41.3710947752185	41.40059265515333	41.42479467172192	41.467748590258005	41.39328046746288	41.334166761824825	41.34717427950256	41.33070771574895	41.37262903567093	41.39757047456045	41.39051264799887	41.437325617234904	41.459586439514254	41.44035651153569	41.44432670611993	41.355916597288484	41.399593109815115	41.41996997723787	41.43304832267762	41.41253442241872	41.439951592980634	41.39472813682102	41.39009434262116	41.38424149971404	41.35624319997735	41.250226286217995	41.221744326004696	41.18775615653309	41.267015607481795	41.30087245455072	41.417568382193195	41.41034466186926	41.41858656030387	41.435153758969086	41.34368108740192	41.304559627295895	41.24412805466083	41.205173235558185	41.18744012540268	41.225808235857876	41.297285196681656	41.33650761066707	41.29446125420244	41.27103261926593	41.16203481425912
MCW_CT_ROA_79_R2_trim	35.71225374207578	36.93390027785234	36.55014159587357	36.805632994712305	36.240930447754145	36.48947024994413	36.420204939290045	36.62092430305891	41.366530794126	41.16094855144325	40.59997933878302	41.10118500204581	40.838594031879104	41.050484760957815	41.00842855872673	39.63428621804809	40.005268729767884	39.740249268687535	40.02169530853034	39.86672393428915	39.868350273990714	39.89009674502193	39.92943393398875	39.945361269448576	39.943920288126	39.93399499928345	39.86959983601735	39.873024854913574	39.88464533549527	39.913084834612846	39.90899241798877	39.90894391037748	39.95202203735586	39.90694671302798	39.92392090117057	39.916646570593606	39.90960489409056	39.88813134494389	39.89232403624531	39.86990442567023	39.89635326754121	39.86731586834681	39.81895001489503	39.774666672849115	39.68902130677745	39.654313381139005	39.63617900674723	39.52593315459804	39.563704108125506	39.57284853337992	39.519412085619344	39.51100878610977	39.41027373370699	39.42869272759359	39.3542471417966	39.26761069638037	39.280455457508495	39.24125877224634	39.247544663390755	39.27090864933427	39.28631747620384	39.23532360284706	39.19665200315364	39.12869761795853	39.021722223981946	38.95547593110401	38.879719697466506	38.76158516540986	38.76939964855446	38.71754117028118	38.73090909513087	38.676476291107655	38.57703223241066	38.55017575072875	38.49066895577843
MCW_CT_ROA_80_R1_trim	36.58090155062807	40.86910503555334	41.12844074643182	41.20052154733174	40.627776399575225	40.48416514218974	40.47976523853048	40.520520677090815	41.255017996161	40.66542676399853	40.57742736547719	40.59711067381789	40.678085536904455	40.99384926768374	40.913368577134264	40.32492922068246	40.74337800690482	40.38273618488582	40.733741775916975	40.54055343278784	40.57757023845959	40.61485833179349	40.538433291162924	40.66464368511212	40.6050926921083	40.59120103643453	40.52811689783336	40.55079664051643	40.537800722069164	40.53144439496807	40.56534354447358	40.60383875823936	40.614506456539154	40.65881537569589	40.56420915345642	40.503655327492794	40.51584400261592	40.48433820821556	40.502399980949676	40.55061771547802	40.54628777970728	40.610282765710984	40.657039953014156	40.6515431422998	40.672086206684575	40.58406888070244	40.641653122385215	40.645834189976966	40.666499714119574	40.651900194682696	40.690080660415155	40.65981997312762	40.671970570858676	40.68002226958629	40.694088434212176	40.59967279164111	40.59194129825843	40.54023488263912	40.61325204559963	40.64797413144411	40.788264134887775	40.7940190544172	40.81974925413955	40.850542642614855	40.77904639528887	40.75546059994341	40.70611189672582	40.653057080717275	40.632660276378026	40.680759692403164	40.72450247668699	40.795636696518656	40.77987029752593	40.757136793504806	40.64377122772912
MCW_CT_ROA_80_R2_trim	35.61436280479408	36.95434002858428	36.56277815998138	36.833185408667624	36.25809714067272	36.52882234462188	36.466122385432136	36.66410910959139	41.23652691528402	41.06169631218655	40.48835170853077	40.986663965841	40.738010274946205	40.93561469911	40.87478537009993	39.35219970443752	39.66464630774628	39.449482533829084	39.70465429756749	39.57264529953973	39.57481034240012	39.58103072508543	39.59330528303836	39.6034893089652	39.596112791860556	39.58146164560155	39.52421395461517	39.54200436406161	39.557496548977944	39.586672208360454	39.596622510820396	39.58674551437978	39.61495433904933	39.57160770480856	39.56930603409793	39.57379752834784	39.58868152672416	39.56357791527896	39.5729100782055	39.5475225457488	39.572408912294186	39.554166445980094	39.52901725350208	39.51731602761429	39.472578210360176	39.44449734408311	39.455649049646865	39.33385652711997	39.39610209114049	39.418841942284615	39.366279349364866	39.395057027051195	39.297555196622916	39.33851565282719	39.29429684364695	39.21049667375626	39.23687805317026	39.21860617002165	39.243025990598156	39.28665816292977	39.31442866313673	39.26319490422263	39.248316919144315	39.19101056476383	39.102086577199195	39.047462690270564	39.00586388573738	38.89647663365487	38.90027537224157	38.86721481186253	38.880705170062136	38.82798053509635	38.74103359025014	38.71102778911541	38.645266639719885
MCW_CT_ROA_81_R1_trim	36.51266405872346	40.717169989907944	40.8085202977015	41.04385350868927	40.18973671474213	40.365289237430325	40.34232557047177	40.39315916070669	41.12892530141996	40.41618335773938	40.247771939456186	40.373892108036955	40.45023316354076	40.75277890704329	40.79219374036128	40.06030371672903	40.61225468598059	40.10520305430633	40.57813206482018	40.34297588875901	40.40435095148131	40.4365782231951	40.368591192191325	40.50795011199665	40.446564100195054	40.43444839079853	40.43580986388457	40.437248786814955	40.46756885247843	40.4367301971076	40.4744110251275	40.52282786996762	40.52947224719501	40.588527479305256	40.489921066856645	40.424367396779004	40.47085919937877	40.45259568825904	40.49461363539961	40.526287820418645	40.50011375186139	40.554909892264334	40.585359739734216	40.564223955280525	40.58515284911908	40.49025244344386	40.565253815931456	40.603194165253434	40.62544596164205	40.605362580539214	40.632724034067074	40.58234869507048	40.580156233370936	40.592451687056034	40.58097516095745	40.49548368229339	40.49276862555581	40.46920895974362	40.56111481145968	40.601331731115735	40.74044328422384	40.731558757529555	40.73128097331827	40.76791885605317	40.68542807497925	40.66953369766586	40.622294669394165	40.60712004900019	40.60987248690616	40.667669677160795	40.719804177015206	40.79273941752181	40.75998979215076	40.74111087696535	40.660591688323734
MCW_CT_ROA_81_R2_trim	35.65894758437878	36.81056850217684	36.56385890069309	36.86937288452892	36.330277217512524	36.62965503112485	36.54874527702293	36.72282096185564	41.45348653381722	41.21924515590383	40.781501825334104	41.186216395913064	41.02484185726884	41.14033464798279	41.17289796403213	39.7327934468288	40.05178297769469	39.70888685691127	40.008435933729515	39.87093027803558	39.92427431215151	39.899712110013105	39.92934695896201	39.9536745947227	39.96282531164194	39.95830742847493	39.92959580107516	39.87610772441268	39.88686392857486	39.89883218504539	39.95643773622729	39.956260694741275	39.97246901414342	39.960432422406925	39.95687626929177	39.96483965651243	39.963556594162974	39.95770268700239	39.96814386818426	39.90995324299948	39.9323130393255	39.951873982716336	39.961074955289554	39.98015929273468	39.95371960895705	39.915925681333675	39.92382196715483	39.86618019769027	39.920889334245636	39.90577968528257	39.87446640980125	39.9322427383538	39.86066820306443	39.89507456933793	39.88341401202154	39.834311932878386	39.86339708765681	39.85434997711488	39.85091100447779	39.88676696353921	39.88477655410694	39.8202432027609	39.79800739680712	39.817369254871366	39.795843695717636	39.79967282319134	39.83500196331826	39.78930996348906	39.821256118010986	39.79465456070054	39.808762365787	39.806756303158245	39.7410334601254	39.73017359934626	39.700861812998816
MCW_CT_ROA_83_R1_trim	36.81863660372832	41.870468751802	41.69703577483306	41.926408225098335	41.161714444784984	41.420871687509255	41.38512841268222	41.49352315901691	42.16548190764127	41.74057342087252	41.41725444002456	41.728007540759826	41.697801476206266	41.95288912595326	41.99144348177087	41.498500079072194	42.016907755180654	41.58704830360557	41.98072317554571	41.77958206053924	41.83733505481492	41.91093521330986	41.846760084633075	41.983267424444094	41.94389765006927	41.92998197110056	41.933279778518354	41.938993064882084	41.95209057745093	41.93427984985948	41.975884246228176	42.028301944640084	42.047684672961545	42.10794751950232	42.03801890652135	41.97583425600784	42.003628923201305	41.99236890207846	42.03349267264572	42.04830893281824	42.0343770975438	42.09243441032904	42.11683338569407	42.09575741782391	42.11988657376437	42.028095907263925	42.09511158922622	42.12126209837113	42.1239496999961	42.106107517922744	42.131322092393724	42.09181456069639	42.08995600655483	42.103635707240485	42.08690924895753	42.01020871001856	41.99960202828344	41.97985046661583	42.05038476313007	42.08250902210096	42.180033866136036	42.17872910424188	42.178734266949775	42.198327856524564	42.13050955186013	42.10668535022307	42.064218203070226	42.04820317440742	42.03619881606746	42.07960392856046	42.13123970410253	42.17797513963398	42.135426121414135	42.140080402107124	42.08926417952891
MCW_CT_ROA_83_R2_trim	35.62179431363685	36.824207033310195	36.42971292121586	36.77917189668487	36.16849172537299	36.509785860531295	36.427537376287844	36.61912533526316	41.357143964089616	41.15757726077897	40.6195803307653	41.118747009565496	40.900052611476106	41.05627647557747	41.0799198523736	39.71030973884767	40.128350344440044	39.782737305999945	40.10510131449534	39.95023830236711	39.98712247124227	39.98045155391682	39.979631231856466	40.01101937687839	40.010874313300285	40.00369098383273	39.99616179831265	39.95774428066104	39.98208375133059	40.00270591004153	40.03856872453894	40.040676457505306	40.058264356278144	40.04054207471958	40.0506552375466	40.057514955030946	40.073792378018254	40.05752511192219	40.0740901750479	40.043140262273766	40.064436655209235	40.07872255860727	40.081839732041225	40.07378567065241	40.05720408609721	40.016724776693984	40.03651913991411	39.96432582772659	40.022424161610566	40.029647197349604	39.98191976387928	40.01937057008738	39.94224044820213	39.96019624835303	39.91764135988821	39.85676715595467	39.89083695260624	39.87983025092655	39.88443332567508	39.921839523760205	39.93220142416635	39.88679941675482	39.864104819136564	39.85872260741068	39.846534020516636	39.846970847913084	39.853887078701405	39.8068953052312	39.85492755055725	39.82543372633739	39.84838930551737	39.83976901714378	39.767703842387654	39.75718200091244	39.757753767031396
MCW_CT_ROA_84_R1_trim	36.659948826894556	41.38021210825586	41.224646546943035	41.46783631541407	40.56990756209167	40.88529160913498	40.851824812194664	40.94788222934665	41.64951106791966	41.10746722916216	40.786236785725194	41.060757679904555	41.02805131588085	41.28987272290826	41.34390588176599	40.71338428520873	41.296106434565104	40.84370599881636	41.2856114389301	41.07657635374776	41.12587420126934	41.18911554012437	41.098647350072675	41.23796317358788	41.170371985686806	41.154739658769685	41.16379491597538	41.196581009550535	41.22255417275529	41.218721186949644	41.26157696353705	41.30395636763387	41.31730665530681	41.36469069817586	41.27004399101212	41.19615076063782	41.228181426487396	41.23840643024594	41.29606572399272	41.33142810841988	41.31865159798114	41.38525592458434	41.4136471571506	41.39686690507856	41.430333323734395	41.335632931908016	41.40637079518145	41.45294433843063	41.47809065831182	41.47918176842673	41.512369021426125	41.47780035075525	41.47631328710956	41.49611846393799	41.48491455615308	41.40896011058819	41.38854418937735	41.380452142451155	41.48157689404801	41.53868874317701	41.66226232705922	41.66419513189703	41.665845917038354	41.69932231823557	41.628958450757196	41.606074240103965	41.56565662147898	41.55557112243197	41.55417780767331	41.61555457428274	41.69301713698915	41.75688315828726	41.71167696874074	41.6880101286272	41.6206687508222
MCW_CT_ROA_84_R2_trim	36.107192509239944	37.249787939353986	36.97809007439697	37.21792582033549	36.75790959048614	37.006686799010225	36.92889468219514	37.096695634489826	42.12850660414852	41.99153296966735	41.55013840425204	41.959705590246465	41.767338266587686	41.87892175329247	41.91919076929809	40.81297219101705	41.15130958303962	40.87941934406406	41.136388845992	41.01456219910262	41.04350955300569	41.03067251597671	41.03350142942279	41.06179943991661	41.064763862405556	41.04098423039454	41.03395610595214	41.01241537792618	41.04321977839464	41.05601771629482	41.08498298413414	41.082053085294895	41.10153438070969	41.07883691877287	41.074135169866494	41.08229818127213	41.0995926212386	41.087079302676166	41.098945839161026	41.07645914531719	41.095701978186014	41.101921797575315	41.10134574122548	41.10066590056041	41.07680438845994	41.04431320405326	41.048546533078756	40.97730076145724	41.047883615422585	41.06175489865967	41.02621519458354	41.06385378717964	41.00839871448438	41.0369504834238	40.99935920011354	40.95742564540717	40.98503129031693	40.96908784539449	40.97756226738754	41.020932225126074	41.03919169476387	41.004885577862154	40.983463825392654	40.98713923142332	40.976067031062975	40.97800076410495	40.98224200653486	40.92929726383145	40.97640549973213	40.94454238299806	40.97110290526812	40.97046617909462	40.92180673301191	40.91164404139382	40.902310164828606
MCW_CT_ROA_85_R1_trim	36.66302072987375	41.069344668597026	41.24052166520091	41.35905103537743	40.69934176054713	40.67797130461855	40.6581042641087	40.72211334503328	41.49106170628362	40.84775507682652	40.78110559599966	40.81815107819229	40.895335493742984	41.18190252730327	41.1204009086747	40.5456456949807	40.999751221231804	40.61704224567946	40.98449110363655	40.78294448675329	40.83639866786689	40.866624650352115	40.80842026981997	40.90828525805312	40.85602297418817	40.84366239767237	40.82172210778628	40.824993132881374	40.83866020180489	40.814169676859045	40.85454990347638	40.88494478110217	40.892630105264175	40.934263059433206	40.85479687994987	40.79219826513836	40.81330990848266	40.7921352204264	40.825280324116605	40.850506039817205	40.8463127284688	40.90347710587571	40.93900718598129	40.92854086258861	40.94347110848029	40.84995966572914	40.918461605408815	40.945025989720584	40.96234309407091	40.9422748276937	40.97710944971534	40.94358658346365	40.95263264487154	40.95944998851984	40.9594437084097	40.8631930692362	40.857735507807014	40.81774670407783	40.893468550407896	40.9444890585215	41.06593421557564	41.06853017502938	41.07377882531152	41.11090745272694	41.04389867896148	41.026243590504045	40.96895657918062	40.94894434247986	40.930851729139945	40.98823203231852	41.044685975252456	41.09984722777472	41.07280988076637	41.07052263740276	40.97265841642395
MCW_CT_ROA_85_R2_trim	35.5097238534836	36.785299666633264	36.40570749462169	36.71934825814942	36.090911308786126	36.37985994086163	36.29170651638929	36.51097015394732	41.12400172388053	40.879104038318424	40.384964440191816	40.82772154236122	40.62265806068949	40.807644267624624	40.75138893085562	39.24668753811978	39.61517092938632	39.32163134474937	39.59192017945209	39.44981880380294	39.484405376228146	39.47759350119038	39.51631621622075	39.52842368701019	39.536215360994156	39.5236756135822	39.49706997361339	39.4506256661791	39.468617959411965	39.49116896296812	39.516243794643735	39.51712219216793	39.550699130522595	39.52369379708445	39.52919585100713	39.53932818061666	39.533175074941106	39.51967670346643	39.53277086919414	39.48148005458414	39.52105551926635	39.51628292805443	39.50348606098894	39.50330797423263	39.44969388961042	39.41228524681381	39.40845825145533	39.33104283075908	39.37247543904038	39.36921409061763	39.330799336664036	39.358383148477415	39.28855576793513	39.317560249456136	39.292142493284175	39.212180016977435	39.25022415709839	39.21482767988313	39.2222229443866	39.26050144242524	39.26907202017955	39.22326745535658	39.19271029176843	39.15991327628536	39.10609512705522	39.06734430100401	39.03918439823941	38.976578854276006	38.99190777309151	38.95035953701701	38.96575926392703	38.929801975944656	38.83960417801496	38.833282781107044	38.7991168091279
MCW_CT_ROA_86_R1_trim	36.504600880651445	40.87947560781643	40.828120445987786	41.12582896171537	40.21948966141343	40.4762557230693	40.45359851898335	40.52034665708795	41.182432883533885	40.47737713701437	40.20124493491302	40.46289059733181	40.483030108198314	40.83086559925158	40.872501361911695	40.1666928015323	40.76201242046806	40.25314186523326	40.706601360341175	40.455117047361746	40.49800741212115	40.56370333882122	40.48574100315598	40.648438755762214	40.6017406257276	40.60249366128268	40.60737917415492	40.612888954907255	40.6220647869539	40.5854903453866	40.62527099476334	40.67461614786868	40.69353322559984	40.75228932296139	40.67845170769806	40.61176624513299	40.65120220671625	40.6462815831447	40.66979672986443	40.69754451981699	40.670444886718414	40.72081314668704	40.747957309929916	40.72463248507083	40.750652666868845	40.66716846512554	40.7494502802712	40.777641526738314	40.79778169907608	40.77257405059875	40.79811282796695	40.743363746034156	40.7299559436446	40.755750354133134	40.74933984042306	40.66713652993707	40.66707834530778	40.64899700388486	40.7376007414315	40.778262287457714	40.90333962311511	40.89506736474301	40.892317971126225	40.92222394059767	40.856939320002375	40.840317436351704	40.799051823940346	40.78127018404988	40.77366135545236	40.835131491998666	40.8863274879504	40.952101989371634	40.91110027631589	40.907583107218976	40.834844644201446
MCW_CT_ROA_86_R2_trim	35.63061897785075	36.74197364770645	36.454564720937846	36.79229019670107	36.19863912889438	36.542284756280665	36.460430506373555	36.64142192858967	41.35950901693424	41.072912857769815	40.612025012591715	41.047356770731064	40.86880921106613	41.01125154898148	41.00379035031567	39.56394140329361	39.92343040729435	39.595866744706605	39.86484378057201	39.719156601462224	39.769199761223234	39.76803107479821	39.76071401721716	39.79781996979926	39.786240020152555	39.77577937818058	39.761510911851275	39.70644231056506	39.72290874711389	39.734835140601014	39.79438932257887	39.79490355192614	39.80852578609961	39.79126163830485	39.781964325700564	39.78481887407078	39.77788211131834	39.78180741325283	39.772914110641096	39.747338544574724	39.75866748428585	39.78035844357687	39.79560260842215	39.8005791557713	39.77459268620344	39.73528677928301	39.74012546254332	39.67794640495817	39.74155729641978	39.73366252440456	39.69878323197784	39.764651605289785	39.68383983779405	39.70311840526619	39.67827942283955	39.627941754465844	39.65035340658907	39.64483223603969	39.64524637508486	39.67516813838124	39.68050295672039	39.621220841815386	39.598129313418895	39.621987699356154	39.61724687351475	39.60692577119822	39.6414922118009	39.60163006492829	39.627620770922285	39.6177279416248	39.632524010948735	39.64156882097197	39.58384753218928	39.57209137864884	39.54213777687322
MCW_CT_ROA_87_R1_trim	36.5782710449358	41.2034849293015	40.993415459428114	41.34215878554121	40.380120542760835	40.74750249045893	40.68681735269902	40.80145550165853	41.451484932695266	40.86998003988384	40.495035125349816	40.82408174806253	40.8142381923441	41.10976932679786	41.197075285635044	40.46280237010674	41.071925209681595	40.52648081046567	41.03046298005467	40.793040480158126	40.84716212347261	40.9077968882827	40.821464088400305	40.985073559568384	40.9276719758099	40.91972873200472	40.92921388581047	40.94496542955865	40.96700207464821	40.95050859674806	40.99870777117388	41.05106356844679	41.06177629213071	41.11571132345562	41.035855572642184	40.95693829531461	41.01431033908582	41.00029777692037	41.048332008352574	41.08703848161702	41.06688847492063	41.131214106621925	41.162116444817066	41.134575235663604	41.17717902716725	41.08225829696396	41.156834930749284	41.203416866549375	41.22310945992755	41.20020317001466	41.236852969951194	41.19281579224116	41.18986054765767	41.216670465708575	41.203557230317536	41.12457335878069	41.11358468640203	41.115240630694935	41.212162663640406	41.25059882009508	41.361870168404664	41.374469925808334	41.37650007766323	41.39623480607344	41.33460144603372	41.303426733811186	41.2727774354222	41.25694541213755	41.249803748784196	41.31074804518855	41.375628579598256	41.44251242645151	41.403582521254826	41.38754748203721	41.32414572836618
MCW_CT_ROA_87_R2_trim	35.81873741984523	36.918105309354345	36.671834899660276	36.95928432034441	36.44580565284646	36.75463587030835	36.65969802079686	36.842887266206134	41.71159062386138	41.502278492252216	41.070326404393334	41.46410298259193	41.31123526905644	41.41011005090743	41.45257939702927	40.16546187150368	40.4836066677414	40.143945631999976	40.451139443279295	40.30699566088983	40.35118043630073	40.33114426669391	40.337135525915485	40.36589905890278	40.36254448054574	40.35280886016606	40.32923760787774	40.28342442747078	40.301873851311704	40.31266020501145	40.36501785677539	40.36041910476061	40.37575402553686	40.34565779684046	40.35018726386122	40.34701446686244	40.35688196248567	40.35323380800193	40.34812066423785	40.31968919137074	40.332187781214216	40.34504439845106	40.358981887888575	40.35835609225858	40.338094211117806	40.294444516514766	40.29841369334573	40.23738494688275	40.30603324519777	40.29162051645759	40.25307174313434	40.30397343578331	40.22101833991011	40.23130048646064	40.19715206176825	40.14082920825811	40.15403963359873	40.16192734148854	40.14499633996268	40.17708707271553	40.17723004514749	40.124190659481364	40.09432659204146	40.11545787827086	40.11673331493452	40.10001250594032	40.12469313174962	40.073944598822926	40.10870042826976	40.09758090136536	40.108292228994344	40.11592883705661	40.04879882673949	40.02880145223017	40.01407648703935
MCW_CT_ROA_88_R1_trim	36.60500226417209	41.279666938357295	41.204556157345046	41.47355138977741	40.70060915308607	40.92218325924574	40.923177412626615	40.98988671768065	41.62860362268775	41.06190790294863	40.771127613178955	41.0443691835189	41.05275765895068	41.36236546068776	41.41839697383095	40.847580043693306	41.39771238320792	40.93090887107524	41.35161254210824	41.12976133851058	41.168712803590246	41.23464149696356	41.160541859655666	41.320218290729485	41.28613922001347	41.28812600379617	41.290291077504804	41.303541117758485	41.311713411306165	41.28342414123133	41.316929014803534	41.36257720997477	41.387289027858316	41.4442000620439	41.379182050526	41.327610715380885	41.36496337594381	41.367494888726924	41.38866480645305	41.418174360387894	41.39586959162371	41.449283145316045	41.475793513788766	41.46319613322764	41.499868585459986	41.421377545740256	41.51392488518686	41.54753509666872	41.56411332947056	41.54168957633363	41.570597364638296	41.52268101373727	41.516217217558356	41.54114972069951	41.546538380238005	41.48195299879333	41.48852180936995	41.48462381990748	41.563551827431205	41.60157088581098	41.71630854516724	41.70844643807635	41.70886697929186	41.7327678129333	41.676840464578035	41.6710780009646	41.63964187342876	41.637295141254604	41.63594279860231	41.69311950868996	41.73488583005706	41.79690545000914	41.7647108847069	41.76284534404917	41.701712251082434
MCW_CT_ROA_88_R2_trim	35.433174007532465	36.53733703858083	36.17953987057271	36.574643768610834	35.92211825518533	36.29454739216018	36.218652148974726	36.415595709872115	41.01990783590359	40.73728872386821	40.16555842038771	40.71836070857608	40.51644103322361	40.68969013351923	40.701819282764546	39.178404550725965	39.582638502675714	39.19338681991753	39.48937527202416	39.32566968770476	39.3897485225324	39.41411830960027	39.41921423779489	39.463011248097736	39.455179029675	39.440443762645224	39.40940388911793	39.33246941901382	39.34203124396495	39.36436509073579	39.43781725040115	39.45950830535315	39.49447838830695	39.481864889238786	39.48305097752866	39.48230876513292	39.463812032048615	39.443339394749756	39.43057420520024	39.40816320502484	39.43220935826051	39.46693092075704	39.49794012432437	39.52358877130225	39.504620343057105	39.47372536542769	39.474651789341785	39.40766973341282	39.45915095824802	39.45708212168796	39.41293256182229	39.49505709768294	39.43737569305573	39.46398109166529	39.45477806958187	39.40521613741171	39.42483303942142	39.41501233185553	39.39565406338793	39.41403579771997	39.43146393018297	39.388371962207486	39.374840042409936	39.426381685679324	39.43609407181375	39.42030656765933	39.45871837997454	39.41220498386167	39.42566649880785	39.40702887623977	39.429141595448286	39.44815940937594	39.38795771253351	39.38039023163879	39.38800799348327
MCW_CT_ROA_89_R1_trim	36.5859023529167	41.19927816696062	40.898255196317855	41.30963699692353	40.188359972488136	40.752223599003294	40.670586356657395	40.79040887160478	41.458599410056074	40.82919713045437	40.447221597038364	40.84467025512656	40.78174228162732	41.080273813400815	41.13503039778408	40.37421531051841	41.05346412631278	40.50934087525243	41.028051885923965	40.798332101734694	40.85771918662153	40.94106837251965	40.83345878433494	40.98832854626832	40.92174786524087	40.89960988080519	40.916748856728525	40.94696377900566	40.97981679276518	40.97328945707957	41.03474685641477	41.08646361534361	41.09845410792236	41.14379228349143	41.04284743498654	40.958880659606386	41.004418971237115	41.00991519918085	41.06752596177285	41.12241743070114	41.113095424795226	41.17091462969435	41.20153030326153	41.154127353547146	41.1819826133403	41.0691871184863	41.141378160272644	41.18999918879269	41.21316374822341	41.2186847294486	41.257410759228044	41.221383501477334	41.2090374141973	41.22420108887294	41.19806486088019	41.109994595724196	41.087877240268476	41.08395909596752	41.18723045941056	41.24095670261571	41.36601790723026	41.381439834346864	41.3766064269208	41.38883914255842	41.310217124729334	41.27592775516985	41.229665417369766	41.21617692093988	41.2111650116815	41.27949351709274	41.345483525268506	41.42699926350466	41.386869944936365	41.37794523364994	41.31575715349328
MCW_CT_ROA_89_R2_trim	35.7039335096823	36.828968938351174	36.56154521850323	36.90820913671707	36.31110122484307	36.68289463310545	36.586177311033936	36.76636528708977	41.561534736136394	41.29475781050156	40.826770716349984	41.29390437149551	41.09879833924426	41.21721983835701	41.24389612782007	39.85523218001026	40.2475463189917	39.89351256052955	40.20159398219226	40.0466666889379	40.09097473323899	40.07659879456272	40.06838319274729	40.11750993835637	40.12344246572623	40.10246949780209	40.08829484353685	40.03755473295644	40.04720959661162	40.068012023212496	40.134516461003564	40.14129527687718	40.14738749870493	40.13081736294064	40.13481649597476	40.132562155755295	40.136964577706166	40.13840511914349	40.14260177017569	40.1027059987883	40.1164649233305	40.14129537503246	40.1660067325934	40.1740260274889	40.150259868867344	40.10532737947819	40.112810761124926	40.055720023463216	40.13434373311261	40.12722802795197	40.068577666286345	40.15421867758714	40.067890549507666	40.08196244274653	40.04242815261906	39.984295444641056	40.00795565458452	40.01964703966504	40.00073062849023	40.03840817316966	40.03854579848416	39.96937457526179	39.935866358448045	39.984819535172406	39.99737544153179	39.98648459143931	40.02503105957149	39.9855062254548	40.023958240225205	40.00754123499326	40.03109930053957	40.04463723541429	39.97207585133588	39.95806862713757	39.95086760795899
MCW_CT_ROA_94_R1_trim	36.510180328834934	40.830549848285976	40.80257088706863	41.1289407873911	40.28158629918985	40.51969634733099	40.470335622866024	40.5230135272874	41.199714615783556	40.50057755403097	40.226278451598326	40.49522223733051	40.52945309296201	40.886983217139935	40.91379668062412	40.232186473980924	40.816427368278205	40.29225237080673	40.737919666740105	40.479230207883774	40.527302723926425	40.598550482710614	40.526386353213226	40.69234483190221	40.65428168244966	40.64751568179781	40.64781880773132	40.64423389776851	40.65086530290671	40.60714691321837	40.646162625438976	40.69907987508765	40.72370718828454	40.787374798658455	40.71163792887445	40.64686749755551	40.69767924179215	40.67791714321592	40.70155947400433	40.72242066619999	40.68623081534748	40.740648818160494	40.77642323174238	40.76809912112421	40.792345233454455	40.71231391415581	40.79829107463255	40.8332619336646	40.841921617323536	40.82159931273938	40.83605087290411	40.78772482397853	40.78586256716063	40.81291760251542	40.81654542788395	40.74317028401084	40.75192982060335	40.73202307133528	40.82262247675081	40.855188113372364	40.980751327779245	40.964108901432645	40.96639360218144	41.00529657317536	40.93968656568154	40.92761926969955	40.8905306934515	40.87359997419697	40.8695535617771	40.93021679564058	40.976207091168064	41.035490543293065	40.993444224843294	40.99277464970789	40.922817694062935
MCW_CT_ROA_94_R2_trim	35.9273899896249	37.04253507385795	36.82234279692952	37.096884133662485	36.59894861775796	36.89153134892696	36.80924520551667	36.971043127811484	41.903406267068604	41.65966880071842	41.26710636260642	41.63794842862947	41.46846546808147	41.5929024525836	41.59954063295227	40.36639504176422	40.68638222997401	40.41113443736877	40.663225396948974	40.53356832954942	40.57193787039233	40.57426367146739	40.56276820292618	40.58252735836381	40.582225043905574	40.57052885779255	40.55862909446924	40.52008496612223	40.531808402418456	40.542146610485155	40.59639188564401	40.59512364690399	40.5969307664735	40.58002027502333	40.57395480187727	40.579440461972744	40.578458828762386	40.58545047795192	40.57930890805418	40.551700475206665	40.56615056062715	40.58063567329583	40.59554760829519	40.61041211334709	40.59252435784877	40.56288598068585	40.57243093011083	40.50960298715228	40.573927033673854	40.57030954002663	40.54157328507108	40.59611349603866	40.52929603421465	40.53972930506803	40.51748827863163	40.4636990924717	40.488648526962244	40.48271517876441	40.47488114360136	40.516947116606744	40.51381463147612	40.45300282260186	40.420968657108254	40.4501021411113	40.44692772911363	40.441747069230864	40.45937417037035	40.42454234407374	40.45777057850688	40.4367146982219	40.45291493500666	40.458623964707186	40.39997628098213	40.39516772817939	40.37502467935293
MCW_CT_ROA_95_R1_trim	36.696863272888706	41.23517120920861	41.2130532452196	41.50461265569417	40.73192772876338	41.0040107899097	40.96055378712872	41.00820136382911	41.75736923137333	41.16036726992031	40.96341936469283	41.191067391823104	41.20261123007633	41.48789954970138	41.490070454621176	40.93486755197559	41.44366897101984	40.98413808292297	41.410417142849106	41.20240321651935	41.24120600732044	41.32363209298341	41.2318927447013	41.38805604945395	41.33908826996986	41.324004132209055	41.301478650370775	41.327711136359234	41.326584495995895	41.3209830865664	41.35906962623865	41.40473778340718	41.429780947959316	41.46905623598073	41.39322930397584	41.32319454925244	41.35507810142736	41.345163881622696	41.35053017946746	41.40724505251932	41.38101433538133	41.420706462762084	41.4564413071765	41.4222457608495	41.43666829743707	41.34777407596023	41.41388182655905	41.43085866850975	41.45196936570681	41.4451372559204	41.466535000508856	41.42304356754079	41.40309434877106	41.408835448927825	41.39535851056795	41.32789054327619	41.31065134260408	41.28966951859456	41.35730629914559	41.38447877831573	41.51504404062298	41.50186686981259	41.49681846287468	41.51461940424587	41.43538802764255	41.40527431828213	41.36667854354852	41.32635004034598	41.31990234687981	41.38062849782093	41.40966301248717	41.482599919724116	41.45933889434668	41.449901058820274	41.38811804139276
MCW_CT_ROA_95_R2_trim	35.3222881153157	36.62261618094173	36.24628519648351	36.65637802791391	35.96680762519548	36.38653682169725	36.31421690781922	36.48582030945767	40.97515542395614	40.715901263189416	40.09117212589145	40.71575714733083	40.482097256832766	40.644007220267376	40.67423221919377	39.03022380903394	39.43736552187114	39.02157924040078	39.346792427522004	39.18665945519105	39.20138895274054	39.252803482292414	39.2294483595131	39.3148286549163	39.31629884829438	39.30111490786734	39.247558483515945	39.2062921668709	39.1818766081438	39.20732439937811	39.27935096606388	39.28898082219292	39.323735904211134	39.306323663756224	39.33503922079435	39.325969382571856	39.307128819378	39.29432067013504	39.25527992399724	39.24438566849962	39.252963306403096	39.29652666352979	39.3422702500139	39.362812698060196	39.35187398760231	39.3138428503629	39.31546136865931	39.23726407169172	39.2956490423228	39.285898434302005	39.22542690050896	39.313736537031915	39.228386837732685	39.26822245908407	39.238143953208414	39.19578329035126	39.20482159280584	39.21747537687558	39.181817328681554	39.194413663535755	39.214811846732445	39.15529369490277	39.128445761777876	39.20241966286488	39.1999871019285	39.19531969170034	39.24167374019111	39.16262851114904	39.16651685458805	39.15292751374833	39.173756925150634	39.19294037809661	39.130309497238905	39.105019748096105	39.11442341677711
MCW_CT_ROA_96_R1_trim	36.52967920391091	40.72968023216806	40.77139064701126	41.0822038025233	40.222241672608526	40.44877160644807	40.40798131819082	40.455673682514245	41.20549864439965	40.50634642712542	40.33214328759062	40.487305126732814	40.53756105106459	40.84743650847771	40.87498179307417	40.16362467482167	40.70607759366298	40.19932100504916	40.68880250918615	40.45410777472449	40.4977534104464	40.555456686443875	40.46542647964273	40.62270072359568	40.56495350002995	40.5518164589439	40.53034138249442	40.55612880316004	40.570237624030646	40.551649695276886	40.59588476531696	40.638201564194226	40.652058662612866	40.71128895708184	40.61234474666745	40.5404887867439	40.584862927799556	40.56451939409279	40.592364475130424	40.64497784481196	40.61778757158667	40.659749962116045	40.69741545645656	40.667629060309814	40.686132512490005	40.5921880335444	40.661246979635905	40.69334623034795	40.72045825740038	40.705178536197835	40.72887436909746	40.672680444617775	40.660188279430194	40.67796809876179	40.66557906156432	40.58763624822002	40.58227000298417	40.562128731599465	40.648857471295706	40.68198719578575	40.82635816715908	40.80696445715706	40.80933028411412	40.83096964283206	40.754348583961644	40.72666255657791	40.69054606521496	40.66379436648883	40.660783726920414	40.72547874619884	40.7615908544793	40.83946641415418	40.819125078934164	40.80009021946688	40.72103218499209
MCW_CT_ROA_96_R2_trim	35.569551483213026	36.712068054811766	36.48924947810365	36.831024439753314	36.25765038494682	36.59771227701727	36.517065093307785	36.68309702116136	41.37004946765938	41.10870395274237	40.69501009155901	41.07790818699097	40.91590022838832	41.013397605470495	41.03010284563542	39.547703754812794	39.855450182331694	39.513821132062304	39.81407141288701	39.6704123464215	39.70224877347004	39.68438323724096	39.68030445893114	39.72731079007146	39.745581979688865	39.737706880047945	39.70437221775864	39.66477803204443	39.65321196431917	39.67133925138441	39.74262193039844	39.72527363163398	39.73252573254409	39.71908971776381	39.71986707389409	39.72082901750767	39.7151329101107	39.717463095968526	39.712319534941564	39.66005039192686	39.67598619612384	39.69767400097927	39.71812348694353	39.75145256117376	39.72380063434643	39.694964911961634	39.70402898046138	39.65633011773461	39.7304629996854	39.6946615139239	39.651928963279985	39.73285763027056	39.63078785116034	39.653782667884165	39.63052264295624	39.583614148950645	39.596774047282516	39.613239905720036	39.5948609958798	39.625144331461186	39.623686361017704	39.51900749029044	39.461400391756875	39.527300503787245	39.52095377291127	39.50406955586052	39.55214226411149	39.513467132180445	39.538675190693944	39.50660654890034	39.530786342078514	39.535014569705574	39.46482537986338	39.436151348596205	39.41948353594185
MCW_CT_ROA_97_R1_trim	36.606149629894105	41.03807341961385	40.94616332639086	41.253595529711525	40.26106034474827	40.66662081222025	40.622069525738816	40.7042072895565	41.423166280539235	40.755850201945506	40.46955398957573	40.754498012153384	40.731589247655855	41.0526908907329	41.064447474044314	40.36984944861736	40.97556084309512	40.49176294397698	40.98080310517142	40.74810037318815	40.78080466108536	40.856744473454505	40.74372745655141	40.9031087254027	40.8388157963078	40.81238588174678	40.80509110055393	40.85713270211458	40.87194030426659	40.88029499030309	40.924066744306245	40.96084290132107	40.96964423590901	41.00534777864816	40.91157314882331	40.821632784088294	40.863726471274845	40.866843221489326	40.90608000985895	40.977217861720824	40.947959680927994	40.99745096788663	41.02697582469414	40.98188455422751	40.99286653014418	40.892453949826866	40.95560668511311	40.993766541616125	41.03436307216373	41.039067788697665	41.078873150808064	41.02840474527317	41.00556923372811	41.01398681447336	40.9829693540444	40.9036576029359	40.878594339154795	40.866105350449025	40.97043518862118	41.01363437997932	41.16387510586247	41.15906419263352	41.15850621526625	41.17154283063081	41.082940935553246	41.04960769497361	40.9994934114911	40.960634595403896	40.96118757139493	41.034802278257345	41.10071335419483	41.18650725931033	41.15508956954156	41.12506945835179	41.05262598405208
MCW_CT_ROA_97_R2_trim	35.810830856240784	36.907402996742555	36.68965596556613	36.989428251528665	36.44889084178376	36.793359088989384	36.7056142619518	36.86406980921716	41.73891048551147	41.4572799586389	41.02241946108589	41.45117418065416	41.289041572589355	41.417252747008135	41.41167879290539	40.13608145319596	40.437641440695444	40.14791482438201	40.41513490235267	40.27217483168457	40.28203270579726	40.29107671815124	40.26802341715329	40.333668514715136	40.33427081342326	40.32041718346403	40.29283590572728	40.26362396789021	40.2614624900121	40.271322903322854	40.337700294209895	40.328599220779026	40.331005699823926	40.31490658763004	40.31560197808676	40.32072389468682	40.31142645429851	40.32476243495358	40.296139113152314	40.26950586565779	40.27709692655584	40.29804871642317	40.3279065743424	40.337186944216185	40.32543099909571	40.289337591312474	40.28589406707293	40.226121819735106	40.29783524172686	40.29268044927745	40.24458809255359	40.315527713072576	40.22313513527002	40.2487168915923	40.221845554892866	40.182660848689046	40.1941464374943	40.20592035468699	40.180879782925665	40.217136999614794	40.22554748865663	40.149816534362	40.11471327109406	40.152410250504836	40.14386522383738	40.14148283488797	40.18321821393798	40.13247535892149	40.15437405585828	40.13828527415232	40.15098045465524	40.16550833874066	40.10648415514585	40.082939794778675	40.07188535620034
MCW_CT_ROA_99_R1_trim	36.44186372479693	40.99361410727914	40.77833599695309	41.1479018496129	40.17781040020323	40.5132526543531	40.50315460919475	40.57591451821713	41.168872473074806	40.552440599438285	40.107952050236946	40.50617631421812	40.475594040239315	40.825202292664606	40.90840145376836	40.17012559742136	40.80709248761933	40.26812299663035	40.746936816175875	40.490141751304144	40.518672530207404	40.610584034411005	40.518087759401105	40.708089666449304	40.66403559894891	40.668887476851125	40.674372882452815	40.698503463232285	40.69718801918782	40.670217908223854	40.70226377277836	40.757596392507594	40.78617049713639	40.849649499687324	40.78936591293899	40.720308621347804	40.76285168496791	40.7565869321221	40.78523482267175	40.82474550851484	40.79167245927479	40.85777706348042	40.8922456769915	40.87677727887688	40.922806752694804	40.84215254010912	40.92606395665693	40.97183829194969	40.98477680957843	40.96399477638766	40.98743139300583	40.940988799970214	40.93094730321305	40.96516120013978	40.96331549189779	40.903847396300065	40.897542257477994	40.89528718465129	40.99150073666747	41.02599818707999	41.14330404027447	41.139742921696474	41.14895021760486	41.17500860503483	41.116765184505496	41.10474102438615	41.08479790270221	41.07034875555008	41.070329971017756	41.122411852736285	41.17627873884449	41.24749518811207	41.20886954645613	41.20097999243213	41.13460330266038
MCW_CT_ROA_99_R2_trim	35.61490447823199	36.66273469622651	36.38903650181126	36.73512714989505	36.16794578679504	36.49978678238503	36.43094848197437	36.60731883616782	41.37437902462314	41.12026915595334	40.63045886737405	41.09563936342269	40.90688703301741	41.025142942673995	41.04481382129675	39.67196682844899	40.04247687500772	39.70972674688362	39.98874413538357	39.84397825194279	39.882296538682695	39.88062678210456	39.86316767465495	39.907948256593805	39.90397947112052	39.894556633056396	39.88347391374584	39.83712879480276	39.83874032129927	39.86365605568108	39.917843358031675	39.917183144267185	39.93625854805663	39.91175736650193	39.906955757805854	39.916173209892754	39.90555499768795	39.90972596145495	39.905992049177634	39.88693017465012	39.893261032081334	39.90701793608456	39.92668774820662	39.93180028553159	39.9044060138532	39.86146053697061	39.856122434195136	39.80634421329351	39.885224610674136	39.86809847576573	39.818679170122316	39.88634868984663	39.78985137556155	39.80318255946214	39.762382768124546	39.718050369503004	39.72342028248631	39.73426171072686	39.72049542671247	39.75617215864353	39.76886580564994	39.69075097081704	39.65721594160923	39.699008093788976	39.70406254023323	39.68810828291267	39.73023363869268	39.69107111672307	39.71347490354725	39.70181004360849	39.72485787264002	39.74298339400934	39.670827964509996	39.65340903205351	39.6375820185815
