	10.0	11.0	12.0	13.0	14.0	15.0	16.0	17.0	18.0	19.0	20.0	21.0	22.0	23.0	24.0	25.0	26.0	27.0	28.0	29.0	30.0	31.0	32.0	33.0	34.0	35.0	36.0	37.0	38.0	39.0	40.0	41.0	42.0	43.0	44.0
MCW_CT_ROA_082_R1_trim	1.0	5.0	16.0	39.0	78.0	187.0	382.0	723.0	1416.0	2597.0	4349.0	6877.0	10517.0	15723.0	21782.0	30037.0	39493.0	51734.0	66381.0	83103.0	103864.0	126727.0	154004.0	185417.0	223283.0	267815.0	321087.0	387952.0	475165.0	590917.0	760590.0	1032796.0	1566314.0	2231600.0	67063.0
	2.0	3.0	4.0	5.0	6.0	7.0	8.0	9.0	10.0	11.0	12.0	13.0	14.0	15.0	16.0	17.0	18.0	19.0	20.0	21.0	22.0	23.0	24.0	25.0	26.0	27.0	28.0	29.0	30.0	31.0	32.0	33.0	34.0	35.0	36.0	37.0	38.0	39.0	40.0	41.0	42.0	43.0
MCW_CT_ROA_082_R2_trim	6.0	102.0	354.0	655.0	1018.0	1348.0	2010.0	2889.0	3954.0	5450.0	7369.0	10069.0	13253.0	16822.0	20827.0	24557.0	28029.0	30999.0	34046.0	36686.0	39707.0	43781.0	49275.0	56945.0	66031.0	78293.0	93894.0	111907.0	133598.0	159449.0	189051.0	223534.0	262377.0	307332.0	360721.0	425404.0	509006.0	619630.0	784408.0	1078246.0	1842787.0	1154215.0
	3.0	4.0	5.0	6.0	7.0	8.0	9.0	10.0	11.0	12.0	13.0	14.0	15.0	16.0	17.0	18.0	19.0	20.0	21.0	22.0	23.0	24.0	25.0	26.0	27.0	28.0	29.0	30.0	31.0	32.0	33.0	34.0	35.0	36.0	37.0	38.0	39.0	40.0	41.0	42.0	43.0	44.0
MCW_CT_ROA_090_R1_trim	1.0	0.0	1.0	0.0	0.0	1.0	0.0	2.0	5.0	16.0	25.0	62.0	161.0	333.0	705.0	1353.0	2491.0	4294.0	7086.0	10921.0	16165.0	22851.0	31680.0	43059.0	56650.0	73634.0	95609.0	121290.0	153979.0	193898.0	242380.0	304730.0	381792.0	478996.0	603280.0	769841.0	995519.0	1326452.0	1856142.0	2864943.0	4425955.0	1492402.0
	2.0	3.0	4.0	5.0	6.0	7.0	8.0	9.0	10.0	11.0	12.0	13.0	14.0	15.0	16.0	17.0	18.0	19.0	20.0	21.0	22.0	23.0	24.0	25.0	26.0	27.0	28.0	29.0	30.0	31.0	32.0	33.0	34.0	35.0	36.0	37.0	38.0	39.0	40.0	41.0	42.0	43.0
MCW_CT_ROA_090_R2_trim	2.0	116.0	455.0	829.0	1144.0	1531.0	2265.0	3041.0	4228.0	5586.0	7432.0	9668.0	12274.0	15419.0	18936.0	22233.0	25470.0	29288.0	32767.0	37063.0	40939.0	46187.0	53774.0	62592.0	74096.0	89015.0	108454.0	131613.0	157915.0	192890.0	231824.0	279206.0	337256.0	407086.0	494466.0	606378.0	759344.0	976244.0	1325294.0	2014910.0	4170335.0	3789139.0
	10.0	11.0	12.0	13.0	14.0	15.0	16.0	17.0	18.0	19.0	20.0	21.0	22.0	23.0	24.0	25.0	26.0	27.0	28.0	29.0	30.0	31.0	32.0	33.0	34.0	35.0	36.0	37.0	38.0	39.0	40.0	41.0	42.0	43.0	44.0
MCW_CT_ROA_091_R1_trim	1.0	4.0	18.0	39.0	76.0	178.0	336.0	728.0	1361.0	2376.0	4140.0	6863.0	10254.0	15049.0	20782.0	28232.0	37594.0	48142.0	61050.0	76601.0	94970.0	115538.0	141234.0	170762.0	206428.0	249810.0	303931.0	371751.0	460587.0	581979.0	754231.0	1030398.0	1538523.0	2391336.0	845168.0
	2.0	3.0	4.0	5.0	6.0	7.0	8.0	9.0	10.0	11.0	12.0	13.0	14.0	15.0	16.0	17.0	18.0	19.0	20.0	21.0	22.0	23.0	24.0	25.0	26.0	27.0	28.0	29.0	30.0	31.0	32.0	33.0	34.0	35.0	36.0	37.0	38.0	39.0	40.0	41.0	42.0	43.0
MCW_CT_ROA_091_R2_trim	5.0	150.0	654.0	1088.0	1428.0	2020.0	2834.0	3733.0	4968.0	6486.0	8379.0	10966.0	13853.0	16995.0	20577.0	24043.0	27314.0	30270.0	32974.0	36953.0	40510.0	45056.0	51368.0	59229.0	69245.0	82296.0	97784.0	116079.0	137063.0	161645.0	191591.0	224554.0	264986.0	310086.0	366710.0	434955.0	522882.0	646069.0	833370.0	1164531.0	2037372.0	1467399.0
	10.0	11.0	12.0	13.0	14.0	15.0	16.0	17.0	18.0	19.0	20.0	21.0	22.0	23.0	24.0	25.0	26.0	27.0	28.0	29.0	30.0	31.0	32.0	33.0	34.0	35.0	36.0	37.0	38.0	39.0	40.0	41.0	42.0	43.0	44.0
MCW_CT_ROA_093_R1_trim	1.0	10.0	20.0	38.0	118.0	209.0	433.0	838.0	1577.0	2774.0	4789.0	7713.0	11562.0	16622.0	23234.0	31304.0	41249.0	52352.0	66599.0	82569.0	101421.0	122726.0	148470.0	178781.0	214514.0	258273.0	312502.0	381784.0	472453.0	598594.0	783078.0	1086176.0	1683676.0	2959978.0	1087540.0
	2.0	3.0	4.0	5.0	6.0	7.0	8.0	9.0	10.0	11.0	12.0	13.0	14.0	15.0	16.0	17.0	18.0	19.0	20.0	21.0	22.0	23.0	24.0	25.0	26.0	27.0	28.0	29.0	30.0	31.0	32.0	33.0	34.0	35.0	36.0	37.0	38.0	39.0	40.0	41.0	42.0	43.0
MCW_CT_ROA_093_R2_trim	8.0	185.0	734.0	1284.0	1707.0	2333.0	3096.0	4170.0	5593.0	7479.0	9712.0	12180.0	15818.0	19167.0	23169.0	27066.0	31083.0	34702.0	38865.0	42900.0	47603.0	52935.0	60490.0	70494.0	83427.0	99248.0	117594.0	140740.0	167988.0	198286.0	233812.0	273585.0	320932.0	374411.0	438523.0	515635.0	615827.0	750450.0	954616.0	1310718.0	2188016.0	1437396.0
	11.0	12.0	13.0	14.0	15.0	16.0	17.0	18.0	19.0	20.0	21.0	22.0	23.0	24.0	25.0	26.0	27.0	28.0	29.0	30.0	31.0	32.0	33.0	34.0	35.0	36.0	37.0	38.0	39.0	40.0	41.0	42.0	43.0	44.0
MCW_CT_ROA_100_R1_trim	2.0	8.0	19.0	42.0	68.0	152.0	283.0	517.0	958.0	1676.0	2766.0	4497.0	6688.0	9813.0	14131.0	19356.0	26288.0	35889.0	47215.0	62624.0	82154.0	107393.0	136682.0	174623.0	221100.0	280459.0	354660.0	449624.0	574439.0	751813.0	1026296.0	1543795.0	2563411.0	1146963.0
	2.0	3.0	4.0	5.0	6.0	7.0	8.0	9.0	10.0	11.0	12.0	13.0	14.0	15.0	16.0	17.0	18.0	19.0	20.0	21.0	22.0	23.0	24.0	25.0	26.0	27.0	28.0	29.0	30.0	31.0	32.0	33.0	34.0	35.0	36.0	37.0	38.0	39.0	40.0	41.0	42.0	43.0	44.0
MCW_CT_ROA_100_R2_trim	5.0	69.0	279.0	430.0	659.0	923.0	1252.0	1851.0	2349.0	3300.0	4338.0	5800.0	7840.0	9816.0	12178.0	14635.0	17132.0	19631.0	21698.0	24727.0	27726.0	30933.0	35963.0	42317.0	49923.0	59639.0	70709.0	85110.0	101266.0	120723.0	144480.0	172721.0	204457.0	244288.0	294923.0	358658.0	440675.0	559839.0	747824.0	1104721.0	2276868.0	2322997.0	732.0
	11.0	12.0	13.0	14.0	15.0	16.0	17.0	18.0	19.0	20.0	21.0	22.0	23.0	24.0	25.0	26.0	27.0	28.0	29.0	30.0	31.0	32.0	33.0	34.0	35.0	36.0	37.0	38.0	39.0	40.0	41.0	42.0	43.0	44.0
MCW_CT_ROA_101_R1_trim	2.0	4.0	17.0	40.0	75.0	152.0	352.0	680.0	1355.0	2385.0	4110.0	6286.0	9345.0	13679.0	18442.0	24659.0	31890.0	40740.0	51479.0	64286.0	77730.0	94094.0	114150.0	136610.0	162994.0	195142.0	237001.0	287300.0	356295.0	451803.0	599529.0	876179.0	1417098.0	695348.0
	2.0	3.0	4.0	5.0	6.0	7.0	8.0	9.0	10.0	11.0	12.0	13.0	14.0	15.0	16.0	17.0	18.0	19.0	20.0	21.0	22.0	23.0	24.0	25.0	26.0	27.0	28.0	29.0	30.0	31.0	32.0	33.0	34.0	35.0	36.0	37.0	38.0	39.0	40.0	41.0	42.0	43.0	44.0
MCW_CT_ROA_101_R2_trim	3.0	65.0	255.0	348.0	501.0	680.0	911.0	1267.0	1729.0	2295.0	3014.0	4048.0	5027.0	6569.0	7905.0	9367.0	10717.0	12183.0	13443.0	15340.0	17108.0	19386.0	22726.0	26567.0	31730.0	37519.0	45135.0	54007.0	64610.0	77564.0	92681.0	110078.0	130405.0	155709.0	186777.0	226463.0	276927.0	350426.0	465226.0	677493.0	1342500.0	1463998.0	549.0
	11.0	12.0	13.0	14.0	15.0	16.0	17.0	18.0	19.0	20.0	21.0	22.0	23.0	24.0	25.0	26.0	27.0	28.0	29.0	30.0	31.0	32.0	33.0	34.0	35.0	36.0	37.0	38.0	39.0	40.0	41.0	42.0	43.0	44.0
MCW_CT_ROA_102_R1_trim	3.0	3.0	12.0	20.0	39.0	66.0	129.0	277.0	494.0	806.0	1341.0	2167.0	3276.0	5018.0	7323.0	10121.0	14080.0	19625.0	26494.0	35846.0	48111.0	63819.0	84770.0	112107.0	146697.0	192958.0	254853.0	337423.0	456160.0	626120.0	908434.0	1456035.0	2821017.0	1358884.0
	2.0	3.0	4.0	5.0	6.0	7.0	8.0	9.0	10.0	11.0	12.0	13.0	14.0	15.0	16.0	17.0	18.0	19.0	20.0	21.0	22.0	23.0	24.0	25.0	26.0	27.0	28.0	29.0	30.0	31.0	32.0	33.0	34.0	35.0	36.0	37.0	38.0	39.0	40.0	41.0	42.0	43.0	44.0
MCW_CT_ROA_102_R2_trim	4.0	77.0	251.0	453.0	575.0	817.0	1191.0	1689.0	2343.0	3104.0	4242.0	5709.0	7570.0	9771.0	12361.0	14671.0	17000.0	19226.0	21359.0	23284.0	25699.0	28579.0	32690.0	37628.0	44237.0	52080.0	61527.0	73910.0	87696.0	105657.0	126416.0	151272.0	181225.0	217772.0	264745.0	325134.0	405672.0	521835.0	709483.0	1067399.0	2180563.0	2146855.0	757.0
	9.0	10.0	11.0	12.0	13.0	14.0	15.0	16.0	17.0	18.0	19.0	20.0	21.0	22.0	23.0	24.0	25.0	26.0	27.0	28.0	29.0	30.0	31.0	32.0	33.0	34.0	35.0	36.0	37.0	38.0	39.0	40.0	41.0	42.0	43.0	44.0
MCW_CT_ROA_103_R1_trim	1.0	0.0	3.0	4.0	18.0	47.0	92.0	223.0	449.0	771.0	1489.0	2565.0	3928.0	6259.0	8991.0	12473.0	16915.0	22305.0	28391.0	36347.0	45641.0	56126.0	68304.0	83645.0	100482.0	123132.0	147699.0	178271.0	216551.0	266275.0	333261.0	427179.0	571689.0	829182.0	1042311.0	32580.0
	2.0	3.0	4.0	5.0	6.0	7.0	8.0	9.0	10.0	11.0	12.0	13.0	14.0	15.0	16.0	17.0	18.0	19.0	20.0	21.0	22.0	23.0	24.0	25.0	26.0	27.0	28.0	29.0	30.0	31.0	32.0	33.0	34.0	35.0	36.0	37.0	38.0	39.0	40.0	41.0	42.0	43.0
MCW_CT_ROA_103_R2_trim	3.0	36.0	147.0	266.0	410.0	560.0	798.0	1086.0	1545.0	2060.0	2932.0	3992.0	5275.0	6980.0	8576.0	10493.0	12267.0	13674.0	15215.0	16501.0	18174.0	20204.0	22454.0	26016.0	30513.0	36549.0	43484.0	52335.0	62782.0	74985.0	89500.0	105455.0	124793.0	148340.0	174738.0	209955.0	252220.0	314382.0	406828.0	575771.0	1016783.0	754522.0
	11.0	12.0	13.0	14.0	15.0	16.0	17.0	18.0	19.0	20.0	21.0	22.0	23.0	24.0	25.0	26.0	27.0	28.0	29.0	30.0	31.0	32.0	33.0	34.0	35.0	36.0	37.0	38.0	39.0	40.0	41.0	42.0	43.0	44.0
MCW_CT_ROA_105_R1_trim	2.0	4.0	16.0	32.0	62.0	145.0	314.0	533.0	1023.0	1799.0	2915.0	4509.0	6729.0	9640.0	13561.0	18397.0	25027.0	33416.0	43877.0	57750.0	75349.0	97885.0	126421.0	162558.0	210400.0	271986.0	353558.0	462838.0	620311.0	854691.0	1246878.0	2061562.0	3533164.0	112954.0
	2.0	3.0	4.0	5.0	6.0	7.0	8.0	9.0	10.0	11.0	12.0	13.0	14.0	15.0	16.0	17.0	18.0	19.0	20.0	21.0	22.0	23.0	24.0	25.0	26.0	27.0	28.0	29.0	30.0	31.0	32.0	33.0	34.0	35.0	36.0	37.0	38.0	39.0	40.0	41.0	42.0	43.0
MCW_CT_ROA_105_R2_trim	4.0	60.0	258.0	534.0	784.0	1198.0	1836.0	2692.0	3644.0	5184.0	7301.0	10075.0	13421.0	17457.0	21968.0	26126.0	30136.0	32764.0	35829.0	38646.0	41585.0	45044.0	50065.0	57352.0	66466.0	78644.0	93458.0	111216.0	133067.0	159734.0	189971.0	225920.0	268414.0	317719.0	379682.0	455229.0	555297.0	692332.0	906741.0	1299391.0	2356920.0	1676142.0
	9.0	10.0	11.0	12.0	13.0	14.0	15.0	16.0	17.0	18.0	19.0	20.0	21.0	22.0	23.0	24.0	25.0	26.0	27.0	28.0	29.0	30.0	31.0	32.0	33.0	34.0	35.0	36.0	37.0	38.0	39.0	40.0	41.0	42.0	43.0	44.0
MCW_CT_ROA_106_R1_trim	3.0	8.0	27.0	64.0	147.0	339.0	688.0	1355.0	2626.0	4824.0	8435.0	14430.0	22725.0	34276.0	49777.0	70467.0	96768.0	128640.0	167676.0	213236.0	263997.0	320296.0	381234.0	443967.0	511337.0	579243.0	649725.0	729880.0	817311.0	927268.0	1068971.0	1280043.0	1639534.0	2427152.0	3496295.0	86874.0
	2.0	3.0	4.0	5.0	6.0	7.0	8.0	9.0	10.0	11.0	12.0	13.0	14.0	15.0	16.0	17.0	18.0	19.0	20.0	21.0	22.0	23.0	24.0	25.0	26.0	27.0	28.0	29.0	30.0	31.0	32.0	33.0	34.0	35.0	36.0	37.0	38.0	39.0	40.0	41.0	42.0	43.0
MCW_CT_ROA_106_R2_trim	3.0	86.0	411.0	824.0	1140.0	1615.0	2131.0	2883.0	3684.0	4845.0	6300.0	8041.0	10344.0	12822.0	16090.0	19294.0	23137.0	27128.0	31332.0	35770.0	41201.0	46543.0	53785.0	63317.0	74854.0	89767.0	110564.0	136454.0	168170.0	208285.0	257301.0	315081.0	383780.0	466441.0	567069.0	692404.0	853194.0	1075765.0	1422257.0	2084178.0	4202914.0	2918434.0
	10.0	11.0	12.0	13.0	14.0	15.0	16.0	17.0	18.0	19.0	20.0	21.0	22.0	23.0	24.0	25.0	26.0	27.0	28.0	29.0	30.0	31.0	32.0	33.0	34.0	35.0	36.0	37.0	38.0	39.0	40.0	41.0	42.0	43.0	44.0
MCW_CT_ROA_107_R1_trim	1.0	11.0	16.0	69.0	127.0	261.0	480.0	1020.0	1722.0	3336.0	5348.0	8842.0	13577.0	20508.0	29322.0	40833.0	55388.0	72735.0	94238.0	119040.0	148027.0	180226.0	215708.0	257533.0	301675.0	356264.0	419581.0	500100.0	606644.0	750415.0	965311.0	1323442.0	2065815.0	3774966.0	1761883.0
	2.0	3.0	4.0	5.0	6.0	7.0	8.0	9.0	10.0	11.0	12.0	13.0	14.0	15.0	16.0	17.0	18.0	19.0	20.0	21.0	22.0	23.0	24.0	25.0	26.0	27.0	28.0	29.0	30.0	31.0	32.0	33.0	34.0	35.0	36.0	37.0	38.0	39.0	40.0	41.0	42.0	43.0	44.0
MCW_CT_ROA_107_R2_trim	2.0	121.0	517.0	921.0	1265.0	1748.0	2286.0	3158.0	4204.0	5611.0	7396.0	9465.0	12340.0	15773.0	19731.0	23924.0	28009.0	32320.0	36179.0	40837.0	44906.0	50077.0	56541.0	64598.0	74530.0	87805.0	103673.0	123930.0	148204.0	178315.0	212906.0	255547.0	306468.0	367866.0	444483.0	540444.0	669717.0	853368.0	1139323.0	1688213.0	3549317.0	2887616.0	810.0
	9.0	10.0	11.0	12.0	13.0	14.0	15.0	16.0	17.0	18.0	19.0	20.0	21.0	22.0	23.0	24.0	25.0	26.0	27.0	28.0	29.0	30.0	31.0	32.0	33.0	34.0	35.0	36.0	37.0	38.0	39.0	40.0	41.0	42.0	43.0	44.0
MCW_CT_ROA_108_R1_trim	4.0	3.0	18.0	57.0	91.0	223.0	441.0	954.0	1809.0	3466.0	6219.0	10218.0	16321.0	24492.0	35639.0	50086.0	68349.0	90587.0	118289.0	149492.0	186499.0	227139.0	275130.0	326751.0	383523.0	445840.0	517924.0	602338.0	704168.0	833179.0	1019750.0	1305222.0	1817081.0	3024005.0	5827536.0	187029.0
	2.0	3.0	4.0	5.0	6.0	7.0	8.0	9.0	10.0	11.0	12.0	13.0	14.0	15.0	16.0	17.0	18.0	19.0	20.0	21.0	22.0	23.0	24.0	25.0	26.0	27.0	28.0	29.0	30.0	31.0	32.0	33.0	34.0	35.0	36.0	37.0	38.0	39.0	40.0	41.0	42.0	43.0
MCW_CT_ROA_108_R2_trim	2.0	115.0	536.0	1044.0	1634.0	2317.0	3337.0	4682.0	6364.0	8442.0	11347.0	15213.0	19632.0	25194.0	31957.0	38643.0	45393.0	52022.0	59227.0	66114.0	74503.0	84689.0	97001.0	114803.0	136236.0	165721.0	201488.0	244543.0	295873.0	354856.0	421319.0	498210.0	583978.0	679631.0	790161.0	922219.0	1085321.0	1303264.0	1631135.0	2223927.0	3737281.0	2220498.0
	11.0	12.0	13.0	14.0	15.0	16.0	17.0	18.0	19.0	20.0	21.0	22.0	23.0	24.0	25.0	26.0	27.0	28.0	29.0	30.0	31.0	32.0	33.0	34.0	35.0	36.0	37.0	38.0	39.0	40.0	41.0	42.0	43.0	44.0
MCW_CT_ROA_109_R1_trim	5.0	11.0	35.0	88.0	139.0	265.0	515.0	963.0	1634.0	2723.0	4201.0	6439.0	9538.0	13390.0	18421.0	24840.0	33373.0	43681.0	56829.0	73119.0	92395.0	116308.0	144800.0	179358.0	223182.0	276483.0	350156.0	450146.0	596065.0	826850.0	1240266.0	2139203.0	4617238.0	2146609.0
	2.0	3.0	4.0	5.0	6.0	7.0	8.0	9.0	10.0	11.0	12.0	13.0	14.0	15.0	16.0	17.0	18.0	19.0	20.0	21.0	22.0	23.0	24.0	25.0	26.0	27.0	28.0	29.0	30.0	31.0	32.0	33.0	34.0	35.0	36.0	37.0	38.0	39.0	40.0	41.0	42.0	43.0	44.0
MCW_CT_ROA_109_R2_trim	3.0	98.0	462.0	880.0	1172.0	1491.0	2111.0	2985.0	3841.0	5130.0	6831.0	9046.0	11642.0	15358.0	19036.0	23160.0	27219.0	31790.0	35474.0	39718.0	44222.0	49889.0	56325.0	65410.0	76992.0	91292.0	110557.0	132722.0	160111.0	192964.0	232589.0	277965.0	333134.0	396355.0	476562.0	574103.0	703054.0	885450.0	1162911.0	1687988.0	3310649.0	2429964.0	613.0
	10.0	11.0	12.0	13.0	14.0	15.0	16.0	17.0	18.0	19.0	20.0	21.0	22.0	23.0	24.0	25.0	26.0	27.0	28.0	29.0	30.0	31.0	32.0	33.0	34.0	35.0	36.0	37.0	38.0	39.0	40.0	41.0	42.0	43.0	44.0
MCW_CT_ROA_111_R1_trim	3.0	5.0	19.0	54.0	122.0	244.0	525.0	933.0	1786.0	3082.0	5282.0	8233.0	12400.0	18069.0	24975.0	34269.0	44966.0	58142.0	72980.0	90819.0	111518.0	136045.0	162715.0	195819.0	232227.0	278295.0	333647.0	406816.0	504567.0	640373.0	839512.0	1180902.0	1872980.0	3407409.0	1230510.0
	2.0	3.0	4.0	5.0	6.0	7.0	8.0	9.0	10.0	11.0	12.0	13.0	14.0	15.0	16.0	17.0	18.0	19.0	20.0	21.0	22.0	23.0	24.0	25.0	26.0	27.0	28.0	29.0	30.0	31.0	32.0	33.0	34.0	35.0	36.0	37.0	38.0	39.0	40.0	41.0	42.0	43.0
MCW_CT_ROA_111_R2_trim	7.0	256.0	1001.0	1674.0	2294.0	3088.0	4171.0	5615.0	7410.0	9552.0	12077.0	15682.0	19751.0	24057.0	29288.0	33678.0	39209.0	44178.0	48909.0	53966.0	59801.0	66701.0	76206.0	88343.0	103527.0	122723.0	147040.0	173663.0	205899.0	242578.0	284850.0	332689.0	386766.0	447211.0	518962.0	606700.0	714908.0	860946.0	1075673.0	1445307.0	2293049.0	1300838.0
	11.0	12.0	13.0	14.0	15.0	16.0	17.0	18.0	19.0	20.0	21.0	22.0	23.0	24.0	25.0	26.0	27.0	28.0	29.0	30.0	31.0	32.0	33.0	34.0	35.0	36.0	37.0	38.0	39.0	40.0	41.0	42.0	43.0	44.0
MCW_CT_ROA_112_R1_trim	4.0	2.0	15.0	36.0	60.0	115.0	259.0	457.0	910.0	1443.0	2343.0	3736.0	5602.0	8107.0	11327.0	15308.0	20585.0	26877.0	35178.0	45340.0	58787.0	75657.0	97839.0	126905.0	165266.0	218229.0	290001.0	393268.0	546178.0	785243.0	1196469.0	2062426.0	4418291.0	2191149.0
	2.0	3.0	4.0	5.0	6.0	7.0	8.0	9.0	10.0	11.0	12.0	13.0	14.0	15.0	16.0	17.0	18.0	19.0	20.0	21.0	22.0	23.0	24.0	25.0	26.0	27.0	28.0	29.0	30.0	31.0	32.0	33.0	34.0	35.0	36.0	37.0	38.0	39.0	40.0	41.0	42.0	43.0	44.0
MCW_CT_ROA_112_R2_trim	2.0	76.0	387.0	737.0	1065.0	1464.0	2138.0	3050.0	4194.0	5674.0	7802.0	10728.0	14422.0	18722.0	23805.0	28838.0	34133.0	38095.0	42316.0	46252.0	49268.0	54136.0	60663.0	68805.0	79942.0	93874.0	110693.0	132864.0	159290.0	190120.0	225899.0	269490.0	320339.0	381263.0	455552.0	549702.0	669954.0	838469.0	1098835.0	1576788.0	2933065.0	2199936.0	565.0
	11.0	12.0	13.0	14.0	15.0	16.0	17.0	18.0	19.0	20.0	21.0	22.0	23.0	24.0	25.0	26.0	27.0	28.0	29.0	30.0	31.0	32.0	33.0	34.0	35.0	36.0	37.0	38.0	39.0	40.0	41.0	42.0	43.0	44.0
MCW_CT_ROA_113_R1_trim	3.0	9.0	11.0	45.0	103.0	169.0	355.0	602.0	1133.0	1877.0	3139.0	4741.0	7237.0	10307.0	14574.0	20078.0	27160.0	36440.0	48048.0	62665.0	80606.0	102653.0	129155.0	162487.0	203843.0	256509.0	326376.0	420148.0	555558.0	761936.0	1118317.0	1881637.0	4025550.0	1947606.0
	2.0	3.0	4.0	5.0	6.0	7.0	8.0	9.0	10.0	11.0	12.0	13.0	14.0	15.0	16.0	17.0	18.0	19.0	20.0	21.0	22.0	23.0	24.0	25.0	26.0	27.0	28.0	29.0	30.0	31.0	32.0	33.0	34.0	35.0	36.0	37.0	38.0	39.0	40.0	41.0	42.0	43.0	44.0
MCW_CT_ROA_113_R2_trim	2.0	85.0	337.0	579.0	735.0	1008.0	1507.0	2018.0	2591.0	3499.0	4792.0	6271.0	8302.0	10594.0	12790.0	15566.0	17960.0	20161.0	22859.0	24982.0	27471.0	30959.0	34523.0	39611.0	45480.0	52345.0	61879.0	73892.0	88341.0	106133.0	128129.0	155890.0	190411.0	233465.0	289388.0	362336.0	462617.0	613149.0	863155.0	1378827.0	3332739.0	3482529.0	1170.0
	11.0	12.0	13.0	14.0	15.0	16.0	17.0	18.0	19.0	20.0	21.0	22.0	23.0	24.0	25.0	26.0	27.0	28.0	29.0	30.0	31.0	32.0	33.0	34.0	35.0	36.0	37.0	38.0	39.0	40.0	41.0	42.0	43.0	44.0
MCW_CT_ROA_114_R1_trim	2.0	3.0	7.0	17.0	35.0	78.0	164.0	319.0	611.0	1133.0	1863.0	3097.0	4786.0	7127.0	10391.0	14787.0	20493.0	27952.0	37610.0	50400.0	66303.0	86435.0	110851.0	142560.0	181845.0	231518.0	295711.0	378527.0	490821.0	653587.0	916284.0	1428151.0	2717113.0	1241478.0
	2.0	3.0	4.0	5.0	6.0	7.0	8.0	9.0	10.0	11.0	12.0	13.0	14.0	15.0	16.0	17.0	18.0	19.0	20.0	21.0	22.0	23.0	24.0	25.0	26.0	27.0	28.0	29.0	30.0	31.0	32.0	33.0	34.0	35.0	36.0	37.0	38.0	39.0	40.0	41.0	42.0	43.0	44.0
MCW_CT_ROA_114_R2_trim	2.0	62.0	217.0	373.0	518.0	670.0	1013.0	1327.0	1919.0	2630.0	3583.0	4756.0	6202.0	8086.0	9949.0	11815.0	13527.0	15264.0	17401.0	19239.0	21466.0	24361.0	28178.0	33512.0	40203.0	48066.0	58587.0	71152.0	86135.0	104915.0	126316.0	152142.0	182852.0	219244.0	265569.0	324642.0	402947.0	515958.0	694311.0	1040221.0	2224351.0	2337730.0	648.0
	11.0	12.0	13.0	14.0	15.0	16.0	17.0	18.0	19.0	20.0	21.0	22.0	23.0	24.0	25.0	26.0	27.0	28.0	29.0	30.0	31.0	32.0	33.0	34.0	35.0	36.0	37.0	38.0	39.0	40.0	41.0	42.0	43.0	44.0
MCW_CT_ROA_115_R1_trim	3.0	10.0	27.0	56.0	108.0	251.0	519.0	1006.0	2025.0	3785.0	6550.0	10725.0	16261.0	23819.0	33288.0	45767.0	60449.0	78475.0	100126.0	125215.0	153558.0	187443.0	225560.0	269533.0	319800.0	379358.0	451384.0	541653.0	658611.0	825509.0	1084419.0	1595601.0	2953661.0	1548316.0
	2.0	3.0	4.0	5.0	6.0	7.0	8.0	9.0	10.0	11.0	12.0	13.0	14.0	15.0	16.0	17.0	18.0	19.0	20.0	21.0	22.0	23.0	24.0	25.0	26.0	27.0	28.0	29.0	30.0	31.0	32.0	33.0	34.0	35.0	36.0	37.0	38.0	39.0	40.0	41.0	42.0	43.0	44.0
MCW_CT_ROA_115_R2_trim	4.0	63.0	220.0	417.0	524.0	706.0	915.0	1233.0	1698.0	2261.0	3001.0	3766.0	4933.0	6199.0	7723.0	9479.0	10917.0	12979.0	15266.0	17760.0	21398.0	25952.0	31885.0	40049.0	50877.0	64235.0	81389.0	102196.0	126257.0	155849.0	191994.0	232241.0	280051.0	335666.0	402098.0	484965.0	592809.0	740233.0	965548.0	1384482.0	2639200.0	2652570.0	863.0
	10.0	11.0	12.0	13.0	14.0	15.0	16.0	17.0	18.0	19.0	20.0	21.0	22.0	23.0	24.0	25.0	26.0	27.0	28.0	29.0	30.0	31.0	32.0	33.0	34.0	35.0	36.0	37.0	38.0	39.0	40.0	41.0	42.0	43.0	44.0
MCW_CT_ROA_116_R1_trim	1.0	2.0	12.0	13.0	31.0	56.0	112.0	205.0	412.0	731.0	1306.0	2105.0	3360.0	4828.0	7028.0	9785.0	13136.0	17627.0	23401.0	30712.0	40690.0	53461.0	69521.0	91302.0	119605.0	157182.0	205996.0	276397.0	370719.0	512578.0	724874.0	1082409.0	1807073.0	3774315.0	1902020.0
	2.0	3.0	4.0	5.0	6.0	7.0	8.0	9.0	10.0	11.0	12.0	13.0	14.0	15.0	16.0	17.0	18.0	19.0	20.0	21.0	22.0	23.0	24.0	25.0	26.0	27.0	28.0	29.0	30.0	31.0	32.0	33.0	34.0	35.0	36.0	37.0	38.0	39.0	40.0	41.0	42.0	43.0	44.0
MCW_CT_ROA_116_R2_trim	2.0	74.0	345.0	641.0	829.0	1197.0	1580.0	2333.0	3111.0	4307.0	5765.0	7685.0	10236.0	13189.0	16113.0	19365.0	22508.0	25762.0	28330.0	31137.0	34387.0	37759.0	42489.0	47952.0	55482.0	64188.0	75138.0	89284.0	106543.0	126533.0	152120.0	181309.0	217995.0	263370.0	321252.0	393975.0	492283.0	637469.0	869398.0	1320759.0	2774175.0	2803698.0	938.0
	11.0	12.0	13.0	14.0	15.0	16.0	17.0	18.0	19.0	20.0	21.0	22.0	23.0	24.0	25.0	26.0	27.0	28.0	29.0	30.0	31.0	32.0	33.0	34.0	35.0	36.0	37.0	38.0	39.0	40.0	41.0	42.0	43.0	44.0
MCW_CT_ROA_117_R1_trim	1.0	13.0	32.0	54.0	119.0	222.0	507.0	962.0	1930.0	3264.0	5599.0	8799.0	13367.0	19171.0	26471.0	35584.0	46591.0	60152.0	75635.0	94421.0	116428.0	141703.0	170968.0	205415.0	245901.0	296408.0	356721.0	433986.0	535585.0	676922.0	895175.0	1292215.0	2083203.0	996185.0
	2.0	3.0	4.0	5.0	6.0	7.0	8.0	9.0	10.0	11.0	12.0	13.0	14.0	15.0	16.0	17.0	18.0	19.0	20.0	21.0	22.0	23.0	24.0	25.0	26.0	27.0	28.0	29.0	30.0	31.0	32.0	33.0	34.0	35.0	36.0	37.0	38.0	39.0	40.0	41.0	42.0	43.0	44.0
MCW_CT_ROA_117_R2_trim	5.0	65.0	288.0	483.0	607.0	796.0	1133.0	1532.0	2045.0	2738.0	3551.0	4527.0	5766.0	7422.0	8984.0	10834.0	12806.0	14645.0	16528.0	18625.0	21701.0	24799.0	29237.0	35285.0	42686.0	52106.0	63552.0	77503.0	94951.0	115355.0	138668.0	168075.0	201118.0	242545.0	293793.0	355775.0	438628.0	553092.0	730373.0	1061542.0	2049745.0	1935103.0	697.0
	10.0	11.0	12.0	13.0	14.0	15.0	16.0	17.0	18.0	19.0	20.0	21.0	22.0	23.0	24.0	25.0	26.0	27.0	28.0	29.0	30.0	31.0	32.0	33.0	34.0	35.0	36.0	37.0	38.0	39.0	40.0	41.0	42.0	43.0	44.0
MCW_CT_ROA_118_R1_trim	1.0	0.0	8.0	15.0	37.0	81.0	159.0	319.0	644.0	1205.0	2093.0	3296.0	5040.0	7343.0	10628.0	14596.0	20167.0	27439.0	35798.0	47312.0	61394.0	78600.0	100897.0	128793.0	163855.0	207490.0	263656.0	335853.0	433304.0	566999.0	763825.0	1085775.0	1721776.0	3154224.0	1126029.0
	2.0	3.0	4.0	5.0	6.0	7.0	8.0	9.0	10.0	11.0	12.0	13.0	14.0	15.0	16.0	17.0	18.0	19.0	20.0	21.0	22.0	23.0	24.0	25.0	26.0	27.0	28.0	29.0	30.0	31.0	32.0	33.0	34.0	35.0	36.0	37.0	38.0	39.0	40.0	41.0	42.0	43.0
MCW_CT_ROA_118_R2_trim	8.0	110.0	458.0	792.0	1086.0	1426.0	2036.0	2864.0	3888.0	5256.0	6709.0	8964.0	11421.0	14256.0	16874.0	19805.0	22908.0	25602.0	28137.0	31095.0	34977.0	39044.0	44041.0	51774.0	61092.0	72450.0	86649.0	103818.0	124312.0	149986.0	179037.0	213713.0	255156.0	303530.0	362797.0	437973.0	535045.0	670838.0	885788.0	1287957.0	2441848.0	1823131.0
	11.0	12.0	13.0	14.0	15.0	16.0	17.0	18.0	19.0	20.0	21.0	22.0	23.0	24.0	25.0	26.0	27.0	28.0	29.0	30.0	31.0	32.0	33.0	34.0	35.0	36.0	37.0	38.0	39.0	40.0	41.0	42.0	43.0	44.0
MCW_CT_ROA_119_R1_trim	3.0	12.0	23.0	64.0	121.0	275.0	541.0	1044.0	1958.0	3482.0	5738.0	9370.0	13762.0	19926.0	26965.0	36920.0	48602.0	62743.0	79664.0	99606.0	124134.0	151694.0	184009.0	222781.0	267030.0	324471.0	395148.0	488237.0	615769.0	798066.0	1093030.0	1651613.0	2679712.0	1271513.0
	2.0	3.0	4.0	5.0	6.0	7.0	8.0	9.0	10.0	11.0	12.0	13.0	14.0	15.0	16.0	17.0	18.0	19.0	20.0	21.0	22.0	23.0	24.0	25.0	26.0	27.0	28.0	29.0	30.0	31.0	32.0	33.0	34.0	35.0	36.0	37.0	38.0	39.0	40.0	41.0	42.0	43.0	44.0
MCW_CT_ROA_119_R2_trim	3.0	72.0	286.0	448.0	582.0	786.0	1099.0	1570.0	1964.0	2684.0	3720.0	4998.0	6623.0	8551.0	10976.0	13551.0	16350.0	19074.0	21708.0	24641.0	27512.0	31042.0	35428.0	41146.0	48251.0	57585.0	68435.0	82328.0	99775.0	121043.0	146956.0	177943.0	215780.0	260872.0	318196.0	393193.0	489585.0	629425.0	852115.0	1278399.0	2654366.0	2508124.0	841.0
	11.0	12.0	13.0	14.0	15.0	16.0	17.0	18.0	19.0	20.0	21.0	22.0	23.0	24.0	25.0	26.0	27.0	28.0	29.0	30.0	31.0	32.0	33.0	34.0	35.0	36.0	37.0	38.0	39.0	40.0	41.0	42.0	43.0	44.0
MCW_CT_ROA_120_R1_trim	5.0	7.0	43.0	64.0	149.0	354.0	729.0	1448.0	2505.0	4285.0	6998.0	10606.0	15318.0	21041.0	28454.0	38123.0	48905.0	61712.0	76725.0	94334.0	114121.0	138546.0	166019.0	199569.0	238309.0	285471.0	347012.0	427310.0	536963.0	706058.0	996570.0	1612371.0	2550754.0	83318.0
	2.0	3.0	4.0	5.0	6.0	7.0	8.0	9.0	10.0	11.0	12.0	13.0	14.0	15.0	16.0	17.0	18.0	19.0	20.0	21.0	22.0	23.0	24.0	25.0	26.0	27.0	28.0	29.0	30.0	31.0	32.0	33.0	34.0	35.0	36.0	37.0	38.0	39.0	40.0	41.0	42.0	43.0
MCW_CT_ROA_120_R2_trim	2.0	35.0	145.0	363.0	527.0	731.0	1016.0	1478.0	2103.0	2751.0	3771.0	5208.0	6884.0	9089.0	11496.0	13994.0	16583.0	19322.0	22208.0	24964.0	28593.0	32033.0	38105.0	45612.0	55254.0	67481.0	82917.0	101409.0	122359.0	148741.0	176617.0	210422.0	250020.0	293694.0	346140.0	410209.0	492603.0	603811.0	775378.0	1085336.0	1904199.0	1400593.0
	10.0	11.0	12.0	13.0	14.0	15.0	16.0	17.0	18.0	19.0	20.0	21.0	22.0	23.0	24.0	25.0	26.0	27.0	28.0	29.0	30.0	31.0	32.0	33.0	34.0	35.0	36.0	37.0	38.0	39.0	40.0	41.0	42.0	43.0	44.0
MCW_CT_ROA_121_R1_trim	1.0	2.0	3.0	18.0	38.0	70.0	162.0	308.0	572.0	1067.0	1861.0	3066.0	4681.0	6909.0	9880.0	13655.0	18634.0	24586.0	33003.0	43463.0	57091.0	74432.0	96604.0	126660.0	164794.0	215465.0	284937.0	378184.0	510871.0	704191.0	1001544.0	1507711.0	2560340.0	4826856.0	2175506.0
	3.0	4.0	5.0	6.0	7.0	8.0	9.0	10.0	11.0	12.0	13.0	14.0	15.0	16.0	17.0	18.0	19.0	20.0	21.0	22.0	23.0	24.0	25.0	26.0	27.0	28.0	29.0	30.0	31.0	32.0	33.0	34.0	35.0	36.0	37.0	38.0	39.0	40.0	41.0	42.0	43.0	44.0
MCW_CT_ROA_121_R2_trim	43.0	169.0	354.0	456.0	661.0	1000.0	1335.0	1827.0	2506.0	3290.0	4450.0	5866.0	7537.0	9815.0	11811.0	14023.0	16732.0	19583.0	22665.0	26277.0	29934.0	35220.0	41396.0	48858.0	58605.0	70240.0	85331.0	103970.0	126456.0	153766.0	189082.0	231934.0	285938.0	355475.0	445710.0	574217.0	757941.0	1066133.0	1692366.0	3973107.0	4369896.0	1190.0
	11.0	12.0	13.0	14.0	15.0	16.0	17.0	18.0	19.0	20.0	21.0	22.0	23.0	24.0	25.0	26.0	27.0	28.0	29.0	30.0	31.0	32.0	33.0	34.0	35.0	36.0	37.0	38.0	39.0	40.0	41.0	42.0	43.0	44.0
MCW_CT_ROA_123_R1_trim	1.0	3.0	12.0	36.0	55.0	127.0	267.0	518.0	936.0	1572.0	2645.0	4031.0	6094.0	8698.0	12194.0	16912.0	22980.0	31065.0	41056.0	54329.0	71172.0	92864.0	120849.0	157805.0	205224.0	268910.0	354318.0	472017.0	642755.0	908682.0	1367113.0	2354253.0	5051719.0	1882628.0
	2.0	3.0	4.0	5.0	6.0	7.0	8.0	9.0	10.0	11.0	12.0	13.0	14.0	15.0	16.0	17.0	18.0	19.0	20.0	21.0	22.0	23.0	24.0	25.0	26.0	27.0	28.0	29.0	30.0	31.0	32.0	33.0	34.0	35.0	36.0	37.0	38.0	39.0	40.0	41.0	42.0	43.0
MCW_CT_ROA_123_R2_trim	1.0	32.0	192.0	355.0	467.0	612.0	970.0	1298.0	1795.0	2652.0	3643.0	4884.0	6720.0	8736.0	11235.0	13596.0	16435.0	19609.0	22579.0	25468.0	29600.0	33942.0	40274.0	47565.0	57677.0	69941.0	86033.0	104128.0	127983.0	154679.0	187730.0	226919.0	276752.0	335987.0	408404.0	503539.0	631638.0	820837.0	1128139.0	1751380.0	3754448.0	3234966.0
	11.0	12.0	13.0	14.0	15.0	16.0	17.0	18.0	19.0	20.0	21.0	22.0	23.0	24.0	25.0	26.0	27.0	28.0	29.0	30.0	31.0	32.0	33.0	34.0	35.0	36.0	37.0	38.0	39.0	40.0	41.0	42.0	43.0	44.0
MCW_CT_ROA_124_R1_trim	2.0	3.0	9.0	23.0	48.0	86.0	188.0	398.0	703.0	1420.0	2364.0	3948.0	5935.0	8700.0	12258.0	16395.0	21291.0	27412.0	34275.0	42305.0	51323.0	62221.0	73825.0	88791.0	105712.0	126999.0	154515.0	193408.0	246786.0	326599.0	460019.0	710116.0	1319718.0	1765158.0
	2.0	3.0	4.0	5.0	6.0	7.0	8.0	9.0	10.0	11.0	12.0	13.0	14.0	15.0	16.0	17.0	18.0	19.0	20.0	21.0	22.0	23.0	24.0	25.0	26.0	27.0	28.0	29.0	30.0	31.0	32.0	33.0	34.0	35.0	36.0	37.0	38.0	39.0	40.0	41.0	42.0	43.0	44.0
MCW_CT_ROA_124_R2_trim	2.0	63.0	238.0	330.0	458.0	602.0	754.0	1017.0	1304.0	1552.0	2017.0	2592.0	3499.0	4321.0	5339.0	6588.0	7929.0	9266.0	10479.0	12195.0	13832.0	16274.0	19028.0	22834.0	27090.0	33362.0	39799.0	47870.0	57969.0	69203.0	83218.0	99592.0	118695.0	141739.0	170396.0	206975.0	256572.0	325380.0	439084.0	658053.0	1374247.0	1568938.0	2258.0
	10.0	11.0	12.0	13.0	14.0	15.0	16.0	17.0	18.0	19.0	20.0	21.0	22.0	23.0	24.0	25.0	26.0	27.0	28.0	29.0	30.0	31.0	32.0	33.0	34.0	35.0	36.0	37.0	38.0	39.0	40.0	41.0	42.0	43.0	44.0
MCW_CT_ROA_125_R1_trim	1.0	0.0	7.0	15.0	52.0	86.0	181.0	331.0	608.0	1012.0	1715.0	2936.0	4475.0	6709.0	9620.0	13777.0	18760.0	25458.0	33745.0	44047.0	56616.0	73147.0	91862.0	116499.0	144604.0	180666.0	226259.0	286729.0	369587.0	484870.0	662700.0	964223.0	1574941.0	3380707.0	4832301.0
	2.0	3.0	4.0	5.0	6.0	7.0	8.0	9.0	10.0	11.0	12.0	13.0	14.0	15.0	16.0	17.0	18.0	19.0	20.0	21.0	22.0	23.0	24.0	25.0	26.0	27.0	28.0	29.0	30.0	31.0	32.0	33.0	34.0	35.0	36.0	37.0	38.0	39.0	40.0	41.0	42.0	43.0	44.0
MCW_CT_ROA_125_R2_trim	2.0	112.0	409.0	715.0	942.0	1193.0	1685.0	2018.0	2690.0	3427.0	4463.0	5916.0	7903.0	9834.0	12756.0	15452.0	19012.0	21946.0	25458.0	28526.0	32376.0	36625.0	42088.0	49133.0	58040.0	68690.0	82778.0	99808.0	119044.0	143015.0	171994.0	206272.0	247404.0	298179.0	362315.0	443624.0	554630.0	716124.0	979271.0	1512191.0	3590069.0	3627438.0	3679.0
	10.0	11.0	12.0	13.0	14.0	15.0	16.0	17.0	18.0	19.0	20.0	21.0	22.0	23.0	24.0	25.0	26.0	27.0	28.0	29.0	30.0	31.0	32.0	33.0	34.0	35.0	36.0	37.0	38.0	39.0	40.0	41.0	42.0	43.0	44.0
MCW_CT_ROA_126_R1_trim	2.0	4.0	14.0	31.0	86.0	194.0	400.0	756.0	1562.0	2984.0	5040.0	8217.0	13031.0	19558.0	28636.0	40479.0	55578.0	73903.0	95649.0	122591.0	152734.0	186261.0	222568.0	261203.0	300774.0	344615.0	392440.0	445500.0	514256.0	605416.0	738018.0	974820.0	1513949.0	2627188.0	68592.0
	2.0	3.0	4.0	5.0	6.0	7.0	8.0	9.0	10.0	11.0	12.0	13.0	14.0	15.0	16.0	17.0	18.0	19.0	20.0	21.0	22.0	23.0	24.0	25.0	26.0	27.0	28.0	29.0	30.0	31.0	32.0	33.0	34.0	35.0	36.0	37.0	38.0	39.0	40.0	41.0	42.0	43.0
MCW_CT_ROA_126_R2_trim	2.0	14.0	77.0	148.0	201.0	329.0	430.0	616.0	802.0	1124.0	1517.0	2138.0	2734.0	3820.0	4902.0	6172.0	7651.0	9186.0	11082.0	13295.0	15747.0	18787.0	23236.0	28562.0	36134.0	46199.0	58096.0	74999.0	95159.0	121386.0	150464.0	186105.0	228385.0	276892.0	335643.0	407244.0	502344.0	628132.0	828935.0	1220097.0	2459758.0	2008505.0
	11.0	12.0	13.0	14.0	15.0	16.0	17.0	18.0	19.0	20.0	21.0	22.0	23.0	24.0	25.0	26.0	27.0	28.0	29.0	30.0	31.0	32.0	33.0	34.0	35.0	36.0	37.0	38.0	39.0	40.0	41.0	42.0	43.0	44.0
MCW_CT_ROA_127_R1_trim	2.0	7.0	18.0	39.0	83.0	146.0	272.0	557.0	1068.0	2009.0	3657.0	6001.0	9164.0	13482.0	18892.0	25792.0	33602.0	43522.0	54576.0	68447.0	83310.0	101253.0	122391.0	148203.0	177858.0	214730.0	261002.0	322104.0	405209.0	523780.0	715579.0	1073348.0	1970306.0	2669353.0
	2.0	3.0	4.0	5.0	6.0	7.0	8.0	9.0	10.0	11.0	12.0	13.0	14.0	15.0	16.0	17.0	18.0	19.0	20.0	21.0	22.0	23.0	24.0	25.0	26.0	27.0	28.0	29.0	30.0	31.0	32.0	33.0	34.0	35.0	36.0	37.0	38.0	39.0	40.0	41.0	42.0	43.0	44.0
MCW_CT_ROA_127_R2_trim	3.0	97.0	405.0	716.0	878.0	1158.0	1544.0	1931.0	2604.0	3472.0	4362.0	5610.0	7616.0	9646.0	12357.0	15057.0	17880.0	20848.0	23683.0	27015.0	30639.0	35638.0	42059.0	49842.0	60304.0	72416.0	87731.0	105573.0	124952.0	150154.0	176987.0	209143.0	245320.0	288000.0	338114.0	400886.0	480430.0	589100.0	754632.0	1055413.0	1925054.0	1688628.0	1865.0
	11.0	12.0	13.0	14.0	15.0	16.0	17.0	18.0	19.0	20.0	21.0	22.0	23.0	24.0	25.0	26.0	27.0	28.0	29.0	30.0	31.0	32.0	33.0	34.0	35.0	36.0	37.0	38.0	39.0	40.0	41.0	42.0	43.0	44.0
MCW_CT_ROA_130_R1_trim	1.0	4.0	13.0	27.0	50.0	122.0	193.0	354.0	682.0	1218.0	1933.0	3090.0	4805.0	7117.0	10154.0	13932.0	19507.0	26231.0	34023.0	43971.0	56553.0	73331.0	92772.0	117897.0	149874.0	190702.0	245292.0	318308.0	420734.0	569902.0	810253.0	1260076.0	2387447.0	3176161.0
	2.0	3.0	4.0	5.0	6.0	7.0	8.0	9.0	10.0	11.0	12.0	13.0	14.0	15.0	16.0	17.0	18.0	19.0	20.0	21.0	22.0	23.0	24.0	25.0	26.0	27.0	28.0	29.0	30.0	31.0	32.0	33.0	34.0	35.0	36.0	37.0	38.0	39.0	40.0	41.0	42.0	43.0	44.0
MCW_CT_ROA_130_R2_trim	2.0	55.0	283.0	469.0	627.0	780.0	1032.0	1238.0	1608.0	2024.0	2565.0	3371.0	4442.0	5428.0	6810.0	8674.0	10293.0	12087.0	13653.0	15894.0	18546.0	21425.0	25342.0	30802.0	37056.0	45317.0	55906.0	67994.0	83398.0	101208.0	123958.0	150701.0	183142.0	222696.0	274024.0	340502.0	431056.0	561289.0	768897.0	1178108.0	2491818.0	2728417.0	3792.0
	10.0	11.0	12.0	13.0	14.0	15.0	16.0	17.0	18.0	19.0	20.0	21.0	22.0	23.0	24.0	25.0	26.0	27.0	28.0	29.0	30.0	31.0	32.0	33.0	34.0	35.0	36.0	37.0	38.0	39.0	40.0	41.0	42.0	43.0	44.0
MCW_CT_ROA_132_R1_trim	1.0	0.0	4.0	15.0	21.0	73.0	173.0	334.0	731.0	1425.0	2527.0	4016.0	6608.0	9948.0	14284.0	20258.0	27592.0	37277.0	49486.0	63975.0	83033.0	105103.0	133105.0	167578.0	208287.0	260982.0	326360.0	409965.0	516371.0	663124.0	876167.0	1213756.0	1844903.0	2903826.0	1002515.0
	2.0	3.0	4.0	5.0	6.0	7.0	8.0	9.0	10.0	11.0	12.0	13.0	14.0	15.0	16.0	17.0	18.0	19.0	20.0	21.0	22.0	23.0	24.0	25.0	26.0	27.0	28.0	29.0	30.0	31.0	32.0	33.0	34.0	35.0	36.0	37.0	38.0	39.0	40.0	41.0	42.0	43.0
MCW_CT_ROA_132_R2_trim	1.0	34.0	162.0	266.0	364.0	494.0	723.0	1024.0	1378.0	1840.0	2368.0	3300.0	4338.0	5611.0	6955.0	8565.0	10549.0	12233.0	14407.0	16805.0	19773.0	23771.0	28454.0	34988.0	43019.0	53031.0	65634.0	81288.0	99946.0	122459.0	149145.0	181699.0	220825.0	268722.0	328639.0	406891.0	509939.0	662631.0	901770.0	1365779.0	2761568.0	2532435.0
	11.0	12.0	13.0	14.0	15.0	16.0	17.0	18.0	19.0	20.0	21.0	22.0	23.0	24.0	25.0	26.0	27.0	28.0	29.0	30.0	31.0	32.0	33.0	34.0	35.0	36.0	37.0	38.0	39.0	40.0	41.0	42.0	43.0	44.0
MCW_CT_ROA_133_R1_trim	1.0	13.0	41.0	54.0	122.0	291.0	563.0	1095.0	1988.0	3560.0	5735.0	8919.0	13009.0	18177.0	24808.0	33049.0	43269.0	55126.0	69035.0	85260.0	103583.0	125079.0	150157.0	179350.0	215650.0	259234.0	314194.0	387742.0	487238.0	635320.0	881562.0	1361732.0	2383233.0	893249.0
	2.0	3.0	4.0	5.0	6.0	7.0	8.0	9.0	10.0	11.0	12.0	13.0	14.0	15.0	16.0	17.0	18.0	19.0	20.0	21.0	22.0	23.0	24.0	25.0	26.0	27.0	28.0	29.0	30.0	31.0	32.0	33.0	34.0	35.0	36.0	37.0	38.0	39.0	40.0	41.0	42.0	43.0
MCW_CT_ROA_133_R2_trim	4.0	75.0	348.0	531.0	682.0	955.0	1328.0	1823.0	2374.0	3186.0	4133.0	5485.0	6866.0	8807.0	10746.0	12569.0	14766.0	16884.0	19394.0	21709.0	24586.0	28505.0	32731.0	38703.0	45701.0	54063.0	64420.0	77088.0	92391.0	110231.0	130592.0	153429.0	182263.0	217775.0	258423.0	313297.0	385486.0	491722.0	662049.0	1000301.0	2054252.0	2190765.0
	10.0	11.0	12.0	13.0	14.0	15.0	16.0	17.0	18.0	19.0	20.0	21.0	22.0	23.0	24.0	25.0	26.0	27.0	28.0	29.0	30.0	31.0	32.0	33.0	34.0	35.0	36.0	37.0	38.0	39.0	40.0	41.0	42.0	43.0	44.0
MCW_CT_ROA_135_R1_trim	3.0	1.0	4.0	25.0	32.0	89.0	225.0	456.0	960.0	1768.0	3073.0	5041.0	7676.0	11186.0	16151.0	21864.0	28823.0	37701.0	48265.0	60414.0	75602.0	92139.0	112649.0	135532.0	163778.0	197142.0	239723.0	293017.0	362715.0	461147.0	607610.0	847379.0	1305197.0	1755248.0	55904.0
	3.0	4.0	5.0	6.0	7.0	8.0	9.0	10.0	11.0	12.0	13.0	14.0	15.0	16.0	17.0	18.0	19.0	20.0	21.0	22.0	23.0	24.0	25.0	26.0	27.0	28.0	29.0	30.0	31.0	32.0	33.0	34.0	35.0	36.0	37.0	38.0	39.0	40.0	41.0	42.0	43.0
MCW_CT_ROA_135_R2_trim	23.0	120.0	227.0	307.0	437.0	601.0	917.0	1359.0	1873.0	2528.0	3792.0	5263.0	7137.0	9093.0	11818.0	14155.0	16645.0	18791.0	21150.0	23655.0	26390.0	30253.0	35114.0	41400.0	49673.0	59407.0	71314.0	85580.0	102513.0	122528.0	146361.0	174092.0	206371.0	246886.0	297397.0	361941.0	451778.0	597961.0	865556.0	1613829.0	1222304.0
	8.0	9.0	10.0	11.0	12.0	13.0	14.0	15.0	16.0	17.0	18.0	19.0	20.0	21.0	22.0	23.0	24.0	25.0	26.0	27.0	28.0	29.0	30.0	31.0	32.0	33.0	34.0	35.0	36.0	37.0	38.0	39.0	40.0	41.0	42.0	43.0	44.0
MCW_CT_ROA_136_R1_trim	1.0	0.0	0.0	4.0	12.0	39.0	74.0	173.0	379.0	740.0	1461.0	2648.0	4512.0	7414.0	11443.0	16552.0	23399.0	32026.0	42572.0	55921.0	71585.0	89493.0	109774.0	134571.0	162585.0	197146.0	237012.0	285554.0	348403.0	428651.0	535105.0	685983.0	911959.0	1294352.0	2048424.0	2895305.0	85439.0
	2.0	3.0	4.0	5.0	6.0	7.0	8.0	9.0	10.0	11.0	12.0	13.0	14.0	15.0	16.0	17.0	18.0	19.0	20.0	21.0	22.0	23.0	24.0	25.0	26.0	27.0	28.0	29.0	30.0	31.0	32.0	33.0	34.0	35.0	36.0	37.0	38.0	39.0	40.0	41.0	42.0	43.0
MCW_CT_ROA_136_R2_trim	3.0	49.0	207.0	392.0	596.0	869.0	1263.0	1728.0	2383.0	3344.0	4656.0	6353.0	8474.0	11172.0	13797.0	17161.0	20011.0	22967.0	26205.0	29314.0	32626.0	36418.0	41635.0	49060.0	58169.0	68922.0	82735.0	99347.0	119472.0	144270.0	172470.0	206901.0	247426.0	296523.0	356601.0	433998.0	534935.0	679802.0	904570.0	1330343.0	2605883.0	2047661.0
	11.0	12.0	13.0	14.0	15.0	16.0	17.0	18.0	19.0	20.0	21.0	22.0	23.0	24.0	25.0	26.0	27.0	28.0	29.0	30.0	31.0	32.0	33.0	34.0	35.0	36.0	37.0	38.0	39.0	40.0	41.0	42.0	43.0	44.0
MCW_CT_ROA_138_R1_trim	2.0	5.0	18.0	26.0	55.0	137.0	286.0	593.0	1137.0	2192.0	3899.0	6265.0	9665.0	13972.0	19735.0	26709.0	35655.0	45695.0	58179.0	72969.0	88918.0	109027.0	131830.0	158681.0	193569.0	235834.0	289261.0	362450.0	462518.0	608864.0	847652.0	1288520.0	2348608.0	3023180.0
	2.0	3.0	4.0	5.0	6.0	7.0	8.0	9.0	10.0	11.0	12.0	13.0	14.0	15.0	16.0	17.0	18.0	19.0	20.0	21.0	22.0	23.0	24.0	25.0	26.0	27.0	28.0	29.0	30.0	31.0	32.0	33.0	34.0	35.0	36.0	37.0	38.0	39.0	40.0	41.0	42.0	43.0	44.0
MCW_CT_ROA_138_R2_trim	1.0	42.0	203.0	333.0	415.0	511.0	680.0	826.0	1129.0	1354.0	1784.0	2493.0	3193.0	4152.0	5585.0	6882.0	8722.0	10237.0	12475.0	14823.0	17316.0	20326.0	24709.0	30228.0	37761.0	47203.0	58946.0	73219.0	91150.0	112217.0	138850.0	169574.0	206777.0	254308.0	311650.0	384773.0	483686.0	624013.0	849098.0	1276192.0	2672285.0	2482840.0	3145.0
	11.0	12.0	13.0	14.0	15.0	16.0	17.0	18.0	19.0	20.0	21.0	22.0	23.0	24.0	25.0	26.0	27.0	28.0	29.0	30.0	31.0	32.0	33.0	34.0	35.0	36.0	37.0	38.0	39.0	40.0	41.0	42.0	43.0	44.0
MCW_CT_ROA_139_R1_trim	3.0	13.0	36.0	61.0	108.0	242.0	362.0	700.0	1239.0	2238.0	3775.0	5958.0	9086.0	13473.0	19322.0	26436.0	35637.0	46702.0	59698.0	75554.0	94402.0	114275.0	138508.0	165963.0	198248.0	235259.0	282784.0	344131.0	427898.0	559594.0	778698.0	1209992.0	2413413.0	3498367.0
	2.0	3.0	4.0	5.0	6.0	7.0	8.0	9.0	10.0	11.0	12.0	13.0	14.0	15.0	16.0	17.0	18.0	19.0	20.0	21.0	22.0	23.0	24.0	25.0	26.0	27.0	28.0	29.0	30.0	31.0	32.0	33.0	34.0	35.0	36.0	37.0	38.0	39.0	40.0	41.0	42.0	43.0	44.0
MCW_CT_ROA_139_R2_trim	3.0	62.0	394.0	611.0	801.0	1052.0	1416.0	1717.0	2180.0	2715.0	3608.0	4630.0	5996.0	7521.0	9618.0	11904.0	14314.0	17314.0	20780.0	24702.0	28878.0	34460.0	42216.0	51668.0	63768.0	79460.0	98182.0	120662.0	148640.0	180574.0	216087.0	258150.0	307500.0	363605.0	430636.0	513384.0	617347.0	758752.0	968920.0	1348019.0	2400382.0	1597769.0	1778.0
	11.0	12.0	13.0	14.0	15.0	16.0	17.0	18.0	19.0	20.0	21.0	22.0	23.0	24.0	25.0	26.0	27.0	28.0	29.0	30.0	31.0	32.0	33.0	34.0	35.0	36.0	37.0	38.0	39.0	40.0	41.0	42.0	43.0	44.0
MCW_CT_ROA_140_R1_trim	2.0	8.0	9.0	28.0	52.0	122.0	187.0	379.0	684.0	1185.0	2012.0	3230.0	5023.0	7456.0	10687.0	14852.0	20282.0	26260.0	34368.0	44250.0	55954.0	70693.0	87966.0	109902.0	136160.0	170166.0	214627.0	273054.0	356085.0	474974.0	667609.0	1033234.0	1995949.0	2903020.0
	2.0	3.0	4.0	5.0	6.0	7.0	8.0	9.0	10.0	11.0	12.0	13.0	14.0	15.0	16.0	17.0	18.0	19.0	20.0	21.0	22.0	23.0	24.0	25.0	26.0	27.0	28.0	29.0	30.0	31.0	32.0	33.0	34.0	35.0	36.0	37.0	38.0	39.0	40.0	41.0	42.0	43.0	44.0
MCW_CT_ROA_140_R2_trim	4.0	95.0	374.0	597.0	801.0	1000.0	1270.0	1696.0	2122.0	2787.0	3646.0	4765.0	6119.0	7733.0	9839.0	11970.0	14295.0	17079.0	19656.0	22613.0	26394.0	30698.0	37085.0	44524.0	55131.0	67129.0	82290.0	100554.0	120905.0	145765.0	174629.0	208555.0	245145.0	289350.0	340987.0	405754.0	487857.0	598542.0	762667.0	1053756.0	1848953.0	1463649.0	1689.0
	11.0	12.0	13.0	14.0	15.0	16.0	17.0	18.0	19.0	20.0	21.0	22.0	23.0	24.0	25.0	26.0	27.0	28.0	29.0	30.0	31.0	32.0	33.0	34.0	35.0	36.0	37.0	38.0	39.0	40.0	41.0	42.0	43.0	44.0
MCW_CT_ROA_141_R1_trim	1.0	2.0	6.0	7.0	19.0	57.0	101.0	223.0	331.0	600.0	1077.0	1614.0	2668.0	4061.0	5848.0	8699.0	11820.0	16471.0	22281.0	30374.0	40983.0	54163.0	72794.0	96025.0	127682.0	169917.0	226904.0	307056.0	421398.0	593078.0	883138.0	1452636.0	3100256.0	4541231.0
	2.0	3.0	4.0	5.0	6.0	7.0	8.0	9.0	10.0	11.0	12.0	13.0	14.0	15.0	16.0	17.0	18.0	19.0	20.0	21.0	22.0	23.0	24.0	25.0	26.0	27.0	28.0	29.0	30.0	31.0	32.0	33.0	34.0	35.0	36.0	37.0	38.0	39.0	40.0	41.0	42.0	43.0	44.0
MCW_CT_ROA_141_R2_trim	1.0	22.0	142.0	254.0	295.0	421.0	500.0	712.0	908.0	1190.0	1584.0	2055.0	2958.0	3745.0	4840.0	6181.0	7585.0	9309.0	11421.0	13654.0	16650.0	20453.0	25505.0	32688.0	41987.0	53609.0	68306.0	87091.0	110334.0	136975.0	169207.0	208167.0	254879.0	311074.0	380558.0	467510.0	584307.0	748560.0	1005884.0	1499838.0	3091041.0	2808040.0	3081.0
	10.0	11.0	12.0	13.0	14.0	15.0	16.0	17.0	18.0	19.0	20.0	21.0	22.0	23.0	24.0	25.0	26.0	27.0	28.0	29.0	30.0	31.0	32.0	33.0	34.0	35.0	36.0	37.0	38.0	39.0	40.0	41.0	42.0	43.0	44.0
MCW_CT_ROA_142_R1_trim	1.0	1.0	3.0	8.0	20.0	42.0	65.0	134.0	288.0	487.0	857.0	1483.0	2294.0	3809.0	5450.0	7980.0	11286.0	15624.0	20450.0	27236.0	35624.0	45498.0	58753.0	75233.0	95465.0	121912.0	155086.0	198175.0	253654.0	331333.0	443267.0	616357.0	929268.0	1682312.0	2244214.0
	2.0	3.0	4.0	5.0	6.0	7.0	8.0	9.0	10.0	11.0	12.0	13.0	14.0	15.0	16.0	17.0	18.0	19.0	20.0	21.0	22.0	23.0	24.0	25.0	26.0	27.0	28.0	29.0	30.0	31.0	32.0	33.0	34.0	35.0	36.0	37.0	38.0	39.0	40.0	41.0	42.0	43.0	44.0
MCW_CT_ROA_142_R2_trim	6.0	85.0	286.0	480.0	560.0	688.0	893.0	1185.0	1490.0	1935.0	2547.0	3377.0	4269.0	5448.0	6820.0	8358.0	9836.0	11290.0	13388.0	15010.0	17215.0	20265.0	24215.0	29142.0	34795.0	42307.0	51453.0	62275.0	75191.0	90216.0	108233.0	128057.0	152247.0	181734.0	217551.0	263738.0	325689.0	412632.0	552282.0	819723.0	1651079.0	2032905.0	2774.0
	10.0	11.0	12.0	13.0	14.0	15.0	16.0	17.0	18.0	19.0	20.0	21.0	22.0	23.0	24.0	25.0	26.0	27.0	28.0	29.0	30.0	31.0	32.0	33.0	34.0	35.0	36.0	37.0	38.0	39.0	40.0	41.0	42.0	43.0	44.0
MCW_CT_ROA_144_R1_trim	1.0	3.0	7.0	14.0	45.0	92.0	250.0	500.0	1125.0	2015.0	3751.0	6283.0	9642.0	14098.0	19634.0	26145.0	34737.0	44377.0	55830.0	69353.0	83917.0	101886.0	122069.0	146157.0	174541.0	208657.0	248825.0	299841.0	366016.0	451702.0	576758.0	768671.0	1129709.0	1805164.0	664601.0
	2.0	3.0	4.0	5.0	6.0	7.0	8.0	9.0	10.0	11.0	12.0	13.0	14.0	15.0	16.0	17.0	18.0	19.0	20.0	21.0	22.0	23.0	24.0	25.0	26.0	27.0	28.0	29.0	30.0	31.0	32.0	33.0	34.0	35.0	36.0	37.0	38.0	39.0	40.0	41.0	42.0	43.0
MCW_CT_ROA_144_R2_trim	6.0	85.0	294.0	492.0	626.0	880.0	1192.0	1621.0	2246.0	2949.0	3932.0	5145.0	6676.0	8391.0	10020.0	12059.0	13828.0	15837.0	17852.0	20566.0	23594.0	27538.0	32616.0	38920.0	47214.0	56995.0	69430.0	83832.0	100479.0	120118.0	142593.0	168851.0	198449.0	233073.0	273498.0	326825.0	391469.0	483944.0	625161.0	887746.0	1609879.0	1369495.0
	9.0	10.0	11.0	12.0	13.0	14.0	15.0	16.0	17.0	18.0	19.0	20.0	21.0	22.0	23.0	24.0	25.0	26.0	27.0	28.0	29.0	30.0	31.0	32.0	33.0	34.0	35.0	36.0	37.0	38.0	39.0	40.0	41.0	42.0	43.0	44.0
MCW_CT_ROA_145_R1_trim	1.0	1.0	3.0	6.0	19.0	39.0	94.0	180.0	396.0	736.0	1423.0	2579.0	4387.0	7197.0	11203.0	16654.0	23404.0	32022.0	42364.0	54683.0	69021.0	86695.0	105931.0	128542.0	154153.0	183659.0	217508.0	260336.0	310899.0	375481.0	467234.0	595465.0	804164.0	1201433.0	2227859.0	2996069.0
	2.0	3.0	4.0	5.0	6.0	7.0	8.0	9.0	10.0	11.0	12.0	13.0	14.0	15.0	16.0	17.0	18.0	19.0	20.0	21.0	22.0	23.0	24.0	25.0	26.0	27.0	28.0	29.0	30.0	31.0	32.0	33.0	34.0	35.0	36.0	37.0	38.0	39.0	40.0	41.0	42.0	43.0	44.0
MCW_CT_ROA_145_R2_trim	2.0	71.0	343.0	541.0	727.0	850.0	1127.0	1437.0	1764.0	2162.0	2844.0	3706.0	4735.0	5919.0	7439.0	8949.0	10965.0	13033.0	15177.0	17581.0	20639.0	24345.0	29320.0	35762.0	43729.0	54328.0	66474.0	82066.0	100302.0	123453.0	149675.0	181369.0	219077.0	265288.0	319553.0	391845.0	484339.0	617057.0	826662.0	1229584.0	2618423.0	2396219.0	2959.0
	11.0	12.0	13.0	14.0	15.0	16.0	17.0	18.0	19.0	20.0	21.0	22.0	23.0	24.0	25.0	26.0	27.0	28.0	29.0	30.0	31.0	32.0	33.0	34.0	35.0	36.0	37.0	38.0	39.0	40.0	41.0	42.0	43.0	44.0
MCW_CT_ROA_146_R1_trim	4.0	14.0	29.0	76.0	127.0	256.0	436.0	788.0	1446.0	2401.0	3947.0	6154.0	9548.0	13886.0	19925.0	27426.0	37365.0	50027.0	64575.0	82334.0	104156.0	129099.0	158540.0	192155.0	230549.0	276546.0	335101.0	409664.0	511737.0	665898.0	922177.0	1441258.0	2882873.0	3870448.0
	2.0	3.0	4.0	5.0	6.0	7.0	8.0	9.0	10.0	11.0	12.0	13.0	14.0	15.0	16.0	17.0	18.0	19.0	20.0	21.0	22.0	23.0	24.0	25.0	26.0	27.0	28.0	29.0	30.0	31.0	32.0	33.0	34.0	35.0	36.0	37.0	38.0	39.0	40.0	41.0	42.0	43.0	44.0
MCW_CT_ROA_146_R2_trim	4.0	93.0	453.0	726.0	958.0	1222.0	1588.0	1966.0	2500.0	3158.0	4001.0	5078.0	6513.0	8456.0	10670.0	13308.0	16238.0	19459.0	23087.0	27159.0	31981.0	37550.0	45069.0	55028.0	67457.0	83446.0	102742.0	127518.0	155979.0	190921.0	231043.0	278403.0	332503.0	396503.0	474278.0	569825.0	691735.0	859144.0	1117091.0	1590131.0	3068616.0	1795492.0	1873.0
	10.0	11.0	12.0	13.0	14.0	15.0	16.0	17.0	18.0	19.0	20.0	21.0	22.0	23.0	24.0	25.0	26.0	27.0	28.0	29.0	30.0	31.0	32.0	33.0	34.0	35.0	36.0	37.0	38.0	39.0	40.0	41.0	42.0	43.0	44.0
MCW_CT_ROA_147_R1_trim	1.0	3.0	3.0	10.0	22.0	37.0	86.0	166.0	330.0	658.0	1327.0	2247.0	3910.0	6183.0	9592.0	13480.0	19200.0	26090.0	34515.0	44851.0	57192.0	71883.0	89314.0	109891.0	133878.0	162194.0	196033.0	239120.0	293334.0	363436.0	460437.0	609840.0	879971.0	1573593.0	2224804.0
	2.0	3.0	4.0	5.0	6.0	7.0	8.0	9.0	10.0	11.0	12.0	13.0	14.0	15.0	16.0	17.0	18.0	19.0	20.0	21.0	22.0	23.0	24.0	25.0	26.0	27.0	28.0	29.0	30.0	31.0	32.0	33.0	34.0	35.0	36.0	37.0	38.0	39.0	40.0	41.0	42.0	43.0	44.0
MCW_CT_ROA_147_R2_trim	4.0	87.0	286.0	492.0	585.0	766.0	1023.0	1293.0	1640.0	2279.0	2776.0	3647.0	4877.0	6144.0	7716.0	9522.0	11368.0	13319.0	15854.0	19400.0	23122.0	27602.0	34673.0	43119.0	54231.0	67532.0	84573.0	104190.0	125925.0	151176.0	180622.0	212029.0	249351.0	288805.0	337003.0	391635.0	460974.0	551890.0	679868.0	903411.0	1483917.0	1067510.0	1395.0
	10.0	11.0	12.0	13.0	14.0	15.0	16.0	17.0	18.0	19.0	20.0	21.0	22.0	23.0	24.0	25.0	26.0	27.0	28.0	29.0	30.0	31.0	32.0	33.0	34.0	35.0	36.0	37.0	38.0	39.0	40.0	41.0	42.0	43.0	44.0
MCW_CT_ROA_148_R1_trim	1.0	2.0	5.0	13.0	28.0	42.0	94.0	211.0	463.0	903.0	1739.0	3085.0	5156.0	8016.0	11716.0	16438.0	22491.0	29752.0	38413.0	48105.0	59337.0	72991.0	88586.0	106354.0	127758.0	154325.0	187280.0	227948.0	283611.0	357562.0	467258.0	641095.0	970175.0	1795577.0	2515603.0
	2.0	3.0	4.0	5.0	6.0	7.0	8.0	9.0	10.0	11.0	12.0	13.0	14.0	15.0	16.0	17.0	18.0	19.0	20.0	21.0	22.0	23.0	24.0	25.0	26.0	27.0	28.0	29.0	30.0	31.0	32.0	33.0	34.0	35.0	36.0	37.0	38.0	39.0	40.0	41.0	42.0	43.0	44.0
MCW_CT_ROA_148_R2_trim	3.0	63.0	315.0	403.0	562.0	680.0	940.0	1134.0	1509.0	1956.0	2462.0	3215.0	4190.0	5376.0	6584.0	8310.0	9657.0	11438.0	13030.0	15599.0	18004.0	21709.0	26370.0	32364.0	39757.0	49209.0	60854.0	74282.0	91094.0	110627.0	132988.0	160362.0	191852.0	228990.0	273438.0	328908.0	404158.0	506520.0	666377.0	962485.0	1848498.0	1923405.0	2456.0
	11.0	12.0	13.0	14.0	15.0	16.0	17.0	18.0	19.0	20.0	21.0	22.0	23.0	24.0	25.0	26.0	27.0	28.0	29.0	30.0	31.0	32.0	33.0	34.0	35.0	36.0	37.0	38.0	39.0	40.0	41.0	42.0	43.0	44.0
MCW_CT_ROA_149_R1_trim	6.0	13.0	27.0	67.0	145.0	257.0	457.0	850.0	1518.0	2452.0	4306.0	6533.0	9883.0	14147.0	19450.0	26744.0	36064.0	47208.0	60981.0	77317.0	97737.0	120986.0	150570.0	186295.0	232624.0	290011.0	367094.0	472497.0	622050.0	857267.0	1259991.0	2107754.0	4390433.0	5235637.0
	2.0	3.0	4.0	5.0	6.0	7.0	8.0	9.0	10.0	11.0	12.0	13.0	14.0	15.0	16.0	17.0	18.0	19.0	20.0	21.0	22.0	23.0	24.0	25.0	26.0	27.0	28.0	29.0	30.0	31.0	32.0	33.0	34.0	35.0	36.0	37.0	38.0	39.0	40.0	41.0	42.0	43.0	44.0
MCW_CT_ROA_149_R2_trim	3.0	69.0	458.0	860.0	1151.0	1573.0	1889.0	2416.0	3152.0	3867.0	5013.0	6702.0	8555.0	10994.0	13998.0	17430.0	20991.0	24505.0	28231.0	32550.0	36407.0	40746.0	46179.0	53263.0	61740.0	72700.0	85506.0	101061.0	121801.0	146201.0	175512.0	212810.0	257589.0	314009.0	385641.0	483154.0	617376.0	816374.0	1155732.0	1879614.0	5063903.0	4383161.0	4485.0
	11.0	12.0	13.0	14.0	15.0	16.0	17.0	18.0	19.0	20.0	21.0	22.0	23.0	24.0	25.0	26.0	27.0	28.0	29.0	30.0	31.0	32.0	33.0	34.0	35.0	36.0	37.0	38.0	39.0	40.0	41.0	42.0	43.0	44.0
MCW_CT_ROA_150_R1_trim	1.0	1.0	10.0	52.0	115.0	227.0	543.0	983.0	1974.0	3416.0	5693.0	8643.0	12755.0	18309.0	25011.0	33946.0	44195.0	57061.0	71292.0	88571.0	106983.0	128584.0	153852.0	181606.0	214149.0	254316.0	304237.0	369775.0	462842.0	608430.0	871408.0	1453621.0	2271085.0	59555.0
	2.0	3.0	4.0	5.0	6.0	7.0	8.0	9.0	10.0	11.0	12.0	13.0	14.0	15.0	16.0	17.0	18.0	19.0	20.0	21.0	22.0	23.0	24.0	25.0	26.0	27.0	28.0	29.0	30.0	31.0	32.0	33.0	34.0	35.0	36.0	37.0	38.0	39.0	40.0	41.0	42.0	43.0
MCW_CT_ROA_150_R2_trim	1.0	12.0	68.0	156.0	296.0	414.0	604.0	886.0	1222.0	1763.0	2532.0	3609.0	4945.0	6746.0	8547.0	11061.0	13666.0	16251.0	18840.0	21801.0	24929.0	28757.0	33382.0	39393.0	48011.0	58016.0	70972.0	87592.0	105907.0	127415.0	153042.0	182229.0	216162.0	253932.0	300021.0	357076.0	426928.0	528296.0	682923.0	976340.0	1825043.0	1173455.0
	11.0	12.0	13.0	14.0	15.0	16.0	17.0	18.0	19.0	20.0	21.0	22.0	23.0	24.0	25.0	26.0	27.0	28.0	29.0	30.0	31.0	32.0	33.0	34.0	35.0	36.0	37.0	38.0	39.0	40.0	41.0	42.0	43.0	44.0
MCW_CT_ROA_151_R1_trim	2.0	12.0	25.0	38.0	114.0	226.0	408.0	778.0	1305.0	2271.0	3638.0	5636.0	8296.0	11944.0	16322.0	22290.0	29437.0	37709.0	47384.0	58161.0	69371.0	81805.0	94848.0	108466.0	122742.0	138352.0	156236.0	178824.0	206930.0	251249.0	328066.0	507160.0	869140.0	22147.0
	3.0	4.0	5.0	6.0	7.0	8.0	9.0	10.0	11.0	12.0	13.0	14.0	15.0	16.0	17.0	18.0	19.0	20.0	21.0	22.0	23.0	24.0	25.0	26.0	27.0	28.0	29.0	30.0	31.0	32.0	33.0	34.0	35.0	36.0	37.0	38.0	39.0	40.0	41.0	42.0	43.0
MCW_CT_ROA_151_R2_trim	13.0	47.0	120.0	177.0	245.0	363.0	510.0	654.0	910.0	1212.0	1602.0	2187.0	2784.0	3505.0	4392.0	5225.0	5969.0	6890.0	7880.0	8897.0	9909.0	11329.0	13526.0	15952.0	19417.0	23388.0	29229.0	36304.0	44762.0	55373.0	67061.0	82003.0	99033.0	120298.0	146468.0	179391.0	226125.0	297108.0	433890.0	861795.0	555389.0
	5.0	6.0	7.0	8.0	9.0	10.0	11.0	12.0	13.0	14.0	15.0	16.0	17.0	18.0	19.0	20.0	21.0	22.0	23.0	24.0	25.0	26.0	27.0	28.0	29.0	30.0	31.0	32.0	33.0	34.0	35.0	36.0	37.0	38.0	39.0	40.0	41.0	42.0	43.0	44.0
MCW_CT_ROA_153_R1_trim	1.0	0.0	0.0	0.0	1.0	1.0	2.0	28.0	48.0	118.0	250.0	593.0	1280.0	2426.0	4545.0	7839.0	12691.0	19556.0	28408.0	40526.0	55069.0	72608.0	94800.0	119539.0	148258.0	182584.0	219928.0	262941.0	313647.0	369761.0	439339.0	519745.0	623756.0	762055.0	952425.0	1241064.0	1736347.0	2752081.0	4679899.0	1617024.0
	2.0	3.0	4.0	5.0	6.0	7.0	8.0	9.0	10.0	11.0	12.0	13.0	14.0	15.0	16.0	17.0	18.0	19.0	20.0	21.0	22.0	23.0	24.0	25.0	26.0	27.0	28.0	29.0	30.0	31.0	32.0	33.0	34.0	35.0	36.0	37.0	38.0	39.0	40.0	41.0	42.0	43.0
MCW_CT_ROA_153_R2_trim	2.0	72.0	423.0	859.0	1290.0	1893.0	2611.0	3513.0	4812.0	6492.0	8547.0	11615.0	15100.0	19369.0	24320.0	29773.0	34929.0	40764.0	46379.0	52275.0	59542.0	67142.0	77122.0	90364.0	107042.0	128726.0	154404.0	185978.0	223720.0	266596.0	317490.0	375924.0	444028.0	524968.0	622215.0	742587.0	899136.0	1123072.0	1469487.0	2138289.0	4083643.0	2874670.0
	11.0	12.0	13.0	14.0	15.0	16.0	17.0	18.0	19.0	20.0	21.0	22.0	23.0	24.0	25.0	26.0	27.0	28.0	29.0	30.0	31.0	32.0	33.0	34.0	35.0	36.0	37.0	38.0	39.0	40.0	41.0	42.0	43.0	44.0
MCW_CT_ROA_154_R1_trim	4.0	10.0	23.0	63.0	134.0	257.0	509.0	1036.0	1975.0	3393.0	5301.0	8400.0	12003.0	16953.0	22917.0	29914.0	38587.0	49083.0	60413.0	72930.0	88115.0	105337.0	124310.0	147184.0	174440.0	207911.0	249675.0	305298.0	381490.0	496029.0	684665.0	1068045.0	1918218.0	714335.0
	2.0	3.0	4.0	5.0	6.0	7.0	8.0	9.0	10.0	11.0	12.0	13.0	14.0	15.0	16.0	17.0	18.0	19.0	20.0	21.0	22.0	23.0	24.0	25.0	26.0	27.0	28.0	29.0	30.0	31.0	32.0	33.0	34.0	35.0	36.0	37.0	38.0	39.0	40.0	41.0	42.0	43.0
MCW_CT_ROA_154_R2_trim	3.0	74.0	278.0	458.0	637.0	796.0	1133.0	1557.0	2093.0	2809.0	3887.0	4836.0	6346.0	8032.0	9792.0	11547.0	13325.0	15542.0	17238.0	19451.0	21364.0	23837.0	26838.0	31301.0	36635.0	43246.0	51279.0	60798.0	72300.0	86493.0	103284.0	121994.0	146621.0	174292.0	209104.0	253309.0	315280.0	401662.0	541873.0	818298.0	1669783.0	1659532.0
	10.0	11.0	12.0	13.0	14.0	15.0	16.0	17.0	18.0	19.0	20.0	21.0	22.0	23.0	24.0	25.0	26.0	27.0	28.0	29.0	30.0	31.0	32.0	33.0	34.0	35.0	36.0	37.0	38.0	39.0	40.0	41.0	42.0	43.0	44.0
MCW_CT_ROA_156_R1_trim	2.0	6.0	13.0	45.0	77.0	145.0	277.0	527.0	980.0	1736.0	2986.0	5030.0	8271.0	12570.0	18475.0	26194.0	36572.0	49476.0	65204.0	84466.0	108206.0	135377.0	167523.0	204521.0	245809.0	291257.0	343575.0	404920.0	478842.0	575850.0	713376.0	937385.0	1377518.0	2586853.0	3066887.0
	2.0	3.0	4.0	5.0	6.0	7.0	8.0	9.0	10.0	11.0	12.0	13.0	14.0	15.0	16.0	17.0	18.0	19.0	20.0	21.0	22.0	23.0	24.0	25.0	26.0	27.0	28.0	29.0	30.0	31.0	32.0	33.0	34.0	35.0	36.0	37.0	38.0	39.0	40.0	41.0	42.0	43.0	44.0
MCW_CT_ROA_156_R2_trim	1.0	66.0	355.0	588.0	793.0	961.0	1272.0	1481.0	2002.0	2423.0	3120.0	4145.0	5214.0	6838.0	8509.0	10662.0	12959.0	15612.0	18464.0	21689.0	25174.0	29516.0	34785.0	41786.0	50806.0	62397.0	76643.0	95276.0	118393.0	145880.0	180233.0	220948.0	269596.0	329052.0	401537.0	495138.0	615177.0	786760.0	1056006.0	1578376.0	3382869.0	1835293.0	2156.0
	9.0	10.0	11.0	12.0	13.0	14.0	15.0	16.0	17.0	18.0	19.0	20.0	21.0	22.0	23.0	24.0	25.0	26.0	27.0	28.0	29.0	30.0	31.0	32.0	33.0	34.0	35.0	36.0	37.0	38.0	39.0	40.0	41.0	42.0	43.0	44.0
MCW_CT_ROA_157_R1_trim	1.0	0.0	0.0	11.0	20.0	52.0	102.0	204.0	439.0	840.0	1598.0	2738.0	4582.0	7297.0	11195.0	16232.0	22924.0	31605.0	42099.0	55671.0	72053.0	92445.0	117737.0	147966.0	182871.0	225988.0	275803.0	338056.0	416400.0	516521.0	656317.0	855900.0	1184603.0	1826289.0	3339396.0	3540165.0
	2.0	3.0	4.0	5.0	6.0	7.0	8.0	9.0	10.0	11.0	12.0	13.0	14.0	15.0	16.0	17.0	18.0	19.0	20.0	21.0	22.0	23.0	24.0	25.0	26.0	27.0	28.0	29.0	30.0	31.0	32.0	33.0	34.0	35.0	36.0	37.0	38.0	39.0	40.0	41.0	42.0	43.0	44.0
MCW_CT_ROA_157_R2_trim	1.0	40.0	323.0	567.0	725.0	918.0	1159.0	1456.0	1879.0	2495.0	3221.0	4414.0	5873.0	7879.0	10609.0	13690.0	16422.0	20638.0	23853.0	27364.0	30585.0	34531.0	39085.0	45044.0	52156.0	61145.0	72947.0	87393.0	105749.0	128448.0	155605.0	190074.0	232299.0	284129.0	350973.0	438264.0	559223.0	732883.0	1026054.0	1632119.0	4232986.0	3347282.0	3620.0
	10.0	11.0	12.0	13.0	14.0	15.0	16.0	17.0	18.0	19.0	20.0	21.0	22.0	23.0	24.0	25.0	26.0	27.0	28.0	29.0	30.0	31.0	32.0	33.0	34.0	35.0	36.0	37.0	38.0	39.0	40.0	41.0	42.0	43.0	44.0
MCW_CT_ROA_158_R1_trim	1.0	2.0	9.0	18.0	29.0	56.0	156.0	290.0	650.0	1361.0	2493.0	4391.0	7188.0	11076.0	15977.0	22503.0	30489.0	39355.0	49795.0	62780.0	76473.0	92169.0	110249.0	131261.0	154094.0	183008.0	217268.0	259126.0	314222.0	388104.0	497268.0	671464.0	998574.0	1811759.0	2462432.0
	2.0	3.0	4.0	5.0	6.0	7.0	8.0	9.0	10.0	11.0	12.0	13.0	14.0	15.0	16.0	17.0	18.0	19.0	20.0	21.0	22.0	23.0	24.0	25.0	26.0	27.0	28.0	29.0	30.0	31.0	32.0	33.0	34.0	35.0	36.0	37.0	38.0	39.0	40.0	41.0	42.0	43.0	44.0
MCW_CT_ROA_158_R2_trim	6.0	85.0	353.0	505.0	605.0	745.0	903.0	1275.0	1593.0	1967.0	2482.0	3260.0	4100.0	5228.0	6653.0	8224.0	10220.0	11936.0	13948.0	16130.0	18957.0	22403.0	27074.0	32794.0	40756.0	50305.0	61308.0	76088.0	93499.0	112763.0	137006.0	165221.0	197401.0	237083.0	283397.0	343882.0	420613.0	528147.0	698203.0	1019004.0	2029630.0	1927493.0	2845.0
	10.0	11.0	12.0	13.0	14.0	15.0	16.0	17.0	18.0	19.0	20.0	21.0	22.0	23.0	24.0	25.0	26.0	27.0	28.0	29.0	30.0	31.0	32.0	33.0	34.0	35.0	36.0	37.0	38.0	39.0	40.0	41.0	42.0	43.0	44.0
MCW_CT_ROA_159_R1_trim	1.0	2.0	6.0	17.0	30.0	56.0	78.0	175.0	389.0	750.0	1367.0	2571.0	4254.0	6567.0	9835.0	13737.0	18891.0	25166.0	32549.0	40999.0	51344.0	63195.0	77332.0	93138.0	112632.0	135701.0	162921.0	198673.0	248944.0	316479.0	421109.0	594002.0	944616.0	1878434.0	2678890.0
	2.0	3.0	4.0	5.0	6.0	7.0	8.0	9.0	10.0	11.0	12.0	13.0	14.0	15.0	16.0	17.0	18.0	19.0	20.0	21.0	22.0	23.0	24.0	25.0	26.0	27.0	28.0	29.0	30.0	31.0	32.0	33.0	34.0	35.0	36.0	37.0	38.0	39.0	40.0	41.0	42.0	43.0	44.0
MCW_CT_ROA_159_R2_trim	1.0	37.0	186.0	283.0	323.0	444.0	585.0	733.0	954.0	1330.0	1642.0	2085.0	2839.0	3686.0	4634.0	5780.0	6900.0	8184.0	9702.0	11397.0	13780.0	16059.0	19482.0	24468.0	30193.0	38108.0	47269.0	59315.0	73544.0	90132.0	110021.0	135058.0	164058.0	199369.0	243265.0	301634.0	376591.0	482788.0	652799.0	978652.0	2026707.0	1987221.0	2612.0
	8.0	9.0	10.0	11.0	12.0	13.0	14.0	15.0	16.0	17.0	18.0	19.0	20.0	21.0	22.0	23.0	24.0	25.0	26.0	27.0	28.0	29.0	30.0	31.0	32.0	33.0	34.0	35.0	36.0	37.0	38.0	39.0	40.0	41.0	42.0	43.0	44.0
MCW_CT_ROA_160_R1_trim	1.0	0.0	0.0	2.0	9.0	26.0	64.0	148.0	325.0	678.0	1448.0	2647.0	4666.0	7612.0	11744.0	16762.0	23471.0	31898.0	41490.0	53508.0	66852.0	82461.0	100788.0	121397.0	144476.0	171558.0	202025.0	239424.0	285585.0	340609.0	414967.0	518618.0	671485.0	926179.0	1453748.0	2308670.0	81638.0
	3.0	4.0	5.0	6.0	7.0	8.0	9.0	10.0	11.0	12.0	13.0	14.0	15.0	16.0	17.0	18.0	19.0	20.0	21.0	22.0	23.0	24.0	25.0	26.0	27.0	28.0	29.0	30.0	31.0	32.0	33.0	34.0	35.0	36.0	37.0	38.0	39.0	40.0	41.0	42.0	43.0
MCW_CT_ROA_160_R2_trim	33.0	142.0	281.0	405.0	578.0	801.0	1156.0	1603.0	2264.0	2996.0	4074.0	5424.0	7266.0	9037.0	10830.0	13010.0	15222.0	17419.0	19889.0	22798.0	26808.0	31858.0	38649.0	47611.0	58346.0	72304.0	88603.0	107638.0	130819.0	156878.0	187230.0	221229.0	263066.0	310706.0	369968.0	447423.0	552290.0	716554.0	1018426.0	1849838.0	1495507.0
	10.0	11.0	12.0	13.0	14.0	15.0	16.0	17.0	18.0	19.0	20.0	21.0	22.0	23.0	24.0	25.0	26.0	27.0	28.0	29.0	30.0	31.0	32.0	33.0	34.0	35.0	36.0	37.0	38.0	39.0	40.0	41.0	42.0	43.0	44.0
MCW_CT_ROA_162_R1_trim	2.0	1.0	3.0	9.0	36.0	67.0	151.0	360.0	754.0	1337.0	2587.0	4111.0	6381.0	9555.0	13317.0	17761.0	23537.0	30072.0	38190.0	46916.0	56983.0	68162.0	81397.0	97006.0	114086.0	135709.0	161361.0	194137.0	236141.0	296784.0	384275.0	529250.0	827632.0	1486655.0	559599.0
	3.0	4.0	5.0	6.0	7.0	8.0	9.0	10.0	11.0	12.0	13.0	14.0	15.0	16.0	17.0	18.0	19.0	20.0	21.0	22.0	23.0	24.0	25.0	26.0	27.0	28.0	29.0	30.0	31.0	32.0	33.0	34.0	35.0	36.0	37.0	38.0	39.0	40.0	41.0	42.0	43.0
MCW_CT_ROA_162_R2_trim	39.0	138.0	233.0	326.0	440.0	679.0	950.0	1210.0	1777.0	2353.0	3142.0	4060.0	5245.0	6595.0	7931.0	9440.0	10867.0	12268.0	13668.0	15680.0	17882.0	20685.0	24537.0	28950.0	34737.0	41644.0	50355.0	60833.0	72182.0	86960.0	103220.0	122512.0	145520.0	172276.0	208682.0	256625.0	323047.0	431461.0	641477.0	1296291.0	1187407.0
	10.0	11.0	12.0	13.0	14.0	15.0	16.0	17.0	18.0	19.0	20.0	21.0	22.0	23.0	24.0	25.0	26.0	27.0	28.0	29.0	30.0	31.0	32.0	33.0	34.0	35.0	36.0	37.0	38.0	39.0	40.0	41.0	42.0	43.0	44.0
MCW_CT_ROA_163_R1_trim	2.0	0.0	7.0	14.0	28.0	72.0	146.0	219.0	435.0	762.0	1388.0	2329.0	3875.0	5755.0	8455.0	11933.0	16088.0	21326.0	27708.0	34733.0	44131.0	54749.0	67320.0	81986.0	99631.0	120499.0	145743.0	178863.0	222234.0	282219.0	373768.0	521715.0	811023.0	1556523.0	2259187.0
	2.0	3.0	4.0	5.0	6.0	7.0	8.0	9.0	10.0	11.0	12.0	13.0	14.0	15.0	16.0	17.0	18.0	19.0	20.0	21.0	22.0	23.0	24.0	25.0	26.0	27.0	28.0	29.0	30.0	31.0	32.0	33.0	34.0	35.0	36.0	37.0	38.0	39.0	40.0	41.0	42.0	43.0	44.0
MCW_CT_ROA_163_R2_trim	2.0	68.0	224.0	375.0	452.0	567.0	792.0	980.0	1266.0	1625.0	2254.0	2903.0	3924.0	5274.0	6723.0	8423.0	10613.0	12698.0	14964.0	17299.0	20059.0	23511.0	27437.0	32513.0	39291.0	48320.0	58719.0	71093.0	87272.0	105007.0	126189.0	151562.0	180580.0	215291.0	257120.0	308946.0	375705.0	467885.0	609801.0	865528.0	1599237.0	1190828.0	1546.0
	11.0	12.0	13.0	14.0	15.0	16.0	17.0	18.0	19.0	20.0	21.0	22.0	23.0	24.0	25.0	26.0	27.0	28.0	29.0	30.0	31.0	32.0	33.0	34.0	35.0	36.0	37.0	38.0	39.0	40.0	41.0	42.0	43.0	44.0
MCW_CT_ROA_165_R1_trim	5.0	6.0	20.0	41.0	109.0	242.0	505.0	956.0	1864.0	3273.0	5471.0	8762.0	12960.0	18344.0	25269.0	33957.0	44693.0	57513.0	72861.0	90893.0	112503.0	137476.0	166391.0	199947.0	238412.0	284818.0	338922.0	406726.0	492105.0	611149.0	791944.0	1116892.0	1474773.0	46386.0
	2.0	3.0	4.0	5.0	6.0	7.0	8.0	9.0	10.0	11.0	12.0	13.0	14.0	15.0	16.0	17.0	18.0	19.0	20.0	21.0	22.0	23.0	24.0	25.0	26.0	27.0	28.0	29.0	30.0	31.0	32.0	33.0	34.0	35.0	36.0	37.0	38.0	39.0	40.0	41.0	42.0	43.0
MCW_CT_ROA_165_R2_trim	7.0	31.0	120.0	230.0	335.0	535.0	741.0	1098.0	1497.0	2097.0	2783.0	3921.0	5192.0	6670.0	8341.0	10178.0	11984.0	13977.0	16030.0	18184.0	20867.0	24616.0	29873.0	36509.0	44709.0	55240.0	68448.0	83535.0	101317.0	121227.0	145362.0	171622.0	202586.0	236993.0	277704.0	327002.0	388896.0	473855.0	601069.0	826930.0	1412455.0	1041422.0
	11.0	12.0	13.0	14.0	15.0	16.0	17.0	18.0	19.0	20.0	21.0	22.0	23.0	24.0	25.0	26.0	27.0	28.0	29.0	30.0	31.0	32.0	33.0	34.0	35.0	36.0	37.0	38.0	39.0	40.0	41.0	42.0	43.0	44.0
MCW_CT_ROA_166_R1_trim	1.0	4.0	13.0	44.0	81.0	168.0	364.0	685.0	1328.0	2452.0	4202.0	6669.0	10025.0	14871.0	21155.0	28750.0	39170.0	51799.0	66971.0	85408.0	108837.0	135739.0	166912.0	205435.0	252555.0	308878.0	378365.0	468630.0	586916.0	755074.0	1018313.0	1524449.0	2676976.0	979685.0
	2.0	3.0	4.0	5.0	6.0	7.0	8.0	9.0	10.0	11.0	12.0	13.0	14.0	15.0	16.0	17.0	18.0	19.0	20.0	21.0	22.0	23.0	24.0	25.0	26.0	27.0	28.0	29.0	30.0	31.0	32.0	33.0	34.0	35.0	36.0	37.0	38.0	39.0	40.0	41.0	42.0	43.0
MCW_CT_ROA_166_R2_trim	2.0	79.0	312.0	522.0	777.0	1056.0	1454.0	2063.0	2871.0	3886.0	4976.0	6811.0	8872.0	11129.0	13912.0	16816.0	19296.0	22602.0	25801.0	29930.0	34810.0	40587.0	48568.0	58661.0	72088.0	87993.0	107472.0	129969.0	156675.0	188124.0	223255.0	263746.0	309363.0	362082.0	423550.0	497305.0	591771.0	716964.0	900802.0	1224490.0	2002933.0	1286549.0
	10.0	11.0	12.0	13.0	14.0	15.0	16.0	17.0	18.0	19.0	20.0	21.0	22.0	23.0	24.0	25.0	26.0	27.0	28.0	29.0	30.0	31.0	32.0	33.0	34.0	35.0	36.0	37.0	38.0	39.0	40.0	41.0	42.0	43.0	44.0
MCW_CT_ROA_167_R1_trim	1.0	1.0	8.0	20.0	58.0	82.0	191.0	386.0	700.0	1419.0	2560.0	4325.0	7016.0	10602.0	15220.0	21711.0	29682.0	39572.0	51232.0	65401.0	82898.0	103799.0	127186.0	155084.0	187628.0	225290.0	270250.0	325725.0	397686.0	494676.0	638062.0	876418.0	1353664.0	2583366.0	2182518.0
	2.0	3.0	4.0	5.0	6.0	7.0	8.0	9.0	10.0	11.0	12.0	13.0	14.0	15.0	16.0	17.0	18.0	19.0	20.0	21.0	22.0	23.0	24.0	25.0	26.0	27.0	28.0	29.0	30.0	31.0	32.0	33.0	34.0	35.0	36.0	37.0	38.0	39.0	40.0	41.0	42.0	43.0
MCW_CT_ROA_167_R2_trim	1.0	24.0	66.0	138.0	124.0	233.0	269.0	360.0	474.0	662.0	863.0	1175.0	1800.0	2478.0	3424.0	4740.0	6276.0	8184.0	10315.0	13083.0	16661.0	20548.0	25852.0	32561.0	41692.0	52461.0	67939.0	87200.0	109261.0	137714.0	169774.0	208664.0	254290.0	307178.0	370613.0	449648.0	551162.0	688486.0	900458.0	1290889.0	2460138.0	1956559.0
	12.0	13.0	14.0	15.0	16.0	17.0	18.0	19.0	20.0	21.0	22.0	23.0	24.0	25.0	26.0	27.0	28.0	29.0	30.0	31.0	32.0	33.0	34.0	35.0	36.0	37.0	38.0	39.0	40.0	41.0	42.0	43.0	44.0
MCW_CT_ROA_169_R1_trim	4.0	7.0	31.0	72.0	117.0	328.0	662.0	1174.0	2087.0	3299.0	5004.0	7712.0	10650.0	14552.0	19530.0	25264.0	32253.0	41552.0	52701.0	67499.0	84898.0	107470.0	136213.0	174755.0	225153.0	293644.0	391497.0	533932.0	761238.0	1164706.0	2052960.0	4449042.0	1701293.0
	2.0	3.0	4.0	5.0	6.0	7.0	8.0	9.0	10.0	11.0	12.0	13.0	14.0	15.0	16.0	17.0	18.0	19.0	20.0	21.0	22.0	23.0	24.0	25.0	26.0	27.0	28.0	29.0	30.0	31.0	32.0	33.0	34.0	35.0	36.0	37.0	38.0	39.0	40.0	41.0	42.0	43.0
MCW_CT_ROA_169_R2_trim	1.0	12.0	114.0	227.0	328.0	450.0	620.0	863.0	1264.0	1712.0	2473.0	3389.0	4351.0	5922.0	7671.0	9572.0	12155.0	14903.0	18412.0	22124.0	26880.0	33139.0	40710.0	50680.0	63235.0	80653.0	101055.0	126249.0	156322.0	193012.0	234392.0	282048.0	337236.0	402079.0	479424.0	576701.0	699485.0	867924.0	1129908.0	1610739.0	2875006.0	1887859.0
	11.0	12.0	13.0	14.0	15.0	16.0	17.0	18.0	19.0	20.0	21.0	22.0	23.0	24.0	25.0	26.0	27.0	28.0	29.0	30.0	31.0	32.0	33.0	34.0	35.0	36.0	37.0	38.0	39.0	40.0	41.0	42.0	43.0	44.0
MCW_CT_ROA_171_R1_trim	2.0	20.0	32.0	97.0	152.0	297.0	532.0	1006.0	1705.0	3100.0	5150.0	8115.0	11985.0	17954.0	25492.0	34581.0	46905.0	61700.0	79399.0	100761.0	125858.0	156543.0	191422.0	235293.0	287140.0	353763.0	440127.0	554168.0	714760.0	952159.0	1343304.0	2126029.0	4035239.0	3134237.0
	2.0	3.0	4.0	5.0	6.0	7.0	8.0	9.0	10.0	11.0	12.0	13.0	14.0	15.0	16.0	17.0	18.0	19.0	20.0	21.0	22.0	23.0	24.0	25.0	26.0	27.0	28.0	29.0	30.0	31.0	32.0	33.0	34.0	35.0	36.0	37.0	38.0	39.0	40.0	41.0	42.0	43.0
MCW_CT_ROA_171_R2_trim	2.0	54.0	280.0	508.0	732.0	879.0	1168.0	1584.0	2043.0	2760.0	3450.0	4850.0	6264.0	7951.0	10190.0	12484.0	15085.0	17837.0	20268.0	23447.0	26870.0	30849.0	36132.0	42507.0	51198.0	61806.0	75488.0	91385.0	113234.0	138086.0	169673.0	207482.0	254913.0	313502.0	388566.0	484521.0	616960.0	808430.0	1119238.0	1736289.0	3919569.0	4230493.0
	10.0	11.0	12.0	13.0	14.0	15.0	16.0	17.0	18.0	19.0	20.0	21.0	22.0	23.0	24.0	25.0	26.0	27.0	28.0	29.0	30.0	31.0	32.0	33.0	34.0	35.0	36.0	37.0	38.0	39.0	40.0	41.0	42.0	43.0	44.0
MCW_CT_ROA_172_R1_trim	1.0	5.0	8.0	31.0	46.0	140.0	304.0	616.0	1387.0	2655.0	4837.0	8305.0	13357.0	20278.0	29293.0	40200.0	53667.0	68710.0	86692.0	107102.0	130306.0	155250.0	183798.0	213751.0	247288.0	287775.0	332550.0	387389.0	458383.0	553557.0	691792.0	914555.0	1362600.0	2531317.0	2236193.0
	2.0	3.0	4.0	5.0	6.0	7.0	8.0	9.0	10.0	11.0	12.0	13.0	14.0	15.0	16.0	17.0	18.0	19.0	20.0	21.0	22.0	23.0	24.0	25.0	26.0	27.0	28.0	29.0	30.0	31.0	32.0	33.0	34.0	35.0	36.0	37.0	38.0	39.0	40.0	41.0	42.0	43.0
MCW_CT_ROA_172_R2_trim	1.0	24.0	129.0	191.0	245.0	307.0	490.0	597.0	806.0	1096.0	1455.0	1894.0	2527.0	3392.0	4303.0	5623.0	6935.0	8632.0	10942.0	13609.0	17052.0	21691.0	27376.0	34471.0	44162.0	55632.0	71185.0	90333.0	113573.0	140191.0	174498.0	212811.0	258011.0	312626.0	377191.0	457727.0	560539.0	703632.0	921079.0	1317004.0	2528801.0	2621355.0
	10.0	11.0	12.0	13.0	14.0	15.0	16.0	17.0	18.0	19.0	20.0	21.0	22.0	23.0	24.0	25.0	26.0	27.0	28.0	29.0	30.0	31.0	32.0	33.0	34.0	35.0	36.0	37.0	38.0	39.0	40.0	41.0	42.0	43.0	44.0
MCW_CT_ROA_173_R1_trim	2.0	4.0	14.0	37.0	70.0	169.0	314.0	619.0	1168.0	2361.0	4070.0	6732.0	10788.0	15896.0	23484.0	32726.0	44231.0	57585.0	74047.0	93021.0	115631.0	141233.0	169571.0	203162.0	242776.0	288971.0	345136.0	416239.0	508698.0	635997.0	820787.0	1118838.0	1706886.0	3134312.0	2604792.0
	2.0	3.0	4.0	5.0	6.0	7.0	8.0	9.0	10.0	11.0	12.0	13.0	14.0	15.0	16.0	17.0	18.0	19.0	20.0	21.0	22.0	23.0	24.0	25.0	26.0	27.0	28.0	29.0	30.0	31.0	32.0	33.0	34.0	35.0	36.0	37.0	38.0	39.0	40.0	41.0	42.0	43.0
MCW_CT_ROA_173_R2_trim	2.0	54.0	219.0	412.0	555.0	698.0	945.0	1220.0	1638.0	2086.0	2791.0	3848.0	5139.0	6669.0	8632.0	10578.0	12916.0	15690.0	18419.0	21844.0	25282.0	30344.0	36779.0	45154.0	56455.0	70111.0	86971.0	108853.0	133917.0	165947.0	201435.0	244258.0	294946.0	355868.0	429673.0	520828.0	639849.0	805312.0	1059452.0	1527149.0	2963037.0	2904392.0
	11.0	12.0	13.0	14.0	15.0	16.0	17.0	18.0	19.0	20.0	21.0	22.0	23.0	24.0	25.0	26.0	27.0	28.0	29.0	30.0	31.0	32.0	33.0	34.0	35.0	36.0	37.0	38.0	39.0	40.0	41.0	42.0	43.0	44.0
MCW_CT_ROA_174_R1_trim	2.0	4.0	14.0	24.0	57.0	127.0	242.0	538.0	1040.0	1948.0	3363.0	5541.0	8067.0	11904.0	16390.0	21685.0	28367.0	36028.0	44780.0	55409.0	66633.0	80047.0	96018.0	114947.0	137268.0	163988.0	199370.0	242123.0	301188.0	389311.0	523110.0	772317.0	1295199.0	1021299.0
	3.0	4.0	5.0	6.0	7.0	8.0	9.0	10.0	11.0	12.0	13.0	14.0	15.0	16.0	17.0	18.0	19.0	20.0	21.0	22.0	23.0	24.0	25.0	26.0	27.0	28.0	29.0	30.0	31.0	32.0	33.0	34.0	35.0	36.0	37.0	38.0	39.0	40.0	41.0	42.0	43.0
MCW_CT_ROA_174_R2_trim	18.0	71.0	114.0	133.0	183.0	229.0	335.0	446.0	575.0	792.0	1055.0	1484.0	1868.0	2511.0	2911.0	3805.0	4590.0	5582.0	6710.0	8166.0	9983.0	12557.0	15637.0	19609.0	24654.0	30677.0	38169.0	46939.0	58144.0	70595.0	86346.0	104755.0	127479.0	155097.0	192103.0	240491.0	311364.0	421692.0	635758.0	1314427.0	1680294.0
	11.0	12.0	13.0	14.0	15.0	16.0	17.0	18.0	19.0	20.0	21.0	22.0	23.0	24.0	25.0	26.0	27.0	28.0	29.0	30.0	31.0	32.0	33.0	34.0	35.0	36.0	37.0	38.0	39.0	40.0	41.0	42.0	43.0	44.0
MCW_CT_ROA_175_R1_trim	1.0	0.0	3.0	4.0	11.0	22.0	44.0	43.0	94.0	192.0	302.0	443.0	724.0	1121.0	1536.0	2072.0	2917.0	3756.0	5020.0	6505.0	8254.0	10049.0	12474.0	14724.0	17659.0	20816.0	24934.0	29651.0	36452.0	46480.0	63186.0	99793.0	200256.0	125299.0
	3.0	4.0	5.0	6.0	7.0	8.0	9.0	10.0	11.0	12.0	13.0	14.0	15.0	16.0	17.0	18.0	19.0	20.0	21.0	22.0	23.0	24.0	25.0	26.0	27.0	28.0	29.0	30.0	31.0	32.0	33.0	34.0	35.0	36.0	37.0	38.0	39.0	40.0	41.0	42.0	43.0
MCW_CT_ROA_175_R2_trim	3.0	4.0	10.0	8.0	15.0	20.0	30.0	47.0	56.0	85.0	82.0	115.0	158.0	210.0	287.0	338.0	413.0	512.0	610.0	685.0	869.0	1076.0	1246.0	1630.0	2009.0	2585.0	3459.0	4312.0	5571.0	6901.0	8804.0	11168.0	13781.0	17104.0	21680.0	28182.0	38056.0	53857.0	88003.0	269132.0	151724.0
	10.0	11.0	12.0	13.0	14.0	15.0	16.0	17.0	18.0	19.0	20.0	21.0	22.0	23.0	24.0	25.0	26.0	27.0	28.0	29.0	30.0	31.0	32.0	33.0	34.0	35.0	36.0	37.0	38.0	39.0	40.0	41.0	42.0	43.0	44.0
MCW_CT_ROA_177_R1_trim	1.0	9.0	17.0	43.0	94.0	166.0	331.0	684.0	1309.0	2342.0	4300.0	7058.0	11254.0	16869.0	24151.0	33228.0	44850.0	58050.0	73921.0	93067.0	113866.0	138517.0	164796.0	194661.0	227366.0	265495.0	309227.0	361973.0	429713.0	518786.0	648255.0	857124.0	1270971.0	2365239.0	2029017.0
	2.0	3.0	4.0	5.0	6.0	7.0	8.0	9.0	10.0	11.0	12.0	13.0	14.0	15.0	16.0	17.0	18.0	19.0	20.0	21.0	22.0	23.0	24.0	25.0	26.0	27.0	28.0	29.0	30.0	31.0	32.0	33.0	34.0	35.0	36.0	37.0	38.0	39.0	40.0	41.0	42.0	43.0
MCW_CT_ROA_177_R2_trim	2.0	65.0	338.0	617.0	821.0	1024.0	1362.0	1687.0	2272.0	2933.0	3741.0	5036.0	6213.0	8128.0	10509.0	12579.0	15089.0	17544.0	19916.0	23058.0	26725.0	31232.0	36849.0	44948.0	54983.0	67051.0	82517.0	101976.0	123716.0	150594.0	181271.0	217408.0	257193.0	306879.0	364854.0	435046.0	527700.0	652329.0	845875.0	1203475.0	2299983.0	2121212.0
	10.0	11.0	12.0	13.0	14.0	15.0	16.0	17.0	18.0	19.0	20.0	21.0	22.0	23.0	24.0	25.0	26.0	27.0	28.0	29.0	30.0	31.0	32.0	33.0	34.0	35.0	36.0	37.0	38.0	39.0	40.0	41.0	42.0	43.0	44.0
MCW_CT_ROA_178_R1_trim	1.0	5.0	9.0	25.0	58.0	127.0	289.0	735.0	1543.0	3046.0	5437.0	9043.0	14052.0	20801.0	29195.0	39881.0	52268.0	66663.0	82913.0	102667.0	124115.0	147695.0	173011.0	201984.0	233677.0	269512.0	310971.0	364704.0	433636.0	527733.0	672177.0	916193.0	1452088.0	2770652.0	1024243.0
	3.0	4.0	5.0	6.0	7.0	8.0	9.0	10.0	11.0	12.0	13.0	14.0	15.0	16.0	17.0	18.0	19.0	20.0	21.0	22.0	23.0	24.0	25.0	26.0	27.0	28.0	29.0	30.0	31.0	32.0	33.0	34.0	35.0	36.0	37.0	38.0	39.0	40.0	41.0	42.0	43.0
MCW_CT_ROA_178_R2_trim	20.0	53.0	107.0	123.0	183.0	313.0	347.0	482.0	628.0	866.0	1152.0	1590.0	2112.0	2754.0	3533.0	4849.0	6291.0	8209.0	10702.0	14398.0	18404.0	24173.0	31484.0	41830.0	54689.0	69975.0	90372.0	113388.0	141535.0	174596.0	213570.0	256795.0	308204.0	370249.0	446260.0	543392.0	677265.0	883542.0	1263879.0	2366714.0	1902121.0
	10.0	11.0	12.0	13.0	14.0	15.0	16.0	17.0	18.0	19.0	20.0	21.0	22.0	23.0	24.0	25.0	26.0	27.0	28.0	29.0	30.0	31.0	32.0	33.0	34.0	35.0	36.0	37.0	38.0	39.0	40.0	41.0	42.0	43.0	44.0
MCW_CT_ROA_180_R1_trim	1.0	4.0	12.0	20.0	50.0	91.0	205.0	379.0	849.0	1555.0	2745.0	4532.0	7173.0	10586.0	15448.0	21249.0	28453.0	38016.0	49455.0	63337.0	79770.0	100398.0	124724.0	155128.0	190655.0	236565.0	293932.0	369526.0	472643.0	616907.0	838301.0	1211562.0	1980996.0	4082921.0	3439707.0
	2.0	3.0	4.0	5.0	6.0	7.0	8.0	9.0	10.0	11.0	12.0	13.0	14.0	15.0	16.0	17.0	18.0	19.0	20.0	21.0	22.0	23.0	24.0	25.0	26.0	27.0	28.0	29.0	30.0	31.0	32.0	33.0	34.0	35.0	36.0	37.0	38.0	39.0	40.0	41.0	42.0	43.0
MCW_CT_ROA_180_R2_trim	3.0	38.0	199.0	338.0	510.0	609.0	780.0	1136.0	1417.0	1863.0	2618.0	3422.0	4725.0	6148.0	7999.0	9656.0	12037.0	14298.0	17000.0	20159.0	23506.0	28151.0	33411.0	40322.0	50131.0	61271.0	76108.0	94092.0	116429.0	142710.0	174984.0	212875.0	258704.0	315808.0	385702.0	474261.0	595728.0	769092.0	1053550.0	1610594.0	3563204.0	4252307.0
	11.0	12.0	13.0	14.0	15.0	16.0	17.0	18.0	19.0	20.0	21.0	22.0	23.0	24.0	25.0	26.0	27.0	28.0	29.0	30.0	31.0	32.0	33.0	34.0	35.0	36.0	37.0	38.0	39.0	40.0	41.0	42.0	43.0	44.0
MCW_CT_ROA_181_R1_trim	7.0	6.0	24.0	48.0	91.0	192.0	343.0	793.0	1414.0	2585.0	4474.0	6975.0	10788.0	15407.0	21286.0	28708.0	37978.0	49100.0	61714.0	76863.0	95539.0	115745.0	139765.0	169075.0	205433.0	250476.0	308530.0	389498.0	503971.0	680530.0	985366.0	1633099.0	3710519.0	3475696.0
	2.0	3.0	4.0	5.0	6.0	7.0	8.0	9.0	10.0	11.0	12.0	13.0	14.0	15.0	16.0	17.0	18.0	19.0	20.0	21.0	22.0	23.0	24.0	25.0	26.0	27.0	28.0	29.0	30.0	31.0	32.0	33.0	34.0	35.0	36.0	37.0	38.0	39.0	40.0	41.0	42.0	43.0
MCW_CT_ROA_181_R2_trim	1.0	36.0	206.0	348.0	481.0	662.0	826.0	1209.0	1513.0	2038.0	2853.0	3591.0	4909.0	6518.0	8231.0	10544.0	12923.0	15459.0	18909.0	22202.0	27014.0	32590.0	40317.0	50270.0	62904.0	79018.0	98851.0	123875.0	153563.0	188481.0	229254.0	276225.0	330574.0	396552.0	472534.0	567074.0	688062.0	857235.0	1112230.0	1577368.0	2950784.0	2553804.0
	11.0	12.0	13.0	14.0	15.0	16.0	17.0	18.0	19.0	20.0	21.0	22.0	23.0	24.0	25.0	26.0	27.0	28.0	29.0	30.0	31.0	32.0	33.0	34.0	35.0	36.0	37.0	38.0	39.0	40.0	41.0	42.0	43.0	44.0
MCW_CT_ROA_183_R1_trim	4.0	15.0	27.0	70.0	155.0	321.0	663.0	1368.0	2506.0	4505.0	7651.0	12244.0	18470.0	26368.0	37011.0	49788.0	65211.0	83977.0	107159.0	132700.0	161146.0	193365.0	229421.0	270567.0	313980.0	365129.0	425618.0	500061.0	597726.0	736884.0	959715.0	1399547.0	2427563.0	1941022.0
	2.0	3.0	4.0	5.0	6.0	7.0	8.0	9.0	10.0	11.0	12.0	13.0	14.0	15.0	16.0	17.0	18.0	19.0	20.0	21.0	22.0	23.0	24.0	25.0	26.0	27.0	28.0	29.0	30.0	31.0	32.0	33.0	34.0	35.0	36.0	37.0	38.0	39.0	40.0	41.0	42.0	43.0
MCW_CT_ROA_183_R2_trim	3.0	57.0	217.0	318.0	396.0	520.0	645.0	844.0	1067.0	1434.0	1931.0	2442.0	3308.0	4360.0	5732.0	7492.0	9089.0	11361.0	13774.0	16939.0	20022.0	24817.0	30125.0	37615.0	46632.0	58303.0	73545.0	92300.0	114206.0	141106.0	173813.0	212417.0	255937.0	309789.0	373683.0	452994.0	556894.0	699048.0	921324.0	1334294.0	2693700.0	2367464.0
	11.0	12.0	13.0	14.0	15.0	16.0	17.0	18.0	19.0	20.0	21.0	22.0	23.0	24.0	25.0	26.0	27.0	28.0	29.0	30.0	31.0	32.0	33.0	34.0	35.0	36.0	37.0	38.0	39.0	40.0	41.0	42.0	43.0	44.0
MCW_CT_ROA_184_R1_trim	3.0	5.0	22.0	35.0	95.0	244.0	477.0	1010.0	1905.0	3275.0	5367.0	8159.0	12187.0	17265.0	23085.0	30908.0	41224.0	53378.0	68888.0	86243.0	108476.0	135217.0	167654.0	207184.0	256610.0	318762.0	398579.0	505617.0	651171.0	867088.0	1211890.0	1856625.0	2790698.0	926638.0
	3.0	4.0	5.0	6.0	7.0	8.0	9.0	10.0	11.0	12.0	13.0	14.0	15.0	16.0	17.0	18.0	19.0	20.0	21.0	22.0	23.0	24.0	25.0	26.0	27.0	28.0	29.0	30.0	31.0	32.0	33.0	34.0	35.0	36.0	37.0	38.0	39.0	40.0	41.0	42.0	43.0
MCW_CT_ROA_184_R2_trim	9.0	83.0	158.0	187.0	283.0	353.0	536.0	690.0	1035.0	1407.0	1993.0	2654.0	3666.0	4890.0	6408.0	8132.0	10087.0	12359.0	14990.0	18254.0	22134.0	26197.0	31667.0	38374.0	47448.0	58257.0	72120.0	89500.0	109312.0	134491.0	164706.0	201059.0	246691.0	305097.0	379229.0	476829.0	623341.0	856869.0	1329083.0	2903666.0	2551740.0
	10.0	11.0	12.0	13.0	14.0	15.0	16.0	17.0	18.0	19.0	20.0	21.0	22.0	23.0	24.0	25.0	26.0	27.0	28.0	29.0	30.0	31.0	32.0	33.0	34.0	35.0	36.0	37.0	38.0	39.0	40.0	41.0	42.0	43.0	44.0
MCW_CT_ROA_185_R1_trim	2.0	3.0	14.0	47.0	89.0	152.0	267.0	531.0	999.0	1796.0	3139.0	5278.0	8081.0	12281.0	17458.0	24395.0	33176.0	43639.0	55918.0	71532.0	90291.0	110932.0	135536.0	163375.0	195224.0	234493.0	280106.0	338575.0	411837.0	512556.0	660263.0	897455.0	1373313.0	2548900.0	2139847.0
	3.0	4.0	5.0	6.0	7.0	8.0	9.0	10.0	11.0	12.0	13.0	14.0	15.0	16.0	17.0	18.0	19.0	20.0	21.0	22.0	23.0	24.0	25.0	26.0	27.0	28.0	29.0	30.0	31.0	32.0	33.0	34.0	35.0	36.0	37.0	38.0	39.0	40.0	41.0	42.0	43.0
MCW_CT_ROA_185_R2_trim	53.0	201.0	334.0	458.0	585.0	742.0	988.0	1224.0	1679.0	2258.0	2868.0	3902.0	4975.0	6434.0	8013.0	9909.0	12059.0	14427.0	17195.0	20278.0	23729.0	28131.0	33660.0	40446.0	47830.0	58608.0	70845.0	86700.0	105111.0	127255.0	154471.0	187135.0	228360.0	280746.0	346146.0	436253.0	563485.0	771163.0	1174634.0	2607828.0	2890382.0
	10.0	11.0	12.0	13.0	14.0	15.0	16.0	17.0	18.0	19.0	20.0	21.0	22.0	23.0	24.0	25.0	26.0	27.0	28.0	29.0	30.0	31.0	32.0	33.0	34.0	35.0	36.0	37.0	38.0	39.0	40.0	41.0	42.0	43.0	44.0
MCW_CT_ROA_186_R1_trim	2.0	2.0	5.0	16.0	58.0	137.0	317.0	655.0	1331.0	2479.0	4397.0	7305.0	11257.0	16117.0	23040.0	31300.0	41423.0	53427.0	67998.0	85048.0	105343.0	128235.0	154738.0	187312.0	224009.0	271437.0	327618.0	399182.0	492535.0	621662.0	806184.0	1110972.0	1709260.0	2958070.0	1057631.0
	2.0	3.0	4.0	5.0	6.0	7.0	8.0	9.0	10.0	11.0	12.0	13.0	14.0	15.0	16.0	17.0	18.0	19.0	20.0	21.0	22.0	23.0	24.0	25.0	26.0	27.0	28.0	29.0	30.0	31.0	32.0	33.0	34.0	35.0	36.0	37.0	38.0	39.0	40.0	41.0	42.0	43.0
MCW_CT_ROA_186_R2_trim	3.0	50.0	188.0	339.0	498.0	683.0	881.0	1320.0	1699.0	2282.0	3108.0	3962.0	5251.0	6779.0	8713.0	10562.0	12720.0	15337.0	18238.0	21418.0	25216.0	29614.0	35831.0	43679.0	53959.0	66048.0	81636.0	99921.0	122277.0	149332.0	181788.0	219053.0	263024.0	315791.0	379404.0	460160.0	565384.0	710806.0	936896.0	1362820.0	2584905.0	2098927.0
	11.0	12.0	13.0	14.0	15.0	16.0	17.0	18.0	19.0	20.0	21.0	22.0	23.0	24.0	25.0	26.0	27.0	28.0	29.0	30.0	31.0	32.0	33.0	34.0	35.0	36.0	37.0	38.0	39.0	40.0	41.0	42.0	43.0	44.0
MCW_CT_ROA_189_R1_trim	2.0	3.0	16.0	28.0	47.0	103.0	169.0	349.0	621.0	1055.0	1687.0	2655.0	3810.0	5506.0	7560.0	10013.0	13114.0	17314.0	22333.0	29130.0	37468.0	48944.0	63258.0	81407.0	106291.0	139697.0	186089.0	250648.0	344803.0	489393.0	733438.0	1241325.0	2735253.0	2445416.0
	3.0	4.0	5.0	6.0	7.0	8.0	9.0	10.0	11.0	12.0	13.0	14.0	15.0	16.0	17.0	18.0	19.0	20.0	21.0	22.0	23.0	24.0	25.0	26.0	27.0	28.0	29.0	30.0	31.0	32.0	33.0	34.0	35.0	36.0	37.0	38.0	39.0	40.0	41.0	42.0	43.0
MCW_CT_ROA_189_R2_trim	27.0	127.0	226.0	325.0	435.0	565.0	764.0	1059.0	1470.0	1998.0	2668.0	3681.0	4858.0	6209.0	7927.0	9798.0	11779.0	14014.0	15978.0	18278.0	21204.0	24688.0	28901.0	34557.0	41757.0	50778.0	61575.0	74398.0	90730.0	109820.0	133241.0	162314.0	196604.0	242262.0	300497.0	378206.0	492394.0	675428.0	1038357.0	2273840.0	2485208.0
	10.0	11.0	12.0	13.0	14.0	15.0	16.0	17.0	18.0	19.0	20.0	21.0	22.0	23.0	24.0	25.0	26.0	27.0	28.0	29.0	30.0	31.0	32.0	33.0	34.0	35.0	36.0	37.0	38.0	39.0	40.0	41.0	42.0	43.0	44.0
MCW_CT_ROA_190_R1_trim	2.0	1.0	7.0	30.0	71.0	152.0	293.0	641.0	1316.0	2440.0	4131.0	6633.0	10077.0	14409.0	20504.0	27690.0	36776.0	48030.0	61647.0	77697.0	96955.0	119858.0	144419.0	175258.0	211681.0	256707.0	314304.0	388670.0	490696.0	639603.0	874537.0	1296591.0	2223236.0	3276011.0	79493.0
	2.0	3.0	4.0	5.0	6.0	7.0	8.0	9.0	10.0	11.0	12.0	13.0	14.0	15.0	16.0	17.0	18.0	19.0	20.0	21.0	22.0	23.0	24.0	25.0	26.0	27.0	28.0	29.0	30.0	31.0	32.0	33.0	34.0	35.0	36.0	37.0	38.0	39.0	40.0	41.0	42.0	43.0
MCW_CT_ROA_190_R2_trim	2.0	1.0	34.0	69.0	121.0	169.0	246.0	372.0	517.0	740.0	1130.0	1562.0	2131.0	3078.0	3950.0	5316.0	7146.0	9195.0	11699.0	14158.0	17033.0	21070.0	25141.0	30517.0	37603.0	47010.0	57963.0	72908.0	90174.0	111716.0	137662.0	168888.0	206457.0	250374.0	305683.0	377602.0	472048.0	610623.0	836049.0	1304712.0	3097380.0	2560317.0
	10.0	11.0	12.0	13.0	14.0	15.0	16.0	17.0	18.0	19.0	20.0	21.0	22.0	23.0	24.0	25.0	26.0	27.0	28.0	29.0	30.0	31.0	32.0	33.0	34.0	35.0	36.0	37.0	38.0	39.0	40.0	41.0	42.0	43.0	44.0
MCW_CT_ROA_192_R1_trim	1.0	4.0	7.0	26.0	57.0	107.0	209.0	367.0	645.0	1228.0	1976.0	3312.0	5210.0	7622.0	10981.0	15189.0	20508.0	27170.0	35525.0	45176.0	57371.0	71101.0	88345.0	108301.0	133669.0	163411.0	201280.0	251960.0	320876.0	419511.0	573318.0	827824.0	1347730.0	2673160.0	2204138.0
	2.0	3.0	4.0	5.0	6.0	7.0	8.0	9.0	10.0	11.0	12.0	13.0	14.0	15.0	16.0	17.0	18.0	19.0	20.0	21.0	22.0	23.0	24.0	25.0	26.0	27.0	28.0	29.0	30.0	31.0	32.0	33.0	34.0	35.0	36.0	37.0	38.0	39.0	40.0	41.0	42.0	43.0
MCW_CT_ROA_192_R2_trim	2.0	36.0	158.0	289.0	392.0	539.0	681.0	939.0	1153.0	1607.0	2067.0	2872.0	3853.0	5197.0	6710.0	8528.0	10868.0	13146.0	15964.0	19239.0	22610.0	27705.0	33629.0	41647.0	51364.0	64343.0	79733.0	99563.0	121530.0	149488.0	180921.0	216492.0	261306.0	311468.0	370592.0	446049.0	540817.0	667534.0	861696.0	1206076.0	2152020.0	1616492.0
	11.0	12.0	13.0	14.0	15.0	16.0	17.0	18.0	19.0	20.0	21.0	22.0	23.0	24.0	25.0	26.0	27.0	28.0	29.0	30.0	31.0	32.0	33.0	34.0	35.0	36.0	37.0	38.0	39.0	40.0	41.0	42.0	43.0	44.0
MCW_CT_ROA_193_R1_trim	1.0	4.0	9.0	20.0	49.0	127.0	238.0	473.0	925.0	1597.0	2625.0	3962.0	5886.0	8632.0	12077.0	16446.0	22729.0	30527.0	40695.0	53022.0	68672.0	88203.0	112481.0	142278.0	179254.0	226911.0	285558.0	365462.0	475816.0	637403.0	910538.0	1485641.0	2638409.0	87169.0
	2.0	3.0	4.0	5.0	6.0	7.0	8.0	9.0	10.0	11.0	12.0	13.0	14.0	15.0	16.0	17.0	18.0	19.0	20.0	21.0	22.0	23.0	24.0	25.0	26.0	27.0	28.0	29.0	30.0	31.0	32.0	33.0	34.0	35.0	36.0	37.0	38.0	39.0	40.0	41.0	42.0	43.0
MCW_CT_ROA_193_R2_trim	3.0	15.0	76.0	138.0	167.0	236.0	349.0	534.0	794.0	1025.0	1463.0	2069.0	2816.0	3783.0	4916.0	6233.0	7613.0	9602.0	11507.0	13148.0	15332.0	18372.0	21874.0	26318.0	31957.0	39174.0	48266.0	59572.0	72723.0	89284.0	108948.0	133528.0	162117.0	196065.0	241136.0	294845.0	368124.0	472914.0	641608.0	970589.0	1975537.0	1849069.0
	9.0	10.0	11.0	12.0	13.0	14.0	15.0	16.0	17.0	18.0	19.0	20.0	21.0	22.0	23.0	24.0	25.0	26.0	27.0	28.0	29.0	30.0	31.0	32.0	33.0	34.0	35.0	36.0	37.0	38.0	39.0	40.0	41.0	42.0	43.0	44.0
MCW_CT_ROA_194_R1_trim	1.0	1.0	2.0	10.0	15.0	54.0	122.0	275.0	600.0	1276.0	2453.0	4403.0	7683.0	12151.0	18330.0	26115.0	36020.0	48103.0	63096.0	79914.0	99787.0	121743.0	147649.0	178335.0	212955.0	251471.0	299627.0	357328.0	429732.0	525187.0	654181.0	846186.0	1160936.0	1788599.0	3288065.0	2676422.0
	2.0	3.0	4.0	5.0	6.0	7.0	8.0	9.0	10.0	11.0	12.0	13.0	14.0	15.0	16.0	17.0	18.0	19.0	20.0	21.0	22.0	23.0	24.0	25.0	26.0	27.0	28.0	29.0	30.0	31.0	32.0	33.0	34.0	35.0	36.0	37.0	38.0	39.0	40.0	41.0	42.0	43.0
MCW_CT_ROA_194_R2_trim	3.0	32.0	143.0	315.0	362.0	476.0	705.0	967.0	1209.0	1602.0	2285.0	3063.0	4046.0	5405.0	7048.0	8877.0	10868.0	13321.0	15896.0	18803.0	23108.0	27869.0	33943.0	41502.0	51710.0	64293.0	79927.0	100557.0	124621.0	154811.0	188548.0	231298.0	279523.0	338989.0	411175.0	503926.0	622225.0	791111.0	1058814.0	1569407.0	3239482.0	3306562.0
	11.0	12.0	13.0	14.0	15.0	16.0	17.0	18.0	19.0	20.0	21.0	22.0	23.0	24.0	25.0	26.0	27.0	28.0	29.0	30.0	31.0	32.0	33.0	34.0	35.0	36.0	37.0	38.0	39.0	40.0	41.0	42.0	43.0	44.0
MCW_CT_ROA_195_R1_trim	5.0	12.0	37.0	90.0	183.0	337.0	624.0	1159.0	2241.0	3738.0	6404.0	10266.0	15879.0	23471.0	33615.0	46434.0	63286.0	83237.0	108063.0	137347.0	170777.0	207649.0	251066.0	296141.0	349115.0	407184.0	475495.0	563053.0	675119.0	845009.0	1127156.0	1747561.0	3720177.0	3085432.0
	2.0	3.0	4.0	5.0	6.0	7.0	8.0	9.0	10.0	11.0	12.0	13.0	14.0	15.0	16.0	17.0	18.0	19.0	20.0	21.0	22.0	23.0	24.0	25.0	26.0	27.0	28.0	29.0	30.0	31.0	32.0	33.0	34.0	35.0	36.0	37.0	38.0	39.0	40.0	41.0	42.0	43.0
MCW_CT_ROA_195_R2_trim	2.0	31.0	145.0	321.0	474.0	624.0	848.0	1062.0	1328.0	1778.0	2358.0	3161.0	4156.0	5625.0	7218.0	9181.0	11591.0	14539.0	17482.0	21255.0	26023.0	32591.0	40507.0	51557.0	65802.0	84212.0	107791.0	136672.0	173090.0	215403.0	264297.0	319809.0	385945.0	460434.0	550995.0	658544.0	794049.0	981374.0	1264723.0	1797905.0	3513447.0	2429013.0
	10.0	11.0	12.0	13.0	14.0	15.0	16.0	17.0	18.0	19.0	20.0	21.0	22.0	23.0	24.0	25.0	26.0	27.0	28.0	29.0	30.0	31.0	32.0	33.0	34.0	35.0	36.0	37.0	38.0	39.0	40.0	41.0	42.0	43.0	44.0
MCW_CT_ROA_196_R1_trim	3.0	4.0	10.0	30.0	67.0	183.0	462.0	1080.0	2301.0	4263.0	7461.0	11979.0	18590.0	27139.0	37827.0	51921.0	68063.0	86596.0	109069.0	134376.0	163350.0	194936.0	228578.0	267436.0	311293.0	361187.0	421215.0	497780.0	599155.0	744343.0	969441.0	1376820.0	2322693.0	4225983.0	148745.0
	3.0	4.0	5.0	6.0	7.0	8.0	9.0	10.0	11.0	12.0	13.0	14.0	15.0	16.0	17.0	18.0	19.0	20.0	21.0	22.0	23.0	24.0	25.0	26.0	27.0	28.0	29.0	30.0	31.0	32.0	33.0	34.0	35.0	36.0	37.0	38.0	39.0	40.0	41.0	42.0	43.0
MCW_CT_ROA_196_R2_trim	12.0	59.0	103.0	155.0	190.0	301.0	438.0	616.0	907.0	1170.0	1717.0	2408.0	3312.0	4512.0	5955.0	8233.0	10972.0	14152.0	18118.0	23519.0	30135.0	38855.0	49758.0	64841.0	83990.0	107718.0	137122.0	170727.0	212253.0	258183.0	312311.0	373965.0	444885.0	528910.0	629819.0	758513.0	930823.0	1191035.0	1666123.0	2980304.0	2327260.0
	10.0	11.0	12.0	13.0	14.0	15.0	16.0	17.0	18.0	19.0	20.0	21.0	22.0	23.0	24.0	25.0	26.0	27.0	28.0	29.0	30.0	31.0	32.0	33.0	34.0	35.0	36.0	37.0	38.0	39.0	40.0	41.0	42.0	43.0	44.0
MCW_CT_ROA_198_R1_trim	2.0	12.0	20.0	45.0	119.0	266.0	571.0	1249.0	2590.0	4835.0	8555.0	13756.0	21583.0	31976.0	45006.0	61319.0	81171.0	104675.0	131963.0	163587.0	197069.0	235515.0	276508.0	318931.0	365691.0	414920.0	469335.0	535716.0	612125.0	717868.0	865170.0	1115792.0	1655620.0	3110834.0	1106797.0
	2.0	3.0	4.0	5.0	6.0	7.0	8.0	9.0	10.0	11.0	12.0	13.0	14.0	15.0	16.0	17.0	18.0	19.0	20.0	21.0	22.0	23.0	24.0	25.0	26.0	27.0	28.0	29.0	30.0	31.0	32.0	33.0	34.0	35.0	36.0	37.0	38.0	39.0	40.0	41.0	42.0	43.0
MCW_CT_ROA_198_R2_trim	2.0	20.0	116.0	253.0	332.0	432.0	588.0	779.0	1005.0	1361.0	1803.0	2402.0	3095.0	4272.0	5698.0	7653.0	9724.0	12410.0	15623.0	19546.0	24749.0	31635.0	40692.0	52466.0	67591.0	87021.0	111651.0	140461.0	174733.0	214521.0	258349.0	308668.0	365147.0	429623.0	503875.0	592657.0	705535.0	858713.0	1091192.0	1522308.0	2798206.0	2204284.0
	9.0	10.0	11.0	12.0	13.0	14.0	15.0	16.0	17.0	18.0	19.0	20.0	21.0	22.0	23.0	24.0	25.0	26.0	27.0	28.0	29.0	30.0	31.0	32.0	33.0	34.0	35.0	36.0	37.0	38.0	39.0	40.0	41.0	42.0	43.0	44.0
MCW_CT_ROA_199_R1_trim	1.0	0.0	1.0	5.0	10.0	22.0	70.0	151.0	331.0	626.0	1256.0	2215.0	3620.0	5690.0	8305.0	11745.0	16580.0	22491.0	30344.0	40350.0	51928.0	67351.0	86677.0	108980.0	138300.0	174356.0	219668.0	276157.0	349801.0	447778.0	582806.0	781193.0	1113317.0	1799903.0	3454280.0	1263832.0
	2.0	3.0	4.0	5.0	6.0	7.0	8.0	9.0	10.0	11.0	12.0	13.0	14.0	15.0	16.0	17.0	18.0	19.0	20.0	21.0	22.0	23.0	24.0	25.0	26.0	27.0	28.0	29.0	30.0	31.0	32.0	33.0	34.0	35.0	36.0	37.0	38.0	39.0	40.0	41.0	42.0	43.0
MCW_CT_ROA_199_R2_trim	1.0	20.0	75.0	122.0	152.0	230.0	304.0	459.0	655.0	825.0	1313.0	1596.0	2234.0	2884.0	3871.0	5184.0	6700.0	8758.0	11114.0	14039.0	17726.0	21471.0	26373.0	31433.0	38696.0	46738.0	57916.0	71270.0	88380.0	107632.0	132918.0	162939.0	200180.0	245773.0	303356.0	377126.0	477326.0	622224.0	859736.0	1331495.0	2828330.0	2950566.0
	9.0	10.0	11.0	12.0	13.0	14.0	15.0	16.0	17.0	18.0	19.0	20.0	21.0	22.0	23.0	24.0	25.0	26.0	27.0	28.0	29.0	30.0	31.0	32.0	33.0	34.0	35.0	36.0	37.0	38.0	39.0	40.0	41.0	42.0	43.0	44.0
MCW_CT_ROA_201_R1_trim	1.0	1.0	1.0	8.0	14.0	32.0	65.0	168.0	366.0	778.0	1354.0	2450.0	3920.0	5860.0	8853.0	12309.0	17239.0	22852.0	30647.0	40428.0	52576.0	67039.0	86937.0	110638.0	139977.0	178551.0	225665.0	286603.0	367371.0	472117.0	621077.0	841561.0	1197375.0	1837633.0	2339634.0	70563.0
	2.0	3.0	4.0	5.0	6.0	7.0	8.0	9.0	10.0	11.0	12.0	13.0	14.0	15.0	16.0	17.0	18.0	19.0	20.0	21.0	22.0	23.0	24.0	25.0	26.0	27.0	28.0	29.0	30.0	31.0	32.0	33.0	34.0	35.0	36.0	37.0	38.0	39.0	40.0	41.0	42.0	43.0
MCW_CT_ROA_201_R2_trim	1.0	3.0	28.0	44.0	92.0	133.0	183.0	256.0	430.0	583.0	875.0	1301.0	2002.0	2668.0	3768.0	5043.0	6811.0	8942.0	11038.0	13530.0	15948.0	19276.0	22838.0	28139.0	34519.0	42710.0	52568.0	64930.0	80344.0	99534.0	122507.0	149234.0	182502.0	223268.0	272712.0	337805.0	423562.0	547300.0	741933.0	1125230.0	2309706.0	2088367.0
	10.0	11.0	12.0	13.0	14.0	15.0	16.0	17.0	18.0	19.0	20.0	21.0	22.0	23.0	24.0	25.0	26.0	27.0	28.0	29.0	30.0	31.0	32.0	33.0	34.0	35.0	36.0	37.0	38.0	39.0	40.0	41.0	42.0	43.0	44.0
MCW_CT_ROA_202_R1_trim	1.0	6.0	7.0	24.0	64.0	116.0	188.0	396.0	834.0	1524.0	2614.0	4699.0	7464.0	11502.0	16682.0	23155.0	31525.0	42294.0	54991.0	69743.0	86878.0	106671.0	128602.0	152059.0	179105.0	209780.0	243351.0	284586.0	334750.0	401377.0	497498.0	653253.0	967065.0	1767916.0	1471223.0
	2.0	3.0	4.0	5.0	6.0	7.0	8.0	9.0	10.0	11.0	12.0	13.0	14.0	15.0	16.0	17.0	18.0	19.0	20.0	21.0	22.0	23.0	24.0	25.0	26.0	27.0	28.0	29.0	30.0	31.0	32.0	33.0	34.0	35.0	36.0	37.0	38.0	39.0	40.0	41.0	42.0	43.0
MCW_CT_ROA_202_R2_trim	1.0	14.0	86.0	165.0	198.0	267.0	378.0	500.0	573.0	818.0	1018.0	1274.0	1798.0	2283.0	2896.0	3903.0	4869.0	6113.0	7348.0	8916.0	11036.0	13284.0	15739.0	19047.0	23270.0	27807.0	34487.0	42884.0	53251.0	66168.0	82621.0	103132.0	127845.0	158520.0	198401.0	248505.0	317997.0	418020.0	579467.0	894206.0	2006614.0	2266224.0
	11.0	12.0	13.0	14.0	15.0	16.0	17.0	18.0	19.0	20.0	21.0	22.0	23.0	24.0	25.0	26.0	27.0	28.0	29.0	30.0	31.0	32.0	33.0	34.0	35.0	36.0	37.0	38.0	39.0	40.0	41.0	42.0	43.0	44.0
MCW_CT_ROA_204_R1_trim	2.0	2.0	15.0	43.0	73.0	154.0	393.0	822.0	1562.0	2696.0	4440.0	6936.0	10279.0	14468.0	19990.0	27229.0	36500.0	48472.0	64369.0	84583.0	110707.0	143619.0	188068.0	244471.0	318648.0	415243.0	543553.0	722101.0	976829.0	1371955.0	2046365.0	3484358.0	6433259.0	220807.0
	2.0	3.0	4.0	5.0	6.0	7.0	8.0	9.0	10.0	11.0	12.0	13.0	14.0	15.0	16.0	17.0	18.0	19.0	20.0	21.0	22.0	23.0	24.0	25.0	26.0	27.0	28.0	29.0	30.0	31.0	32.0	33.0	34.0	35.0	36.0	37.0	38.0	39.0	40.0	41.0	42.0	43.0
MCW_CT_ROA_204_R2_trim	1.0	16.0	94.0	217.0	306.0	481.0	734.0	1025.0	1487.0	2284.0	3248.0	4606.0	6537.0	8955.0	11878.0	15223.0	18923.0	23363.0	28329.0	33101.0	40165.0	49059.0	61022.0	76895.0	96601.0	123577.0	155450.0	195413.0	243318.0	300641.0	365428.0	440414.0	527532.0	628240.0	747049.0	889440.0	1073401.0	1314934.0	1675446.0	2291403.0	3747848.0	2338927.0
	9.0	10.0	11.0	12.0	13.0	14.0	15.0	16.0	17.0	18.0	19.0	20.0	21.0	22.0	23.0	24.0	25.0	26.0	27.0	28.0	29.0	30.0	31.0	32.0	33.0	34.0	35.0	36.0	37.0	38.0	39.0	40.0	41.0	42.0	43.0	44.0
MCW_CT_ROA_205_R1_trim	1.0	5.0	6.0	24.0	54.0	147.0	297.0	644.0	1357.0	2623.0	4762.0	8114.0	12600.0	19556.0	27661.0	38010.0	50407.0	65573.0	83655.0	104548.0	128489.0	154718.0	184117.0	219610.0	257648.0	302362.0	354336.0	419232.0	501304.0	608114.0	758785.0	991909.0	1395395.0	2265368.0	3659133.0	127202.0
	2.0	3.0	4.0	5.0	6.0	7.0	8.0	9.0	10.0	11.0	12.0	13.0	14.0	15.0	16.0	17.0	18.0	19.0	20.0	21.0	22.0	23.0	24.0	25.0	26.0	27.0	28.0	29.0	30.0	31.0	32.0	33.0	34.0	35.0	36.0	37.0	38.0	39.0	40.0	41.0	42.0	43.0
MCW_CT_ROA_205_R2_trim	1.0	31.0	181.0	365.0	487.0	791.0	1016.0	1475.0	1900.0	2681.0	3674.0	4946.0	6860.0	8951.0	11628.0	14868.0	18257.0	22184.0	26910.0	31873.0	38267.0	44438.0	53962.0	64975.0	78667.0	96746.0	118217.0	144291.0	175978.0	211771.0	251581.0	297213.0	351299.0	412035.0	486155.0	574608.0	689847.0	849240.0	1090099.0	1539106.0	2765596.0	2254596.0
	11.0	12.0	13.0	14.0	15.0	16.0	17.0	18.0	19.0	20.0	21.0	22.0	23.0	24.0	25.0	26.0	27.0	28.0	29.0	30.0	31.0	32.0	33.0	34.0	35.0	36.0	37.0	38.0	39.0	40.0	41.0	42.0	43.0	44.0
MCW_CT_ROA_206_R1_trim	4.0	9.0	37.0	62.0	133.0	280.0	545.0	935.0	1658.0	3068.0	5021.0	7912.0	11798.0	16923.0	23114.0	30653.0	39571.0	50659.0	62884.0	78385.0	95787.0	114894.0	138411.0	163860.0	196202.0	232705.0	279040.0	338939.0	419887.0	541628.0	734702.0	1116524.0	2042587.0	1706643.0
	3.0	4.0	5.0	6.0	7.0	8.0	9.0	10.0	11.0	12.0	13.0	14.0	15.0	16.0	17.0	18.0	19.0	20.0	21.0	22.0	23.0	24.0	25.0	26.0	27.0	28.0	29.0	30.0	31.0	32.0	33.0	34.0	35.0	36.0	37.0	38.0	39.0	40.0	41.0	42.0	43.0
MCW_CT_ROA_206_R2_trim	82.0	281.0	474.0	511.0	794.0	997.0	1341.0	1658.0	2305.0	2832.0	4017.0	5088.0	7020.0	8885.0	11095.0	13621.0	16258.0	19390.0	22261.0	25407.0	29815.0	34849.0	41498.0	49605.0	59435.0	72645.0	87792.0	106876.0	128279.0	154236.0	184232.0	219794.0	262163.0	310223.0	373540.0	452315.0	559172.0	724324.0	1022166.0	1895751.0	1542433.0
	9.0	10.0	11.0	12.0	13.0	14.0	15.0	16.0	17.0	18.0	19.0	20.0	21.0	22.0	23.0	24.0	25.0	26.0	27.0	28.0	29.0	30.0	31.0	32.0	33.0	34.0	35.0	36.0	37.0	38.0	39.0	40.0	41.0	42.0	43.0	44.0
MCW_CT_ROA_207_R1_trim	1.0	0.0	5.0	9.0	34.0	55.0	85.0	194.0	318.0	634.0	1152.0	1900.0	3203.0	4955.0	7458.0	10516.0	14877.0	19747.0	26070.0	34099.0	44707.0	57379.0	72624.0	92743.0	118222.0	148911.0	187794.0	238813.0	306263.0	395202.0	518525.0	704206.0	1003552.0	1608849.0	3024468.0	2358734.0
	2.0	3.0	4.0	5.0	6.0	7.0	8.0	9.0	10.0	11.0	12.0	13.0	14.0	15.0	16.0	17.0	18.0	19.0	20.0	21.0	22.0	23.0	24.0	25.0	26.0	27.0	28.0	29.0	30.0	31.0	32.0	33.0	34.0	35.0	36.0	37.0	38.0	39.0	40.0	41.0	42.0	43.0
MCW_CT_ROA_207_R2_trim	2.0	43.0	214.0	365.0	520.0	652.0	853.0	1158.0	1507.0	2082.0	2747.0	3725.0	4835.0	6441.0	8226.0	10042.0	12167.0	14710.0	16777.0	19767.0	22608.0	26227.0	30623.0	36185.0	43197.0	51452.0	62311.0	75696.0	92115.0	111323.0	135034.0	162841.0	196747.0	239538.0	292706.0	361579.0	453056.0	587303.0	804168.0	1231539.0	2765647.0	3117576.0
	11.0	12.0	13.0	14.0	15.0	16.0	17.0	18.0	19.0	20.0	21.0	22.0	23.0	24.0	25.0	26.0	27.0	28.0	29.0	30.0	31.0	32.0	33.0	34.0	35.0	36.0	37.0	38.0	39.0	40.0	41.0	42.0	43.0	44.0
MCW_CT_ROA_208_R1_trim	1.0	14.0	22.0	45.0	104.0	239.0	448.0	862.0	1578.0	2772.0	4765.0	7337.0	11125.0	15522.0	21304.0	28146.0	36178.0	45401.0	55426.0	67588.0	80010.0	94721.0	110001.0	126945.0	146296.0	168774.0	196513.0	233522.0	284043.0	358827.0	486860.0	744124.0	1366780.0	1160556.0
	2.0	3.0	4.0	5.0	6.0	7.0	8.0	9.0	10.0	11.0	12.0	13.0	14.0	15.0	16.0	17.0	18.0	19.0	20.0	21.0	22.0	23.0	24.0	25.0	26.0	27.0	28.0	29.0	30.0	31.0	32.0	33.0	34.0	35.0	36.0	37.0	38.0	39.0	40.0	41.0	42.0	43.0
MCW_CT_ROA_208_R2_trim	1.0	34.0	149.0	267.0	331.0	412.0	549.0	722.0	893.0	1202.0	1587.0	2043.0	2638.0	3414.0	4340.0	5409.0	6351.0	7795.0	9077.0	10741.0	12844.0	14850.0	17511.0	20777.0	24831.0	30198.0	36100.0	44660.0	54176.0	66212.0	80529.0	97225.0	117273.0	141551.0	172740.0	210275.0	261712.0	333864.0	446793.0	663643.0	1367307.0	1583823.0
	10.0	11.0	12.0	13.0	14.0	15.0	16.0	17.0	18.0	19.0	20.0	21.0	22.0	23.0	24.0	25.0	26.0	27.0	28.0	29.0	30.0	31.0	32.0	33.0	34.0	35.0	36.0	37.0	38.0	39.0	40.0	41.0	42.0	43.0	44.0
MCW_CT_ROA_209_R1_trim	1.0	3.0	11.0	15.0	50.0	104.0	245.0	463.0	861.0	1474.0	2455.0	3912.0	5931.0	8466.0	12038.0	16283.0	21671.0	28662.0	37366.0	47603.0	59536.0	74750.0	92894.0	114768.0	141887.0	177111.0	221121.0	279463.0	361473.0	477670.0	656883.0	965797.0	1619578.0	3279834.0	2587445.0
	2.0	3.0	4.0	5.0	6.0	7.0	8.0	9.0	10.0	11.0	12.0	13.0	14.0	15.0	16.0	17.0	18.0	19.0	20.0	21.0	22.0	23.0	24.0	25.0	26.0	27.0	28.0	29.0	30.0	31.0	32.0	33.0	34.0	35.0	36.0	37.0	38.0	39.0	40.0	41.0	42.0	43.0
MCW_CT_ROA_209_R2_trim	1.0	22.0	169.0	340.0	478.0	630.0	757.0	1108.0	1541.0	1889.0	2580.0	3466.0	4759.0	6341.0	8110.0	10101.0	12369.0	15155.0	17562.0	20847.0	24085.0	28105.0	33002.0	38676.0	46406.0	55704.0	67385.0	81599.0	99303.0	119852.0	145205.0	174848.0	209820.0	253472.0	306939.0	375220.0	469377.0	604630.0	823959.0	1260117.0	2826768.0	3145127.0
	11.0	12.0	13.0	14.0	15.0	16.0	17.0	18.0	19.0	20.0	21.0	22.0	23.0	24.0	25.0	26.0	27.0	28.0	29.0	30.0	31.0	32.0	33.0	34.0	35.0	36.0	37.0	38.0	39.0	40.0	41.0	42.0	43.0	44.0
MCW_CT_ROA_210_R1_trim	6.0	6.0	17.0	41.0	105.0	168.0	390.0	728.0	1436.0	2512.0	4134.0	6549.0	9795.0	14183.0	19278.0	25655.0	33903.0	42982.0	54359.0	67021.0	83113.0	100926.0	121504.0	147003.0	176081.0	211901.0	256033.0	314093.0	390258.0	501957.0	672747.0	994735.0	1731475.0	1415649.0
	2.0	3.0	4.0	5.0	6.0	7.0	8.0	9.0	10.0	11.0	12.0	13.0	14.0	15.0	16.0	17.0	18.0	19.0	20.0	21.0	22.0	23.0	24.0	25.0	26.0	27.0	28.0	29.0	30.0	31.0	32.0	33.0	34.0	35.0	36.0	37.0	38.0	39.0	40.0	41.0	42.0	43.0
MCW_CT_ROA_210_R2_trim	2.0	41.0	158.0	270.0	361.0	451.0	557.0	801.0	1039.0	1366.0	1864.0	2488.0	3207.0	4256.0	5385.0	6580.0	8089.0	9640.0	11612.0	13676.0	16427.0	19643.0	23758.0	28719.0	35542.0	43406.0	53982.0	66453.0	81053.0	98868.0	119638.0	144871.0	174124.0	209336.0	249721.0	304520.0	371986.0	467822.0	613090.0	878328.0	1699185.0	1628428.0
	11.0	12.0	13.0	14.0	15.0	16.0	17.0	18.0	19.0	20.0	21.0	22.0	23.0	24.0	25.0	26.0	27.0	28.0	29.0	30.0	31.0	32.0	33.0	34.0	35.0	36.0	37.0	38.0	39.0	40.0	41.0	42.0	43.0	44.0
MCW_CT_ROA_211_R1_trim	2.0	16.0	25.0	82.0	155.0	293.0	515.0	949.0	1814.0	3088.0	5119.0	8188.0	11987.0	17158.0	23911.0	32112.0	41940.0	54176.0	68480.0	85465.0	105568.0	128581.0	154436.0	184241.0	218134.0	258911.0	306846.0	367344.0	449969.0	569056.0	767915.0	1167867.0	2167084.0	1736590.0
	2.0	3.0	4.0	5.0	6.0	7.0	8.0	9.0	10.0	11.0	12.0	13.0	14.0	15.0	16.0	17.0	18.0	19.0	20.0	21.0	22.0	23.0	24.0	25.0	26.0	27.0	28.0	29.0	30.0	31.0	32.0	33.0	34.0	35.0	36.0	37.0	38.0	39.0	40.0	41.0	42.0	43.0
MCW_CT_ROA_211_R2_trim	2.0	44.0	218.0	344.0	506.0	612.0	841.0	1057.0	1421.0	1851.0	2580.0	3326.0	4405.0	5779.0	7612.0	9722.0	12065.0	14755.0	17628.0	20843.0	24350.0	28284.0	34104.0	40517.0	48965.0	59984.0	73344.0	90241.0	110447.0	134874.0	163313.0	197283.0	236591.0	281840.0	337669.0	404657.0	491450.0	609446.0	786995.0	1110532.0	2084786.0	1482734.0
	10.0	11.0	12.0	13.0	14.0	15.0	16.0	17.0	18.0	19.0	20.0	21.0	22.0	23.0	24.0	25.0	26.0	27.0	28.0	29.0	30.0	31.0	32.0	33.0	34.0	35.0	36.0	37.0	38.0	39.0	40.0	41.0	42.0	43.0	44.0
MCW_CT_ROA_213_R1_trim	1.0	4.0	10.0	31.0	74.0	160.0	347.0	609.0	1302.0	2515.0	4514.0	7872.0	12662.0	20154.0	29292.0	42215.0	58658.0	78800.0	103288.0	132464.0	165526.0	204525.0	248115.0	294430.0	346355.0	402144.0	464565.0	536640.0	626617.0	738205.0	897870.0	1147299.0	1622215.0	2730509.0	2579594.0
	3.0	4.0	5.0	6.0	7.0	8.0	9.0	10.0	11.0	12.0	13.0	14.0	15.0	16.0	17.0	18.0	19.0	20.0	21.0	22.0	23.0	24.0	25.0	26.0	27.0	28.0	29.0	30.0	31.0	32.0	33.0	34.0	35.0	36.0	37.0	38.0	39.0	40.0	41.0	42.0	43.0	44.0
MCW_CT_ROA_213_R2_trim	21.0	90.0	223.0	319.0	353.0	427.0	582.0	801.0	982.0	1306.0	1770.0	2492.0	3322.0	4562.0	5930.0	7612.0	9669.0	11499.0	13968.0	16649.0	20202.0	24922.0	30833.0	38870.0	49002.0	62363.0	79734.0	100596.0	127503.0	161353.0	200586.0	250778.0	312107.0	387826.0	487110.0	615227.0	805361.0	1102240.0	1699712.0	4014782.0	2845733.0	164.0
	11.0	12.0	13.0	14.0	15.0	16.0	17.0	18.0	19.0	20.0	21.0	22.0	23.0	24.0	25.0	26.0	27.0	28.0	29.0	30.0	31.0	32.0	33.0	34.0	35.0	36.0	37.0	38.0	39.0	40.0	41.0	42.0	43.0	44.0
MCW_CT_ROA_214_R1_trim	1.0	1.0	2.0	7.0	16.0	52.0	107.0	274.0	504.0	871.0	1531.0	2451.0	3403.0	4956.0	6549.0	8746.0	11500.0	14489.0	18336.0	22122.0	26546.0	31276.0	36835.0	42424.0	48662.0	56090.0	65012.0	75170.0	89181.0	109974.0	142850.0	213870.0	395128.0	140345.0
	3.0	4.0	5.0	6.0	7.0	8.0	9.0	10.0	11.0	12.0	13.0	14.0	15.0	16.0	17.0	18.0	19.0	20.0	21.0	22.0	23.0	24.0	25.0	26.0	27.0	28.0	29.0	30.0	31.0	32.0	33.0	34.0	35.0	36.0	37.0	38.0	39.0	40.0	41.0	42.0	43.0
MCW_CT_ROA_214_R2_trim	4.0	20.0	21.0	14.0	31.0	47.0	53.0	81.0	93.0	128.0	183.0	258.0	339.0	468.0	612.0	782.0	1067.0	1390.0	1731.0	2191.0	2975.0	3878.0	5141.0	6815.0	8756.0	11451.0	14511.0	18607.0	23029.0	27967.0	34395.0	41269.0	49443.0	58499.0	69831.0	84296.0	104577.0	134522.0	191009.0	364993.0	303804.0
	10.0	11.0	12.0	13.0	14.0	15.0	16.0	17.0	18.0	19.0	20.0	21.0	22.0	23.0	24.0	25.0	26.0	27.0	28.0	29.0	30.0	31.0	32.0	33.0	34.0	35.0	36.0	37.0	38.0	39.0	40.0	41.0	42.0	43.0	44.0
MCW_CT_ROA_215_R1_trim	2.0	4.0	18.0	36.0	69.0	102.0	204.0	407.0	787.0	1432.0	2780.0	4683.0	7656.0	11930.0	18121.0	26465.0	36669.0	50666.0	67212.0	87124.0	112098.0	139484.0	170815.0	206317.0	244953.0	288836.0	339354.0	400338.0	477788.0	579926.0	727758.0	966494.0	1444844.0	2754671.0	3067808.0
	3.0	4.0	5.0	6.0	7.0	8.0	9.0	10.0	11.0	12.0	13.0	14.0	15.0	16.0	17.0	18.0	19.0	20.0	21.0	22.0	23.0	24.0	25.0	26.0	27.0	28.0	29.0	30.0	31.0	32.0	33.0	34.0	35.0	36.0	37.0	38.0	39.0	40.0	41.0	42.0	43.0	44.0
MCW_CT_ROA_215_R2_trim	23.0	155.0	346.0	440.0	495.0	624.0	809.0	1009.0	1252.0	1598.0	2016.0	2692.0	3632.0	4531.0	5518.0	6975.0	8299.0	9988.0	11635.0	13730.0	16190.0	19682.0	24262.0	29871.0	38020.0	48614.0	61461.0	78272.0	99276.0	125470.0	157466.0	196377.0	245926.0	307320.0	388504.0	498382.0	658511.0	925384.0	1474629.0	3766200.0	3002132.0	135.0
	10.0	11.0	12.0	13.0	14.0	15.0	16.0	17.0	18.0	19.0	20.0	21.0	22.0	23.0	24.0	25.0	26.0	27.0	28.0	29.0	30.0	31.0	32.0	33.0	34.0	35.0	36.0	37.0	38.0	39.0	40.0	41.0	42.0	43.0	44.0
MCW_CT_ROA_217_R1_trim	3.0	8.0	10.0	32.0	73.0	120.0	232.0	439.0	767.0	1534.0	2861.0	4926.0	8154.0	12852.0	19287.0	27645.0	38319.0	52689.0	69382.0	90732.0	115827.0	145144.0	178956.0	217166.0	260084.0	308867.0	364704.0	427870.0	507310.0	615256.0	771055.0	1021603.0	1540308.0	3065899.0	3651134.0
	2.0	3.0	4.0	5.0	6.0	7.0	8.0	9.0	10.0	11.0	12.0	13.0	14.0	15.0	16.0	17.0	18.0	19.0	20.0	21.0	22.0	23.0	24.0	25.0	26.0	27.0	28.0	29.0	30.0	31.0	32.0	33.0	34.0	35.0	36.0	37.0	38.0	39.0	40.0	41.0	42.0	43.0	44.0
MCW_CT_ROA_217_R2_trim	1.0	29.0	160.0	310.0	389.0	499.0	634.0	762.0	957.0	1228.0	1679.0	2272.0	2893.0	3856.0	4896.0	6322.0	8045.0	9908.0	11999.0	14297.0	17573.0	21568.0	27584.0	34773.0	45308.0	58562.0	75858.0	97838.0	125501.0	159688.0	199620.0	248511.0	305312.0	373795.0	458666.0	562591.0	698464.0	886644.0	1177810.0	1736677.0	3582814.0	2554862.0	93.0
	11.0	12.0	13.0	14.0	15.0	16.0	17.0	18.0	19.0	20.0	21.0	22.0	23.0	24.0	25.0	26.0	27.0	28.0	29.0	30.0	31.0	32.0	33.0	34.0	35.0	36.0	37.0	38.0	39.0	40.0	41.0	42.0	43.0	44.0
MCW_CT_ROA_218_R1_trim	4.0	17.0	33.0	56.0	146.0	271.0	560.0	1136.0	2243.0	4337.0	7598.0	12580.0	19371.0	29086.0	41428.0	57216.0	77402.0	101585.0	130402.0	162839.0	200852.0	243161.0	289200.0	341907.0	400008.0	465576.0	544849.0	644640.0	779272.0	969672.0	1279801.0	1909639.0	3538116.0	3522769.0
	3.0	4.0	5.0	6.0	7.0	8.0	9.0	10.0	11.0	12.0	13.0	14.0	15.0	16.0	17.0	18.0	19.0	20.0	21.0	22.0	23.0	24.0	25.0	26.0	27.0	28.0	29.0	30.0	31.0	32.0	33.0	34.0	35.0	36.0	37.0	38.0	39.0	40.0	41.0	42.0	43.0	44.0
MCW_CT_ROA_218_R2_trim	18.0	125.0	317.0	357.0	496.0	628.0	701.0	941.0	1183.0	1569.0	2147.0	2892.0	3814.0	5116.0	6528.0	8514.0	10145.0	12353.0	14657.0	17738.0	21636.0	26979.0	34335.0	44676.0	57839.0	75990.0	97629.0	125243.0	159454.0	200825.0	250095.0	307863.0	379526.0	466806.0	577579.0	723170.0	932924.0	1267916.0	1951761.0	4524950.0	3460203.0	134.0
	9.0	10.0	11.0	12.0	13.0	14.0	15.0	16.0	17.0	18.0	19.0	20.0	21.0	22.0	23.0	24.0	25.0	26.0	27.0	28.0	29.0	30.0	31.0	32.0	33.0	34.0	35.0	36.0	37.0	38.0	39.0	40.0	41.0	42.0	43.0	44.0
MCW_CT_ROA_219_R1_trim	1.0	0.0	0.0	4.0	13.0	42.0	64.0	163.0	363.0	815.0	1600.0	2786.0	4817.0	7644.0	11504.0	16749.0	23479.0	31788.0	42292.0	55416.0	71738.0	91600.0	115766.0	146276.0	183610.0	229940.0	288527.0	363312.0	463896.0	598007.0	786163.0	1076455.0	1570120.0	2605302.0	5204997.0	1905352.0
	2.0	3.0	4.0	5.0	6.0	7.0	8.0	9.0	10.0	11.0	12.0	13.0	14.0	15.0	16.0	17.0	18.0	19.0	20.0	21.0	22.0	23.0	24.0	25.0	26.0	27.0	28.0	29.0	30.0	31.0	32.0	33.0	34.0	35.0	36.0	37.0	38.0	39.0	40.0	41.0	42.0	43.0
MCW_CT_ROA_219_R2_trim	1.0	26.0	148.0	267.0	395.0	501.0	732.0	989.0	1327.0	1689.0	2492.0	3277.0	4215.0	5589.0	7030.0	8950.0	10757.0	12883.0	15683.0	18559.0	22859.0	28540.0	36126.0	45656.0	59265.0	76834.0	98629.0	126281.0	159147.0	200505.0	247159.0	304363.0	370233.0	449835.0	544918.0	663514.0	822636.0	1043869.0	1391816.0	2056233.0	3965408.0	3091265.0
	10.0	11.0	12.0	13.0	14.0	15.0	16.0	17.0	18.0	19.0	20.0	21.0	22.0	23.0	24.0	25.0	26.0	27.0	28.0	29.0	30.0	31.0	32.0	33.0	34.0	35.0	36.0	37.0	38.0	39.0	40.0	41.0	42.0	43.0	44.0
MCW_CT_ROA_220_R1_trim	2.0	4.0	4.0	12.0	35.0	65.0	128.0	321.0	584.0	1088.0	1913.0	3194.0	5141.0	7678.0	11173.0	16194.0	22374.0	30973.0	41456.0	55339.0	73615.0	96610.0	125951.0	164025.0	212320.0	275236.0	356355.0	462209.0	606807.0	811229.0	1115470.0	1626471.0	2659981.0	4664448.0	1612705.0
	3.0	4.0	5.0	6.0	7.0	8.0	9.0	10.0	11.0	12.0	13.0	14.0	15.0	16.0	17.0	18.0	19.0	20.0	21.0	22.0	23.0	24.0	25.0	26.0	27.0	28.0	29.0	30.0	31.0	32.0	33.0	34.0	35.0	36.0	37.0	38.0	39.0	40.0	41.0	42.0	43.0
MCW_CT_ROA_220_R2_trim	18.0	102.0	198.0	271.0	397.0	517.0	720.0	1026.0	1298.0	1810.0	2236.0	3136.0	4025.0	5127.0	6488.0	7976.0	9435.0	11177.0	13360.0	15606.0	18929.0	23234.0	28840.0	36936.0	46135.0	60003.0	75922.0	96000.0	120785.0	152708.0	190656.0	236124.0	294751.0	370371.0	468542.0	604037.0	803206.0	1138232.0	1822982.0	4169766.0	4218028.0
	9.0	10.0	11.0	12.0	13.0	14.0	15.0	16.0	17.0	18.0	19.0	20.0	21.0	22.0	23.0	24.0	25.0	26.0	27.0	28.0	29.0	30.0	31.0	32.0	33.0	34.0	35.0	36.0	37.0	38.0	39.0	40.0	41.0	42.0	43.0	44.0
MCW_CT_ROA_221_R1_trim	1.0	1.0	10.0	14.0	38.0	88.0	167.0	338.0	599.0	1221.0	2258.0	4117.0	7096.0	11705.0	18252.0	26970.0	38371.0	53337.0	71946.0	94387.0	121325.0	152251.0	188354.0	226744.0	268500.0	314820.0	365001.0	418833.0	477806.0	550400.0	636539.0	759594.0	946466.0	1310531.0	2263759.0	2342938.0
	2.0	3.0	4.0	5.0	6.0	7.0	8.0	9.0	10.0	11.0	12.0	13.0	14.0	15.0	16.0	17.0	18.0	19.0	20.0	21.0	22.0	23.0	24.0	25.0	26.0	27.0	28.0	29.0	30.0	31.0	32.0	33.0	34.0	35.0	36.0	37.0	38.0	39.0	40.0	41.0	42.0	43.0	44.0
MCW_CT_ROA_221_R2_trim	1.0	23.0	122.0	265.0	376.0	460.0	579.0	754.0	977.0	1202.0	1583.0	2136.0	2765.0	3734.0	4936.0	6205.0	7947.0	9778.0	11674.0	14224.0	17438.0	21404.0	26529.0	33713.0	43023.0	55601.0	71876.0	92647.0	117723.0	148175.0	184680.0	227807.0	278822.0	340629.0	411441.0	502720.0	615622.0	773420.0	1013405.0	1474025.0	3010138.0	2144141.0	57.0
	9.0	10.0	11.0	12.0	13.0	14.0	15.0	16.0	17.0	18.0	19.0	20.0	21.0	22.0	23.0	24.0	25.0	26.0	27.0	28.0	29.0	30.0	31.0	32.0	33.0	34.0	35.0	36.0	37.0	38.0	39.0	40.0	41.0	42.0	43.0	44.0
MCW_CT_ROA_222_R1_trim	1.0	1.0	5.0	21.0	37.0	128.0	260.0	573.0	1202.0	2370.0	4374.0	7695.0	12711.0	19914.0	29445.0	41572.0	57813.0	77675.0	101851.0	131308.0	164222.0	201845.0	245282.0	292253.0	343752.0	400267.0	466526.0	540395.0	635548.0	754465.0	924906.0	1182512.0	1617945.0	2556176.0	4766095.0	1566728.0
	3.0	4.0	5.0	6.0	7.0	8.0	9.0	10.0	11.0	12.0	13.0	14.0	15.0	16.0	17.0	18.0	19.0	20.0	21.0	22.0	23.0	24.0	25.0	26.0	27.0	28.0	29.0	30.0	31.0	32.0	33.0	34.0	35.0	36.0	37.0	38.0	39.0	40.0	41.0	42.0	43.0
MCW_CT_ROA_222_R2_trim	24.0	170.0	329.0	477.0	593.0	835.0	1186.0	1545.0	1997.0	2719.0	3604.0	4689.0	6011.0	7830.0	9937.0	12195.0	14730.0	18056.0	21798.0	26537.0	32589.0	39846.0	50866.0	64425.0	82689.0	105938.0	136012.0	171932.0	215942.0	271501.0	334298.0	410198.0	499478.0	608388.0	740042.0	912197.0	1154060.0	1529168.0	2251074.0	4444969.0	2956999.0
	10.0	11.0	12.0	13.0	14.0	15.0	16.0	17.0	18.0	19.0	20.0	21.0	22.0	23.0	24.0	25.0	26.0	27.0	28.0	29.0	30.0	31.0	32.0	33.0	34.0	35.0	36.0	37.0	38.0	39.0	40.0	41.0	42.0	43.0	44.0
MCW_CT_ROA_223_R1_trim	2.0	3.0	10.0	23.0	43.0	95.0	190.0	380.0	684.0	1311.0	2273.0	4113.0	6337.0	9820.0	14701.0	20786.0	29123.0	39767.0	52192.0	68418.0	87193.0	109610.0	136096.0	166217.0	200093.0	240425.0	288823.0	346470.0	424697.0	532167.0	691951.0	960042.0	1526187.0	3185929.0	3318854.0
	3.0	4.0	5.0	6.0	7.0	8.0	9.0	10.0	11.0	12.0	13.0	14.0	15.0	16.0	17.0	18.0	19.0	20.0	21.0	22.0	23.0	24.0	25.0	26.0	27.0	28.0	29.0	30.0	31.0	32.0	33.0	34.0	35.0	36.0	37.0	38.0	39.0	40.0	41.0	42.0	43.0	44.0
MCW_CT_ROA_223_R2_trim	16.0	94.0	238.0	305.0	377.0	457.0	571.0	710.0	924.0	1210.0	1711.0	2279.0	3129.0	4017.0	5221.0	6562.0	7936.0	9525.0	11352.0	13632.0	16210.0	20088.0	25592.0	32220.0	41369.0	53814.0	69317.0	90012.0	113663.0	143014.0	178294.0	222859.0	273889.0	338997.0	422042.0	531808.0	693145.0	958833.0	1509954.0	3760280.0	2899319.0	40.0
	11.0	12.0	13.0	14.0	15.0	16.0	17.0	18.0	19.0	20.0	21.0	22.0	23.0	24.0	25.0	26.0	27.0	28.0	29.0	30.0	31.0	32.0	33.0	34.0	35.0	36.0	37.0	38.0	39.0	40.0	41.0	42.0	43.0	44.0
MCW_CT_ROA_224_R1_trim	1.0	2.0	7.0	13.0	33.0	78.0	193.0	416.0	837.0	1583.0	2825.0	4657.0	7219.0	10734.0	14747.0	20129.0	26433.0	33777.0	42510.0	53167.0	65534.0	79491.0	96899.0	117411.0	142501.0	175675.0	217631.0	274189.0	351690.0	469141.0	654377.0	1001560.0	1813273.0	2144184.0
	2.0	3.0	4.0	5.0	6.0	7.0	8.0	9.0	10.0	11.0	12.0	13.0	14.0	15.0	16.0	17.0	18.0	19.0	20.0	21.0	22.0	23.0	24.0	25.0	26.0	27.0	28.0	29.0	30.0	31.0	32.0	33.0	34.0	35.0	36.0	37.0	38.0	39.0	40.0	41.0	42.0	43.0	44.0
MCW_CT_ROA_224_R2_trim	2.0	19.0	63.0	135.0	143.0	202.0	285.0	320.0	500.0	571.0	828.0	1192.0	1542.0	2085.0	2821.0	3626.0	4498.0	5463.0	6627.0	7936.0	9684.0	11880.0	14557.0	19027.0	24362.0	30852.0	39338.0	50415.0	63109.0	79128.0	98525.0	120933.0	150225.0	183921.0	226250.0	279365.0	351313.0	453642.0	618362.0	933458.0	1913286.0	2112313.0	114.0
	11.0	12.0	13.0	14.0	15.0	16.0	17.0	18.0	19.0	20.0	21.0	22.0	23.0	24.0	25.0	26.0	27.0	28.0	29.0	30.0	31.0	32.0	33.0	34.0	35.0	36.0	37.0	38.0	39.0	40.0	41.0	42.0	43.0	44.0
MCW_CT_ROA_225_R1_trim	2.0	6.0	13.0	38.0	75.0	167.0	359.0	711.0	1477.0	2426.0	4106.0	6274.0	9562.0	13876.0	19266.0	25608.0	33529.0	42854.0	54399.0	67165.0	83610.0	101968.0	123524.0	149681.0	183231.0	224684.0	276762.0	347626.0	445719.0	592047.0	834931.0	1319216.0	2252900.0	804890.0
	2.0	3.0	4.0	5.0	6.0	7.0	8.0	9.0	10.0	11.0	12.0	13.0	14.0	15.0	16.0	17.0	18.0	19.0	20.0	21.0	22.0	23.0	24.0	25.0	26.0	27.0	28.0	29.0	30.0	31.0	32.0	33.0	34.0	35.0	36.0	37.0	38.0	39.0	40.0	41.0	42.0	43.0
MCW_CT_ROA_225_R2_trim	1.0	29.0	71.0	158.0	220.0	317.0	466.0	592.0	858.0	1095.0	1384.0	1914.0	2459.0	3118.0	4117.0	4932.0	6066.0	7446.0	8893.0	10774.0	12667.0	15632.0	18920.0	24043.0	30007.0	38044.0	48032.0	60455.0	75618.0	94562.0	116908.0	143467.0	174016.0	213459.0	259623.0	320603.0	398815.0	512556.0	691425.0	1028305.0	2016361.0	1674274.0
	10.0	11.0	12.0	13.0	14.0	15.0	16.0	17.0	18.0	19.0	20.0	21.0	22.0	23.0	24.0	25.0	26.0	27.0	28.0	29.0	30.0	31.0	32.0	33.0	34.0	35.0	36.0	37.0	38.0	39.0	40.0	41.0	42.0	43.0	44.0
MCW_CT_ROA_226_R1_trim	1.0	3.0	4.0	20.0	33.0	78.0	141.0	285.0	610.0	1138.0	2048.0	3491.0	5811.0	8810.0	12715.0	18037.0	25421.0	33986.0	45042.0	57672.0	75089.0	95138.0	120144.0	148986.0	182954.0	224414.0	275996.0	339995.0	423406.0	536676.0	705551.0	975157.0	1496700.0	2693893.0	2610930.0
	3.0	4.0	5.0	6.0	7.0	8.0	9.0	10.0	11.0	12.0	13.0	14.0	15.0	16.0	17.0	18.0	19.0	20.0	21.0	22.0	23.0	24.0	25.0	26.0	27.0	28.0	29.0	30.0	31.0	32.0	33.0	34.0	35.0	36.0	37.0	38.0	39.0	40.0	41.0	42.0	43.0	44.0
MCW_CT_ROA_226_R2_trim	11.0	102.0	188.0	219.0	332.0	403.0	503.0	642.0	840.0	1249.0	1690.0	2255.0	3448.0	4563.0	5970.0	7750.0	9619.0	11332.0	13489.0	15838.0	18343.0	21815.0	26323.0	32145.0	39589.0	49346.0	62009.0	77160.0	96279.0	119239.0	148361.0	182978.0	226259.0	279398.0	350447.0	444514.0	584601.0	812827.0	1280924.0	3185226.0	3001875.0	274.0
	10.0	11.0	12.0	13.0	14.0	15.0	16.0	17.0	18.0	19.0	20.0	21.0	22.0	23.0	24.0	25.0	26.0	27.0	28.0	29.0	30.0	31.0	32.0	33.0	34.0	35.0	36.0	37.0	38.0	39.0	40.0	41.0	42.0	43.0	44.0
MCW_CT_ROA_227_R1_trim	1.0	1.0	6.0	6.0	11.0	27.0	57.0	92.0	172.0	320.0	528.0	935.0	1498.0	2436.0	3676.0	5356.0	7777.0	10589.0	14832.0	19973.0	26600.0	36091.0	48344.0	64550.0	85443.0	112808.0	151756.0	204620.0	279702.0	389334.0	561361.0	849100.0	1421150.0	3118769.0	4393935.0
	3.0	4.0	5.0	6.0	7.0	8.0	9.0	10.0	11.0	12.0	13.0	14.0	15.0	16.0	17.0	18.0	19.0	20.0	21.0	22.0	23.0	24.0	25.0	26.0	27.0	28.0	29.0	30.0	31.0	32.0	33.0	34.0	35.0	36.0	37.0	38.0	39.0	40.0	41.0	42.0	43.0	44.0
MCW_CT_ROA_227_R2_trim	21.0	103.0	178.0	236.0	310.0	437.0	626.0	768.0	1051.0	1433.0	1969.0	2749.0	3729.0	4841.0	6151.0	7660.0	9238.0	10971.0	13082.0	15787.0	19883.0	25372.0	32437.0	42111.0	54663.0	71256.0	90678.0	115038.0	143333.0	178512.0	218646.0	265902.0	323010.0	393666.0	480818.0	596502.0	756253.0	1007614.0	1468731.0	2807357.0	2638652.0	82.0
	11.0	12.0	13.0	14.0	15.0	16.0	17.0	18.0	19.0	20.0	21.0	22.0	23.0	24.0	25.0	26.0	27.0	28.0	29.0	30.0	31.0	32.0	33.0	34.0	35.0	36.0	37.0	38.0	39.0	40.0	41.0	42.0	43.0	44.0
MCW_CT_ROA_228_R1_trim	2.0	5.0	10.0	23.0	42.0	79.0	183.0	340.0	752.0	1291.0	2393.0	3720.0	5956.0	8392.0	12046.0	16037.0	20884.0	26698.0	33700.0	41535.0	50475.0	61007.0	72694.0	87324.0	104047.0	125281.0	153806.0	191013.0	245623.0	325847.0	457830.0	710006.0	1333291.0	1611612.0
	3.0	4.0	5.0	6.0	7.0	8.0	9.0	10.0	11.0	12.0	13.0	14.0	15.0	16.0	17.0	18.0	19.0	20.0	21.0	22.0	23.0	24.0	25.0	26.0	27.0	28.0	29.0	30.0	31.0	32.0	33.0	34.0	35.0	36.0	37.0	38.0	39.0	40.0	41.0	42.0	43.0	44.0
MCW_CT_ROA_228_R2_trim	16.0	83.0	179.0	241.0	268.0	327.0	386.0	534.0	669.0	883.0	1174.0	1456.0	1929.0	2434.0	3066.0	3730.0	4370.0	5138.0	5935.0	7185.0	8814.0	10767.0	13499.0	17280.0	21727.0	27524.0	34654.0	43261.0	53892.0	66655.0	81280.0	100064.0	122272.0	150574.0	186385.0	235159.0	304540.0	420172.0	642015.0	1398963.0	1724386.0	58.0
	11.0	12.0	13.0	14.0	15.0	16.0	17.0	18.0	19.0	20.0	21.0	22.0	23.0	24.0	25.0	26.0	27.0	28.0	29.0	30.0	31.0	32.0	33.0	34.0	35.0	36.0	37.0	38.0	39.0	40.0	41.0	42.0	43.0	44.0
MCW_CT_ROA_229_R1_trim	5.0	17.0	23.0	44.0	98.0	175.0	337.0	633.0	1308.0	2298.0	3885.0	6588.0	9951.0	14678.0	20683.0	28548.0	38590.0	49959.0	64305.0	81670.0	101788.0	124723.0	151719.0	183026.0	217985.0	261856.0	313975.0	382609.0	474479.0	610843.0	831947.0	1260854.0	2394854.0	2976581.0
	2.0	3.0	4.0	5.0	6.0	7.0	8.0	9.0	10.0	11.0	12.0	13.0	14.0	15.0	16.0	17.0	18.0	19.0	20.0	21.0	22.0	23.0	24.0	25.0	26.0	27.0	28.0	29.0	30.0	31.0	32.0	33.0	34.0	35.0	36.0	37.0	38.0	39.0	40.0	41.0	42.0	43.0	44.0
MCW_CT_ROA_229_R2_trim	1.0	21.0	134.0	269.0	350.0	400.0	581.0	672.0	858.0	1127.0	1428.0	1915.0	2736.0	3740.0	5004.0	6640.0	8371.0	10301.0	12595.0	15188.0	18306.0	22626.0	27954.0	35310.0	45183.0	58404.0	74478.0	94215.0	118290.0	148053.0	182247.0	222918.0	269467.0	323478.0	390411.0	469614.0	573690.0	716399.0	933379.0	1335597.0	2520709.0	1957895.0	80.0
	11.0	12.0	13.0	14.0	15.0	16.0	17.0	18.0	19.0	20.0	21.0	22.0	23.0	24.0	25.0	26.0	27.0	28.0	29.0	30.0	31.0	32.0	33.0	34.0	35.0	36.0	37.0	38.0	39.0	40.0	41.0	42.0	43.0	44.0
MCW_CT_ROA_230_R1_trim	5.0	3.0	23.0	38.0	57.0	127.0	253.0	510.0	1040.0	1940.0	3351.0	5648.0	8958.0	12934.0	18144.0	24647.0	33046.0	42574.0	54717.0	67618.0	82090.0	100345.0	118604.0	142216.0	167342.0	199992.0	238207.0	289064.0	359669.0	461728.0	628467.0	959273.0	1920202.0	2685470.0
	2.0	3.0	4.0	5.0	6.0	7.0	8.0	9.0	10.0	11.0	12.0	13.0	14.0	15.0	16.0	17.0	18.0	19.0	20.0	21.0	22.0	23.0	24.0	25.0	26.0	27.0	28.0	29.0	30.0	31.0	32.0	33.0	34.0	35.0	36.0	37.0	38.0	39.0	40.0	41.0	42.0	43.0	44.0
MCW_CT_ROA_230_R2_trim	2.0	29.0	132.0	235.0	241.0	321.0	442.0	551.0	644.0	946.0	1257.0	1580.0	2092.0	2709.0	3657.0	4350.0	5369.0	6246.0	7473.0	8654.0	10621.0	12401.0	15026.0	18633.0	23165.0	28822.0	36201.0	45324.0	57416.0	71242.0	88205.0	109822.0	135590.0	168197.0	207619.0	260197.0	330960.0	435480.0	602174.0	936803.0	2115162.0	2872234.0	78.0
	10.0	11.0	12.0	13.0	14.0	15.0	16.0	17.0	18.0	19.0	20.0	21.0	22.0	23.0	24.0	25.0	26.0	27.0	28.0	29.0	30.0	31.0	32.0	33.0	34.0	35.0	36.0	37.0	38.0	39.0	40.0	41.0	42.0	43.0	44.0
MCW_CT_ROA_231_R1_trim	1.0	2.0	4.0	5.0	14.0	49.0	129.0	179.0	418.0	852.0	1499.0	2646.0	4231.0	6590.0	9957.0	13905.0	18968.0	25340.0	32752.0	41760.0	52369.0	64801.0	79050.0	96470.0	116184.0	140149.0	168981.0	205343.0	254649.0	321006.0	418656.0	575640.0	879948.0	1741550.0	2308918.0
	2.0	3.0	4.0	5.0	6.0	7.0	8.0	9.0	10.0	11.0	12.0	13.0	14.0	15.0	16.0	17.0	18.0	19.0	20.0	21.0	22.0	23.0	24.0	25.0	26.0	27.0	28.0	29.0	30.0	31.0	32.0	33.0	34.0	35.0	36.0	37.0	38.0	39.0	40.0	41.0	42.0	43.0	44.0
MCW_CT_ROA_231_R2_trim	4.0	33.0	97.0	139.0	182.0	214.0	275.0	364.0	487.0	639.0	834.0	1131.0	1484.0	2024.0	2805.0	3686.0	4593.0	5986.0	7324.0	9226.0	12023.0	15300.0	20141.0	25816.0	34310.0	44316.0	57123.0	72666.0	91313.0	113747.0	139771.0	168489.0	203333.0	242266.0	289787.0	346677.0	418962.0	517149.0	664107.0	930963.0	1686281.0	1446893.0	55.0
	10.0	11.0	12.0	13.0	14.0	15.0	16.0	17.0	18.0	19.0	20.0	21.0	22.0	23.0	24.0	25.0	26.0	27.0	28.0	29.0	30.0	31.0	32.0	33.0	34.0	35.0	36.0	37.0	38.0	39.0	40.0	41.0	42.0	43.0	44.0
MCW_CT_ROA_232_R1_trim	1.0	4.0	10.0	23.0	44.0	97.0	181.0	458.0	870.0	1695.0	3125.0	5559.0	9177.0	14124.0	20474.0	28183.0	38396.0	50243.0	63700.0	79247.0	97042.0	117351.0	137560.0	160688.0	185970.0	214371.0	245931.0	283372.0	329898.0	393888.0	489071.0	649285.0	967103.0	1818021.0	2260824.0
	2.0	3.0	4.0	5.0	6.0	7.0	8.0	9.0	10.0	11.0	12.0	13.0	14.0	15.0	16.0	17.0	18.0	19.0	20.0	21.0	22.0	23.0	24.0	25.0	26.0	27.0	28.0	29.0	30.0	31.0	32.0	33.0	34.0	35.0	36.0	37.0	38.0	39.0	40.0	41.0	42.0	43.0	44.0
MCW_CT_ROA_232_R2_trim	2.0	24.0	121.0	224.0	306.0	404.0	490.0	639.0	785.0	998.0	1317.0	1769.0	2339.0	2897.0	3636.0	4590.0	5809.0	6900.0	8141.0	9542.0	11423.0	13953.0	17067.0	21731.0	27384.0	34967.0	44231.0	55601.0	70857.0	88439.0	109854.0	135533.0	165385.0	201690.0	247016.0	304656.0	380330.0	486159.0	656157.0	981628.0	2088800.0	2472119.0	73.0
	10.0	11.0	12.0	13.0	14.0	15.0	16.0	17.0	18.0	19.0	20.0	21.0	22.0	23.0	24.0	25.0	26.0	27.0	28.0	29.0	30.0	31.0	32.0	33.0	34.0	35.0	36.0	37.0	38.0	39.0	40.0	41.0	42.0	43.0	44.0
MCW_CT_ROA_233_R1_trim	3.0	0.0	7.0	15.0	26.0	47.0	121.0	294.0	569.0	1207.0	2272.0	3891.0	6470.0	10066.0	14769.0	20911.0	28049.0	36921.0	48003.0	60819.0	75719.0	93157.0	113858.0	137198.0	166997.0	202426.0	243984.0	301162.0	374608.0	477936.0	630428.0	880974.0	1378002.0	2713521.0	3405748.0
	2.0	3.0	4.0	5.0	6.0	7.0	8.0	9.0	10.0	11.0	12.0	13.0	14.0	15.0	16.0	17.0	18.0	19.0	20.0	21.0	22.0	23.0	24.0	25.0	26.0	27.0	28.0	29.0	30.0	31.0	32.0	33.0	34.0	35.0	36.0	37.0	38.0	39.0	40.0	41.0	42.0	43.0	44.0
MCW_CT_ROA_233_R2_trim	1.0	8.0	78.0	185.0	222.0	310.0	406.0	577.0	747.0	922.0	1271.0	1865.0	2449.0	3192.0	4293.0	5543.0	6880.0	8683.0	10477.0	12426.0	15150.0	19113.0	24117.0	31252.0	40446.0	52851.0	67696.0	86130.0	109485.0	135579.0	167548.0	204486.0	249837.0	302079.0	364473.0	443776.0	547006.0	693368.0	920656.0	1354870.0	2739871.0	2799725.0	129.0
	11.0	12.0	13.0	14.0	15.0	16.0	17.0	18.0	19.0	20.0	21.0	22.0	23.0	24.0	25.0	26.0	27.0	28.0	29.0	30.0	31.0	32.0	33.0	34.0	35.0	36.0	37.0	38.0	39.0	40.0	41.0	42.0	43.0	44.0
MCW_CT_ROA_234_R1_trim	2.0	1.0	6.0	21.0	46.0	89.0	193.0	341.0	703.0	1191.0	2061.0	3165.0	4804.0	6973.0	9724.0	13463.0	17623.0	23491.0	31181.0	40367.0	51929.0	66974.0	85280.0	108400.0	138700.0	177817.0	228823.0	300229.0	399639.0	555367.0	823586.0	1408904.0	3097242.0	1165329.0
	3.0	4.0	5.0	6.0	7.0	8.0	9.0	10.0	11.0	12.0	13.0	14.0	15.0	16.0	17.0	18.0	19.0	20.0	21.0	22.0	23.0	24.0	25.0	26.0	27.0	28.0	29.0	30.0	31.0	32.0	33.0	34.0	35.0	36.0	37.0	38.0	39.0	40.0	41.0	42.0	43.0
MCW_CT_ROA_234_R2_trim	21.0	81.0	160.0	213.0	289.0	354.0	571.0	730.0	1030.0	1381.0	1874.0	2508.0	3298.0	4334.0	5481.0	6444.0	7975.0	9306.0	10945.0	12832.0	15353.0	18518.0	22948.0	27965.0	35216.0	44329.0	55147.0	69901.0	86230.0	106323.0	131079.0	161332.0	197451.0	242486.0	301658.0	380575.0	495793.0	686227.0	1074416.0	2372805.0	2168085.0
	11.0	12.0	13.0	14.0	15.0	16.0	17.0	18.0	19.0	20.0	21.0	22.0	23.0	24.0	25.0	26.0	27.0	28.0	29.0	30.0	31.0	32.0	33.0	34.0	35.0	36.0	37.0	38.0	39.0	40.0	41.0	42.0	43.0	44.0
MCW_CT_ROA_235_R1_trim	2.0	9.0	28.0	63.0	104.0	257.0	527.0	1171.0	2273.0	3979.0	6655.0	10230.0	15446.0	22241.0	30589.0	40928.0	54430.0	70367.0	89121.0	111019.0	137898.0	168986.0	205895.0	251262.0	304391.0	372778.0	460744.0	574625.0	732610.0	965826.0	1347562.0	2111107.0	3583413.0	1273052.0
	2.0	3.0	4.0	5.0	6.0	7.0	8.0	9.0	10.0	11.0	12.0	13.0	14.0	15.0	16.0	17.0	18.0	19.0	20.0	21.0	22.0	23.0	24.0	25.0	26.0	27.0	28.0	29.0	30.0	31.0	32.0	33.0	34.0	35.0	36.0	37.0	38.0	39.0	40.0	41.0	42.0	43.0
MCW_CT_ROA_235_R2_trim	2.0	26.0	157.0	257.0	314.0	472.0	578.0	847.0	1127.0	1395.0	1827.0	2472.0	3133.0	4012.0	5237.0	6489.0	7657.0	9448.0	11158.0	13500.0	15879.0	19599.0	23768.0	29614.0	37255.0	47047.0	58716.0	74301.0	93267.0	115997.0	145283.0	179252.0	221397.0	273003.0	339144.0	424760.0	543389.0	712108.0	992342.0	1555083.0	3350778.0	3627498.0
	11.0	12.0	13.0	14.0	15.0	16.0	17.0	18.0	19.0	20.0	21.0	22.0	23.0	24.0	25.0	26.0	27.0	28.0	29.0	30.0	31.0	32.0	33.0	34.0	35.0	36.0	37.0	38.0	39.0	40.0	41.0	42.0	43.0	44.0
MCW_CT_ROA_236_R1_trim	3.0	14.0	16.0	44.0	94.0	159.0	295.0	662.0	1365.0	2615.0	4705.0	7548.0	11913.0	17317.0	24401.0	33060.0	43151.0	55038.0	68628.0	84482.0	102954.0	123263.0	145934.0	172743.0	203010.0	240356.0	286647.0	346132.0	427771.0	547570.0	734191.0	1099544.0	2104641.0	2870863.0
	2.0	3.0	4.0	5.0	6.0	7.0	8.0	9.0	10.0	11.0	12.0	13.0	14.0	15.0	16.0	17.0	18.0	19.0	20.0	21.0	22.0	23.0	24.0	25.0	26.0	27.0	28.0	29.0	30.0	31.0	32.0	33.0	34.0	35.0	36.0	37.0	38.0	39.0	40.0	41.0	42.0	43.0	44.0
MCW_CT_ROA_236_R2_trim	1.0	32.0	182.0	345.0	466.0	563.0	741.0	940.0	1160.0	1498.0	1926.0	2508.0	3342.0	4289.0	5265.0	6498.0	7932.0	9579.0	11075.0	13320.0	15964.0	19606.0	24896.0	31606.0	40703.0	52100.0	65994.0	83718.0	103924.0	128749.0	156774.0	189305.0	227501.0	271559.0	324539.0	390902.0	475477.0	592955.0	779311.0	1122444.0	2184637.0	2406696.0	107.0
	11.0	12.0	13.0	14.0	15.0	16.0	17.0	18.0	19.0	20.0	21.0	22.0	23.0	24.0	25.0	26.0	27.0	28.0	29.0	30.0	31.0	32.0	33.0	34.0	35.0	36.0	37.0	38.0	39.0	40.0	41.0	42.0	43.0	44.0
MCW_CT_ROA_237_R1_trim	1.0	1.0	6.0	25.0	53.0	126.0	218.0	428.0	777.0	1477.0	2512.0	4094.0	6342.0	9464.0	13904.0	19933.0	28224.0	39411.0	54117.0	74119.0	99831.0	133029.0	176612.0	232508.0	303608.0	394311.0	512573.0	671078.0	886218.0	1204060.0	1721249.0	2729392.0	4012370.0	118399.0
	3.0	4.0	5.0	6.0	7.0	8.0	9.0	10.0	11.0	12.0	13.0	14.0	15.0	16.0	17.0	18.0	19.0	20.0	21.0	22.0	23.0	24.0	25.0	26.0	27.0	28.0	29.0	30.0	31.0	32.0	33.0	34.0	35.0	36.0	37.0	38.0	39.0	40.0	41.0	42.0	43.0
MCW_CT_ROA_237_R2_trim	8.0	42.0	126.0	144.0	246.0	345.0	529.0	744.0	1032.0	1484.0	2096.0	3068.0	3889.0	5118.0	6715.0	7950.0	9543.0	11288.0	12927.0	15739.0	19230.0	23920.0	30039.0	38779.0	50333.0	64389.0	82615.0	105148.0	133180.0	166780.0	208348.0	257158.0	317956.0	393445.0	493430.0	622684.0	813528.0	1114707.0	1694000.0	3430758.0	3307010.0
	10.0	11.0	12.0	13.0	14.0	15.0	16.0	17.0	18.0	19.0	20.0	21.0	22.0	23.0	24.0	25.0	26.0	27.0	28.0	29.0	30.0	31.0	32.0	33.0	34.0	35.0	36.0	37.0	38.0	39.0	40.0	41.0	42.0	43.0	44.0
MCW_CT_ROA_238_R1_trim	1.0	6.0	8.0	24.0	61.0	104.0	195.0	441.0	835.0	1631.0	3004.0	5366.0	8810.0	13879.0	20603.0	29501.0	40593.0	55312.0	72883.0	93196.0	116893.0	144263.0	174338.0	207899.0	243867.0	284977.0	327667.0	380613.0	445653.0	526009.0	642732.0	822169.0	1171769.0	2116429.0	2396653.0
	3.0	4.0	5.0	6.0	7.0	8.0	9.0	10.0	11.0	12.0	13.0	14.0	15.0	16.0	17.0	18.0	19.0	20.0	21.0	22.0	23.0	24.0	25.0	26.0	27.0	28.0	29.0	30.0	31.0	32.0	33.0	34.0	35.0	36.0	37.0	38.0	39.0	40.0	41.0	42.0	43.0	44.0
MCW_CT_ROA_238_R2_trim	21.0	127.0	256.0	339.0	394.0	466.0	645.0	802.0	1010.0	1399.0	1729.0	2328.0	3032.0	3879.0	4894.0	5985.0	7565.0	8813.0	10963.0	13167.0	16037.0	20119.0	25819.0	33296.0	43439.0	55947.0	71908.0	91288.0	115655.0	144407.0	177521.0	217762.0	266805.0	323608.0	396595.0	490208.0	625168.0	833053.0	1243201.0	2801918.0	2286750.0	66.0
	9.0	10.0	11.0	12.0	13.0	14.0	15.0	16.0	17.0	18.0	19.0	20.0	21.0	22.0	23.0	24.0	25.0	26.0	27.0	28.0	29.0	30.0	31.0	32.0	33.0	34.0	35.0	36.0	37.0	38.0	39.0	40.0	41.0	42.0	43.0	44.0
MCW_CT_ROA_239_R1_trim	1.0	2.0	5.0	13.0	22.0	54.0	104.0	206.0	384.0	779.0	1503.0	2961.0	4938.0	8269.0	12738.0	18954.0	26810.0	36865.0	48922.0	64307.0	82394.0	104362.0	129756.0	159114.0	193512.0	231547.0	275768.0	327453.0	388960.0	463973.0	563581.0	703905.0	923050.0	1349276.0	2474719.0	2813767.0
	2.0	3.0	4.0	5.0	6.0	7.0	8.0	9.0	10.0	11.0	12.0	13.0	14.0	15.0	16.0	17.0	18.0	19.0	20.0	21.0	22.0	23.0	24.0	25.0	26.0	27.0	28.0	29.0	30.0	31.0	32.0	33.0	34.0	35.0	36.0	37.0	38.0	39.0	40.0	41.0	42.0	43.0	44.0
MCW_CT_ROA_239_R2_trim	1.0	28.0	134.0	264.0	342.0	446.0	586.0	755.0	901.0	1255.0	1572.0	2186.0	2882.0	3884.0	5262.0	6789.0	8582.0	10330.0	12570.0	15123.0	18265.0	22764.0	28204.0	35885.0	46185.0	58775.0	75375.0	96211.0	120717.0	151835.0	187601.0	230622.0	278499.0	336541.0	404468.0	490228.0	597088.0	745848.0	974753.0	1403065.0	2783070.0	2252970.0	113.0
	10.0	11.0	12.0	13.0	14.0	15.0	16.0	17.0	18.0	19.0	20.0	21.0	22.0	23.0	24.0	25.0	26.0	27.0	28.0	29.0	30.0	31.0	32.0	33.0	34.0	35.0	36.0	37.0	38.0	39.0	40.0	41.0	42.0	43.0	44.0
MCW_CT_ROA_240_R1_trim	3.0	2.0	11.0	29.0	55.0	111.0	295.0	693.0	1312.0	2735.0	4916.0	7825.0	12488.0	18452.0	26313.0	35892.0	48256.0	62807.0	80314.0	101303.0	123835.0	150555.0	181518.0	217025.0	257171.0	305250.0	363934.0	436774.0	536248.0	674396.0	889640.0	1274907.0	2200327.0	4885796.0	177595.0
	2.0	3.0	4.0	5.0	6.0	7.0	8.0	9.0	10.0	11.0	12.0	13.0	14.0	15.0	16.0	17.0	18.0	19.0	20.0	21.0	22.0	23.0	24.0	25.0	26.0	27.0	28.0	29.0	30.0	31.0	32.0	33.0	34.0	35.0	36.0	37.0	38.0	39.0	40.0	41.0	42.0	43.0
MCW_CT_ROA_240_R2_trim	1.0	13.0	91.0	154.0	242.0	426.0	522.0	744.0	1155.0	1621.0	2191.0	3122.0	4426.0	6009.0	7873.0	10288.0	12987.0	16176.0	20175.0	24980.0	31524.0	39252.0	50186.0	64285.0	82254.0	105224.0	134329.0	167255.0	207425.0	252034.0	301852.0	357505.0	419829.0	487389.0	568136.0	664239.0	781651.0	941485.0	1182261.0	1608643.0	2670870.0	1847959.0
	10.0	11.0	12.0	13.0	14.0	15.0	16.0	17.0	18.0	19.0	20.0	21.0	22.0	23.0	24.0	25.0	26.0	27.0	28.0	29.0	30.0	31.0	32.0	33.0	34.0	35.0	36.0	37.0	38.0	39.0	40.0	41.0	42.0	43.0	44.0
MCW_CT_ROA_241_R1_trim	1.0	1.0	17.0	28.0	78.0	194.0	495.0	977.0	2081.0	3823.0	6942.0	11339.0	17577.0	26636.0	38251.0	53012.0	71848.0	93808.0	120701.0	151111.0	186088.0	225318.0	268759.0	318509.0	373376.0	440380.0	523103.0	627104.0	767267.0	966171.0	1280120.0	1830196.0	3047595.0	5052861.0	148694.0
	3.0	4.0	5.0	6.0	7.0	8.0	9.0	10.0	11.0	12.0	13.0	14.0	15.0	16.0	17.0	18.0	19.0	20.0	21.0	22.0	23.0	24.0	25.0	26.0	27.0	28.0	29.0	30.0	31.0	32.0	33.0	34.0	35.0	36.0	37.0	38.0	39.0	40.0	41.0	42.0	43.0
MCW_CT_ROA_241_R2_trim	10.0	83.0	189.0	278.0	441.0	658.0	863.0	1162.0	1655.0	2405.0	3232.0	4392.0	6007.0	7800.0	10181.0	12591.0	15272.0	18282.0	22261.0	26519.0	32357.0	39841.0	49722.0	62929.0	79975.0	101914.0	129933.0	163374.0	203549.0	253090.0	310529.0	380817.0	461520.0	560125.0	684833.0	848771.0	1074340.0	1431581.0	2100828.0	4187725.0	3362427.0
	10.0	11.0	12.0	13.0	14.0	15.0	16.0	17.0	18.0	19.0	20.0	21.0	22.0	23.0	24.0	25.0	26.0	27.0	28.0	29.0	30.0	31.0	32.0	33.0	34.0	35.0	36.0	37.0	38.0	39.0	40.0	41.0	42.0	43.0	44.0
MCW_CT_ROA_243_R1_trim	1.0	2.0	16.0	40.0	91.0	167.0	279.0	549.0	992.0	1901.0	3444.0	5804.0	9254.0	14163.0	20978.0	29380.0	40725.0	53336.0	69392.0	87735.0	109163.0	133783.0	161554.0	192704.0	227206.0	266450.0	311127.0	365671.0	435234.0	525237.0	654496.0	859877.0	1257375.0	2293267.0	2789413.0
	2.0	3.0	4.0	5.0	6.0	7.0	8.0	9.0	10.0	11.0	12.0	13.0	14.0	15.0	16.0	17.0	18.0	19.0	20.0	21.0	22.0	23.0	24.0	25.0	26.0	27.0	28.0	29.0	30.0	31.0	32.0	33.0	34.0	35.0	36.0	37.0	38.0	39.0	40.0	41.0	42.0	43.0	44.0
MCW_CT_ROA_243_R2_trim	3.0	54.0	255.0	426.0	571.0	678.0	880.0	1044.0	1289.0	1615.0	2149.0	2759.0	3514.0	4342.0	5733.0	6872.0	8551.0	10103.0	11786.0	13915.0	16293.0	19328.0	22705.0	27799.0	34315.0	42049.0	52478.0	65082.0	81597.0	100791.0	124725.0	153471.0	190472.0	232479.0	288895.0	359922.0	453874.0	592523.0	812552.0	1244616.0	2721681.0	3206524.0	96.0
	10.0	11.0	12.0	13.0	14.0	15.0	16.0	17.0	18.0	19.0	20.0	21.0	22.0	23.0	24.0	25.0	26.0	27.0	28.0	29.0	30.0	31.0	32.0	33.0	34.0	35.0	36.0	37.0	38.0	39.0	40.0	41.0	42.0	43.0	44.0
MCW_CT_ROA_244_R1_trim	1.0	4.0	8.0	27.0	65.0	181.0	365.0	826.0	1600.0	3222.0	5569.0	9325.0	14530.0	21703.0	30562.0	42763.0	58316.0	76347.0	97748.0	122273.0	149735.0	179936.0	211481.0	245203.0	281012.0	319227.0	360325.0	407209.0	465279.0	539981.0	649746.0	833547.0	1228733.0	1703375.0	39387.0
	3.0	4.0	5.0	6.0	7.0	8.0	9.0	10.0	11.0	12.0	13.0	14.0	15.0	16.0	17.0	18.0	19.0	20.0	21.0	22.0	23.0	24.0	25.0	26.0	27.0	28.0	29.0	30.0	31.0	32.0	33.0	34.0	35.0	36.0	37.0	38.0	39.0	40.0	41.0	42.0	43.0
MCW_CT_ROA_244_R2_trim	9.0	50.0	85.0	147.0	216.0	274.0	405.0	580.0	792.0	1076.0	1468.0	1930.0	2693.0	3554.0	4627.0	5662.0	6871.0	8409.0	10032.0	11871.0	14466.0	17935.0	22553.0	28687.0	37347.0	47354.0	61535.0	78550.0	99979.0	126059.0	156665.0	191551.0	233098.0	283762.0	346497.0	425483.0	536253.0	703876.0	1029914.0	2042685.0	1554611.0
	10.0	11.0	12.0	13.0	14.0	15.0	16.0	17.0	18.0	19.0	20.0	21.0	22.0	23.0	24.0	25.0	26.0	27.0	28.0	29.0	30.0	31.0	32.0	33.0	34.0	35.0	36.0	37.0	38.0	39.0	40.0	41.0	42.0	43.0	44.0
MCW_CT_ROA_245_R1_trim	1.0	1.0	6.0	11.0	29.0	40.0	83.0	133.0	259.0	450.0	715.0	1153.0	1886.0	2690.0	3840.0	5395.0	7313.0	9794.0	12903.0	16856.0	22293.0	29158.0	38524.0	50319.0	65872.0	86439.0	115318.0	155349.0	213480.0	301468.0	444881.0	698148.0	1248761.0	3029794.0	4260676.0
	2.0	3.0	4.0	5.0	6.0	7.0	8.0	9.0	10.0	11.0	12.0	13.0	14.0	15.0	16.0	17.0	18.0	19.0	20.0	21.0	22.0	23.0	24.0	25.0	26.0	27.0	28.0	29.0	30.0	31.0	32.0	33.0	34.0	35.0	36.0	37.0	38.0	39.0	40.0	41.0	42.0	43.0	44.0
MCW_CT_ROA_245_R2_trim	1.0	23.0	118.0	237.0	365.0	471.0	591.0	729.0	915.0	1326.0	1722.0	2422.0	3273.0	4523.0	5851.0	7415.0	9003.0	10774.0	12726.0	14465.0	16371.0	18975.0	22183.0	26002.0	31701.0	39034.0	48009.0	59316.0	72878.0	89268.0	111102.0	136705.0	167891.0	206360.0	255964.0	321093.0	409383.0	544925.0	769346.0	1235283.0	2967884.0	3197348.0	67.0
	11.0	12.0	13.0	14.0	15.0	16.0	17.0	18.0	19.0	20.0	21.0	22.0	23.0	24.0	25.0	26.0	27.0	28.0	29.0	30.0	31.0	32.0	33.0	34.0	35.0	36.0	37.0	38.0	39.0	40.0	41.0	42.0	43.0	44.0
MCW_CT_ROA_246_R1_trim	1.0	10.0	15.0	27.0	72.0	109.0	188.0	366.0	702.0	1238.0	2119.0	3427.0	5142.0	7570.0	10835.0	14833.0	20113.0	26931.0	35054.0	45824.0	59217.0	75750.0	96396.0	123892.0	158940.0	207228.0	269037.0	358414.0	481306.0	672495.0	982828.0	1602848.0	3265178.0	4146343.0
	2.0	3.0	4.0	5.0	6.0	7.0	8.0	9.0	10.0	11.0	12.0	13.0	14.0	15.0	16.0	17.0	18.0	19.0	20.0	21.0	22.0	23.0	24.0	25.0	26.0	27.0	28.0	29.0	30.0	31.0	32.0	33.0	34.0	35.0	36.0	37.0	38.0	39.0	40.0	41.0	42.0	43.0	44.0
MCW_CT_ROA_246_R2_trim	2.0	23.0	113.0	288.0	381.0	458.0	676.0	779.0	1067.0	1399.0	1876.0	2559.0	3474.0	4628.0	5991.0	7632.0	9241.0	11046.0	13003.0	15308.0	17852.0	20969.0	25028.0	30858.0	38554.0	47998.0	59898.0	74900.0	93587.0	116076.0	142511.0	174707.0	212932.0	261678.0	321452.0	398539.0	504636.0	658248.0	909610.0	1410278.0	3099282.0	3974763.0	148.0
	9.0	10.0	11.0	12.0	13.0	14.0	15.0	16.0	17.0	18.0	19.0	20.0	21.0	22.0	23.0	24.0	25.0	26.0	27.0	28.0	29.0	30.0	31.0	32.0	33.0	34.0	35.0	36.0	37.0	38.0	39.0	40.0	41.0	42.0	43.0	44.0
MCW_CT_ROA_247_R1_trim	1.0	0.0	3.0	8.0	28.0	53.0	83.0	188.0	347.0	593.0	1149.0	2023.0	3454.0	5590.0	8635.0	12811.0	18480.0	25276.0	34438.0	45209.0	58036.0	73678.0	91735.0	112605.0	137272.0	165167.0	198116.0	238574.0	289199.0	356933.0	450233.0	593398.0	828101.0	1308152.0	2744016.0	3828294.0
	2.0	3.0	4.0	5.0	6.0	7.0	8.0	9.0	10.0	11.0	12.0	13.0	14.0	15.0	16.0	17.0	18.0	19.0	20.0	21.0	22.0	23.0	24.0	25.0	26.0	27.0	28.0	29.0	30.0	31.0	32.0	33.0	34.0	35.0	36.0	37.0	38.0	39.0	40.0	41.0	42.0	43.0	44.0
MCW_CT_ROA_247_R2_trim	1.0	43.0	228.0	470.0	662.0	865.0	1038.0	1275.0	1599.0	2195.0	2871.0	3663.0	4886.0	6447.0	8549.0	10680.0	12873.0	15556.0	18498.0	21815.0	26121.0	31448.0	38434.0	48019.0	59968.0	75348.0	94803.0	117657.0	145219.0	176828.0	213833.0	255870.0	303767.0	362490.0	429226.0	511383.0	616788.0	759595.0	978948.0	1383851.0	2555341.0	2332626.0	101.0
	10.0	11.0	12.0	13.0	14.0	15.0	16.0	17.0	18.0	19.0	20.0	21.0	22.0	23.0	24.0	25.0	26.0	27.0	28.0	29.0	30.0	31.0	32.0	33.0	34.0	35.0	36.0	37.0	38.0	39.0	40.0	41.0	42.0	43.0	44.0
MCW_CT_ROA_249_R1_trim	3.0	6.0	14.0	24.0	57.0	109.0	224.0	467.0	959.0	1706.0	3157.0	5652.0	9093.0	13885.0	19896.0	28782.0	38306.0	51525.0	65172.0	83301.0	102912.0	126100.0	151641.0	180364.0	211924.0	248753.0	291411.0	341365.0	403791.0	486859.0	604419.0	790988.0	1139725.0	2014064.0	2364304.0
	2.0	3.0	4.0	5.0	6.0	7.0	8.0	9.0	10.0	11.0	12.0	13.0	14.0	15.0	16.0	17.0	18.0	19.0	20.0	21.0	22.0	23.0	24.0	25.0	26.0	27.0	28.0	29.0	30.0	31.0	32.0	33.0	34.0	35.0	36.0	37.0	38.0	39.0	40.0	41.0	42.0	43.0	44.0
MCW_CT_ROA_249_R2_trim	2.0	62.0	272.0	443.0	583.0	705.0	920.0	1136.0	1496.0	1858.0	2329.0	3167.0	4266.0	5443.0	6892.0	8631.0	10502.0	12385.0	14222.0	17050.0	19271.0	23226.0	28056.0	34376.0	43098.0	53876.0	67173.0	83925.0	104016.0	127253.0	156185.0	187801.0	226423.0	271353.0	328571.0	394975.0	482090.0	605607.0	794861.0	1155100.0	2297560.0	2203667.0	131.0
	10.0	11.0	12.0	13.0	14.0	15.0	16.0	17.0	18.0	19.0	20.0	21.0	22.0	23.0	24.0	25.0	26.0	27.0	28.0	29.0	30.0	31.0	32.0	33.0	34.0	35.0	36.0	37.0	38.0	39.0	40.0	41.0	42.0	43.0	44.0
MCW_CT_ROA_250_R1_trim	1.0	1.0	13.0	10.0	56.0	110.0	305.0	643.0	1392.0	2757.0	4923.0	8543.0	13077.0	19916.0	27879.0	38379.0	51241.0	66207.0	83763.0	104768.0	127825.0	155908.0	186835.0	222913.0	263301.0	313368.0	373631.0	449335.0	552107.0	695345.0	915367.0	1291901.0	2137031.0	4694359.0	1774022.0
	3.0	4.0	5.0	6.0	7.0	8.0	9.0	10.0	11.0	12.0	13.0	14.0	15.0	16.0	17.0	18.0	19.0	20.0	21.0	22.0	23.0	24.0	25.0	26.0	27.0	28.0	29.0	30.0	31.0	32.0	33.0	34.0	35.0	36.0	37.0	38.0	39.0	40.0	41.0	42.0	43.0
MCW_CT_ROA_250_R2_trim	43.0	184.0	363.0	531.0	713.0	965.0	1386.0	1715.0	2375.0	3224.0	4310.0	5582.0	7399.0	9359.0	11790.0	14384.0	17590.0	21198.0	25935.0	32189.0	40612.0	51265.0	66573.0	85511.0	109538.0	138816.0	173783.0	215405.0	262227.0	313446.0	374085.0	440658.0	517338.0	603362.0	711603.0	846010.0	1031628.0	1310916.0	1828170.0	3166633.0	2128418.0
	9.0	10.0	11.0	12.0	13.0	14.0	15.0	16.0	17.0	18.0	19.0	20.0	21.0	22.0	23.0	24.0	25.0	26.0	27.0	28.0	29.0	30.0	31.0	32.0	33.0	34.0	35.0	36.0	37.0	38.0	39.0	40.0	41.0	42.0	43.0	44.0
MCW_CT_ROA_252_R1_trim	1.0	1.0	3.0	9.0	26.0	48.0	112.0	322.0	684.0	1569.0	2827.0	5167.0	8357.0	12957.0	18801.0	26226.0	35637.0	46272.0	58983.0	74733.0	92172.0	113146.0	136829.0	163794.0	196450.0	235896.0	282166.0	339032.0	410542.0	507366.0	643364.0	850024.0	1205679.0	1973631.0	3546488.0	132237.0
	2.0	3.0	4.0	5.0	6.0	7.0	8.0	9.0	10.0	11.0	12.0	13.0	14.0	15.0	16.0	17.0	18.0	19.0	20.0	21.0	22.0	23.0	24.0	25.0	26.0	27.0	28.0	29.0	30.0	31.0	32.0	33.0	34.0	35.0	36.0	37.0	38.0	39.0	40.0	41.0	42.0	43.0
MCW_CT_ROA_252_R2_trim	1.0	16.0	97.0	169.0	243.0	354.0	536.0	730.0	1065.0	1482.0	2073.0	2827.0	3976.0	5222.0	6906.0	8646.0	10622.0	12797.0	14659.0	17570.0	20906.0	25119.0	31055.0	39153.0	49346.0	62605.0	79654.0	100644.0	124785.0	153310.0	186828.0	225731.0	270866.0	322776.0	386527.0	463816.0	564915.0	707499.0	925008.0	1345217.0	2560454.0	2385346.0
	11.0	12.0	13.0	14.0	15.0	16.0	17.0	18.0	19.0	20.0	21.0	22.0	23.0	24.0	25.0	26.0	27.0	28.0	29.0	30.0	31.0	32.0	33.0	34.0	35.0	36.0	37.0	38.0	39.0	40.0	41.0	42.0	43.0	44.0
MCW_CT_ROA_253_R1_trim	2.0	4.0	5.0	25.0	77.0	163.0	299.0	708.0	1216.0	2247.0	3867.0	6059.0	8954.0	12890.0	18077.0	24155.0	32784.0	42975.0	55717.0	71661.0	92014.0	115690.0	145766.0	183474.0	231320.0	293289.0	375159.0	487494.0	648616.0	900969.0	1348932.0	2366520.0	4493613.0	142937.0
	3.0	4.0	5.0	6.0	7.0	8.0	9.0	10.0	11.0	12.0	13.0	14.0	15.0	16.0	17.0	18.0	19.0	20.0	21.0	22.0	23.0	24.0	25.0	26.0	27.0	28.0	29.0	30.0	31.0	32.0	33.0	34.0	35.0	36.0	37.0	38.0	39.0	40.0	41.0	42.0	43.0
MCW_CT_ROA_253_R2_trim	12.0	79.0	164.0	214.0	375.0	489.0	767.0	1080.0	1499.0	2175.0	2965.0	4077.0	5604.0	7148.0	9009.0	11080.0	13352.0	15936.0	18735.0	22106.0	26562.0	33233.0	42281.0	53703.0	69094.0	87524.0	111328.0	140121.0	173701.0	214200.0	261314.0	315799.0	381251.0	456713.0	551128.0	672569.0	843002.0	1104497.0	1584049.0	2888516.0	1980227.0
	10.0	11.0	12.0	13.0	14.0	15.0	16.0	17.0	18.0	19.0	20.0	21.0	22.0	23.0	24.0	25.0	26.0	27.0	28.0	29.0	30.0	31.0	32.0	33.0	34.0	35.0	36.0	37.0	38.0	39.0	40.0	41.0	42.0	43.0	44.0
MCW_CT_ROA_254_R1_trim	1.0	6.0	16.0	29.0	43.0	89.0	155.0	315.0	608.0	1176.0	2177.0	3837.0	6020.0	9299.0	13807.0	19723.0	26336.0	35209.0	45131.0	56959.0	70867.0	86463.0	103843.0	123990.0	147154.0	171012.0	200231.0	235561.0	278926.0	338081.0	420916.0	555709.0	804208.0	1475987.0	1886913.0
	2.0	3.0	4.0	5.0	6.0	7.0	8.0	9.0	10.0	11.0	12.0	13.0	14.0	15.0	16.0	17.0	18.0	19.0	20.0	21.0	22.0	23.0	24.0	25.0	26.0	27.0	28.0	29.0	30.0	31.0	32.0	33.0	34.0	35.0	36.0	37.0	38.0	39.0	40.0	41.0	42.0	43.0	44.0
MCW_CT_ROA_254_R2_trim	2.0	19.0	165.0	306.0	422.0	500.0	610.0	768.0	961.0	1198.0	1526.0	2000.0	2596.0	3305.0	4152.0	4967.0	5952.0	7041.0	8050.0	9424.0	10971.0	13099.0	15785.0	19522.0	24493.0	30415.0	38418.0	48379.0	60462.0	75056.0	92640.0	112215.0	137181.0	168205.0	205228.0	250617.0	313522.0	400808.0	539848.0	812378.0	1732742.0	1964776.0	73.0
	8.0	9.0	10.0	11.0	12.0	13.0	14.0	15.0	16.0	17.0	18.0	19.0	20.0	21.0	22.0	23.0	24.0	25.0	26.0	27.0	28.0	29.0	30.0	31.0	32.0	33.0	34.0	35.0	36.0	37.0	38.0	39.0	40.0	41.0	42.0	43.0	44.0
MCW_CT_ROA_255_R1_trim	1.0	0.0	1.0	1.0	3.0	14.0	23.0	51.0	131.0	284.0	646.0	1161.0	2059.0	3508.0	5718.0	8709.0	13010.0	18789.0	25681.0	35337.0	47163.0	61448.0	78971.0	100945.0	125746.0	155312.0	190330.0	232996.0	281452.0	341582.0	414417.0	513548.0	646945.0	859435.0	1261411.0	1775878.0	52993.0
	2.0	3.0	4.0	5.0	6.0	7.0	8.0	9.0	10.0	11.0	12.0	13.0	14.0	15.0	16.0	17.0	18.0	19.0	20.0	21.0	22.0	23.0	24.0	25.0	26.0	27.0	28.0	29.0	30.0	31.0	32.0	33.0	34.0	35.0	36.0	37.0	38.0	39.0	40.0	41.0	42.0	43.0
MCW_CT_ROA_255_R2_trim	1.0	18.0	73.0	127.0	165.0	232.0	383.0	535.0	733.0	1037.0	1486.0	2073.0	2693.0	3509.0	4430.0	5509.0	6495.0	7597.0	8768.0	10184.0	12060.0	14482.0	17990.0	22729.0	28839.0	36386.0	46476.0	58253.0	73064.0	91011.0	112057.0	137104.0	166550.0	200701.0	243798.0	297409.0	367059.0	464829.0	616128.0	902128.0	1734065.0	1556533.0
	11.0	12.0	13.0	14.0	15.0	16.0	17.0	18.0	19.0	20.0	21.0	22.0	23.0	24.0	25.0	26.0	27.0	28.0	29.0	30.0	31.0	32.0	33.0	34.0	35.0	36.0	37.0	38.0	39.0	40.0	41.0	42.0	43.0	44.0
MCW_CT_ROA_256_R1_trim	1.0	1.0	5.0	16.0	29.0	71.0	152.0	387.0	650.0	1079.0	1881.0	3066.0	4576.0	6822.0	9885.0	13902.0	19108.0	25927.0	35114.0	47360.0	62505.0	81828.0	107203.0	139234.0	180512.0	233972.0	303093.0	397015.0	525741.0	719782.0	1048907.0	1753744.0	3365546.0	120608.0
	2.0	3.0	4.0	5.0	6.0	7.0	8.0	9.0	10.0	11.0	12.0	13.0	14.0	15.0	16.0	17.0	18.0	19.0	20.0	21.0	22.0	23.0	24.0	25.0	26.0	27.0	28.0	29.0	30.0	31.0	32.0	33.0	34.0	35.0	36.0	37.0	38.0	39.0	40.0	41.0	42.0	43.0
MCW_CT_ROA_256_R2_trim	1.0	15.0	50.0	72.0	134.0	196.0	299.0	429.0	631.0	896.0	1264.0	1809.0	2407.0	3310.0	4347.0	5420.0	6429.0	7509.0	8954.0	10523.0	12331.0	14729.0	18135.0	23123.0	29153.0	37328.0	47816.0	60759.0	77063.0	97536.0	120915.0	149366.0	183250.0	226131.0	278041.0	343225.0	433615.0	561199.0	764066.0	1159063.0	2339817.0	2178366.0
	10.0	11.0	12.0	13.0	14.0	15.0	16.0	17.0	18.0	19.0	20.0	21.0	22.0	23.0	24.0	25.0	26.0	27.0	28.0	29.0	30.0	31.0	32.0	33.0	34.0	35.0	36.0	37.0	38.0	39.0	40.0	41.0	42.0	43.0	44.0
MCW_CT_ROA_78_R1_trim	2.0	2.0	6.0	20.0	30.0	80.0	179.0	316.0	701.0	1452.0	2515.0	4433.0	6845.0	10567.0	15218.0	21005.0	28307.0	37878.0	48682.0	62396.0	78141.0	97018.0	119801.0	146333.0	175972.0	211519.0	254888.0	307544.0	377025.0	469378.0	602218.0	821705.0	1260216.0	2284884.0	1067261.0
	3.0	4.0	5.0	6.0	7.0	8.0	9.0	10.0	11.0	12.0	13.0	14.0	15.0	16.0	17.0	18.0	19.0	20.0	21.0	22.0	23.0	24.0	25.0	26.0	27.0	28.0	29.0	30.0	31.0	32.0	33.0	34.0	35.0	36.0	37.0	38.0	39.0	40.0	41.0	42.0	43.0	44.0
MCW_CT_ROA_78_R2_trim	31.0	129.0	223.0	291.0	415.0	604.0	722.0	939.0	1322.0	1841.0	2335.0	3070.0	4122.0	5370.0	6876.0	8530.0	10273.0	12068.0	14370.0	16830.0	20170.0	24305.0	30200.0	37375.0	46356.0	57567.0	72240.0	89060.0	110738.0	135979.0	166304.0	201596.0	243716.0	294609.0	357851.0	439062.0	554061.0	731362.0	1067194.0	2141585.0	1602275.0	571.0
	10.0	11.0	12.0	13.0	14.0	15.0	16.0	17.0	18.0	19.0	20.0	21.0	22.0	23.0	24.0	25.0	26.0	27.0	28.0	29.0	30.0	31.0	32.0	33.0	34.0	35.0	36.0	37.0	38.0	39.0	40.0	41.0	42.0	43.0	44.0
MCW_CT_ROA_79_R1_trim	3.0	2.0	8.0	32.0	86.0	144.0	341.0	607.0	1122.0	2123.0	3701.0	5920.0	9329.0	13871.0	20040.0	27940.0	38914.0	52232.0	68948.0	90155.0	117685.0	149201.0	188063.0	234225.0	288173.0	354428.0	434076.0	533720.0	662262.0	842395.0	1114477.0	1577123.0	2599958.0	5483039.0	2316067.0
	2.0	3.0	4.0	5.0	6.0	7.0	8.0	9.0	10.0	11.0	12.0	13.0	14.0	15.0	16.0	17.0	18.0	19.0	20.0	21.0	22.0	23.0	24.0	25.0	26.0	27.0	28.0	29.0	30.0	31.0	32.0	33.0	34.0	35.0	36.0	37.0	38.0	39.0	40.0	41.0	42.0	43.0	44.0
MCW_CT_ROA_79_R2_trim	7.0	96.0	496.0	880.0	1249.0	1786.0	2293.0	3171.0	4079.0	5417.0	7436.0	9372.0	12234.0	16097.0	20112.0	24148.0	28611.0	33560.0	38080.0	43248.0	48665.0	54126.0	62614.0	72956.0	86425.0	104153.0	127083.0	155261.0	189008.0	231060.0	280964.0	338134.0	407368.0	486649.0	585928.0	708356.0	870380.0	1096275.0	1454449.0	2172386.0	4794168.0	2651018.0	612.0
	10.0	11.0	12.0	13.0	14.0	15.0	16.0	17.0	18.0	19.0	20.0	21.0	22.0	23.0	24.0	25.0	26.0	27.0	28.0	29.0	30.0	31.0	32.0	33.0	34.0	35.0	36.0	37.0	38.0	39.0	40.0	41.0	42.0	43.0	44.0
MCW_CT_ROA_80_R1_trim	2.0	6.0	23.0	58.0	119.0	221.0	450.0	878.0	1619.0	2632.0	4630.0	7305.0	11322.0	16768.0	24090.0	33925.0	45659.0	60924.0	79441.0	102277.0	127866.0	156914.0	189208.0	226155.0	263818.0	305022.0	353779.0	410410.0	482070.0	576363.0	717187.0	963439.0	1508662.0	3026054.0	1373959.0
	2.0	3.0	4.0	5.0	6.0	7.0	8.0	9.0	10.0	11.0	12.0	13.0	14.0	15.0	16.0	17.0	18.0	19.0	20.0	21.0	22.0	23.0	24.0	25.0	26.0	27.0	28.0	29.0	30.0	31.0	32.0	33.0	34.0	35.0	36.0	37.0	38.0	39.0	40.0	41.0	42.0	43.0	44.0
MCW_CT_ROA_80_R2_trim	6.0	47.0	231.0	430.0	590.0	780.0	1081.0	1391.0	1811.0	2335.0	3056.0	4008.0	5208.0	6512.0	8441.0	10529.0	13043.0	16285.0	19426.0	22824.0	27226.0	32050.0	38408.0	46694.0	57482.0	72140.0	89938.0	112569.0	138886.0	172288.0	211357.0	256766.0	307342.0	369986.0	441321.0	529027.0	640196.0	789977.0	1015004.0	1433271.0	2644628.0	1528299.0	366.0
	10.0	11.0	12.0	13.0	14.0	15.0	16.0	17.0	18.0	19.0	20.0	21.0	22.0	23.0	24.0	25.0	26.0	27.0	28.0	29.0	30.0	31.0	32.0	33.0	34.0	35.0	36.0	37.0	38.0	39.0	40.0	41.0	42.0	43.0	44.0
MCW_CT_ROA_81_R1_trim	1.0	3.0	13.0	24.0	54.0	129.0	270.0	515.0	1147.0	2291.0	4021.0	6926.0	10893.0	16598.0	23813.0	33003.0	45033.0	59536.0	76357.0	95957.0	119319.0	144332.0	173999.0	207007.0	243078.0	284908.0	334523.0	396211.0	473466.0	575960.0	720107.0	959730.0	1425667.0	2554788.0	1314482.0
	2.0	3.0	4.0	5.0	6.0	7.0	8.0	9.0	10.0	11.0	12.0	13.0	14.0	15.0	16.0	17.0	18.0	19.0	20.0	21.0	22.0	23.0	24.0	25.0	26.0	27.0	28.0	29.0	30.0	31.0	32.0	33.0	34.0	35.0	36.0	37.0	38.0	39.0	40.0	41.0	42.0	43.0	44.0
MCW_CT_ROA_81_R2_trim	5.0	87.0	337.0	566.0	743.0	1027.0	1436.0	1884.0	2708.0	3374.0	4497.0	5986.0	7665.0	9800.0	12070.0	13987.0	16613.0	19000.0	21184.0	23439.0	26610.0	30441.0	35297.0	42049.0	51422.0	61252.0	75555.0	91852.0	112189.0	136616.0	164723.0	198140.0	238082.0	285841.0	341383.0	415241.0	507737.0	634921.0	835243.0	1210831.0	2368639.0	2292945.0	744.0
	12.0	13.0	14.0	15.0	16.0	17.0	18.0	19.0	20.0	21.0	22.0	23.0	24.0	25.0	26.0	27.0	28.0	29.0	30.0	31.0	32.0	33.0	34.0	35.0	36.0	37.0	38.0	39.0	40.0	41.0	42.0	43.0	44.0
MCW_CT_ROA_83_R1_trim	5.0	8.0	25.0	70.0	153.0	261.0	492.0	867.0	1518.0	2408.0	3767.0	5696.0	8245.0	11404.0	15805.0	21604.0	28973.0	38680.0	51247.0	67590.0	88273.0	115266.0	150199.0	196184.0	255480.0	336909.0	450132.0	612659.0	864030.0	1289533.0	2192202.0	4780657.0	2283130.0
	2.0	3.0	4.0	5.0	6.0	7.0	8.0	9.0	10.0	11.0	12.0	13.0	14.0	15.0	16.0	17.0	18.0	19.0	20.0	21.0	22.0	23.0	24.0	25.0	26.0	27.0	28.0	29.0	30.0	31.0	32.0	33.0	34.0	35.0	36.0	37.0	38.0	39.0	40.0	41.0	42.0	43.0	44.0
MCW_CT_ROA_83_R2_trim	4.0	95.0	407.0	663.0	944.0	1241.0	1764.0	2523.0	3293.0	4704.0	6291.0	8414.0	11204.0	14489.0	18085.0	21664.0	25098.0	28497.0	31778.0	35564.0	38675.0	43149.0	49172.0	57226.0	68310.0	80583.0	97064.0	117563.0	141199.0	171951.0	206646.0	249999.0	300066.0	361418.0	437104.0	531313.0	657895.0	840107.0	1122819.0	1666198.0	3420941.0	2996555.0	797.0
	9.0	10.0	11.0	12.0	13.0	14.0	15.0	16.0	17.0	18.0	19.0	20.0	21.0	22.0	23.0	24.0	25.0	26.0	27.0	28.0	29.0	30.0	31.0	32.0	33.0	34.0	35.0	36.0	37.0	38.0	39.0	40.0	41.0	42.0	43.0	44.0
MCW_CT_ROA_84_R1_trim	1.0	0.0	4.0	8.0	21.0	48.0	102.0	189.0	398.0	752.0	1253.0	2054.0	3475.0	5436.0	8123.0	11879.0	16688.0	22883.0	31041.0	40862.0	52768.0	67263.0	85066.0	105427.0	129662.0	159975.0	196514.0	240411.0	299864.0	378730.0	486981.0	649953.0	918702.0	1458350.0	2759189.0	1326757.0
	2.0	3.0	4.0	5.0	6.0	7.0	8.0	9.0	10.0	11.0	12.0	13.0	14.0	15.0	16.0	17.0	18.0	19.0	20.0	21.0	22.0	23.0	24.0	25.0	26.0	27.0	28.0	29.0	30.0	31.0	32.0	33.0	34.0	35.0	36.0	37.0	38.0	39.0	40.0	41.0	42.0	43.0	44.0
MCW_CT_ROA_84_R2_trim	1.0	46.0	186.0	362.0	492.0	648.0	826.0	1097.0	1412.0	1852.0	2319.0	3068.0	3881.0	4793.0	6068.0	7225.0	8528.0	9962.0	11457.0	13286.0	15495.0	17924.0	20539.0	24354.0	28933.0	34699.0	41827.0	51730.0	63243.0	77950.0	96438.0	118008.0	144562.0	179797.0	224267.0	282954.0	363515.0	481383.0	676793.0	1074997.0	2514367.0	2848599.0	946.0
	10.0	11.0	12.0	13.0	14.0	15.0	16.0	17.0	18.0	19.0	20.0	21.0	22.0	23.0	24.0	25.0	26.0	27.0	28.0	29.0	30.0	31.0	32.0	33.0	34.0	35.0	36.0	37.0	38.0	39.0	40.0	41.0	42.0	43.0	44.0
MCW_CT_ROA_85_R1_trim	3.0	14.0	20.0	81.0	168.0	346.0	598.0	1167.0	2061.0	3681.0	6258.0	10119.0	15642.0	23189.0	33460.0	47225.0	63876.0	86390.0	112740.0	144034.0	182627.0	225234.0	274078.0	326043.0	387002.0	453250.0	528318.0	620769.0	737043.0	894061.0	1128452.0	1530121.0	2408611.0	5113059.0	2511570.0
	2.0	3.0	4.0	5.0	6.0	7.0	8.0	9.0	10.0	11.0	12.0	13.0	14.0	15.0	16.0	17.0	18.0	19.0	20.0	21.0	22.0	23.0	24.0	25.0	26.0	27.0	28.0	29.0	30.0	31.0	32.0	33.0	34.0	35.0	36.0	37.0	38.0	39.0	40.0	41.0	42.0	43.0	44.0
MCW_CT_ROA_85_R2_trim	5.0	125.0	633.0	1115.0	1600.0	2038.0	2826.0	3908.0	5025.0	6590.0	8632.0	11282.0	14572.0	18299.0	23179.0	28190.0	33722.0	39140.0	44735.0	50376.0	57039.0	64043.0	74334.0	87203.0	103883.0	124441.0	152230.0	184265.0	225007.0	271168.0	326645.0	391400.0	465450.0	554561.0	657955.0	786863.0	950114.0	1176529.0	1526577.0	2174821.0	4204749.0	3015246.0	795.0
	11.0	12.0	13.0	14.0	15.0	16.0	17.0	18.0	19.0	20.0	21.0	22.0	23.0	24.0	25.0	26.0	27.0	28.0	29.0	30.0	31.0	32.0	33.0	34.0	35.0	36.0	37.0	38.0	39.0	40.0	41.0	42.0	43.0	44.0
MCW_CT_ROA_86_R1_trim	4.0	10.0	15.0	47.0	86.0	214.0	430.0	817.0	1523.0	2588.0	4439.0	6779.0	10422.0	14819.0	20474.0	27584.0	35344.0	45345.0	57138.0	71096.0	86647.0	105842.0	126820.0	152522.0	183546.0	219905.0	266349.0	326297.0	409240.0	526816.0	714794.0	1060963.0	1766448.0	884359.0
	2.0	3.0	4.0	5.0	6.0	7.0	8.0	9.0	10.0	11.0	12.0	13.0	14.0	15.0	16.0	17.0	18.0	19.0	20.0	21.0	22.0	23.0	24.0	25.0	26.0	27.0	28.0	29.0	30.0	31.0	32.0	33.0	34.0	35.0	36.0	37.0	38.0	39.0	40.0	41.0	42.0	43.0	44.0
MCW_CT_ROA_86_R2_trim	3.0	76.0	327.0	462.0	616.0	825.0	1123.0	1582.0	2044.0	2735.0	3574.0	4752.0	6285.0	7983.0	9830.0	11758.0	13803.0	15807.0	17823.0	19678.0	21941.0	24723.0	28441.0	33015.0	38993.0	46836.0	55540.0	66771.0	81207.0	96500.0	115259.0	138850.0	164542.0	197619.0	235675.0	284788.0	350845.0	439920.0	581371.0	842959.0	1641119.0	1521132.0	590.0
	10.0	11.0	12.0	13.0	14.0	15.0	16.0	17.0	18.0	19.0	20.0	21.0	22.0	23.0	24.0	25.0	26.0	27.0	28.0	29.0	30.0	31.0	32.0	33.0	34.0	35.0	36.0	37.0	38.0	39.0	40.0	41.0	42.0	43.0	44.0
MCW_CT_ROA_87_R1_trim	1.0	4.0	7.0	29.0	38.0	85.0	177.0	367.0	712.0	1197.0	2223.0	3802.0	5790.0	8899.0	12886.0	18607.0	25549.0	34571.0	46948.0	61278.0	79113.0	102135.0	130072.0	163214.0	204302.0	256410.0	320443.0	401208.0	505406.0	645395.0	842804.0	1150418.0	1730820.0	2914451.0	1322654.0
	2.0	3.0	4.0	5.0	6.0	7.0	8.0	9.0	10.0	11.0	12.0	13.0	14.0	15.0	16.0	17.0	18.0	19.0	20.0	21.0	22.0	23.0	24.0	25.0	26.0	27.0	28.0	29.0	30.0	31.0	32.0	33.0	34.0	35.0	36.0	37.0	38.0	39.0	40.0	41.0	42.0	43.0	44.0
MCW_CT_ROA_87_R2_trim	5.0	83.0	339.0	525.0	773.0	976.0	1421.0	1967.0	2656.0	3562.0	4899.0	6242.0	8150.0	10181.0	12790.0	15012.0	17574.0	19798.0	21925.0	24170.0	27267.0	30698.0	34989.0	41004.0	48739.0	57904.0	69330.0	83702.0	99713.0	120965.0	145556.0	176052.0	212140.0	257548.0	314632.0	386677.0	483691.0	625814.0	850165.0	1285832.0	2713321.0	2772338.0	890.0
	10.0	11.0	12.0	13.0	14.0	15.0	16.0	17.0	18.0	19.0	20.0	21.0	22.0	23.0	24.0	25.0	26.0	27.0	28.0	29.0	30.0	31.0	32.0	33.0	34.0	35.0	36.0	37.0	38.0	39.0	40.0	41.0	42.0	43.0	44.0
MCW_CT_ROA_88_R1_trim	1.0	3.0	8.0	15.0	20.0	62.0	133.0	225.0	415.0	782.0	1378.0	2208.0	3339.0	5030.0	7211.0	9621.0	13115.0	17423.0	23021.0	29500.0	37579.0	47487.0	59915.0	75069.0	94087.0	118257.0	149692.0	191918.0	248218.0	328836.0	447052.0	635266.0	987220.0	1727476.0	875319.0
	2.0	3.0	4.0	5.0	6.0	7.0	8.0	9.0	10.0	11.0	12.0	13.0	14.0	15.0	16.0	17.0	18.0	19.0	20.0	21.0	22.0	23.0	24.0	25.0	26.0	27.0	28.0	29.0	30.0	31.0	32.0	33.0	34.0	35.0	36.0	37.0	38.0	39.0	40.0	41.0	42.0	43.0	44.0
MCW_CT_ROA_88_R2_trim	2.0	48.0	214.0	328.0	479.0	643.0	861.0	1150.0	1495.0	2147.0	2913.0	3962.0	5473.0	7130.0	9276.0	11266.0	13464.0	15296.0	17508.0	19707.0	21532.0	23858.0	27144.0	30496.0	35958.0	42792.0	51432.0	61545.0	73812.0	89309.0	107580.0	128449.0	153666.0	184441.0	221340.0	267562.0	328798.0	413563.0	540878.0	769056.0	1386537.0	1063439.0	352.0
	11.0	12.0	13.0	14.0	15.0	16.0	17.0	18.0	19.0	20.0	21.0	22.0	23.0	24.0	25.0	26.0	27.0	28.0	29.0	30.0	31.0	32.0	33.0	34.0	35.0	36.0	37.0	38.0	39.0	40.0	41.0	42.0	43.0	44.0
MCW_CT_ROA_89_R1_trim	2.0	6.0	14.0	33.0	77.0	149.0	313.0	544.0	1000.0	1664.0	2785.0	4589.0	6753.0	10104.0	14953.0	21357.0	29588.0	39601.0	53673.0	71097.0	92555.0	119828.0	152388.0	194319.0	246108.0	309737.0	390736.0	493930.0	632803.0	826334.0	1121885.0	1671794.0	2740472.0	1225763.0
	2.0	3.0	4.0	5.0	6.0	7.0	8.0	9.0	10.0	11.0	12.0	13.0	14.0	15.0	16.0	17.0	18.0	19.0	20.0	21.0	22.0	23.0	24.0	25.0	26.0	27.0	28.0	29.0	30.0	31.0	32.0	33.0	34.0	35.0	36.0	37.0	38.0	39.0	40.0	41.0	42.0	43.0	44.0
MCW_CT_ROA_89_R2_trim	2.0	69.0	302.0	549.0	715.0	1037.0	1392.0	1965.0	2612.0	3502.0	4579.0	6096.0	8341.0	10156.0	12690.0	14990.0	17297.0	19265.0	22087.0	24295.0	27272.0	31446.0	36427.0	42593.0	50537.0	60203.0	72681.0	87874.0	105133.0	126289.0	150964.0	181917.0	218058.0	262233.0	318120.0	389768.0	483879.0	622080.0	835979.0	1240925.0	2490226.0	2489550.0	859.0
	10.0	11.0	12.0	13.0	14.0	15.0	16.0	17.0	18.0	19.0	20.0	21.0	22.0	23.0	24.0	25.0	26.0	27.0	28.0	29.0	30.0	31.0	32.0	33.0	34.0	35.0	36.0	37.0	38.0	39.0	40.0	41.0	42.0	43.0	44.0
MCW_CT_ROA_94_R1_trim	1.0	1.0	8.0	34.0	56.0	106.0	241.0	478.0	907.0	1760.0	3097.0	5226.0	8182.0	12217.0	16898.0	23431.0	31174.0	40365.0	50415.0	62445.0	77065.0	90889.0	109890.0	130660.0	153516.0	182182.0	217356.0	260724.0	321132.0	402817.0	525765.0	725203.0	1115181.0	1895236.0	933826.0
	2.0	3.0	4.0	5.0	6.0	7.0	8.0	9.0	10.0	11.0	12.0	13.0	14.0	15.0	16.0	17.0	18.0	19.0	20.0	21.0	22.0	23.0	24.0	25.0	26.0	27.0	28.0	29.0	30.0	31.0	32.0	33.0	34.0	35.0	36.0	37.0	38.0	39.0	40.0	41.0	42.0	43.0	44.0
MCW_CT_ROA_94_R2_trim	3.0	65.0	245.0	380.0	520.0	744.0	970.0	1275.0	1652.0	2204.0	2897.0	3796.0	4755.0	5963.0	7534.0	9035.0	10338.0	11683.0	13249.0	14969.0	16734.0	19098.0	21665.0	25498.0	30115.0	36165.0	43401.0	51985.0	62475.0	75457.0	91014.0	110008.0	133983.0	161610.0	197704.0	244462.0	307332.0	397856.0	547360.0	836543.0	1790152.0	2104785.0	805.0
	10.0	11.0	12.0	13.0	14.0	15.0	16.0	17.0	18.0	19.0	20.0	21.0	22.0	23.0	24.0	25.0	26.0	27.0	28.0	29.0	30.0	31.0	32.0	33.0	34.0	35.0	36.0	37.0	38.0	39.0	40.0	41.0	42.0	43.0	44.0
MCW_CT_ROA_95_R1_trim	1.0	7.0	7.0	12.0	32.0	41.0	146.0	256.0	510.0	1113.0	1827.0	3125.0	4824.0	7473.0	10832.0	15138.0	21191.0	28579.0	36941.0	48453.0	61850.0	77561.0	98005.0	121601.0	151042.0	187139.0	233344.0	290770.0	367871.0	472820.0	628380.0	877552.0	1372601.0	2719802.0	1403758.0
	2.0	3.0	4.0	5.0	6.0	7.0	8.0	9.0	10.0	11.0	12.0	13.0	14.0	15.0	16.0	17.0	18.0	19.0	20.0	21.0	22.0	23.0	24.0	25.0	26.0	27.0	28.0	29.0	30.0	31.0	32.0	33.0	34.0	35.0	36.0	37.0	38.0	39.0	40.0	41.0	42.0	43.0	44.0
MCW_CT_ROA_95_R2_trim	4.0	87.0	272.0	494.0	679.0	910.0	1313.0	1861.0	2505.0	3327.0	4512.0	5975.0	7715.0	9991.0	12207.0	15051.0	17683.0	20390.0	22713.0	26058.0	29223.0	33169.0	39420.0	46599.0	56663.0	68673.0	83569.0	102976.0	123914.0	149283.0	179880.0	215286.0	255114.0	303759.0	361208.0	430405.0	521025.0	639225.0	820410.0	1133176.0	1959590.0	1537809.0	481.0
	10.0	11.0	12.0	13.0	14.0	15.0	16.0	17.0	18.0	19.0	20.0	21.0	22.0	23.0	24.0	25.0	26.0	27.0	28.0	29.0	30.0	31.0	32.0	33.0	34.0	35.0	36.0	37.0	38.0	39.0	40.0	41.0	42.0	43.0	44.0
MCW_CT_ROA_96_R1_trim	1.0	3.0	7.0	16.0	46.0	99.0	205.0	407.0	733.0	1457.0	2584.0	4574.0	7265.0	10886.0	16037.0	22262.0	30236.0	39745.0	51450.0	66364.0	82462.0	102369.0	125171.0	152797.0	184583.0	222765.0	266974.0	322557.0	392463.0	483885.0	612342.0	811150.0	1185309.0	2023730.0	974641.0
	2.0	3.0	4.0	5.0	6.0	7.0	8.0	9.0	10.0	11.0	12.0	13.0	14.0	15.0	16.0	17.0	18.0	19.0	20.0	21.0	22.0	23.0	24.0	25.0	26.0	27.0	28.0	29.0	30.0	31.0	32.0	33.0	34.0	35.0	36.0	37.0	38.0	39.0	40.0	41.0	42.0	43.0	44.0
MCW_CT_ROA_96_R2_trim	4.0	65.0	297.0	439.0	649.0	830.0	1084.0	1587.0	2205.0	2881.0	3756.0	4972.0	6487.0	8086.0	9873.0	11960.0	13840.0	15576.0	17672.0	19851.0	22852.0	26061.0	30920.0	36716.0	44495.0	53784.0	65995.0	80216.0	97761.0	118282.0	141469.0	169253.0	201839.0	240504.0	286055.0	345877.0	419808.0	522333.0	681625.0	972596.0	1827852.0	1688602.0	566.0
	10.0	11.0	12.0	13.0	14.0	15.0	16.0	17.0	18.0	19.0	20.0	21.0	22.0	23.0	24.0	25.0	26.0	27.0	28.0	29.0	30.0	31.0	32.0	33.0	34.0	35.0	36.0	37.0	38.0	39.0	40.0	41.0	42.0	43.0	44.0
MCW_CT_ROA_97_R1_trim	1.0	1.0	7.0	21.0	53.0	73.0	179.0	315.0	604.0	1084.0	1935.0	3117.0	5079.0	7423.0	10589.0	14903.0	20391.0	26838.0	35264.0	45124.0	57026.0	71779.0	88831.0	109924.0	134631.0	164289.0	200449.0	246067.0	303957.0	381866.0	492247.0	665949.0	996193.0	1763026.0	889512.0
	1.0	2.0	3.0	4.0	5.0	6.0	7.0	8.0	9.0	10.0	11.0	12.0	13.0	14.0	15.0	16.0	17.0	18.0	19.0	20.0	21.0	22.0	23.0	24.0	25.0	26.0	27.0	28.0	29.0	30.0	31.0	32.0	33.0	34.0	35.0	36.0	37.0	38.0	39.0	40.0	41.0	42.0	43.0	44.0
MCW_CT_ROA_97_R2_trim	1.0	2.0	72.0	269.0	417.0	562.0	718.0	1030.0	1402.0	1865.0	2434.0	3107.0	4053.0	5362.0	6661.0	8107.0	9745.0	11193.0	12863.0	14537.0	16265.0	18412.0	20874.0	24045.0	27907.0	32484.0	38965.0	46135.0	54732.0	64812.0	76973.0	91705.0	109040.0	130287.0	157384.0	189144.0	231436.0	285782.0	367829.0	493966.0	741765.0	1538367.0	1895318.0	720.0
	11.0	12.0	13.0	14.0	15.0	16.0	17.0	18.0	19.0	20.0	21.0	22.0	23.0	24.0	25.0	26.0	27.0	28.0	29.0	30.0	31.0	32.0	33.0	34.0	35.0	36.0	37.0	38.0	39.0	40.0	41.0	42.0	43.0	44.0
MCW_CT_ROA_99_R1_trim	2.0	7.0	18.0	43.0	73.0	159.0	332.0	667.0	1164.0	2210.0	3650.0	5770.0	8764.0	12738.0	17386.0	23721.0	31457.0	41461.0	53193.0	67521.0	84983.0	106056.0	131975.0	162772.0	201844.0	250769.0	312551.0	392780.0	498813.0	649688.0	880799.0	1284418.0	1967583.0	902159.0
	2.0	3.0	4.0	5.0	6.0	7.0	8.0	9.0	10.0	11.0	12.0	13.0	14.0	15.0	16.0	17.0	18.0	19.0	20.0	21.0	22.0	23.0	24.0	25.0	26.0	27.0	28.0	29.0	30.0	31.0	32.0	33.0	34.0	35.0	36.0	37.0	38.0	39.0	40.0	41.0	42.0	43.0	44.0
MCW_CT_ROA_99_R2_trim	4.0	59.0	219.0	396.0	526.0	820.0	1110.0	1500.0	2079.0	2859.0	3823.0	5336.0	7118.0	9298.0	11856.0	14605.0	16915.0	19280.0	20997.0	23045.0	25437.0	27823.0	31633.0	36267.0	42422.0	50269.0	59625.0	70249.0	84582.0	101020.0	121118.0	145356.0	174138.0	210434.0	255442.0	311596.0	387675.0	496158.0	665923.0	981261.0	1958987.0	1717683.0	583.0

