	0	2	4	6	8	10	12	14	16	18	20	22	24	26	28	30	32	34	36	38	40	42	44	46	48	50	52	54	56	58	60	62	64	66	68	70	72	74
MCW_CT_ROA_082_R1_trim	31.0	2.0	1.0	4.0	21.0	2.0	1.0	6.0	3.0	38.0	190.0	87.0	95.0	782.0	2628.0	4925.0	10294.0	12805.0	20155.0	32767.0	99011.0	171877.0	146768.0	70474.0	40224.0	86823.0	148492.0	139444.0	74387.0	37487.0	59526.0	119186.0	133825.0	77756.0	40050.0	88694.0	202778.0	7008395.0
	0	2	4	6	8	10	12	14	16	18	20	22	24	26	28	30	32	34	36	38	40	42	44	46	48	50	52	54	56	58	60	62	64	66	68	70	72	74
MCW_CT_ROA_082_R2_trim	30.0	2.0	1.0	6.0	22.0	3.0	2.0	5.0	6.0	36.0	200.0	97.0	95.0	789.0	2699.0	5170.0	10687.0	13053.0	20427.0	33303.0	100193.0	174847.0	148542.0	70877.0	40347.0	87252.0	149104.0	139436.0	74894.0	37570.0	60022.0	121603.0	137351.0	79740.0	41558.0	91659.0	204820.0	6983586.0
	0	2	4	6	8	10	12	14	16	18	20	22	24	26	28	30	32	34	36	38	40	42	44	46	48	50	52	54	56	58	60	62	64	66	68	70	72	74
MCW_CT_ROA_090_R1_trim	82.0	6.0	11.0	2.0	32.0	4.0	4.0	1.0	5.0	19.0	145.0	114.0	126.0	610.0	3685.0	10378.0	23706.0	25900.0	27735.0	37728.0	124548.0	225730.0	208039.0	104579.0	58929.0	132717.0	242488.0	239882.0	131451.0	62787.0	102245.0	209514.0	241890.0	144359.0	72398.0	163180.0	372487.0	13611188.0
	0	2	4	6	8	10	12	14	16	18	20	22	24	26	28	30	32	34	36	38	40	42	44	46	48	50	52	54	56	58	60	62	64	66	68	70	72	74
MCW_CT_ROA_090_R2_trim	85.0	6.0	10.0	2.0	32.0	4.0	6.0	2.0	5.0	21.0	147.0	114.0	135.0	626.0	3772.0	10649.0	24218.0	26204.0	28186.0	38180.0	125660.0	227996.0	209350.0	104949.0	59142.0	133641.0	243628.0	240813.0	132117.0	62990.0	102944.0	211844.0	245386.0	152224.0	77013.0	169803.0	376149.0	13570651.0
	0	2	4	6	8	10	12	14	16	18	20	22	24	26	28	30	32	34	36	38	40	42	44	46	48	50	52	54	56	58	60	62	64	66	68	70	72	74
MCW_CT_ROA_091_R1_trim	3.0	0.0	2.0	3.0	2.0	0.0	1.0	1.0	2.0	5.0	25.0	10.0	38.0	235.0	912.0	1784.0	4014.0	4660.0	7178.0	12817.0	42719.0	80092.0	73390.0	36074.0	22301.0	52738.0	96093.0	91616.0	49209.0	25060.0	42993.0	90231.0	103324.0	60714.0	32520.0	92099.0	237850.0	8309755.0
	0	2	4	6	8	10	12	14	16	18	20	22	24	26	28	30	32	34	36	38	40	42	44	46	48	50	52	54	56	58	60	62	64	66	68	70	72	74
MCW_CT_ROA_091_R2_trim	4.0	0.0	3.0	3.0	2.0	0.0	1.0	1.0	2.0	4.0	27.0	11.0	38.0	250.0	985.0	2000.0	4374.0	4987.0	7482.0	13312.0	43944.0	82682.0	75023.0	36552.0	22555.0	53404.0	97063.0	92045.0	49814.0	25199.0	43487.0	92363.0	106431.0	62361.0	33886.0	95034.0	237732.0	8287409.0
	0	2	4	6	8	10	12	14	16	18	20	22	24	26	28	30	32	34	36	38	40	42	44	46	48	50	52	54	56	58	60	62	64	66	68	70	72	74
MCW_CT_ROA_093_R1_trim	29.0	1.0	2.0	2.0	8.0	1.0	6.0	4.0	0.0	16.0	72.0	60.0	64.0	515.0	1634.0	3192.0	7315.0	10363.0	14101.0	21826.0	67921.0	122841.0	112487.0	56317.0	33698.0	76400.0	137127.0	133185.0	74950.0	38898.0	64836.0	132158.0	154548.0	92933.0	48708.0	113544.0	261442.0	8952773.0
	0	2	4	6	8	10	12	14	16	18	20	22	24	26	28	30	32	34	36	38	40	42	44	46	48	50	52	54	56	58	60	62	64	66	68	70	72	74
MCW_CT_ROA_093_R2_trim	29.0	1.0	2.0	2.0	8.0	1.0	6.0	4.0	0.0	17.0	72.0	57.0	67.0	511.0	1681.0	3408.0	7659.0	10541.0	14277.0	22091.0	68558.0	124288.0	112884.0	56247.0	33311.0	75840.0	135787.0	131004.0	74356.0	38430.0	64666.0	133499.0	156901.0	92428.0	49100.0	116033.0	262364.0	8947847.0
	0	2	4	6	8	10	12	14	16	18	20	22	24	26	28	30	32	34	36	38	40	42	44	46	48	50	52	54	56	58	60	62	64	66	68	70	72	74
MCW_CT_ROA_100_R1_trim	65.0	3.0	3.0	3.0	29.0	2.0	8.0	11.0	7.0	25.0	159.0	47.0	53.0	395.0	1510.0	3162.0	7241.0	8126.0	12078.0	19514.0	63340.0	121355.0	109531.0	57006.0	31345.0	77136.0	140390.0	139123.0	76067.0	35807.0	60916.0	125114.0	144549.0	88728.0	41027.0	94123.0	209680.0	7978726.0
	0	2	4	6	8	10	12	14	16	18	20	22	24	26	28	30	32	34	36	38	40	42	44	46	48	50	52	54	56	58	60	62	64	66	68	70	72	74
MCW_CT_ROA_100_R2_trim	64.0	3.0	2.0	3.0	27.0	5.0	13.0	12.0	5.0	23.0	169.0	47.0	58.0	408.0	1562.0	3326.0	7515.0	8397.0	12472.0	20014.0	64606.0	123883.0	111170.0	57590.0	31584.0	77905.0	141681.0	139791.0	76387.0	36011.0	61392.0	126937.0	147187.0	91834.0	42996.0	96350.0	209868.0	7955107.0
	0	2	4	6	8	10	12	14	16	18	20	22	24	26	28	30	32	34	36	38	40	42	44	46	48	50	52	54	56	58	60	62	64	66	68	70	72	74
MCW_CT_ROA_101_R1_trim	16.0	2.0	2.0	0.0	4.0	3.0	0.0	0.0	4.0	7.0	48.0	30.0	30.0	213.0	777.0	1489.0	3437.0	4449.0	6812.0	10732.0	33596.0	60948.0	55154.0	28429.0	16251.0	37393.0	65594.0	63488.0	34983.0	17774.0	28728.0	58117.0	65831.0	39796.0	21131.0	56585.0	138907.0	5120491.0
	0	2	4	6	8	10	12	14	16	18	20	22	24	26	28	30	32	34	36	38	40	42	44	46	48	50	52	54	56	58	60	62	64	66	68	70	72	74
MCW_CT_ROA_101_R2_trim	17.0	2.0	2.0	0.0	8.0	3.0	0.0	0.0	4.0	7.0	49.0	33.0	30.0	227.0	798.0	1553.0	3587.0	4617.0	7025.0	11045.0	34468.0	62518.0	56118.0	28898.0	16302.0	37719.0	66027.0	63480.0	35124.0	17794.0	28983.0	59152.0	67311.0	40581.0	21856.0	57217.0	139190.0	5109506.0
	0	2	4	6	8	10	12	14	16	18	20	22	24	26	28	30	32	34	36	38	40	42	44	46	48	50	52	54	56	58	60	62	64	66	68	70	72	74
MCW_CT_ROA_102_R1_trim	145.0	1.0	9.0	7.0	35.0	5.0	2.0	4.0	3.0	19.0	91.0	28.0	44.0	303.0	1151.0	2215.0	5501.0	6334.0	9977.0	15917.0	53682.0	102118.0	93337.0	45283.0	26338.0	62046.0	113536.0	110204.0	57980.0	28533.0	48053.0	98071.0	112884.0	68954.0	34571.0	85958.0	203376.0	7607813.0
	0	2	4	6	8	10	12	14	16	18	20	22	24	26	28	30	32	34	36	38	40	42	44	46	48	50	52	54	56	58	60	62	64	66	68	70	72	74
MCW_CT_ROA_102_R2_trim	142.0	1.0	9.0	7.0	34.0	6.0	1.0	4.0	4.0	15.0	94.0	29.0	48.0	308.0	1207.0	2335.0	5736.0	6500.0	10175.0	16244.0	54431.0	103988.0	94349.0	45329.0	26279.0	62221.0	113932.0	109839.0	57870.0	28426.0	48183.0	99323.0	114829.0	68524.0	34705.0	86350.0	201377.0	7601674.0
	0	2	4	6	8	10	12	14	16	18	20	22	24	26	28	30	32	34	36	38	40	42	44	46	48	50	52	54	56	58	60	62	64	66	68	70	72	74
MCW_CT_ROA_103_R1_trim	17.0	0.0	2.0	2.0	14.0	2.0	1.0	2.0	0.0	2.0	35.0	12.0	17.0	155.0	541.0	1095.0	2711.0	3031.0	4603.0	7667.0	25200.0	48432.0	45169.0	23947.0	13448.0	31339.0	54420.0	53427.0	30518.0	15130.0	25279.0	53604.0	63084.0	37550.0	19319.0	45607.0	105046.0	3953171.0
	0	2	4	6	8	10	12	14	16	18	20	22	24	26	28	30	32	34	36	38	40	42	44	46	48	50	52	54	56	58	60	62	64	66	68	70	72	74
MCW_CT_ROA_103_R2_trim	17.0	2.0	2.0	2.0	14.0	3.0	1.0	5.0	0.0	2.0	35.0	11.0	18.0	155.0	570.0	1172.0	2902.0	3208.0	4771.0	7915.0	25974.0	50042.0	46287.0	24225.0	13440.0	31383.0	53831.0	52748.0	30409.0	14993.0	25331.0	54464.0	64432.0	38307.0	20213.0	46891.0	105035.0	3944789.0
	0	2	4	6	8	10	12	14	16	18	20	22	24	26	28	30	32	34	36	38	40	42	44	46	48	50	52	54	56	58	60	62	64	66	68	70	72	74
MCW_CT_ROA_105_R1_trim	13.0	1.0	1.0	4.0	5.0	3.0	1.0	1.0	4.0	11.0	108.0	69.0	132.0	535.0	3378.0	11234.0	25478.0	28342.0	23446.0	26333.0	80788.0	150713.0	140135.0	74001.0	39510.0	88589.0	164660.0	166487.0	99419.0	45910.0	70174.0	149270.0	181368.0	115719.0	58020.0	110812.0	246721.0	8308911.0
	0	2	4	6	8	10	12	14	16	18	20	22	24	26	28	30	32	34	36	38	40	42	44	46	48	50	52	54	56	58	60	62	64	66	68	70	72	74
MCW_CT_ROA_105_R2_trim	12.0	1.0	1.0	4.0	5.0	4.0	3.0	0.0	3.0	10.0	109.0	73.0	127.0	538.0	3440.0	11403.0	25671.0	28275.0	23442.0	26370.0	81035.0	151796.0	139270.0	72740.0	38618.0	87544.0	162825.0	163257.0	98340.0	45432.0	70149.0	151008.0	183858.0	114515.0	58175.0	112296.0	248250.0	8311707.0
	0	2	4	6	8	10	12	14	16	18	20	22	24	26	28	30	32	34	36	38	40	42	44	46	48	50	52	54	56	58	60	62	64	66	68	70	72	74
MCW_CT_ROA_106_R1_trim	16.0	1.0	1.0	0.0	6.0	4.0	6.0	7.0	2.0	89.0	406.0	274.0	472.0	3037.0	12570.0	24625.0	54512.0	69201.0	109825.0	178928.0	543835.0	959137.0	853486.0	413598.0	241503.0	529521.0	920815.0	882471.0	469705.0	227076.0	360853.0	706698.0	788663.0	436812.0	200997.0	270456.0	346981.0	6833049.0
	0	2	4	6	8	10	12	14	16	18	20	22	24	26	28	30	32	34	36	38	40	42	44	46	48	50	52	54	56	58	60	62	64	66	68	70	72	74
MCW_CT_ROA_106_R2_trim	15.0	1.0	1.0	0.0	6.0	4.0	6.0	11.0	3.0	89.0	407.0	265.0	463.0	3049.0	12654.0	24807.0	54748.0	69175.0	109260.0	178482.0	541582.0	956231.0	847592.0	409361.0	238770.0	526572.0	913563.0	874962.0	468070.0	225089.0	358623.0	705487.0	788170.0	447682.0	205825.0	277575.0	356094.0	6844944.0
	0	2	4	6	8	10	12	14	16	18	20	22	24	26	28	30	32	34	36	38	40	42	44	46	48	50	52	54	56	58	60	62	64	66	68	70	72	74
MCW_CT_ROA_107_R1_trim	17.0	1.0	7.0	13.0	33.0	0.0	2.0	0.0	7.0	31.0	219.0	148.0	228.0	1554.0	5838.0	11222.0	25578.0	32111.0	48037.0	77014.0	228639.0	404786.0	359422.0	178388.0	108006.0	233037.0	408111.0	393607.0	215041.0	111349.0	175332.0	341425.0	387577.0	231497.0	118940.0	194437.0	347588.0	9455222.0
	0	2	4	6	8	10	12	14	16	18	20	22	24	26	28	30	32	34	36	38	40	42	44	46	48	50	52	54	56	58	60	62	64	66	68	70	72	74
MCW_CT_ROA_107_R2_trim	18.0	2.0	7.0	13.0	36.0	0.0	4.0	0.0	7.0	29.0	224.0	140.0	236.0	1577.0	5955.0	11398.0	26000.0	32409.0	48414.0	77746.0	230590.0	408835.0	362120.0	179141.0	108050.0	233979.0	408871.0	393127.0	215197.0	111185.0	175449.0	343109.0	390340.0	234868.0	120759.0	198764.0	348026.0	9427839.0
	0	2	4	6	8	10	12	14	16	18	20	22	24	26	28	30	32	34	36	38	40	42	44	46	48	50	52	54	56	58	60	62	64	66	68	70	72	74
MCW_CT_ROA_108_R1_trim	25.0	2.0	7.0	2.0	35.0	5.0	8.0	4.0	5.0	50.0	393.0	261.0	404.0	2424.0	11067.0	27250.0	64487.0	72927.0	85168.0	122617.0	380712.0	702622.0	630115.0	306160.0	168158.0	370469.0	659913.0	644963.0	359063.0	168948.0	273483.0	578141.0	683431.0	403575.0	192251.0	274524.0	428592.0	10647611.0
	0	2	4	6	8	10	12	14	16	18	20	22	24	26	28	30	32	34	36	38	40	42	44	46	48	50	52	54	56	58	60	62	64	66	68	70	72	74
MCW_CT_ROA_108_R2_trim	26.0	2.0	7.0	1.0	36.0	5.0	8.0	4.0	5.0	39.0	388.0	257.0	394.0	2424.0	11129.0	27483.0	64419.0	72271.0	84075.0	121361.0	377668.0	698761.0	624072.0	300893.0	164129.0	363298.0	645907.0	627463.0	351698.0	165083.0	269500.0	575748.0	681814.0	396552.0	189939.0	277197.0	433656.0	10732160.0
	0	2	4	6	8	10	12	14	16	18	20	22	24	26	28	30	32	34	36	38	40	42	44	46	48	50	52	54	56	58	60	62	64	66	68	70	72	74
MCW_CT_ROA_109_R1_trim	17.0	0.0	6.0	4.0	16.0	0.0	1.0	0.0	0.0	21.0	119.0	76.0	146.0	1040.0	4020.0	8114.0	18578.0	26231.0	42544.0	68600.0	207829.0	382984.0	359451.0	187370.0	112071.0	246438.0	442589.0	438208.0	242606.0	122966.0	197642.0	391288.0	455184.0	272944.0	133605.0	208044.0	338268.0	8780248.0
	0	2	4	6	8	10	12	14	16	18	20	22	24	26	28	30	32	34	36	38	40	42	44	46	48	50	52	54	56	58	60	62	64	66	68	70	72	74
MCW_CT_ROA_109_R2_trim	17.0	0.0	6.0	3.0	17.0	0.0	1.0	1.0	1.0	22.0	124.0	72.0	142.0	1066.0	4096.0	8299.0	18909.0	26416.0	42668.0	68787.0	208370.0	383850.0	358938.0	186229.0	111025.0	244699.0	439181.0	433197.0	240400.0	121411.0	196333.0	391169.0	455718.0	268719.0	131743.0	207228.0	338191.0	8802220.0
	0	2	4	6	8	10	12	14	16	18	20	22	24	26	28	30	32	34	36	38	40	42	44	46	48	50	52	54	56	58	60	62	64	66	68	70	72	74
MCW_CT_ROA_111_R1_trim	16.0	1.0	5.0	3.0	19.0	4.0	4.0	4.0	9.0	54.0	198.0	85.0	136.0	1233.0	3228.0	5585.0	11968.0	17193.0	28828.0	42316.0	112150.0	188360.0	165357.0	84206.0	52291.0	106430.0	182820.0	174626.0	97302.0	51868.0	84710.0	168934.0	192973.0	115868.0	62703.0	130949.0	290931.0	9536876.0
	0	2	4	6	8	10	12	14	16	18	20	22	24	26	28	30	32	34	36	38	40	42	44	46	48	50	52	54	56	58	60	62	64	66	68	70	72	74
MCW_CT_ROA_111_R2_trim	14.0	1.0	5.0	2.0	18.0	4.0	3.0	6.0	8.0	54.0	198.0	90.0	132.0	1244.0	3281.0	5807.0	12326.0	17472.0	29038.0	42486.0	112708.0	189718.0	165590.0	83557.0	51448.0	105432.0	180945.0	171876.0	96267.0	51032.0	84341.0	169959.0	195247.0	113700.0	62061.0	132063.0	289192.0	9542918.0
	0	2	4	6	8	10	12	14	16	18	20	22	24	26	28	30	32	34	36	38	40	42	44	46	48	50	52	54	56	58	60	62	64	66	68	70	72	74
MCW_CT_ROA_112_R1_trim	13.0	3.0	2.0	2.0	9.0	0.0	2.0	4.0	2.0	25.0	139.0	57.0	90.0	761.0	2523.0	5033.0	11293.0	14812.0	22876.0	38838.0	121425.0	219719.0	202332.0	102689.0	65959.0	146498.0	259514.0	247890.0	136994.0	72119.0	119891.0	236729.0	268720.0	161768.0	83597.0	160962.0	323362.0	9776760.0
	0	2	4	6	8	10	12	14	16	18	20	22	24	26	28	30	32	34	36	38	40	42	44	46	48	50	52	54	56	58	60	62	64	66	68	70	72	74
MCW_CT_ROA_112_R2_trim	13.0	4.0	2.0	2.0	8.0	0.0	1.0	4.0	3.0	24.0	140.0	59.0	90.0	783.0	2609.0	5281.0	11686.0	15083.0	23166.0	39249.0	122640.0	222776.0	203267.0	102238.0	65366.0	145925.0	258903.0	245350.0	136281.0	71603.0	119886.0	239043.0	272314.0	159778.0	83152.0	162206.0	322859.0	9771618.0
	0	2	4	6	8	10	12	14	16	18	20	22	24	26	28	30	32	34	36	38	40	42	44	46	48	50	52	54	56	58	60	62	64	66	68	70	72	74
MCW_CT_ROA_113_R1_trim	129.0	7.0	7.0	10.0	49.0	14.0	13.0	6.0	8.0	25.0	348.0	152.0	218.0	1192.0	4233.0	8699.0	20038.0	25064.0	39595.0	66143.0	214317.0	395651.0	346525.0	162483.0	90055.0	208903.0	372525.0	356101.0	183395.0	86958.0	142244.0	290545.0	332933.0	194465.0	89467.0	151155.0	271090.0	8156315.0
	0	2	4	6	8	10	12	14	16	18	20	22	24	26	28	30	32	34	36	38	40	42	44	46	48	50	52	54	56	58	60	62	64	66	68	70	72	74
MCW_CT_ROA_113_R2_trim	128.0	6.0	7.0	10.0	49.0	14.0	13.0	5.0	12.0	28.0	349.0	155.0	210.0	1196.0	4282.0	8781.0	20273.0	25223.0	39644.0	66333.0	214685.0	396227.0	346336.0	161652.0	89514.0	208009.0	370518.0	353280.0	182037.0	86271.0	141619.0	290430.0	333897.0	193777.0	89183.0	152477.0	270911.0	8163536.0
	0	2	4	6	8	10	12	14	16	18	20	22	24	26	28	30	32	34	36	38	40	42	44	46	48	50	52	54	56	58	60	62	64	66	68	70	72	74
MCW_CT_ROA_114_R1_trim	67.0	0.0	3.0	9.0	29.0	0.0	4.0	0.0	2.0	18.0	116.0	79.0	144.0	446.0	2343.0	7152.0	17436.0	18270.0	17368.0	22728.0	85644.0	173363.0	156019.0	70097.0	33590.0	84800.0	168624.0	169015.0	85251.0	35529.0	61887.0	140991.0	171518.0	101313.0	44131.0	90175.0	199450.0	7164448.0
	0	2	4	6	8	10	12	14	16	18	20	22	24	26	28	30	32	34	36	38	40	42	44	46	48	50	52	54	56	58	60	62	64	66	68	70	72	74
MCW_CT_ROA_114_R2_trim	66.0	0.0	3.0	9.0	29.0	0.0	2.0	3.0	2.0	15.0	117.0	81.0	145.0	455.0	2406.0	7276.0	17648.0	18525.0	17663.0	23095.0	86714.0	175775.0	157253.0	70552.0	33612.0	84947.0	168640.0	168627.0	85339.0	35617.0	62224.0	142512.0	173607.0	101983.0	44417.0	91197.0	198198.0	7153305.0
	0	2	4	6	8	10	12	14	16	18	20	22	24	26	28	30	32	34	36	38	40	42	44	46	48	50	52	54	56	58	60	62	64	66	68	70	72	74
MCW_CT_ROA_115_R1_trim	27.0	3.0	5.0	1.0	33.0	5.0	24.0	9.0	40.0	102.0	229.0	183.0	345.0	3011.0	5637.0	8192.0	14830.0	26392.0	49079.0	58980.0	119066.0	169550.0	150657.0	95644.0	63101.0	100534.0	161460.0	162215.0	116416.0	72430.0	86585.0	156699.0	189045.0	139507.0	93368.0	141198.0	252319.0	9265950.0
	0	2	4	6	8	10	12	14	16	18	20	22	24	26	28	30	32	34	36	38	40	42	44	46	48	50	52	54	56	58	60	62	64	66	68	70	72	74
MCW_CT_ROA_115_R2_trim	27.0	3.0	5.0	3.0	33.0	6.0	24.0	9.0	41.0	105.0	221.0	185.0	346.0	3019.0	5684.0	8308.0	15016.0	26617.0	49348.0	59312.0	119937.0	171412.0	151654.0	95590.0	62410.0	99698.0	160248.0	160415.0	115901.0	72000.0	86503.0	157583.0	190803.0	140158.0	94196.0	143157.0	252785.0	9260109.0
	0	2	4	6	8	10	12	14	16	18	20	22	24	26	28	30	32	34	36	38	40	42	44	46	48	50	52	54	56	58	60	62	64	66	68	70	72	74
MCW_CT_ROA_116_R1_trim	78.0	3.0	1.0	8.0	36.0	2.0	10.0	3.0	9.0	21.0	112.0	42.0	75.0	631.0	2087.0	3940.0	8533.0	10978.0	17946.0	26973.0	83717.0	157083.0	143557.0	72553.0	42690.0	97753.0	179178.0	173058.0	98546.0	49883.0	82057.0	166607.0	193681.0	122268.0	61712.0	124314.0	264275.0	9118585.0
	0	2	4	6	8	10	12	14	16	18	20	22	24	26	28	30	32	34	36	38	40	42	44	46	48	50	52	54	56	58	60	62	64	66	68	70	72	74
MCW_CT_ROA_116_R2_trim	79.0	3.0	2.0	8.0	37.0	2.0	10.0	5.0	10.0	23.0	119.0	40.0	76.0	642.0	2165.0	4102.0	8856.0	11203.0	18144.0	27218.0	84704.0	159387.0	144313.0	72153.0	42368.0	97388.0	178597.0	171423.0	98157.0	49529.0	81927.0	167815.0	196099.0	121460.0	61460.0	125716.0	262677.0	9115088.0
	0	2	4	6	8	10	12	14	16	18	20	22	24	26	28	30	32	34	36	38	40	42	44	46	48	50	52	54	56	58	60	62	64	66	68	70	72	74
MCW_CT_ROA_117_R1_trim	181.0	2.0	5.0	7.0	110.0	9.0	0.0	5.0	3.0	12.0	87.0	48.0	65.0	540.0	1928.0	4827.0	10483.0	12443.0	16265.0	25185.0	73359.0	134443.0	118956.0	59366.0	35355.0	78114.0	140206.0	134521.0	73919.0	38175.0	60569.0	122555.0	138018.0	83828.0	42487.0	90971.0	189831.0	7152831.0
	0	2	4	6	8	10	12	14	16	18	20	22	24	26	28	30	32	34	36	38	40	42	44	46	48	50	52	54	56	58	60	62	64	66	68	70	72	74
MCW_CT_ROA_117_R2_trim	179.0	2.0	5.0	7.0	110.0	9.0	0.0	5.0	9.0	14.0	90.0	50.0	69.0	545.0	1966.0	4951.0	10717.0	12662.0	16537.0	25540.0	74223.0	136428.0	120104.0	59545.0	35459.0	78511.0	140957.0	134479.0	74352.0	38245.0	60858.0	123980.0	140018.0	85458.0	43523.0	92237.0	190998.0	7136867.0
	0	2	4	6	8	10	12	14	16	18	20	22	24	26	28	30	32	34	36	38	40	42	44	46	48	50	52	54	56	58	60	62	64	66	68	70	72	74
MCW_CT_ROA_118_R1_trim	97.0	4.0	6.0	6.0	44.0	3.0	13.0	6.0	5.0	27.0	181.0	68.0	79.0	677.0	2527.0	5092.0	11345.0	13278.0	20201.0	31746.0	103258.0	194652.0	168265.0	82523.0	45215.0	106484.0	196544.0	186703.0	104344.0	50839.0	82678.0	172223.0	199101.0	121749.0	58415.0	115412.0	232070.0	8062771.0
	0	2	4	6	8	10	12	14	16	18	20	22	24	26	28	30	32	34	36	38	40	42	44	46	48	50	52	54	56	58	60	62	64	66	68	70	72	74
MCW_CT_ROA_118_R2_trim	97.0	4.0	6.0	6.0	44.0	3.0	12.0	6.0	4.0	26.0	184.0	67.0	83.0	683.0	2553.0	5252.0	11599.0	13371.0	20026.0	31606.0	102971.0	194559.0	166733.0	80893.0	44194.0	105033.0	193805.0	182818.0	102850.0	50064.0	82109.0	172539.0	200151.0	119678.0	57632.0	116428.0	230454.0	8080108.0
	0	2	4	6	8	10	12	14	16	18	20	22	24	26	28	30	32	34	36	38	40	42	44	46	48	50	52	54	56	58	60	62	64	66	68	70	72	74
MCW_CT_ROA_119_R1_trim	52.0	6.0	0.0	2.0	32.0	1.0	2.0	0.0	2.0	21.0	92.0	56.0	117.0	719.0	2455.0	5051.0	11384.0	13537.0	20186.0	32453.0	103699.0	197378.0	178286.0	90887.0	51465.0	122351.0	228154.0	227269.0	125111.0	61965.0	102138.0	214699.0	250856.0	152200.0	73550.0	130279.0	241977.0	8039594.0
	0	2	4	6	8	10	12	14	16	18	20	22	24	26	28	30	32	34	36	38	40	42	44	46	48	50	52	54	56	58	60	62	64	66	68	70	72	74
MCW_CT_ROA_119_R2_trim	51.0	6.0	0.0	2.0	31.0	1.0	2.0	0.0	2.0	22.0	95.0	59.0	121.0	724.0	2511.0	5212.0	11665.0	13812.0	20418.0	32902.0	104530.0	198882.0	178898.0	90674.0	51262.0	122186.0	227404.0	226143.0	124768.0	61794.0	101980.0	215385.0	252091.0	153705.0	74713.0	132729.0	241148.0	8032098.0
	0	2	4	6	8	10	12	14	16	18	20	22	24	26	28	30	32	34	36	38	40	42	44	46	48	50	52	54	56	58	60	62	64	66	68	70	72	74
MCW_CT_ROA_120_R1_trim	137.0	6.0	8.0	17.0	119.0	2.0	9.0	0.0	9.0	55.0	226.0	74.0	119.0	632.0	1810.0	3773.0	8431.0	10214.0	18028.0	26862.0	74171.0	136612.0	123101.0	66249.0	40774.0	90505.0	164334.0	162882.0	95805.0	51279.0	78966.0	153560.0	176010.0	105643.0	55083.0	102253.0	194096.0	6872342.0
	0	2	4	6	8	10	12	14	16	18	20	22	24	26	28	30	32	34	36	38	40	42	44	46	48	50	52	54	56	58	60	62	64	66	68	70	72	74
MCW_CT_ROA_120_R2_trim	132.0	2.0	8.0	17.0	123.0	2.0	13.0	0.0	9.0	53.0	224.0	79.0	116.0	646.0	1860.0	3904.0	8674.0	10233.0	18236.0	26864.0	73558.0	136039.0	121159.0	64301.0	39625.0	89429.0	163264.0	161496.0	95698.0	51143.0	79067.0	155145.0	178447.0	111259.0	57901.0	106578.0	198016.0	6860876.0
	0	2	4	6	8	10	12	14	16	18	20	22	24	26	28	30	32	34	36	38	40	42	44	46	48	50	52	54	56	58	60	62	64	66	68	70	72	74
MCW_CT_ROA_121_R1_trim	87.0	2.0	4.0	13.0	45.0	3.0	0.0	2.0	9.0	18.0	152.0	43.0	78.0	562.0	2520.0	5242.0	12564.0	15149.0	23386.0	37699.0	129990.0	253703.0	235920.0	122907.0	68835.0	176829.0	335021.0	336275.0	183312.0	90348.0	157302.0	331733.0	386626.0	235961.0	105778.0	182058.0	314293.0	11102696.0
	0	2	4	6	8	10	12	14	16	18	20	22	24	26	28	30	32	34	36	38	40	42	44	46	48	50	52	54	56	58	60	62	64	66	68	70	72	74
MCW_CT_ROA_121_R2_trim	87.0	2.0	4.0	10.0	45.0	3.0	4.0	2.0	9.0	19.0	153.0	48.0	81.0	568.0	2599.0	5409.0	12810.0	15373.0	23705.0	37989.0	130757.0	255017.0	236595.0	122717.0	68880.0	176973.0	334195.0	335378.0	182883.0	89982.0	157060.0	331953.0	387927.0	241177.0	108656.0	186594.0	316204.0	11085297.0
	2	4	6	8	10	12	14	16	18	20	22	24	26	28	30	32	34	36	38	40	42	44	46	48	50	52	54	56	58	60	62	64	66	68	70	72	74
MCW_CT_ROA_123_R1_trim	2.0	1.0	0.0	2.0	2.0	1.0	1.0	6.0	22.0	113.0	142.0	289.0	1036.0	7048.0	21404.0	50376.0	55851.0	46790.0	51492.0	157637.0	308042.0	308550.0	166307.0	91986.0	184541.0	349896.0	371737.0	226389.0	108623.0	148750.0	307873.0	386208.0	253680.0	130408.0	194831.0	362587.0	9861217.0
	2	4	6	8	10	12	14	16	18	20	22	24	26	28	30	32	34	36	38	40	42	44	46	48	50	52	54	56	58	60	62	64	66	68	70	72	74
MCW_CT_ROA_123_R2_trim	2.0	1.0	0.0	0.0	2.0	1.0	3.0	5.0	24.0	115.0	143.0	284.0	1050.0	7064.0	21481.0	50318.0	55474.0	46494.0	51071.0	156532.0	307520.0	305690.0	164329.0	90693.0	182731.0	346680.0	366679.0	224009.0	107435.0	147850.0	307558.0	386226.0	250803.0	130568.0	196661.0	367541.0	9880803.0
	0	2	4	6	8	10	12	14	16	18	20	22	24	26	28	30	32	34	36	38	40	42	44	46	48	50	52	54	56	58	60	62	64	66	68	70	72	74
MCW_CT_ROA_124_R1_trim	1.0	0.0	1.0	1.0	1.0	0.0	0.0	1.0	2.0	3.0	27.0	7.0	14.0	130.0	483.0	1018.0	2505.0	3212.0	4700.0	8085.0	28197.0	52578.0	47311.0	22059.0	13427.0	29537.0	53036.0	50255.0	25720.0	12646.0	20660.0	40425.0	45532.0	25541.0	15103.0	52874.0	151972.0	5155889.0
	0	2	4	6	8	10	12	14	16	18	20	22	24	26	28	30	32	34	36	38	40	42	44	46	48	50	52	54	56	58	60	62	64	66	68	70	72	74
MCW_CT_ROA_124_R2_trim	1.0	0.0	1.0	1.0	2.0	1.0	0.0	1.0	1.0	3.0	29.0	7.0	17.0	133.0	522.0	1113.0	2682.0	3385.0	4909.0	8375.0	29106.0	54272.0	48540.0	22561.0	13641.0	30059.0	53891.0	50801.0	26184.0	12792.0	21026.0	41673.0	47119.0	26464.0	16243.0	54533.0	153193.0	5139672.0
	0	2	4	6	8	10	12	14	16	18	20	22	24	26	28	30	32	34	36	38	40	42	44	46	48	50	52	54	56	58	60	62	64	66	68	70	72	74
MCW_CT_ROA_125_R1_trim	1.0	0.0	0.0	0.0	1.0	2.0	0.0	2.0	3.0	27.0	126.0	97.0	190.0	1201.0	4874.0	10664.0	24701.0	29575.0	42434.0	70554.0	240205.0	435096.0	394699.0	178218.0	101063.0	225553.0	405186.0	391721.0	203319.0	94482.0	155154.0	309009.0	349968.0	196465.0	93163.0	169299.0	354596.0	9127598.0
	0	2	4	6	8	10	12	14	16	18	20	22	24	26	28	30	32	34	36	38	40	42	44	46	48	50	52	54	56	58	60	62	64	66	68	70	72	74
MCW_CT_ROA_125_R2_trim	1.0	1.0	0.0	0.0	2.0	2.0	5.0	2.0	3.0	27.0	130.0	95.0	189.0	1222.0	4973.0	10905.0	25144.0	29968.0	42876.0	70958.0	241834.0	438820.0	396606.0	178730.0	100865.0	225418.0	405427.0	390894.0	203574.0	94486.0	155482.0	311283.0	352954.0	198426.0	95113.0	173388.0	357603.0	9101840.0
	8	10	12	14	16	18	20	22	24	26	28	30	32	34	36	38	40	42	44	46	48	50	52	54	56	58	60	62	64	66	68	70	72	74
MCW_CT_ROA_126_R1_trim	2.0	0.0	0.0	1.0	0.0	31.0	203.0	215.0	426.0	1421.0	10174.0	35403.0	94381.0	104268.0	81150.0	85402.0	276518.0	523686.0	519185.0	269010.0	133490.0	285676.0	548150.0	577909.0	339020.0	147079.0	201948.0	426400.0	517508.0	315428.0	143214.0	158957.0	205583.0	3815211.0
	8	10	12	14	16	18	20	22	24	26	28	30	32	34	36	38	40	42	44	46	48	50	52	54	56	58	60	62	64	66	68	70	72	74
MCW_CT_ROA_126_R2_trim	2.0	0.0	0.0	0.0	0.0	31.0	204.0	211.0	411.0	1430.0	10200.0	35451.0	94334.0	103760.0	80521.0	84628.0	274854.0	520046.0	514487.0	266560.0	131277.0	282359.0	541911.0	571327.0	337016.0	145623.0	200870.0	425270.0	516717.0	320361.0	145684.0	162555.0	212444.0	3836505.0
	4	6	8	10	12	14	16	18	20	22	24	26	28	30	32	34	36	38	40	42	44	46	48	50	52	54	56	58	60	62	64	66	68	70	72	74
MCW_CT_ROA_127_R1_trim	3.0	1.0	3.0	1.0	2.0	1.0	3.0	15.0	50.0	50.0	84.0	530.0	1365.0	2413.0	5395.0	7937.0	13043.0	19029.0	52333.0	90139.0	82283.0	39500.0	25230.0	54007.0	99156.0	95374.0	50316.0	25087.0	40693.0	78960.0	89814.0	49731.0	27458.0	83758.0	233459.0	7802539.0
	4	6	8	10	12	14	16	18	20	22	24	26	28	30	32	34	36	38	40	42	44	46	48	50	52	54	56	58	60	62	64	66	68	70	72	74
MCW_CT_ROA_127_R2_trim	3.0	2.0	4.0	1.0	2.0	2.0	3.0	15.0	56.0	56.0	85.0	553.0	1458.0	2631.0	5820.0	8330.0	13609.0	19707.0	54117.0	93654.0	84699.0	40234.0	25538.0	55048.0	101557.0	97003.0	51473.0	25503.0	41738.0	82014.0	93557.0	52876.0	30036.0	88562.0	235742.0	7764074.0
	18	20	22	24	26	28	30	32	34	36	38	40	42	44	46	48	50	52	54	56	58	60	62	64	66	68	70	72	74
MCW_CT_ROA_130_R1_trim	3.0	35.0	20.0	38.0	180.0	671.0	1584.0	4025.0	4776.0	7182.0	12488.0	43777.0	84421.0	80011.0	38892.0	25016.0	58431.0	105351.0	101705.0	53513.0	26338.0	44752.0	89918.0	101533.0	56308.0	31295.0	97940.0	257408.0	8709118.0
	12	14	16	18	20	22	24	26	28	30	32	34	36	38	40	42	44	46	48	50	52	54	56	58	60	62	64	66	68	70	72	74
MCW_CT_ROA_130_R2_trim	2.0	0.0	0.0	2.0	36.0	19.0	44.0	195.0	721.0	1694.0	4279.0	5050.0	7469.0	12840.0	44930.0	86739.0	81610.0	39493.0	25272.0	59045.0	106571.0	102556.0	54076.0	26528.0	45234.0	91375.0	103456.0	57686.0	32773.0	100986.0	259113.0	8686935.0
	0	2	4	6	8	10	12	14	16	18	20	22	24	26	28	30	32	34	36	38	40	42	44	46	48	50	52	54	56	58	60	62	64	66	68	70	72	74
MCW_CT_ROA_132_R1_trim	1.0	0.0	0.0	0.0	2.0	0.0	1.0	1.0	1.0	7.0	56.0	45.0	85.0	214.0	1958.0	7656.0	19580.0	21482.0	16526.0	16284.0	49092.0	96022.0	95995.0	50592.0	26308.0	54723.0	108260.0	115738.0	69162.0	31029.0	42944.0	92550.0	116113.0	74165.0	40003.0	102829.0	269521.0	9434878.0
	0	2	4	6	8	10	12	14	16	18	20	22	24	26	28	30	32	34	36	38	40	42	44	46	48	50	52	54	56	58	60	62	64	66	68	70	72	74
MCW_CT_ROA_132_R2_trim	1.0	0.0	0.0	0.0	1.0	0.0	0.0	0.0	1.0	7.0	54.0	46.0	83.0	222.0	2003.0	7795.0	19832.0	21690.0	16772.0	16541.0	49868.0	97608.0	97141.0	51052.0	26497.0	55263.0	108846.0	116155.0	69589.0	31125.0	43293.0	93817.0	118033.0	76664.0	43038.0	108056.0	274129.0	9408601.0
	0	2	4	6	8	10	12	14	16	18	20	22	24	26	28	30	32	34	36	38	40	42	44	46	48	50	52	54	56	58	60	62	64	66	68	70	72	74
MCW_CT_ROA_133_R1_trim	5.0	3.0	0.0	0.0	1.0	1.0	2.0	0.0	5.0	14.0	38.0	34.0	53.0	321.0	1220.0	2638.0	6031.0	7240.0	10233.0	16271.0	53546.0	99296.0	91744.0	43149.0	24551.0	55782.0	104458.0	103131.0	54427.0	25215.0	41772.0	85272.0	97873.0	54802.0	28804.0	84935.0	228651.0	7419920.0
	0	2	4	6	8	10	12	14	16	18	20	22	24	26	28	30	32	34	36	38	40	42	44	46	48	50	52	54	56	58	60	62	64	66	68	70	72	74
MCW_CT_ROA_133_R2_trim	5.0	3.0	0.0	0.0	3.0	0.0	2.0	0.0	7.0	11.0	40.0	34.0	47.0	333.0	1247.0	2728.0	6244.0	7397.0	10334.0	16394.0	54044.0	100128.0	92125.0	43210.0	24368.0	55679.0	104117.0	102631.0	54590.0	25194.0	41957.0	86392.0	99464.0	55945.0	30347.0	88514.0	231171.0	7406733.0
	0	2	4	6	8	10	12	14	16	18	20	22	24	26	28	30	32	34	36	38	40	42	44	46	48	50	52	54	56	58	60	62	64	66	68	70	72	74
MCW_CT_ROA_135_R1_trim	2.0	0.0	0.0	0.0	0.0	0.0	0.0	0.0	0.0	6.0	50.0	42.0	55.0	368.0	1937.0	6092.0	14662.0	16583.0	15590.0	19216.0	56048.0	105250.0	96581.0	48024.0	26848.0	56115.0	100950.0	101742.0	56259.0	26452.0	39951.0	79185.0	93615.0	54150.0	28344.0	69669.0	177483.0	5657270.0
	0	2	4	6	8	10	12	14	16	18	20	22	24	26	28	30	32	34	36	38	40	42	44	46	48	50	52	54	56	58	60	62	64	66	68	70	72	74
MCW_CT_ROA_135_R2_trim	2.0	0.0	0.0	0.0	0.0	0.0	0.0	0.0	0.0	6.0	48.0	43.0	55.0	372.0	1982.0	6221.0	14866.0	16711.0	15685.0	19474.0	56403.0	106378.0	96650.0	47940.0	26770.0	56221.0	101109.0	101574.0	56627.0	26596.0	40298.0	80666.0	95725.0	56481.0	30439.0	73211.0	180844.0	5639142.0
	0	2	4	6	8	10	12	14	16	18	20	22	24	26	28	30	32	34	36	38	40	42	44	46	48	50	52	54	56	58	60	62	64	66	68	70	72	74
MCW_CT_ROA_136_R1_trim	6.0	0.0	0.0	0.0	1.0	1.0	0.0	2.0	0.0	25.0	105.0	53.0	103.0	544.0	2145.0	4787.0	11231.0	13261.0	19298.0	31267.0	106338.0	195961.0	176313.0	81275.0	45821.0	100155.0	182485.0	175337.0	92581.0	43141.0	69610.0	142116.0	160752.0	89564.0	45805.0	112686.0	278026.0	8539916.0
	0	2	4	6	8	10	12	14	16	18	20	22	24	26	28	30	32	34	36	38	40	42	44	46	48	50	52	54	56	58	60	62	64	66	68	70	72	74
MCW_CT_ROA_136_R2_trim	6.0	0.0	0.0	0.0	1.0	1.0	3.0	1.0	1.0	24.0	100.0	55.0	103.0	547.0	2215.0	4961.0	11540.0	13472.0	19590.0	31790.0	107430.0	198567.0	178118.0	81894.0	46022.0	100921.0	183588.0	175665.0	93238.0	43338.0	70143.0	144276.0	163527.0	92891.0	48445.0	116732.0	281739.0	8509767.0
	0	2	4	6	8	10	12	14	16	18	20	22	24	26	28	30	32	34	36	38	40	42	44	46	48	50	52	54	56	58	60	62	64	66	68	70	72	74
MCW_CT_ROA_138_R1_trim	4.0	0.0	1.0	3.0	0.0	0.0	0.0	0.0	0.0	12.0	37.0	34.0	47.0	387.0	1533.0	4003.0	9374.0	10773.0	13284.0	22906.0	77448.0	151153.0	141127.0	66117.0	40983.0	91579.0	160694.0	149374.0	72786.0	35729.0	58709.0	113151.0	123370.0	65640.0	34849.0	101139.0	254678.0	8645182.0
	0	2	4	6	8	10	12	14	16	18	20	22	24	26	28	30	32	34	36	38	40	42	44	46	48	50	52	54	56	58	60	62	64	66	68	70	72	74
MCW_CT_ROA_138_R2_trim	4.0	0.0	1.0	3.0	0.0	0.0	1.0	0.0	2.0	11.0	38.0	34.0	48.0	400.0	1584.0	4106.0	9636.0	10952.0	13516.0	23340.0	78520.0	153374.0	142767.0	66702.0	41263.0	92289.0	161787.0	149998.0	73332.0	35862.0	59094.0	114589.0	125284.0	67182.0	36538.0	104315.0	256307.0	8623227.0
	0	2	4	6	8	10	12	14	16	18	20	22	24	26	28	30	32	34	36	38	40	42	44	46	48	50	52	54	56	58	60	62	64	66	68	70	72	74
MCW_CT_ROA_139_R1_trim	3.0	0.0	0.0	0.0	16.0	0.0	3.0	0.0	2.0	12.0	83.0	70.0	88.0	755.0	3021.0	6667.0	15619.0	18074.0	23834.0	39025.0	135908.0	252118.0	228268.0	100390.0	59330.0	143114.0	264789.0	249675.0	121301.0	54908.0	99387.0	207560.0	231469.0	121839.0	55774.0	123945.0	281595.0	7923533.0
	0	2	4	6	8	10	12	14	16	18	20	22	24	26	28	30	32	34	36	38	40	42	44	46	48	50	52	54	56	58	60	62	64	66	68	70	72	74
MCW_CT_ROA_139_R2_trim	3.0	0.0	0.0	0.0	19.0	2.0	7.0	5.0	5.0	16.0	86.0	75.0	90.0	771.0	3063.0	6812.0	15922.0	18264.0	24124.0	39362.0	136844.0	253806.0	228752.0	100276.0	59092.0	142959.0	264396.0	248428.0	120801.0	54684.0	99183.0	208510.0	232970.0	121769.0	56794.0	127284.0	281883.0	7915118.0
	0	2	4	6	8	10	12	14	16	18	20	22	24	26	28	30	32	34	36	38	40	42	44	46	48	50	52	54	56	58	60	62	64	66	68	70	72	74
MCW_CT_ROA_140_R1_trim	2.0	0.0	0.0	0.0	10.0	0.0	0.0	2.0	1.0	9.0	45.0	21.0	41.0	156.0	710.0	1546.0	3646.0	4558.0	6065.0	11177.0	39413.0	77108.0	69610.0	30512.0	17433.0	42081.0	78694.0	73639.0	35326.0	15443.0	28824.0	60195.0	67480.0	36451.0	20017.0	76738.0	222923.0	7700593.0
	0	2	4	6	8	10	12	14	16	18	20	22	24	26	28	30	32	34	36	38	40	42	44	46	48	50	52	54	56	58	60	62	64	66	68	70	72	74
MCW_CT_ROA_140_R2_trim	2.0	0.0	0.0	0.0	10.0	0.0	2.0	0.0	1.0	9.0	46.0	22.0	41.0	165.0	772.0	1702.0	3934.0	4865.0	6432.0	11764.0	40786.0	79982.0	71563.0	31154.0	17667.0	42806.0	80058.0	74456.0	36003.0	15709.0	29538.0	62372.0	70221.0	37354.0	20968.0	78359.0	224673.0	7677033.0
	0	2	4	6	8	10	12	14	16	18	20	22	24	26	28	30	32	34	36	38	40	42	44	46	48	50	52	54	56	58	60	62	64	66	68	70	72	74
MCW_CT_ROA_141_R1_trim	34.0	2.0	2.0	1.0	6.0	1.0	4.0	5.0	0.0	26.0	144.0	159.0	250.0	567.0	4010.0	13437.0	32532.0	35428.0	27559.0	30119.0	98451.0	194609.0	190991.0	92741.0	46734.0	102692.0	196359.0	203281.0	112931.0	48292.0	72539.0	154879.0	191198.0	116336.0	55624.0	123531.0	288196.0	9759851.0
	0	2	4	6	8	10	12	14	16	18	20	22	24	26	28	30	32	34	36	38	40	42	44	46	48	50	52	54	56	58	60	62	64	66	68	70	72	74
MCW_CT_ROA_141_R2_trim	34.0	4.0	2.0	1.0	6.0	1.0	4.0	5.0	1.0	25.0	144.0	159.0	254.0	573.0	4045.0	13559.0	32708.0	35491.0	27692.0	30350.0	99010.0	196075.0	191548.0	92676.0	46659.0	102714.0	196252.0	202355.0	112588.0	48127.0	72622.0	155938.0	192468.0	115881.0	56365.0	126335.0	289057.0	9751793.0
	0	2	4	6	8	10	12	14	16	18	20	22	24	26	28	30	32	34	36	38	40	42	44	46	48	50	52	54	56	58	60	62	64	66	68	70	72	74
MCW_CT_ROA_142_R1_trim	4.0	0.0	0.0	0.0	0.0	0.0	0.0	2.0	0.0	8.0	47.0	44.0	49.0	153.0	478.0	1098.0	2554.0	3517.0	5056.0	8588.0	28011.0	51465.0	46011.0	19308.0	10700.0	26944.0	50725.0	49972.0	25188.0	11714.0	19889.0	40518.0	47369.0	26268.0	15324.0	63108.0	185555.0	6644002.0
	0	2	4	6	8	10	12	14	16	18	20	22	24	26	28	30	32	34	36	38	40	42	44	46	48	50	52	54	56	58	60	62	64	66	68	70	72	74
MCW_CT_ROA_142_R2_trim	4.0	0.0	0.0	0.0	1.0	0.0	1.0	3.0	0.0	6.0	50.0	44.0	47.0	166.0	531.0	1224.0	2825.0	3743.0	5320.0	9010.0	29104.0	53439.0	47206.0	19611.0	10827.0	27450.0	51953.0	50801.0	25767.0	11950.0	20389.0	42149.0	49474.0	27348.0	16592.0	65769.0	187855.0	6623010.0
	0	2	4	6	8	10	12	14	16	18	20	22	24	26	28	30	32	34	36	38	40	42	44	46	48	50	52	54	56	58	60	62	64	66	68	70	72	74
MCW_CT_ROA_144_R1_trim	4.0	1.0	0.0	0.0	0.0	0.0	0.0	1.0	2.0	9.0	55.0	26.0	51.0	233.0	873.0	2434.0	5661.0	6484.0	7119.0	11137.0	38547.0	72123.0	64025.0	29176.0	15677.0	35973.0	65607.0	64026.0	32737.0	14857.0	25133.0	52002.0	59874.0	33366.0	18356.0	64904.0	184247.0	6531696.0
	0	2	4	6	8	10	12	14	16	18	20	22	24	26	28	30	32	34	36	38	40	42	44	46	48	50	52	54	56	58	60	62	64	66	68	70	72	74
MCW_CT_ROA_144_R2_trim	4.0	1.0	0.0	0.0	0.0	0.0	0.0	0.0	2.0	10.0	56.0	26.0	49.0	242.0	910.0	2541.0	5868.0	6652.0	7305.0	11376.0	39319.0	73657.0	64928.0	29491.0	15730.0	36226.0	65929.0	64115.0	33104.0	15033.0	25587.0	53456.0	61924.0	34755.0	19661.0	67945.0	186715.0	6513799.0
	0	2	4	6	8	10	12	14	16	18	20	22	24	26	28	30	32	34	36	38	40	42	44	46	48	50	52	54	56	58	60	62	64	66	68	70	72	74
MCW_CT_ROA_145_R1_trim	9.0	0.0	0.0	0.0	2.0	3.0	1.0	1.0	0.0	21.0	148.0	144.0	179.0	870.0	3123.0	6433.0	15260.0	17305.0	26066.0	43748.0	134360.0	239725.0	214386.0	101013.0	61196.0	126125.0	217001.0	205809.0	108720.0	54025.0	85515.0	166638.0	183675.0	103471.0	53958.0	118614.0	263693.0	7830603.0
	0	2	4	6	8	10	12	14	16	18	20	22	24	26	28	30	32	34	36	38	40	42	44	46	48	50	52	54	56	58	60	62	64	66	68	70	72	74
MCW_CT_ROA_145_R2_trim	9.0	0.0	0.0	0.0	2.0	3.0	1.0	1.0	0.0	17.0	152.0	145.0	178.0	875.0	3187.0	6558.0	15546.0	17590.0	26425.0	44287.0	135889.0	242576.0	216410.0	101718.0	61312.0	126499.0	217605.0	205808.0	109171.0	54039.0	85728.0	168086.0	185771.0	105641.0	55827.0	122447.0	266415.0	7805922.0
	0	2	4	6	8	10	12	14	16	18	20	22	24	26	28	30	32	34	36	38	40	42	44	46	48	50	52	54	56	58	60	62	64	66	68	70	72	74
MCW_CT_ROA_146_R1_trim	7.0	0.0	0.0	3.0	6.0	2.0	0.0	0.0	3.0	48.0	340.0	268.0	365.0	1931.0	8121.0	16314.0	36149.0	42521.0	62589.0	103202.0	313883.0	540547.0	468708.0	213971.0	126721.0	255778.0	436980.0	406841.0	205728.0	101634.0	157409.0	294864.0	321038.0	177924.0	87097.0	155244.0	303694.0	7611035.0
	0	2	4	6	8	10	12	14	16	18	20	22	24	26	28	30	32	34	36	38	40	42	44	46	48	50	52	54	56	58	60	62	64	66	68	70	72	74
MCW_CT_ROA_146_R2_trim	7.0	0.0	0.0	3.0	6.0	2.0	0.0	0.0	3.0	42.0	339.0	267.0	359.0	1941.0	8185.0	16484.0	36402.0	42766.0	62752.0	103438.0	314443.0	541516.0	468312.0	213502.0	126095.0	254787.0	435415.0	404551.0	204856.0	100918.0	157013.0	295628.0	322321.0	177241.0	87429.0	157862.0	305768.0	7610312.0
	0	2	4	6	8	10	12	14	16	18	20	22	24	26	28	30	32	34	36	38	40	42	44	46	48	50	52	54	56	58	60	62	64	66	68	70	72	74
MCW_CT_ROA_147_R1_trim	4.0	0.0	5.0	0.0	2.0	0.0	7.0	2.0	3.0	27.0	92.0	74.0	98.0	888.0	1924.0	3144.0	6111.0	9698.0	15949.0	20613.0	47530.0	74198.0	64009.0	30141.0	19173.0	36631.0	65950.0	61513.0	33928.0	17777.0	26728.0	49422.0	54984.0	31723.0	19072.0	66833.0	183826.0	6685552.0
	0	2	4	6	8	10	12	14	16	18	20	22	24	26	28	30	32	34	36	38	40	42	44	46	48	50	52	54	56	58	60	62	64	66	68	70	72	74
MCW_CT_ROA_147_R2_trim	4.0	0.0	5.0	0.0	2.0	1.0	6.0	2.0	3.0	28.0	95.0	75.0	103.0	896.0	1977.0	3270.0	6309.0	9892.0	16112.0	20891.0	48348.0	76039.0	64805.0	30017.0	18876.0	36523.0	66630.0	61667.0	34260.0	17867.0	27153.0	50927.0	57015.0	32005.0	19930.0	69109.0	185460.0	6671329.0
	0	2	4	6	8	10	12	14	16	18	20	22	24	26	28	30	32	34	36	38	40	42	44	46	48	50	52	54	56	58	60	62	64	66	68	70	72	74
MCW_CT_ROA_148_R1_trim	4.0	0.0	0.0	0.0	7.0	0.0	3.0	1.0	2.0	5.0	43.0	33.0	47.0	239.0	688.0	1644.0	4143.0	4887.0	6620.0	11919.0	41866.0	82574.0	75277.0	33184.0	20047.0	48747.0	91579.0	88259.0	43826.0	19312.0	34310.0	70380.0	79214.0	42828.0	22078.0	74793.0	205248.0	7138326.0
	0	2	4	6	8	10	12	14	16	18	20	22	24	26	28	30	32	34	36	38	40	42	44	46	48	50	52	54	56	58	60	62	64	66	68	70	72	74
MCW_CT_ROA_148_R2_trim	4.0	0.0	0.0	0.0	7.0	0.0	3.0	1.0	2.0	5.0	46.0	34.0	50.0	250.0	729.0	1751.0	4395.0	5124.0	6884.0	12299.0	42703.0	84478.0	76381.0	33460.0	20134.0	49136.0	92654.0	88832.0	44320.0	19487.0	34744.0	71822.0	81097.0	44067.0	23510.0	76413.0	205908.0	7121403.0
	0	2	4	6	8	10	12	14	16	18	20	22	24	26	28	30	32	34	36	38	40	42	44	46	48	50	52	54	56	58	60	62	64	66	68	70	72	74
MCW_CT_ROA_149_R1_trim	9.0	0.0	1.0	6.0	7.0	4.0	1.0	3.0	4.0	38.0	190.0	174.0	306.0	2364.0	10358.0	21155.0	48847.0	55614.0	77980.0	126734.0	408277.0	744366.0	684854.0	313512.0	184672.0	402022.0	721292.0	688583.0	345414.0	161723.0	257157.0	493294.0	548518.0	293520.0	135354.0	219383.0	401131.0	9352504.0
	0	2	4	6	8	10	12	14	16	18	20	22	24	26	28	30	32	34	36	38	40	42	44	46	48	50	52	54	56	58	60	62	64	66	68	70	72	74
MCW_CT_ROA_149_R2_trim	9.0	0.0	2.0	6.0	7.0	4.0	1.0	3.0	6.0	31.0	191.0	171.0	297.0	2391.0	10451.0	21399.0	49290.0	55917.0	78485.0	127119.0	408897.0	746238.0	685855.0	313477.0	184522.0	402758.0	722593.0	688802.0	346073.0	161781.0	257671.0	495689.0	550736.0	303500.0	141038.0	227640.0	407454.0	9308867.0
	0	2	4	6	8	10	12	14	16	18	20	22	24	26	28	30	32	34	36	38	40	42	44	46	48	50	52	54	56	58	60	62	64	66	68	70	72	74
MCW_CT_ROA_150_R1_trim	2.0	2.0	0.0	0.0	5.0	0.0	1.0	1.0	2.0	14.0	108.0	154.0	224.0	894.0	5980.0	18472.0	46313.0	50776.0	47031.0	56506.0	179646.0	340759.0	323058.0	159411.0	80604.0	170947.0	330610.0	339521.0	190896.0	84202.0	118020.0	245304.0	299100.0	173801.0	78055.0	102874.0	176570.0	4193378.0
	0	2	4	6	8	10	12	14	16	18	20	22	24	26	28	30	32	34	36	38	40	42	44	46	48	50	52	54	56	58	60	62	64	66	68	70	72	74
MCW_CT_ROA_150_R2_trim	2.0	2.0	0.0	0.0	6.0	0.0	1.0	1.0	2.0	12.0	113.0	154.0	223.0	902.0	6061.0	18751.0	46598.0	50677.0	47329.0	56551.0	178901.0	339980.0	320787.0	158110.0	79594.0	170123.0	329995.0	338391.0	191456.0	84104.0	118306.0	247085.0	301923.0	184210.0	83778.0	110201.0	183175.0	4165737.0
	0	2	4	6	8	10	12	14	16	18	20	22	24	26	28	30	32	34	36	38	40	42	44	46	48	50	52	54	56	58	60	62	64	66	68	70	72	74
MCW_CT_ROA_151_R1_trim	2.0	0.0	0.0	0.0	3.0	0.0	1.0	3.0	1.0	9.0	64.0	68.0	117.0	836.0	3457.0	7858.0	17329.0	19096.0	25467.0	43451.0	145007.0	254078.0	220949.0	97939.0	53502.0	121834.0	214993.0	199278.0	97335.0	42384.0	70150.0	139564.0	153881.0	79295.0	33580.0	46808.0	66032.0	1226961.0
	0	2	4	6	8	10	12	14	16	18	20	22	24	26	28	30	32	34	36	38	40	42	44	46	48	50	52	54	56	58	60	62	64	66	68	70	72	74
MCW_CT_ROA_151_R2_trim	2.0	0.0	0.0	0.0	3.0	0.0	1.0	3.0	1.0	9.0	64.0	67.0	116.0	832.0	3493.0	7933.0	17360.0	19110.0	25296.0	43400.0	144780.0	252207.0	218605.0	97064.0	52794.0	120924.0	212944.0	196831.0	96719.0	41867.0	69640.0	139292.0	153805.0	80242.0	34164.0	47997.0	67721.0	1236046.0
	0	2	4	6	8	10	12	14	16	18	20	22	24	26	28	30	32	34	36	38	40	42	44	46	48	50	52	54	56	58	60	62	64	66	68	70	72	74
MCW_CT_ROA_153_R1_trim	10.0	2.0	0.0	0.0	29.0	2.0	0.0	0.0	7.0	74.0	388.0	239.0	402.0	2496.0	10113.0	24072.0	57511.0	63610.0	76102.0	104364.0	311588.0	568742.0	520625.0	258183.0	148006.0	311023.0	564853.0	559085.0	302138.0	146334.0	219789.0	434503.0	492271.0	273021.0	131513.0	218333.0	427987.0	11053768.0
	0	2	4	6	8	10	12	14	16	18	20	22	24	26	28	30	32	34	36	38	40	42	44	46	48	50	52	54	56	58	60	62	64	66	68	70	72	74
MCW_CT_ROA_153_R2_trim	10.0	3.0	0.0	0.0	29.0	1.0	3.0	0.0	3.0	69.0	399.0	239.0	381.0	2526.0	10274.0	24497.0	58176.0	63766.0	76559.0	104482.0	310558.0	568719.0	518766.0	256872.0	147031.0	310288.0	565331.0	558846.0	303265.0	146494.0	220777.0	438461.0	497518.0	289016.0	140968.0	232331.0	437872.0	10996653.0
	0	2	4	6	8	10	12	14	16	18	20	22	24	26	28	30	32	34	36	38	40	42	44	46	48	50	52	54	56	58	60	62	64	66	68	70	72	74
MCW_CT_ROA_154_R1_trim	5.0	0.0	1.0	0.0	3.0	1.0	0.0	0.0	0.0	10.0	73.0	46.0	69.0	562.0	1907.0	3803.0	8952.0	9597.0	12380.0	19814.0	65779.0	118521.0	109192.0	53052.0	31138.0	70402.0	126488.0	121829.0	63311.0	30225.0	49055.0	98038.0	111210.0	61558.0	30930.0	74264.0	180882.0	5535860.0
	0	2	4	6	8	10	12	14	16	18	20	22	24	26	28	30	32	34	36	38	40	42	44	46	48	50	52	54	56	58	60	62	64	66	68	70	72	74
MCW_CT_ROA_154_R2_trim	5.0	0.0	1.0	0.0	3.0	0.0	0.0	2.0	0.0	9.0	73.0	44.0	68.0	569.0	1943.0	3900.0	9118.0	9722.0	12451.0	19952.0	66212.0	118907.0	109037.0	53015.0	30961.0	70519.0	126360.0	121256.0	63349.0	30175.0	49214.0	99101.0	112766.0	62844.0	32158.0	77144.0	182574.0	5525505.0
	0	2	4	6	8	10	12	14	16	18	20	22	24	26	28	30	32	34	36	38	40	42	44	46	48	50	52	54	56	58	60	62	64	66	68	70	72	74
MCW_CT_ROA_156_R1_trim	2.0	0.0	0.0	0.0	2.0	0.0	2.0	0.0	7.0	96.0	575.0	401.0	497.0	3124.0	13691.0	30178.0	65919.0	72874.0	96869.0	155198.0	494220.0	852308.0	731714.0	312596.0	170848.0	374049.0	657240.0	602666.0	292037.0	128905.0	205954.0	402951.0	440508.0	234473.0	102461.0	151094.0	241249.0	5116243.0
	0	2	4	6	8	10	12	14	16	18	20	22	24	26	28	30	32	34	36	38	40	42	44	46	48	50	52	54	56	58	60	62	64	66	68	70	72	74
MCW_CT_ROA_156_R2_trim	2.0	1.0	0.0	0.0	2.0	0.0	2.0	0.0	7.0	95.0	576.0	396.0	491.0	3128.0	13747.0	30275.0	65974.0	72772.0	96602.0	154937.0	493201.0	849344.0	728446.0	310662.0	169490.0	371599.0	652830.0	597261.0	290020.0	127702.0	204694.0	402004.0	439920.0	233401.0	102726.0	153448.0	245477.0	5139719.0
	8	10	12	14	16	18	20	22	24	26	28	30	32	34	36	38	40	42	44	46	48	50	52	54	56	58	60	62	64	66	68	70	72	74
MCW_CT_ROA_157_R1_trim	1.0	0.0	2.0	1.0	2.0	46.0	225.0	198.0	320.0	2972.0	11628.0	24054.0	52842.0	61858.0	86309.0	134395.0	399486.0	694481.0	621228.0	295230.0	185107.0	388098.0	668360.0	629239.0	322940.0	163128.0	252743.0	468163.0	506828.0	271761.0	132683.0	199291.0	323963.0	7088538.0
	8	10	12	14	16	18	20	22	24	26	28	30	32	34	36	38	40	42	44	46	48	50	52	54	56	58	60	62	64	66	68	70	72	74
MCW_CT_ROA_157_R2_trim	1.0	0.0	1.0	2.0	1.0	46.0	228.0	197.0	315.0	3010.0	11763.0	24441.0	53518.0	62392.0	87224.0	135213.0	401292.0	697918.0	623791.0	295802.0	185510.0	389489.0	670779.0	630768.0	324297.0	163367.0	253592.0	471118.0	510466.0	283110.0	139248.0	208466.0	330987.0	7027768.0
	0	2	4	6	8	10	12	14	16	18	20	22	24	26	28	30	32	34	36	38	40	42	44	46	48	50	52	54	56	58	60	62	64	66	68	70	72	74
MCW_CT_ROA_158_R1_trim	2.0	0.0	0.0	1.0	0.0	0.0	1.0	0.0	2.0	7.0	76.0	44.0	68.0	522.0	1729.0	3690.0	8246.0	9966.0	14037.0	22367.0	72384.0	128688.0	115277.0	54490.0	32926.0	70167.0	120972.0	114557.0	59623.0	30551.0	48310.0	93004.0	102034.0	57755.0	31561.0	86859.0	216745.0	7119429.0
	0	2	4	6	8	10	12	14	16	18	20	22	24	26	28	30	32	34	36	38	40	42	44	46	48	50	52	54	56	58	60	62	64	66	68	70	72	74
MCW_CT_ROA_158_R2_trim	2.0	0.0	0.0	1.0	0.0	0.0	1.0	3.0	1.0	6.0	77.0	46.0	68.0	531.0	1768.0	3802.0	8435.0	10115.0	14238.0	22612.0	73271.0	130445.0	116306.0	54675.0	32882.0	70193.0	120960.0	114171.0	59728.0	30516.0	48535.0	94059.0	103497.0	58839.0	32792.0	89174.0	218973.0	7105368.0
	14	16	18	20	22	24	26	28	30	32	34	36	38	40	42	44	46	48	50	52	54	56	58	60	62	64	66	68	70	72	74
MCW_CT_ROA_159_R1_trim	2.0	2.0	5.0	66.0	53.0	62.0	239.0	1573.0	5164.0	13128.0	13864.0	12674.0	18170.0	66093.0	130972.0	124895.0	61679.0	34044.0	75342.0	140101.0	137580.0	74319.0	34339.0	53485.0	111387.0	132059.0	77743.0	38928.0	88304.0	204923.0	6483655.0
	16	18	20	22	24	26	28	30	32	34	36	38	40	42	44	46	48	50	52	54	56	58	60	62	64	66	68	70	72	74
MCW_CT_ROA_159_R2_trim	2.0	5.0	65.0	52.0	72.0	242.0	1610.0	5264.0	13282.0	14034.0	12860.0	18453.0	66808.0	132386.0	125835.0	62014.0	34103.0	75538.0	140469.0	137485.0	74441.0	34260.0	53625.0	112366.0	133363.0	78451.0	39922.0	89601.0	206064.0	6472178.0
	0	2	4	6	8	10	12	14	16	18	20	22	24	26	28	30	32	34	36	38	40	42	44	46	48	50	52	54	56	58	60	62	64	66	68	70	72	74
MCW_CT_ROA_160_R1_trim	6.0	0.0	0.0	0.0	1.0	1.0	0.0	0.0	0.0	11.0	52.0	38.0	53.0	372.0	1559.0	3432.0	7610.0	7543.0	10892.0	18649.0	62037.0	112672.0	102442.0	51366.0	31097.0	63736.0	109249.0	104766.0	59630.0	31110.0	47819.0	91667.0	102075.0	59277.0	33481.0	85150.0	208895.0	6920291.0
	0	2	4	6	8	10	12	14	16	18	20	22	24	26	28	30	32	34	36	38	40	42	44	46	48	50	52	54	56	58	60	62	64	66	68	70	72	74
MCW_CT_ROA_160_R2_trim	6.0	0.0	0.0	0.0	1.0	1.0	0.0	0.0	0.0	11.0	55.0	38.0	55.0	381.0	1582.0	3536.0	7819.0	7682.0	11014.0	18739.0	62382.0	113893.0	102837.0	51289.0	30792.0	63454.0	108725.0	104039.0	59822.0	31018.0	48082.0	92913.0	104157.0	61489.0	35296.0	89039.0	213629.0	6903203.0
	0	2	4	6	8	10	12	14	16	18	20	22	24	26	28	30	32	34	36	38	40	42	44	46	48	50	52	54	56	58	60	62	64	66	68	70	72	74
MCW_CT_ROA_162_R1_trim	37.0	4.0	0.0	1.0	9.0	0.0	3.0	0.0	4.0	9.0	146.0	105.0	65.0	361.0	1170.0	2717.0	6806.0	8763.0	11288.0	18885.0	63629.0	118877.0	106995.0	46758.0	25370.0	58293.0	109361.0	101852.0	51705.0	22160.0	37437.0	80584.0	91236.0	47654.0	22085.0	54104.0	136274.0	4199577.0
	0	2	4	6	8	10	12	14	16	18	20	22	24	26	28	30	32	34	36	38	40	42	44	46	48	50	52	54	56	58	60	62	64	66	68	70	72	74
MCW_CT_ROA_162_R2_trim	37.0	4.0	0.0	1.0	9.0	0.0	3.0	0.0	4.0	9.0	147.0	104.0	63.0	367.0	1188.0	2802.0	6899.0	8877.0	11393.0	19084.0	63945.0	119711.0	107546.0	46846.0	25259.0	58195.0	109163.0	101509.0	51810.0	22206.0	37604.0	81566.0	92642.0	49292.0	23439.0	56676.0	137446.0	4188478.0
	0	2	4	6	8	10	12	14	16	18	20	22	24	26	28	30	32	34	36	38	40	42	44	46	48	50	52	54	56	58	60	62	64	66	68	70	72	74
MCW_CT_ROA_163_R1_trim	47.0	0.0	1.0	1.0	10.0	0.0	1.0	2.0	4.0	18.0	141.0	70.0	140.0	369.0	1669.0	3218.0	8047.0	9862.0	12733.0	21191.0	75515.0	142249.0	124535.0	51940.0	28016.0	70002.0	131091.0	125200.0	61326.0	26241.0	46470.0	100219.0	112594.0	60171.0	27288.0	72379.0	182401.0	5459705.0
	0	2	4	6	8	10	12	14	16	18	20	22	24	26	28	30	32	34	36	38	40	42	44	46	48	50	52	54	56	58	60	62	64	66	68	70	72	74
MCW_CT_ROA_163_R2_trim	46.0	1.0	1.0	1.0	10.0	0.0	1.0	2.0	4.0	19.0	144.0	70.0	145.0	375.0	1701.0	3358.0	8276.0	10028.0	12911.0	21370.0	76012.0	143615.0	124600.0	51709.0	27854.0	69857.0	130894.0	124335.0	61252.0	26229.0	46612.0	101247.0	114187.0	60425.0	28237.0	73951.0	182350.0	5453037.0
	0	2	4	6	8	10	12	14	16	18	20	22	24	26	28	30	32	34	36	38	40	42	44	46	48	50	52	54	56	58	60	62	64	66	68	70	72	74
MCW_CT_ROA_165_R1_trim	33.0	0.0	0.0	0.0	12.0	4.0	4.0	0.0	1.0	8.0	80.0	32.0	60.0	251.0	849.0	1994.0	4462.0	4971.0	6931.0	11920.0	39953.0	74982.0	65691.0	28246.0	16008.0	36786.0	67118.0	63914.0	31644.0	13972.0	24253.0	49268.0	53777.0	28618.0	15596.0	57852.0	161677.0	5935221.0
	0	2	4	6	8	10	12	14	16	18	20	22	24	26	28	30	32	34	36	38	40	42	44	46	48	50	52	54	56	58	60	62	64	66	68	70	72	74
MCW_CT_ROA_165_R2_trim	31.0	0.0	0.0	2.0	12.0	4.0	4.0	0.0	1.0	8.0	82.0	33.0	57.0	257.0	880.0	2098.0	4666.0	5132.0	7107.0	12213.0	40450.0	76313.0	66412.0	28402.0	16090.0	37176.0	67910.0	64409.0	32300.0	14239.0	24780.0	50906.0	55869.0	30436.0	17102.0	60880.0	163896.0	5916031.0
	0	2	4	6	8	10	12	14	16	18	20	22	24	26	28	30	32	34	36	38	40	42	44	46	48	50	52	54	56	58	60	62	64	66	68	70	72	74
MCW_CT_ROA_166_R1_trim	17.0	0.0	0.0	3.0	6.0	4.0	0.0	0.0	5.0	10.0	54.0	39.0	81.0	275.0	889.0	1829.0	4392.0	5522.0	7913.0	14075.0	50432.0	96703.0	84614.0	36626.0	21040.0	50468.0	96420.0	90722.0	46421.0	20908.0	36789.0	75660.0	90286.0	49554.0	25481.0	89060.0	248651.0	8655975.0
	0	2	4	6	8	10	12	14	16	18	20	22	24	26	28	30	32	34	36	38	40	42	44	46	48	50	52	54	56	58	60	62	64	66	68	70	72	74
MCW_CT_ROA_166_R2_trim	17.0	0.0	0.0	3.0	6.0	3.0	0.0	0.0	5.0	9.0	55.0	38.0	86.0	277.0	942.0	1982.0	4598.0	5668.0	8081.0	14227.0	50851.0	97836.0	84367.0	36198.0	20706.0	50256.0	96128.0	89553.0	46346.0	20915.0	37122.0	77306.0	92405.0	49654.0	26479.0	92767.0	247589.0	8648449.0
	0	2	4	6	8	10	12	14	16	18	20	22	24	26	28	30	32	34	36	38	40	42	44	46	48	50	52	54	56	58	60	62	64	66	68	70	72	74
MCW_CT_ROA_167_R1_trim	87.0	15.0	18.0	6.0	25.0	3.0	3.0	6.0	1.0	29.0	227.0	118.0	164.0	1069.0	4097.0	7948.0	17458.0	18905.0	32569.0	57753.0	171982.0	304255.0	274765.0	154728.0	98594.0	196190.0	308295.0	294015.0	177566.0	105282.0	159382.0	292323.0	324793.0	209622.0	113393.0	167947.0	223853.0	6536951.0
	0	2	4	6	8	10	12	14	16	18	20	22	24	26	28	30	32	34	36	38	40	42	44	46	48	50	52	54	56	58	60	62	64	66	68	70	72	74
MCW_CT_ROA_167_R2_trim	86.0	15.0	17.0	5.0	26.0	4.0	2.0	5.0	1.0	28.0	228.0	113.0	162.0	1056.0	4111.0	7992.0	17490.0	18905.0	32473.0	57175.0	170529.0	302306.0	271065.0	151592.0	96568.0	192849.0	302530.0	287894.0	174469.0	103502.0	157358.0	289701.0	323128.0	205414.0	111609.0	167709.0	222155.0	6584165.0
	0	2	4	6	8	10	12	14	16	18	20	22	24	26	28	30	32	34	36	38	40	42	44	46	48	50	52	54	56	58	60	62	64	66	68	70	72	74
MCW_CT_ROA_169_R1_trim	33.0	0.0	6.0	0.0	14.0	0.0	8.0	0.0	1.0	11.0	170.0	44.0	73.0	642.0	2443.0	5848.0	14951.0	15606.0	20415.0	35569.0	140193.0	273891.0	231558.0	110198.0	58466.0	163725.0	305017.0	290109.0	147975.0	68055.0	130551.0	295697.0	342930.0	203092.0	86252.0	155337.0	275054.0	8987365.0
	0	2	4	6	8	10	12	14	16	18	20	22	24	26	28	30	32	34	36	38	40	42	44	46	48	50	52	54	56	58	60	62	64	66	68	70	72	74
MCW_CT_ROA_169_R2_trim	32.0	0.0	6.0	0.0	14.0	0.0	7.0	0.0	2.0	9.0	172.0	44.0	73.0	651.0	2454.0	5942.0	14980.0	15543.0	20236.0	35262.0	139088.0	272260.0	228614.0	107921.0	57308.0	161096.0	299686.0	283443.0	145182.0	66955.0	129068.0	293924.0	341672.0	196881.0	83757.0	154857.0	270979.0	9033181.0
	0	2	4	6	8	10	12	14	16	18	20	22	24	26	28	30	32	34	36	38	40	42	44	46	48	50	52	54	56	58	60	62	64	66	68	70	72	74
MCW_CT_ROA_171_R1_trim	8.0	0.0	1.0	2.0	6.0	1.0	2.0	0.0	5.0	22.0	193.0	102.0	178.0	819.0	5015.0	15406.0	35417.0	36996.0	31276.0	41569.0	149371.0	292101.0	280329.0	144765.0	76987.0	193259.0	368014.0	379698.0	210874.0	93191.0	149221.0	340355.0	415377.0	256472.0	114990.0	182647.0	339843.0	10894515.0
	0	2	4	6	8	10	12	14	16	18	20	22	24	26	28	30	32	34	36	38	40	42	44	46	48	50	52	54	56	58	60	62	64	66	68	70	72	74
MCW_CT_ROA_171_R2_trim	8.0	0.0	1.0	2.0	6.0	1.0	2.0	0.0	5.0	22.0	197.0	101.0	173.0	827.0	5047.0	15488.0	35576.0	37035.0	31392.0	41814.0	149881.0	293415.0	280991.0	144626.0	76911.0	193057.0	366421.0	378041.0	209974.0	92761.0	148474.0	339979.0	415542.0	257473.0	115779.0	184542.0	338311.0	10895152.0
	0	2	4	6	8	10	12	14	16	18	20	22	24	26	28	30	32	34	36	38	40	42	44	46	48	50	52	54	56	58	60	62	64	66	68	70	72	74
MCW_CT_ROA_172_R1_trim	11.0	0.0	9.0	2.0	8.0	3.0	2.0	1.0	4.0	8.0	86.0	35.0	57.0	521.0	2231.0	5156.0	11689.0	9448.0	13127.0	24812.0	80136.0	164106.0	146294.0	91976.0	54586.0	119581.0	204641.0	197384.0	127897.0	73827.0	109320.0	214986.0	248232.0	174785.0	90920.0	140812.0	214405.0	8603040.0
	0	2	4	6	8	10	12	14	16	18	20	22	24	26	28	30	32	34	36	38	40	42	44	46	48	50	52	54	56	58	60	62	64	66	68	70	72	74
MCW_CT_ROA_172_R2_trim	10.0	0.0	9.0	2.0	8.0	4.0	2.0	2.0	4.0	9.0	87.0	36.0	59.0	525.0	2246.0	5244.0	11825.0	9600.0	13259.0	24975.0	80757.0	165452.0	146828.0	91762.0	54150.0	119251.0	203228.0	195897.0	127487.0	73464.0	108897.0	215231.0	249403.0	176132.0	91110.0	141761.0	213620.0	8601802.0
	0	2	4	6	8	10	12	14	16	18	20	22	24	26	28	30	32	34	36	38	40	42	44	46	48	50	52	54	56	58	60	62	64	66	68	70	72	74
MCW_CT_ROA_173_R1_trim	11.0	2.0	0.0	3.0	8.0	0.0	1.0	3.0	2.0	7.0	62.0	69.0	71.0	415.0	1517.0	3905.0	9388.0	9177.0	11736.0	20529.0	71896.0	138390.0	129114.0	71269.0	45104.0	112931.0	215171.0	214515.0	121649.0	62912.0	111260.0	237965.0	275370.0	164702.0	81337.0	164838.0	314938.0	10230100.0
	0	2	4	6	8	10	12	14	16	18	20	22	24	26	28	30	32	34	36	38	40	42	44	46	48	50	52	54	56	58	60	62	64	66	68	70	72	74
MCW_CT_ROA_173_R2_trim	11.0	2.0	0.0	3.0	5.0	0.0	1.0	4.0	3.0	9.0	69.0	69.0	74.0	416.0	1549.0	3997.0	9587.0	9306.0	11895.0	20756.0	72594.0	140044.0	130377.0	71468.0	45114.0	113145.0	215206.0	213934.0	121730.0	62766.0	111202.0	239012.0	277553.0	166622.0	82697.0	167715.0	314745.0	10216687.0
	0	2	4	6	8	10	12	14	16	18	20	22	24	26	28	30	32	34	36	38	40	42	44	46	48	50	52	54	56	58	60	62	64	66	68	70	72	74
MCW_CT_ROA_174_R1_trim	7.0	0.0	0.0	0.0	3.0	0.0	2.0	1.0	1.0	9.0	17.0	10.0	28.0	164.0	519.0	1179.0	2739.0	3101.0	4036.0	6795.0	22758.0	42264.0	40122.0	23262.0	14634.0	33651.0	63670.0	64402.0	37908.0	19758.0	31603.0	65778.0	77085.0	46552.0	25011.0	61557.0	133481.0	4816241.0
	0	2	4	6	8	10	12	14	16	18	20	22	24	26	28	30	32	34	36	38	40	42	44	46	48	50	52	54	56	58	60	62	64	66	68	70	72	74
MCW_CT_ROA_174_R2_trim	7.0	0.0	0.0	0.0	3.0	0.0	2.0	1.0	1.0	5.0	17.0	10.0	28.0	168.0	527.0	1203.0	2808.0	3159.0	4103.0	6869.0	22939.0	42527.0	40191.0	23136.0	14551.0	33596.0	63620.0	64275.0	37912.0	19743.0	31613.0	66130.0	77605.0	47146.0	25452.0	62039.0	132828.0	4814134.0
	8	10	12	14	16	18	20	22	24	26	28	30	32	34	36	38	40	42	44	46	48	50	52	54	56	58	60	62	64	66	68	70	72	74
MCW_CT_ROA_175_R1_trim	1.0	0.0	0.0	0.0	0.0	6.0	67.0	42.0	51.0	256.0	1122.0	2711.0	6516.0	5926.0	6977.0	11242.0	39999.0	75112.0	65689.0	30947.0	15336.0	32996.0	60572.0	56810.0	28346.0	11501.0	16447.0	34240.0	38691.0	20334.0	8474.0	9375.0	10710.0	144341.0
	8	10	12	14	16	18	20	22	24	26	28	30	32	34	36	38	40	42	44	46	48	50	52	54	56	58	60	62	64	66	68	70	72	74
MCW_CT_ROA_175_R2_trim	1.0	0.0	0.0	0.0	0.0	6.0	66.0	42.0	49.0	255.0	1123.0	2719.0	6522.0	5933.0	6971.0	11239.0	40026.0	75237.0	65715.0	30936.0	15244.0	32829.0	60167.0	56324.0	28241.0	11440.0	16336.0	34198.0	38573.0	20446.0	8485.0	9574.0	11097.0	145043.0
	0	2	4	6	8	10	12	14	16	18	20	22	24	26	28	30	32	34	36	38	40	42	44	46	48	50	52	54	56	58	60	62	64	66	68	70	72	74
MCW_CT_ROA_177_R1_trim	11.0	5.0	2.0	0.0	7.0	0.0	0.0	4.0	7.0	19.0	165.0	141.0	209.0	625.0	5133.0	19583.0	46135.0	48441.0	36200.0	38507.0	137297.0	260572.0	235884.0	119984.0	52171.0	126978.0	240768.0	250465.0	149594.0	63673.0	96812.0	228823.0	285690.0	185517.0	81601.0	119223.0	222488.0	7214016.0
	0	2	4	6	8	10	12	14	16	18	20	22	24	26	28	30	32	34	36	38	40	42	44	46	48	50	52	54	56	58	60	62	64	66	68	70	72	74
MCW_CT_ROA_177_R2_trim	11.0	5.0	2.0	0.0	7.0	0.0	0.0	9.0	7.0	18.0	164.0	146.0	202.0	628.0	5175.0	19709.0	46392.0	48448.0	36254.0	38453.0	137723.0	261803.0	235893.0	119180.0	51318.0	125121.0	237452.0	246603.0	148151.0	63047.0	96398.0	229410.0	287187.0	186440.0	81921.0	120901.0	222547.0	7220025.0
	0	2	4	6	8	10	12	14	16	18	20	22	24	26	28	30	32	34	36	38	40	42	44	46	48	50	52	54	56	58	60	62	64	66	68	70	72	74
MCW_CT_ROA_178_R1_trim	7.0	11.0	5.0	7.0	19.0	15.0	13.0	5.0	16.0	29.0	116.0	121.0	203.0	1627.0	3913.0	6538.0	13031.0	17660.0	32374.0	47735.0	117020.0	199691.0	190796.0	126300.0	90891.0	168812.0	262676.0	257509.0	163025.0	104950.0	150133.0	266215.0	295827.0	195574.0	114967.0	166157.0	220079.0	6837082.0
	0	2	4	6	8	10	12	14	16	18	20	22	24	26	28	30	32	34	36	38	40	42	44	46	48	50	52	54	56	58	60	62	64	66	68	70	72	74
MCW_CT_ROA_178_R2_trim	6.0	11.0	5.0	7.0	17.0	15.0	13.0	7.0	15.0	29.0	116.0	120.0	202.0	1626.0	3936.0	6597.0	13154.0	17740.0	32493.0	47743.0	116859.0	199884.0	190618.0	125819.0	90293.0	168124.0	261039.0	254967.0	162006.0	104088.0	149214.0	265856.0	296009.0	196241.0	115702.0	167585.0	219216.0	6843777.0
	0	2	4	6	8	10	12	14	16	18	20	22	24	26	28	30	32	34	36	38	40	42	44	46	48	50	52	54	56	58	60	62	64	66	68	70	72	74
MCW_CT_ROA_180_R1_trim	10.0	0.0	3.0	1.0	12.0	1.0	0.0	0.0	2.0	13.0	129.0	43.0	89.0	493.0	2709.0	8875.0	21091.0	21912.0	23505.0	35454.0	141395.0	292208.0	274908.0	138759.0	69849.0	191463.0	370024.0	375829.0	200797.0	89443.0	157451.0	348789.0	416469.0	255511.0	111044.0	180881.0	315745.0	10392988.0
	0	2	4	6	8	10	12	14	16	18	20	22	24	26	28	30	32	34	36	38	40	42	44	46	48	50	52	54	56	58	60	62	64	66	68	70	72	74
MCW_CT_ROA_180_R2_trim	9.0	0.0	3.0	1.0	12.0	1.0	0.0	1.0	2.0	18.0	131.0	43.0	90.0	504.0	2769.0	9028.0	21301.0	22095.0	23665.0	35702.0	141752.0	293125.0	274552.0	137530.0	69071.0	190114.0	367479.0	372538.0	199597.0	88888.0	157123.0	349652.0	418157.0	256373.0	111571.0	182316.0	314314.0	10398368.0
	0	2	4	6	8	10	12	14	16	18	20	22	24	26	28	30	32	34	36	38	40	42	44	46	48	50	52	54	56	58	60	62	64	66	68	70	72	74
MCW_CT_ROA_181_R1_trim	6.0	1.0	2.0	1.0	13.0	0.0	1.0	0.0	0.0	11.0	98.0	30.0	65.0	460.0	2164.0	4954.0	12007.0	11939.0	15968.0	29886.0	112865.0	223912.0	204837.0	105072.0	57619.0	149045.0	276916.0	274966.0	153415.0	74336.0	130192.0	285627.0	344371.0	212672.0	98806.0	174323.0	303852.0	9721606.0
	0	2	4	6	8	10	12	14	16	18	20	22	24	26	28	30	32	34	36	38	40	42	44	46	48	50	52	54	56	58	60	62	64	66	68	70	72	74
MCW_CT_ROA_181_R2_trim	6.0	1.0	4.0	1.0	13.0	0.0	1.0	3.0	0.0	13.0	102.0	31.0	71.0	462.0	2188.0	5051.0	12178.0	12032.0	15997.0	29790.0	112735.0	224384.0	203317.0	103423.0	56735.0	147364.0	274103.0	270615.0	151562.0	73448.0	129368.0	285566.0	345256.0	208893.0	97504.0	173878.0	299430.0	9746513.0
	0	2	4	6	8	10	12	14	16	18	20	22	24	26	28	30	32	34	36	38	40	42	44	46	48	50	52	54	56	58	60	62	64	66	68	70	72	74
MCW_CT_ROA_183_R1_trim	13.0	1.0	3.0	1.0	11.0	0.0	2.0	2.0	0.0	18.0	91.0	50.0	87.0	532.0	3192.0	8245.0	18265.0	19576.0	25785.0	45104.0	176860.0	340572.0	305684.0	148982.0	75961.0	200587.0	362241.0	354661.0	184441.0	84063.0	151508.0	330463.0	384373.0	223956.0	95205.0	154017.0	241099.0	7136306.0
	0	2	4	6	8	10	12	14	16	18	20	22	24	26	28	30	32	34	36	38	40	42	44	46	48	50	52	54	56	58	60	62	64	66	68	70	72	74
MCW_CT_ROA_183_R2_trim	13.0	1.0	3.0	1.0	11.0	0.0	1.0	3.0	0.0	16.0	92.0	50.0	88.0	538.0	3193.0	8344.0	18346.0	19587.0	25741.0	44821.0	176335.0	339577.0	304013.0	147571.0	74961.0	197910.0	356295.0	348573.0	181554.0	82821.0	149784.0	328278.0	383358.0	221924.0	95134.0	154259.0	237836.0	7170925.0
	0	2	4	6	8	10	12	14	16	18	20	22	24	26	28	30	32	34	36	38	40	42	44	46	48	50	52	54	56	58	60	62	64	66	68	70	72	74
MCW_CT_ROA_184_R1_trim	3.0	0.0	0.0	1.0	2.0	0.0	0.0	1.0	0.0	10.0	66.0	37.0	62.0	540.0	2864.0	7057.0	15443.0	15484.0	19731.0	36258.0	139848.0	268427.0	244746.0	121901.0	65015.0	173085.0	313224.0	306908.0	158093.0	72463.0	132191.0	283410.0	321784.0	180546.0	78656.0	138161.0	236426.0	7423541.0
	0	2	4	6	8	10	12	14	16	18	20	22	24	26	28	30	32	34	36	38	40	42	44	46	48	50	52	54	56	58	60	62	64	66	68	70	72	74
MCW_CT_ROA_184_R2_trim	3.0	0.0	0.0	1.0	2.0	0.0	0.0	1.0	0.0	11.0	70.0	39.0	67.0	551.0	2933.0	7222.0	15768.0	15723.0	20110.0	36599.0	140513.0	269926.0	245962.0	122093.0	65153.0	173705.0	313770.0	307330.0	158115.0	72471.0	132221.0	284262.0	323760.0	189778.0	83071.0	142814.0	239265.0	7392675.0
	0	2	4	6	8	10	12	14	16	18	20	22	24	26	28	30	32	34	36	38	40	42	44	46	48	50	52	54	56	58	60	62	64	66	68	70	72	74
MCW_CT_ROA_185_R1_trim	43.0	0.0	2.0	7.0	32.0	0.0	2.0	0.0	3.0	16.0	145.0	47.0	84.0	541.0	1996.0	4799.0	10712.0	12645.0	17771.0	29477.0	111504.0	218456.0	191302.0	93696.0	46610.0	127200.0	245151.0	233771.0	122371.0	53407.0	98465.0	221493.0	258309.0	154260.0	66027.0	124011.0	236821.0	7690324.0
	0	2	4	6	8	10	12	14	16	18	20	22	24	26	28	30	32	34	36	38	40	42	44	46	48	50	52	54	56	58	60	62	64	66	68	70	72	74
MCW_CT_ROA_185_R2_trim	43.0	0.0	2.0	7.0	32.0	0.0	2.0	0.0	3.0	16.0	145.0	47.0	85.0	544.0	2025.0	4881.0	10819.0	12742.0	17854.0	29560.0	112055.0	219433.0	191792.0	93443.0	46229.0	126574.0	242699.0	230943.0	121304.0	52808.0	97710.0	220593.0	258340.0	154496.0	66597.0	124812.0	236590.0	7696275.0
	0	2	4	6	8	10	12	14	16	18	20	22	24	26	28	30	32	34	36	38	40	42	44	46	48	50	52	54	56	58	60	62	64	66	68	70	72	74
MCW_CT_ROA_186_R1_trim	8.0	0.0	2.0	2.0	5.0	0.0	3.0	3.0	3.0	33.0	179.0	128.0	177.0	576.0	3450.0	10389.0	24058.0	24802.0	21539.0	29230.0	105886.0	202238.0	186012.0	87116.0	42407.0	105764.0	199155.0	200144.0	108566.0	45562.0	75289.0	174282.0	214227.0	127873.0	57146.0	113706.0	250207.0	8490335.0
	0	2	4	6	8	10	12	14	16	18	20	22	24	26	28	30	32	34	36	38	40	42	44	46	48	50	52	54	56	58	60	62	64	66	68	70	72	74
MCW_CT_ROA_186_R2_trim	8.0	0.0	2.0	2.0	5.0	0.0	2.0	5.0	3.0	35.0	177.0	127.0	177.0	576.0	3500.0	10515.0	24251.0	24920.0	21637.0	29379.0	106033.0	203095.0	186153.0	86845.0	42160.0	105254.0	197551.0	197435.0	107642.0	45217.0	74938.0	174502.0	214748.0	127372.0	57526.0	114411.0	250671.0	8493628.0
	0	2	4	6	8	10	12	14	16	18	20	22	24	26	28	30	32	34	36	38	40	42	44	46	48	50	52	54	56	58	60	62	64	66	68	70	72	74
MCW_CT_ROA_189_R1_trim	55.0	0.0	0.0	4.0	12.0	0.0	0.0	0.0	0.0	18.0	83.0	38.0	78.0	312.0	1475.0	4284.0	10813.0	12391.0	14441.0	21635.0	79513.0	157365.0	141323.0	71919.0	38234.0	96941.0	187569.0	189207.0	101645.0	45383.0	78159.0	175232.0	212046.0	130597.0	59062.0	108422.0	210508.0	6870181.0
	0	2	4	6	8	10	12	14	16	18	20	22	24	26	28	30	32	34	36	38	40	42	44	46	48	50	52	54	56	58	60	62	64	66	68	70	72	74
MCW_CT_ROA_189_R2_trim	55.0	0.0	0.0	4.0	12.0	0.0	0.0	0.0	0.0	17.0	80.0	37.0	87.0	312.0	1495.0	4344.0	10871.0	12434.0	14408.0	21491.0	79258.0	157241.0	140453.0	71095.0	37745.0	96066.0	185650.0	186535.0	100309.0	44940.0	77653.0	175099.0	212341.0	128670.0	58587.0	108341.0	208126.0	6885189.0
	0	2	4	6	8	10	12	14	16	18	20	22	24	26	28	30	32	34	36	38	40	42	44	46	48	50	52	54	56	58	60	62	64	66	68	70	72	74
MCW_CT_ROA_190_R1_trim	12.0	4.0	2.0	1.0	20.0	3.0	5.0	0.0	4.0	34.0	167.0	123.0	264.0	1048.0	5010.0	12440.0	27776.0	31371.0	47523.0	77520.0	279231.0	528089.0	472068.0	238670.0	121015.0	309875.0	569388.0	558350.0	300050.0	138361.0	226206.0	482289.0	555405.0	314262.0	135167.0	177523.0	226342.0	5064948.0
	0	2	4	6	8	10	12	14	16	18	20	22	24	26	28	30	32	34	36	38	40	42	44	46	48	50	52	54	56	58	60	62	64	66	68	70	72	74
MCW_CT_ROA_190_R2_trim	12.0	4.0	2.0	1.0	21.0	3.0	5.0	2.0	0.0	33.0	167.0	125.0	257.0	1069.0	5039.0	12569.0	27991.0	31460.0	47796.0	77439.0	278145.0	526194.0	469588.0	237050.0	120172.0	308938.0	566843.0	555241.0	298752.0	137722.0	225338.0	482070.0	556028.0	327956.0	141442.0	187429.0	236455.0	5041208.0
	0	2	4	6	8	10	12	14	16	18	20	22	24	26	28	30	32	34	36	38	40	42	44	46	48	50	52	54	56	58	60	62	64	66	68	70	72	74
MCW_CT_ROA_192_R1_trim	16.0	1.0	1.0	1.0	18.0	1.0	2.0	0.0	1.0	11.0	108.0	45.0	70.0	252.0	1266.0	3166.0	7035.0	8017.0	11518.0	20143.0	79529.0	160764.0	139313.0	67027.0	34459.0	96185.0	190158.0	183233.0	93259.0	41296.0	78824.0	182587.0	214102.0	129010.0	54727.0	107932.0	212353.0	7500885.0
	0	2	4	6	8	10	12	14	16	18	20	22	24	26	28	30	32	34	36	38	40	42	44	46	48	50	52	54	56	58	60	62	64	66	68	70	72	74
MCW_CT_ROA_192_R2_trim	15.0	1.0	1.0	1.0	18.0	1.0	2.0	0.0	1.0	11.0	111.0	43.0	74.0	257.0	1296.0	3243.0	7165.0	8088.0	11609.0	20251.0	79694.0	161279.0	139223.0	66563.0	34233.0	95633.0	188689.0	180982.0	92311.0	40919.0	78263.0	182340.0	214440.0	126246.0	53761.0	107971.0	208289.0	7514291.0
	0	2	4	6	8	10	12	14	16	18	20	22	24	26	28	30	32	34	36	38	40	42	44	46	48	50	52	54	56	58	60	62	64	66	68	70	72	74
MCW_CT_ROA_193_R1_trim	10.0	0.0	1.0	0.0	9.0	1.0	2.0	0.0	1.0	8.0	87.0	26.0	48.0	265.0	1140.0	2692.0	6460.0	7030.0	9110.0	16842.0	64453.0	123281.0	109794.0	53190.0	27167.0	72027.0	128460.0	125492.0	65550.0	29681.0	54713.0	117763.0	136821.0	81419.0	37118.0	81658.0	167307.0	6384213.0
	0	2	4	6	8	10	12	14	16	18	20	22	24	26	28	30	32	34	36	38	40	42	44	46	48	50	52	54	56	58	60	62	64	66	68	70	72	74
MCW_CT_ROA_193_R2_trim	10.0	0.0	1.0	0.0	9.0	1.0	2.0	0.0	1.0	7.0	89.0	27.0	44.0	265.0	1171.0	2775.0	6575.0	7117.0	9194.0	16933.0	64502.0	123151.0	109167.0	52590.0	26859.0	71336.0	127129.0	123559.0	64693.0	29329.0	54246.0	117418.0	137101.0	80771.0	37023.0	82042.0	167601.0	6391101.0
	0	2	4	6	8	10	12	14	16	18	20	22	24	26	28	30	32	34	36	38	40	42	44	46	48	50	52	54	56	58	60	62	64	66	68	70	72	74
MCW_CT_ROA_194_R1_trim	9.0	0.0	3.0	0.0	7.0	2.0	0.0	2.0	2.0	8.0	67.0	31.0	72.0	473.0	2580.0	6030.0	13354.0	14125.0	19502.0	35957.0	129199.0	251668.0	237801.0	125363.0	72346.0	185656.0	329994.0	328894.0	175353.0	87202.0	154605.0	315048.0	363328.0	217135.0	99034.0	167480.0	276522.0	9729975.0
	0	2	4	6	8	10	12	14	16	18	20	22	24	26	28	30	32	34	36	38	40	42	44	46	48	50	52	54	56	58	60	62	64	66	68	70	72	74
MCW_CT_ROA_194_R2_trim	9.0	0.0	3.0	0.0	7.0	2.0	2.0	4.0	2.0	9.0	68.0	31.0	67.0	482.0	2655.0	6149.0	13716.0	14353.0	19871.0	36287.0	129721.0	253202.0	238837.0	125419.0	72381.0	186465.0	331461.0	329649.0	176058.0	87284.0	155148.0	316963.0	366173.0	226748.0	103583.0	172468.0	276022.0	9697528.0
	0	2	4	6	8	10	12	14	16	18	20	22	24	26	28	30	32	34	36	38	40	42	44	46	48	50	52	54	56	58	60	62	64	66	68	70	72	74
MCW_CT_ROA_195_R1_trim	22.0	1.0	5.0	6.0	32.0	6.0	12.0	6.0	30.0	64.0	393.0	269.0	472.0	3492.0	12458.0	35993.0	82683.0	93343.0	95412.0	120370.0	384941.0	724450.0	655262.0	328627.0	168900.0	402801.0	730796.0	712450.0	381756.0	165631.0	267658.0	594774.0	713235.0	421310.0	175495.0	217217.0	289992.0	6676998.0
	0	2	4	6	8	10	12	14	16	18	20	22	24	26	28	30	32	34	36	38	40	42	44	46	48	50	52	54	56	58	60	62	64	66	68	70	72	74
MCW_CT_ROA_195_R2_trim	20.0	1.0	5.0	6.0	32.0	5.0	12.0	6.0	31.0	59.0	391.0	256.0	468.0	3475.0	12462.0	36087.0	82614.0	92989.0	94959.0	119676.0	383013.0	721264.0	651165.0	325276.0	166644.0	398262.0	720624.0	700361.0	376729.0	163234.0	264806.0	591308.0	710267.0	413693.0	172318.0	216255.0	290409.0	6748180.0
	0	2	4	6	8	10	12	14	16	18	20	22	24	26	28	30	32	34	36	38	40	42	44	46	48	50	52	54	56	58	60	62	64	66	68	70	72	74
MCW_CT_ROA_196_R1_trim	8.0	0.0	1.0	1.0	5.0	3.0	2.0	3.0	2.0	18.0	108.0	74.0	86.0	579.0	2161.0	4926.0	10888.0	11730.0	19365.0	34207.0	109540.0	218687.0	205688.0	125879.0	82721.0	181635.0	309802.0	307531.0	186743.0	110352.0	177402.0	337711.0	389680.0	249107.0	136808.0	208042.0	291745.0	9681139.0
	0	2	4	6	8	10	12	14	16	18	20	22	24	26	28	30	32	34	36	38	40	42	44	46	48	50	52	54	56	58	60	62	64	66	68	70	72	74
MCW_CT_ROA_196_R2_trim	8.0	2.0	1.0	1.0	5.0	3.0	3.0	3.0	3.0	18.0	112.0	71.0	82.0	588.0	2202.0	5026.0	11055.0	11834.0	19451.0	34204.0	109085.0	218236.0	204510.0	124470.0	81605.0	180015.0	305927.0	302469.0	184794.0	108975.0	175818.0	336308.0	388889.0	248992.0	136910.0	209031.0	291528.0	9702145.0
	0	2	4	6	8	10	12	14	16	18	20	22	24	26	28	30	32	34	36	38	40	42	44	46	48	50	52	54	56	58	60	62	64	66	68	70	72	74
MCW_CT_ROA_198_R1_trim	8.0	2.0	3.0	3.0	12.0	1.0	0.0	2.0	3.0	17.0	226.0	101.0	191.0	913.0	5253.0	16841.0	42166.0	42191.0	41696.0	63656.0	260659.0	549562.0	489113.0	234244.0	108879.0	303644.0	586175.0	585692.0	311722.0	134928.0	238986.0	544944.0	647705.0	367406.0	150637.0	198282.0	267101.0	6478227.0
	0	2	4	6	8	10	12	14	16	18	20	22	24	26	28	30	32	34	36	38	40	42	44	46	48	50	52	54	56	58	60	62	64	66	68	70	72	74
MCW_CT_ROA_198_R2_trim	8.0	2.0	3.0	3.0	12.0	1.0	0.0	2.0	2.0	17.0	219.0	101.0	183.0	914.0	5301.0	16974.0	42338.0	42214.0	41743.0	63358.0	259954.0	548055.0	485986.0	231278.0	106228.0	297536.0	573187.0	571865.0	307172.0	132909.0	236308.0	541633.0	644870.0	366372.0	150189.0	199484.0	269873.0	6534897.0
	0	2	4	6	8	10	12	14	16	18	20	22	24	26	28	30	32	34	36	38	40	42	44	46	48	50	52	54	56	58	60	62	64	66	68	70	72	74
MCW_CT_ROA_199_R1_trim	10.0	2.0	4.0	5.0	6.0	0.0	7.0	1.0	6.0	14.0	33.0	14.0	33.0	254.0	1027.0	2650.0	6109.0	5231.0	7420.0	15068.0	51458.0	113114.0	101945.0	64112.0	37006.0	87833.0	157621.0	156588.0	99762.0	54483.0	83641.0	169084.0	207390.0	145825.0	72548.0	122525.0	194233.0	9103078.0
	0	2	4	6	8	10	12	14	16	18	20	22	24	26	28	30	32	34	36	38	40	42	44	46	48	50	52	54	56	58	60	62	64	66	68	70	72	74
MCW_CT_ROA_199_R2_trim	11.0	2.0	4.0	5.0	4.0	0.0	4.0	1.0	3.0	14.0	37.0	16.0	31.0	256.0	1066.0	2739.0	6262.0	5347.0	7582.0	15197.0	51801.0	113315.0	101716.0	63180.0	36509.0	87422.0	155623.0	154185.0	98569.0	53762.0	82805.0	167821.0	206919.0	144526.0	71696.0	120179.0	191300.0	9120231.0
	0	2	4	6	8	10	12	14	16	18	20	22	24	26	28	30	32	34	36	38	40	42	44	46	48	50	52	54	56	58	60	62	64	66	68	70	72	74
MCW_CT_ROA_201_R1_trim	7.0	1.0	6.0	0.0	7.0	0.0	2.0	0.0	0.0	5.0	41.0	14.0	35.0	209.0	1067.0	2599.0	5977.0	6360.0	9092.0	16445.0	62546.0	122975.0	116045.0	64437.0	37561.0	102027.0	183475.0	184808.0	100260.0	49753.0	90243.0	190880.0	221763.0	128224.0	59008.0	106949.0	184177.0	6995665.0
	0	2	4	6	8	10	12	14	16	18	20	22	24	26	28	30	32	34	36	38	40	42	44	46	48	50	52	54	56	58	60	62	64	66	68	70	72	74
MCW_CT_ROA_201_R2_trim	7.0	1.0	6.0	0.0	7.0	0.0	2.0	0.0	0.0	4.0	41.0	16.0	36.0	221.0	1101.0	2700.0	6226.0	6543.0	9337.0	16704.0	63063.0	123834.0	116676.0	64342.0	37574.0	102357.0	183430.0	184412.0	100437.0	49705.0	90289.0	191576.0	223150.0	135889.0	62546.0	111226.0	187140.0	6972065.0
	0	2	4	6	8	10	12	14	16	18	20	22	24	26	28	30	32	34	36	38	40	42	44	46	48	50	52	54	56	58	60	62	64	66	68	70	72	74
MCW_CT_ROA_202_R1_trim	100.0	11.0	12.0	7.0	51.0	4.0	0.0	2.0	1.0	21.0	105.0	55.0	76.0	495.0	2188.0	5538.0	13099.0	12616.0	17417.0	30064.0	113856.0	231998.0	206706.0	106599.0	59129.0	157037.0	293887.0	290878.0	153773.0	72480.0	125614.0	272855.0	323491.0	188802.0	82806.0	119558.0	174797.0	4695815.0
	0	2	4	6	8	10	12	14	16	18	20	22	24	26	28	30	32	34	36	38	40	42	44	46	48	50	52	54	56	58	60	62	64	66	68	70	72	74
MCW_CT_ROA_202_R2_trim	97.0	11.0	12.0	7.0	51.0	4.0	0.0	2.0	1.0	22.0	107.0	55.0	77.0	496.0	2191.0	5553.0	13178.0	12636.0	17355.0	30092.0	113565.0	231310.0	205739.0	105576.0	58659.0	156351.0	291585.0	288027.0	152887.0	71884.0	124831.0	271675.0	322846.0	189780.0	83102.0	120292.0	174103.0	4707784.0
	0	2	4	6	8	10	12	14	16	18	20	22	24	26	28	30	32	34	36	38	40	42	44	46	48	50	52	54	56	58	60	62	64	66	68	70	72	74
MCW_CT_ROA_204_R1_trim	51.0	0.0	7.0	10.0	31.0	0.0	10.0	3.0	3.0	14.0	103.0	54.0	106.0	473.0	2550.0	8179.0	18534.0	18755.0	17490.0	27945.0	113415.0	234062.0	207946.0	92809.0	46382.0	133661.0	258880.0	254105.0	133546.0	56545.0	107359.0	256766.0	314002.0	188873.0	82212.0	173928.0	366311.0	14427891.0
	0	2	4	6	8	10	12	14	16	18	20	22	24	26	28	30	32	34	36	38	40	42	44	46	48	50	52	54	56	58	60	62	64	66	68	70	72	74
MCW_CT_ROA_204_R2_trim	51.0	0.0	4.0	10.0	31.0	0.0	10.0	2.0	3.0	14.0	98.0	55.0	107.0	484.0	2602.0	8256.0	18702.0	18742.0	17554.0	27937.0	113133.0	233772.0	205364.0	90776.0	45466.0	131477.0	254554.0	247428.0	131050.0	55769.0	106586.0	256727.0	315511.0	183554.0	81305.0	170978.0	363948.0	14460951.0
	0	2	4	6	8	10	12	14	16	18	20	22	24	26	28	30	32	34	36	38	40	42	44	46	48	50	52	54	56	58	60	62	64	66	68	70	72	74
MCW_CT_ROA_205_R1_trim	41.0	4.0	5.0	7.0	30.0	1.0	1.0	6.0	3.0	16.0	85.0	39.0	85.0	403.0	1567.0	3915.0	8704.0	9560.0	13011.0	23660.0	92029.0	191459.0	171297.0	80806.0	36747.0	102788.0	211374.0	213976.0	117170.0	52396.0	95110.0	216388.0	255194.0	149397.0	66109.0	141536.0	300541.0	10192306.0
	0	2	4	6	8	10	12	14	16	18	20	22	24	26	28	30	32	34	36	38	40	42	44	46	48	50	52	54	56	58	60	62	64	66	68	70	72	74
MCW_CT_ROA_205_R2_trim	37.0	4.0	5.0	7.0	28.0	3.0	1.0	6.0	5.0	17.0	96.0	42.0	79.0	402.0	1637.0	4082.0	9014.0	9807.0	13219.0	24009.0	92240.0	192025.0	170264.0	79225.0	35476.0	99965.0	206886.0	208929.0	115803.0	51872.0	94460.0	216546.0	256519.0	150984.0	67236.0	144066.0	301406.0	10201364.0
	0	2	4	6	8	10	12	14	16	18	20	22	24	26	28	30	32	34	36	38	40	42	44	46	48	50	52	54	56	58	60	62	64	66	68	70	72	74
MCW_CT_ROA_206_R1_trim	28.0	5.0	2.0	3.0	18.0	5.0	1.0	1.0	6.0	13.0	57.0	37.0	55.0	336.0	1465.0	3028.0	7621.0	8716.0	12320.0	21481.0	81503.0	162615.0	148573.0	72262.0	36740.0	96053.0	180967.0	172749.0	90304.0	39236.0	72908.0	163359.0	188538.0	110523.0	47099.0	96368.0	195309.0	6445156.0
	0	2	4	6	8	10	12	14	16	18	20	22	24	26	28	30	32	34	36	38	40	42	44	46	48	50	52	54	56	58	60	62	64	66	68	70	72	74
MCW_CT_ROA_206_R2_trim	29.0	5.0	2.0	3.0	18.0	5.0	1.0	6.0	6.0	14.0	51.0	41.0	50.0	340.0	1492.0	3098.0	7732.0	8761.0	12328.0	21334.0	81118.0	161621.0	146992.0	71303.0	36229.0	94671.0	176971.0	168387.0	88681.0	38431.0	71991.0	162609.0	188687.0	108434.0	46658.0	96823.0	192281.0	6468257.0
	0	2	4	6	8	10	12	14	16	18	20	22	24	26	28	30	32	34	36	38	40	42	44	46	48	50	52	54	56	58	60	62	64	66	68	70	72	74
MCW_CT_ROA_207_R1_trim	47.0	8.0	5.0	0.0	35.0	5.0	0.0	2.0	2.0	27.0	69.0	20.0	100.0	397.0	1470.0	4350.0	10941.0	12606.0	15050.0	25159.0	99231.0	201418.0	194277.0	90726.0	46924.0	129824.0	250177.0	250333.0	128259.0	56044.0	102273.0	226123.0	263963.0	154226.0	64856.0	126183.0	245739.0	8305435.0
	0	2	4	6	8	10	12	14	16	18	20	22	24	26	28	30	32	34	36	38	40	42	44	46	48	50	52	54	56	58	60	62	64	66	68	70	72	74
MCW_CT_ROA_207_R2_trim	47.0	8.0	5.0	0.0	35.0	6.0	0.0	2.0	2.0	18.0	69.0	28.0	95.0	411.0	1513.0	4453.0	11128.0	12750.0	15230.0	25264.0	99528.0	202144.0	194402.0	90405.0	46840.0	129857.0	249901.0	249407.0	128232.0	55937.0	102199.0	226821.0	265774.0	159320.0	67261.0	127971.0	244613.0	8294628.0
	0	2	4	6	8	10	12	14	16	18	20	22	24	26	28	30	32	34	36	38	40	42	44	46	48	50	52	54	56	58	60	62	64	66	68	70	72	74
MCW_CT_ROA_208_R1_trim	6.0	0.0	0.0	5.0	10.0	10.0	0.0	4.0	2.0	13.0	24.0	26.0	26.0	160.0	647.0	1471.0	3859.0	4209.0	6380.0	11319.0	46457.0	94576.0	84828.0	42074.0	21796.0	59102.0	115887.0	111964.0	58165.0	26670.0	47841.0	110322.0	127147.0	74734.0	32536.0	68140.0	139598.0	4566841.0
	0	2	4	6	8	10	12	14	16	18	20	22	24	26	28	30	32	34	36	38	40	42	44	46	48	50	52	54	56	58	60	62	64	66	68	70	72	74
MCW_CT_ROA_208_R2_trim	6.0	0.0	0.0	5.0	10.0	10.0	0.0	7.0	2.0	13.0	23.0	23.0	27.0	160.0	656.0	1511.0	3942.0	4282.0	6445.0	11356.0	46679.0	94871.0	84896.0	41864.0	21582.0	58590.0	114643.0	110340.0	57730.0	26453.0	47515.0	110303.0	127591.0	74769.0	32776.0	68248.0	137993.0	4571528.0
	0	2	4	6	8	10	12	14	16	18	20	22	24	26	28	30	32	34	36	38	40	42	44	46	48	50	52	54	56	58	60	62	64	66	68	70	72	74
MCW_CT_ROA_209_R1_trim	32.0	3.0	5.0	0.0	11.0	1.0	1.0	0.0	2.0	3.0	31.0	28.0	64.0	397.0	1862.0	4969.0	11780.0	12254.0	16363.0	30362.0	114574.0	247637.0	231121.0	117096.0	61831.0	179234.0	366673.0	362159.0	189943.0	86322.0	157529.0	358034.0	418927.0	242382.0	100867.0	165025.0	271911.0	7548391.0
	0	2	4	6	8	10	12	14	16	18	20	22	24	26	28	30	32	34	36	38	40	42	44	46	48	50	52	54	56	58	60	62	64	66	68	70	72	74
MCW_CT_ROA_209_R2_trim	32.0	3.0	5.0	0.0	11.0	0.0	1.0	0.0	2.0	3.0	33.0	29.0	67.0	403.0	1921.0	5088.0	11989.0	12363.0	16530.0	30414.0	114263.0	247134.0	230005.0	116247.0	61399.0	178765.0	365388.0	359965.0	189688.0	86189.0	157287.0	359006.0	421168.0	249058.0	103751.0	168476.0	271686.0	7539455.0
	0	2	4	6	8	10	12	14	16	18	20	22	24	26	28	30	32	34	36	38	40	42	44	46	48	50	52	54	56	58	60	62	64	66	68	70	72	74
MCW_CT_ROA_210_R1_trim	65.0	1.0	4.0	8.0	38.0	9.0	7.0	2.0	3.0	4.0	39.0	18.0	20.0	180.0	688.0	2143.0	5034.0	4931.0	6922.0	12512.0	50655.0	109659.0	96123.0	46647.0	23403.0	63848.0	125098.0	119704.0	61673.0	27261.0	49853.0	115741.0	134355.0	80424.0	34166.0	75122.0	153524.0	6000859.0
	0	2	4	6	8	10	12	14	16	18	20	22	24	26	28	30	32	34	36	38	40	42	44	46	48	50	52	54	56	58	60	62	64	66	68	70	72	74
MCW_CT_ROA_210_R2_trim	62.0	1.0	4.0	8.0	38.0	8.0	7.0	2.0	3.0	5.0	41.0	15.0	18.0	187.0	711.0	2208.0	5166.0	5043.0	7111.0	12731.0	51408.0	111061.0	97009.0	46849.0	23379.0	63877.0	124547.0	118626.0	61521.0	27065.0	49704.0	116381.0	135730.0	81211.0	34580.0	75807.0	153749.0	5994870.0
	0	2	4	6	8	10	12	14	16	18	20	22	24	26	28	30	32	34	36	38	40	42	44	46	48	50	52	54	56	58	60	62	64	66	68	70	72	74
MCW_CT_ROA_211_R1_trim	41.0	4.0	4.0	3.0	27.0	2.0	3.0	0.0	3.0	16.0	160.0	43.0	102.0	618.0	2594.0	6084.0	15413.0	15991.0	21396.0	37173.0	140500.0	279018.0	254935.0	122322.0	65387.0	171368.0	326167.0	311739.0	159987.0	71197.0	130256.0	287146.0	327724.0	188725.0	79441.0	129405.0	206618.0	5586405.0
	0	2	4	6	8	10	12	14	16	18	20	22	24	26	28	30	32	34	36	38	40	42	44	46	48	50	52	54	56	58	60	62	64	66	68	70	72	74
MCW_CT_ROA_211_R2_trim	41.0	4.0	4.0	3.0	26.0	2.0	4.0	0.0	3.0	16.0	154.0	42.0	100.0	624.0	2577.0	6093.0	15342.0	15875.0	21189.0	36718.0	138751.0	274966.0	251007.0	120017.0	64115.0	168063.0	319071.0	304420.0	156679.0	69769.0	128107.0	283817.0	325542.0	183417.0	77889.0	129633.0	205737.0	5638200.0
	0	2	4	6	8	10	12	14	16	18	20	22	24	26	28	30	32	34	36	38	40	42	44	46	48	50	52	54	56	58	60	62	64	66	68	70	72	74
MCW_CT_ROA_213_R1_trim	21.0	1.0	1.0	2.0	14.0	2.0	1.0	2.0	9.0	123.0	674.0	575.0	1083.0	3166.0	16706.0	39763.0	92572.0	103248.0	113292.0	154236.0	344310.0	597603.0	594718.0	371737.0	261312.0	368561.0	557954.0	582377.0	396947.0	251869.0	278087.0	438864.0	518376.0	357500.0	232184.0	265343.0	306232.0	6250116.0
	0	2	4	6	8	10	12	14	16	18	20	22	24	26	28	30	32	34	36	38	40	42	44	46	48	50	52	54	56	58	60	62	64	66	68	70	72	74
MCW_CT_ROA_213_R2_trim	21.0	1.0	1.0	1.0	14.0	2.0	0.0	2.0	9.0	124.0	665.0	561.0	1084.0	3161.0	16707.0	39886.0	92809.0	103312.0	113396.0	154490.0	344480.0	598868.0	595669.0	371771.0	260913.0	368024.0	555841.0	579515.0	395629.0	250649.0	276975.0	438139.0	517767.0	358968.0	233572.0	267478.0	310142.0	6248935.0
	0	2	4	6	8	10	12	14	16	18	20	22	24	26	28	30	32	34	36	38	40	42	44	46	48	50	52	54	56	58	60	62	64	66	68	70	72	74
MCW_CT_ROA_214_R1_trim	12.0	10.0	10.0	5.0	10.0	0.0	8.0	1.0	0.0	12.0	65.0	28.0	51.0	489.0	1504.0	2673.0	6074.0	4722.0	7262.0	13064.0	32117.0	57553.0	51698.0	35712.0	23245.0	36141.0	54128.0	54824.0	40638.0	26820.0	32440.0	54801.0	60885.0	43005.0	27389.0	32854.0	38908.0	830123.0
	0	2	4	6	8	10	12	14	16	18	20	22	24	26	28	30	32	34	36	38	40	42	44	46	48	50	52	54	56	58	60	62	64	66	68	70	72	74
MCW_CT_ROA_214_R2_trim	11.0	10.0	10.0	5.0	10.0	0.0	8.0	3.0	0.0	11.0	66.0	29.0	53.0	484.0	1514.0	2684.0	6093.0	4734.0	7244.0	12977.0	32089.0	57508.0	51467.0	35318.0	22744.0	35506.0	53116.0	53905.0	40284.0	26528.0	32174.0	54598.0	60865.0	43272.0	27578.0	33247.0	39353.0	833783.0
	0	2	4	6	8	10	12	14	16	18	20	22	24	26	28	30	32	34	36	38	40	42	44	46	48	50	52	54	56	58	60	62	64	66	68	70	72	74
MCW_CT_ROA_215_R1_trim	28.0	0.0	1.0	1.0	10.0	6.0	2.0	2.0	4.0	45.0	358.0	182.0	368.0	2211.0	8864.0	18490.0	45859.0	48163.0	68234.0	131450.0	389477.0	696698.0	614762.0	316030.0	213299.0	384673.0	623181.0	586864.0	329054.0	177527.0	243994.0	431360.0	470291.0	268853.0	141480.0	194397.0	268914.0	5562719.0
	0	2	4	6	8	10	12	14	16	18	20	22	24	26	28	30	32	34	36	38	40	42	44	46	48	50	52	54	56	58	60	62	64	66	68	70	72	74
MCW_CT_ROA_215_R2_trim	28.0	0.0	1.0	1.0	10.0	6.0	2.0	4.0	7.0	48.0	363.0	184.0	370.0	2209.0	8856.0	18548.0	45938.0	48144.0	68249.0	131543.0	389810.0	698182.0	615702.0	315997.0	212504.0	383437.0	620190.0	583086.0	327747.0	176589.0	242909.0	430348.0	469517.0	269588.0	142215.0	196227.0	271885.0	5567407.0
	0	2	4	6	8	10	12	14	16	18	20	22	24	26	28	30	32	34	36	38	40	42	44	46	48	50	52	54	56	58	60	62	64	66	68	70	72	74
MCW_CT_ROA_217_R1_trim	55.0	1.0	6.0	4.0	20.0	1.0	0.0	1.0	5.0	48.0	471.0	284.0	550.0	2795.0	11349.0	21189.0	50513.0	52350.0	83222.0	158923.0	425575.0	712655.0	653384.0	357324.0	249401.0	404774.0	622696.0	599390.0	364611.0	212905.0	270998.0	456150.0	516199.0	320131.0	187844.0	241866.0	305789.0	6237769.0
	0	2	4	6	8	10	12	14	16	18	20	22	24	26	28	30	32	34	36	38	40	42	44	46	48	50	52	54	56	58	60	62	64	66	68	70	72	74
MCW_CT_ROA_217_R2_trim	55.0	1.0	6.0	4.0	20.0	1.0	0.0	6.0	6.0	48.0	471.0	281.0	544.0	2798.0	11383.0	21259.0	50434.0	52210.0	82890.0	158239.0	423844.0	708408.0	649264.0	354677.0	246985.0	401162.0	617294.0	592954.0	361199.0	210802.0	268950.0	454106.0	514106.0	315518.0	185747.0	240672.0	308845.0	6286059.0
	0	2	4	6	8	10	12	14	16	18	20	22	24	26	28	30	32	34	36	38	40	42	44	46	48	50	52	54	56	58	60	62	64	66	68	70	72	74
MCW_CT_ROA_218_R1_trim	8.0	4.0	2.0	2.0	11.0	0.0	3.0	1.0	6.0	46.0	341.0	338.0	721.0	3993.0	17839.0	35623.0	81769.0	80459.0	115960.0	202641.0	536918.0	885801.0	815790.0	459870.0	324378.0	542079.0	841544.0	806016.0	487408.0	292876.0	380756.0	636274.0	697530.0	416204.0	243169.0	307008.0	351994.0	6212390.0
	0	2	4	6	8	10	12	14	16	18	20	22	24	26	28	30	32	34	36	38	40	42	44	46	48	50	52	54	56	58	60	62	64	66	68	70	72	74
MCW_CT_ROA_218_R2_trim	8.0	3.0	2.0	2.0	13.0	1.0	3.0	4.0	7.0	44.0	344.0	335.0	720.0	4034.0	18009.0	35965.0	82563.0	80928.0	117007.0	203284.0	536808.0	886875.0	816802.0	460232.0	324134.0	542898.0	843409.0	807669.0	489166.0	293302.0	381735.0	638893.0	700903.0	432452.0	251967.0	317669.0	359382.0	6150200.0
	0	2	4	6	8	10	12	14	16	18	20	22	24	26	28	30	32	34	36	38	40	42	44	46	48	50	52	54	56	58	60	62	64	66	68	70	72	74
MCW_CT_ROA_219_R1_trim	80.0	1.0	0.0	4.0	37.0	1.0	1.0	2.0	3.0	41.0	378.0	161.0	333.0	1355.0	4369.0	8962.0	21239.0	22430.0	32208.0	60185.0	167346.0	289578.0	270617.0	155582.0	109255.0	188427.0	287315.0	276790.0	172965.0	104349.0	143031.0	247661.0	278819.0	174198.0	108986.0	206036.0	393060.0	12174796.0
	0	2	4	6	8	10	12	14	16	18	20	22	24	26	28	30	32	34	36	38	40	42	44	46	48	50	52	54	56	58	60	62	64	66	68	70	72	74
MCW_CT_ROA_219_R2_trim	78.0	1.0	0.0	4.0	38.0	3.0	1.0	3.0	2.0	44.0	378.0	161.0	334.0	1363.0	4376.0	9013.0	21326.0	22426.0	32118.0	59950.0	167048.0	289455.0	269936.0	154687.0	108330.0	187049.0	285001.0	273551.0	171434.0	103296.0	142289.0	247821.0	279210.0	173267.0	109036.0	207923.0	393845.0	12185804.0
	0	2	4	6	8	10	12	14	16	18	20	22	24	26	28	30	32	34	36	38	40	42	44	46	48	50	52	54	56	58	60	62	64	66	68	70	72	74
MCW_CT_ROA_220_R1_trim	36.0	1.0	2.0	0.0	13.0	3.0	3.0	1.0	3.0	22.0	199.0	123.0	189.0	1023.0	3794.0	7341.0	17549.0	18144.0	27706.0	50238.0	138500.0	240409.0	229933.0	131700.0	94856.0	162753.0	253230.0	249880.0	156273.0	94972.0	128175.0	214298.0	240530.0	147100.0	93294.0	186429.0	367298.0	11805090.0
	0	2	4	6	8	10	12	14	16	18	20	22	24	26	28	30	32	34	36	38	40	42	44	46	48	50	52	54	56	58	60	62	64	66	68	70	72	74
MCW_CT_ROA_220_R2_trim	36.0	1.0	2.0	0.0	14.0	3.0	4.0	0.0	4.0	21.0	203.0	121.0	192.0	1039.0	3839.0	7434.0	17760.0	18215.0	27940.0	50511.0	138782.0	241471.0	230727.0	131985.0	95001.0	163022.0	253711.0	250196.0	156680.0	95064.0	128420.0	215298.0	241894.0	153892.0	98659.0	193425.0	373649.0	11771895.0
	0	2	4	6	8	10	12	14	16	18	20	22	24	26	28	30	32	34	36	38	40	42	44	46	48	50	52	54	56	58	60	62	64	66	68	70	72	74
MCW_CT_ROA_221_R1_trim	22.0	7.0	13.0	1.0	30.0	4.0	7.0	5.0	8.0	62.0	338.0	195.0	392.0	3673.0	10305.0	18830.0	44852.0	50561.0	75568.0	116736.0	293613.0	512708.0	484615.0	298704.0	222933.0	383660.0	622192.0	610676.0	376823.0	225326.0	285128.0	499175.0	559005.0	339766.0	196646.0	240803.0	279929.0	4921466.0
	0	2	4	6	8	10	12	14	16	18	20	22	24	26	28	30	32	34	36	38	40	42	44	46	48	50	52	54	56	58	60	62	64	66	68	70	72	74
MCW_CT_ROA_221_R2_trim	22.0	7.0	14.0	1.0	30.0	4.0	7.0	3.0	9.0	60.0	325.0	192.0	390.0	3670.0	10303.0	18882.0	44867.0	50502.0	75414.0	116494.0	292533.0	512249.0	483674.0	297666.0	221600.0	381903.0	619153.0	606445.0	375508.0	224083.0	283869.0	498574.0	558590.0	340070.0	196721.0	242568.0	284216.0	4934159.0
	0	2	4	6	8	10	12	14	16	18	20	22	24	26	28	30	32	34	36	38	40	42	44	46	48	50	52	54	56	58	60	62	64	66	68	70	72	74
MCW_CT_ROA_222_R1_trim	10.0	1.0	2.0	0.0	12.0	3.0	0.0	5.0	14.0	104.0	621.0	461.0	969.0	2820.0	16310.0	50171.0	125939.0	134599.0	118590.0	153485.0	444094.0	817170.0	784667.0	444297.0	265814.0	472047.0	823893.0	853847.0	526481.0	271648.0	339939.0	650545.0	789096.0	505710.0	268015.0	306246.0	388707.0	7591541.0
	0	2	4	6	8	10	12	14	16	18	20	22	24	26	28	30	32	34	36	38	40	42	44	46	48	50	52	54	56	58	60	62	64	66	68	70	72	74
MCW_CT_ROA_222_R2_trim	9.0	0.0	2.0	0.0	12.0	3.0	2.0	11.0	12.0	106.0	625.0	454.0	956.0	2794.0	16330.0	50280.0	125845.0	134189.0	118012.0	152754.0	441939.0	813619.0	778256.0	439912.0	262294.0	467212.0	815371.0	842516.0	520613.0	268419.0	337021.0	647520.0	786029.0	501968.0	267004.0	307379.0	392530.0	7655875.0
	0	2	4	6	8	10	12	14	16	18	20	22	24	26	28	30	32	34	36	38	40	42	44	46	48	50	52	54	56	58	60	62	64	66	68	70	72	74
MCW_CT_ROA_223_R1_trim	38.0	0.0	5.0	6.0	7.0	2.0	0.0	0.0	2.0	52.0	396.0	217.0	514.0	3217.0	13746.0	28373.0	71936.0	68831.0	93019.0	161503.0	463872.0	853979.0	778924.0	421121.0	282435.0	494653.0	813242.0	782989.0	450861.0	248818.0	316040.0	537798.0	589596.0	345614.0	184234.0	215475.0	242461.0	4001049.0
	0	2	4	6	8	10	12	14	16	18	20	22	24	26	28	30	32	34	36	38	40	42	44	46	48	50	52	54	56	58	60	62	64	66	68	70	72	74
MCW_CT_ROA_223_R2_trim	38.0	2.0	5.0	6.0	7.0	2.0	0.0	3.0	3.0	56.0	399.0	218.0	520.0	3203.0	13800.0	28464.0	72136.0	68764.0	92987.0	161345.0	462698.0	852971.0	775178.0	417790.0	279021.0	490674.0	808196.0	776760.0	448774.0	247553.0	314982.0	537408.0	589422.0	346029.0	184697.0	217296.0	247320.0	4026298.0
	0	2	4	6	8	10	12	14	16	18	20	22	24	26	28	30	32	34	36	38	40	42	44	46	48	50	52	54	56	58	60	62	64	66	68	70	72	74
MCW_CT_ROA_224_R1_trim	6.0	0.0	0.0	2.0	0.0	0.0	1.0	0.0	1.0	5.0	42.0	23.0	58.0	312.0	1026.0	1788.0	4872.0	5175.0	8752.0	15003.0	35054.0	66279.0	63505.0	39592.0	30315.0	43781.0	67768.0	69821.0	46263.0	31172.0	36709.0	59190.0	68227.0	46415.0	32763.0	80984.0	189785.0	6778228.0
	0	2	4	6	8	10	12	14	16	18	20	22	24	26	28	30	32	34	36	38	40	42	44	46	48	50	52	54	56	58	60	62	64	66	68	70	72	74
MCW_CT_ROA_224_R2_trim	6.0	0.0	0.0	3.0	1.0	0.0	1.0	1.0	1.0	3.0	41.0	23.0	62.0	316.0	1047.0	1842.0	4996.0	5278.0	8824.0	15157.0	35285.0	67049.0	63831.0	39563.0	30247.0	43796.0	67869.0	69649.0	46364.0	31172.0	36789.0	59660.0	69048.0	46947.0	33706.0	82908.0	190144.0	6771288.0
	0	2	4	6	8	10	12	14	16	18	20	22	24	26	28	30	32	34	36	38	40	42	44	46	48	50	52	54	56	58	60	62	64	66	68	70	72	74
MCW_CT_ROA_225_R1_trim	10.0	0.0	2.0	1.0	8.0	0.0	0.0	0.0	2.0	16.0	109.0	67.0	64.0	559.0	2397.0	5575.0	12567.0	13346.0	15714.0	24109.0	63270.0	109373.0	99507.0	57502.0	40202.0	69486.0	112760.0	109238.0	68018.0	40814.0	54124.0	95789.0	108355.0	68427.0	43400.0	91145.0	197012.0	6519734.0
	0	2	4	6	8	10	12	14	16	18	20	22	24	26	28	30	32	34	36	38	40	42	44	46	48	50	52	54	56	58	60	62	64	66	68	70	72	74
MCW_CT_ROA_225_R2_trim	9.0	1.0	2.0	1.0	10.0	0.0	0.0	1.0	1.0	15.0	109.0	65.0	63.0	557.0	2415.0	5623.0	12721.0	13450.0	15866.0	24288.0	63738.0	110297.0	100229.0	57855.0	40236.0	69674.0	112940.0	109263.0	68187.0	40838.0	54241.0	96397.0	109233.0	69946.0	44530.0	92747.0	198603.0	6508551.0
	0	2	4	6	8	10	12	14	16	18	20	22	24	26	28	30	32	34	36	38	40	42	44	46	48	50	52	54	56	58	60	62	64	66	68	70	72	74
MCW_CT_ROA_226_R1_trim	32.0	0.0	3.0	1.0	6.0	4.0	1.0	5.0	2.0	37.0	198.0	158.0	278.0	1736.0	7230.0	13839.0	32403.0	33636.0	51970.0	89652.0	237451.0	404299.0	377371.0	224524.0	167771.0	283667.0	446420.0	437942.0	269798.0	167023.0	216351.0	360167.0	397824.0	241774.0	145704.0	197793.0	277401.0	6035904.0
	0	2	4	6	8	10	12	14	16	18	20	22	24	26	28	30	32	34	36	38	40	42	44	46	48	50	52	54	56	58	60	62	64	66	68	70	72	74
MCW_CT_ROA_226_R2_trim	31.0	0.0	3.0	1.0	6.0	4.0	2.0	6.0	3.0	39.0	202.0	157.0	283.0	1762.0	7335.0	14024.0	32787.0	33869.0	52562.0	90028.0	237757.0	405492.0	378233.0	224944.0	167850.0	284301.0	447181.0	438368.0	270753.0	167203.0	216718.0	361482.0	399645.0	249822.0	150882.0	203703.0	282034.0	6000903.0
	0	2	4	6	8	10	12	14	16	18	20	22	24	26	28	30	32	34	36	38	40	42	44	46	48	50	52	54	56	58	60	62	64	66	68	70	72	74
MCW_CT_ROA_227_R1_trim	6.0	0.0	0.0	2.0	2.0	2.0	0.0	0.0	3.0	7.0	74.0	35.0	74.0	367.0	1386.0	2360.0	6227.0	6865.0	11949.0	21000.0	53436.0	98189.0	92257.0	55410.0	40274.0	65784.0	103290.0	105869.0	71332.0	46252.0	59728.0	100104.0	119424.0	82863.0	56627.0	130623.0	285013.0	10195022.0
	0	2	4	6	8	10	12	14	16	18	20	22	24	26	28	30	32	34	36	38	40	42	44	46	48	50	52	54	56	58	60	62	64	66	68	70	72	74
MCW_CT_ROA_227_R2_trim	6.0	0.0	0.0	2.0	3.0	1.0	1.0	5.0	3.0	8.0	76.0	37.0	74.0	369.0	1406.0	2425.0	6361.0	6966.0	11978.0	21017.0	53581.0	98818.0	91935.0	54871.0	39740.0	65287.0	102939.0	104872.0	70930.0	45913.0	59665.0	100600.0	120285.0	81411.0	56218.0	131301.0	284801.0	10197951.0
	0	2	4	6	8	10	12	14	16	18	20	22	24	26	28	30	32	34	36	38	40	42	44	46	48	50	52	54	56	58	60	62	64	66	68	70	72	74
MCW_CT_ROA_228_R1_trim	7.0	0.0	0.0	0.0	5.0	2.0	2.0	1.0	0.0	4.0	63.0	29.0	34.0	229.0	880.0	1795.0	4481.0	4526.0	6918.0	12212.0	35035.0	61305.0	55713.0	31488.0	21504.0	39263.0	62997.0	59978.0	36661.0	21826.0	30218.0	53974.0	60224.0	37718.0	24398.0	59302.0	136657.0	4844495.0
	0	2	4	6	8	10	12	14	16	18	20	22	24	26	28	30	32	34	36	38	40	42	44	46	48	50	52	54	56	58	60	62	64	66	68	70	72	74
MCW_CT_ROA_228_R2_trim	6.0	0.0	0.0	0.0	4.0	1.0	2.0	3.0	1.0	5.0	64.0	28.0	35.0	229.0	894.0	1836.0	4555.0	4589.0	7006.0	12325.0	35366.0	62019.0	56160.0	31633.0	21495.0	39205.0	62913.0	59690.0	36664.0	21812.0	30228.0	54290.0	60638.0	38081.0	24741.0	60289.0	136660.0	4840477.0
	0	2	4	6	8	10	12	14	16	18	20	22	24	26	28	30	32	34	36	38	40	42	44	46	48	50	52	54	56	58	60	62	64	66	68	70	72	74
MCW_CT_ROA_229_R1_trim	7.0	0.0	1.0	0.0	3.0	0.0	2.0	3.0	1.0	27.0	175.0	105.0	199.0	1339.0	4970.0	9336.0	22291.0	23107.0	34235.0	60522.0	166904.0	298208.0	268799.0	150621.0	105909.0	186211.0	300480.0	292073.0	182176.0	106597.0	143875.0	250063.0	282195.0	177716.0	105794.0	163776.0	270954.0	7002360.0
	0	2	4	6	8	10	12	14	16	18	20	22	24	26	28	30	32	34	36	38	40	42	44	46	48	50	52	54	56	58	60	62	64	66	68	70	72	74
MCW_CT_ROA_229_R2_trim	7.0	0.0	1.0	0.0	3.0	2.0	4.0	1.0	2.0	25.0	174.0	103.0	195.0	1329.0	4975.0	9366.0	22310.0	23006.0	33994.0	60130.0	165745.0	296957.0	265989.0	148241.0	104115.0	183436.0	296497.0	287116.0	180133.0	105435.0	142632.0	249111.0	281548.0	174677.0	104758.0	164557.0	271713.0	7032747.0
	0	2	4	6	8	10	12	14	16	18	20	22	24	26	28	30	32	34	36	38	40	42	44	46	48	50	52	54	56	58	60	62	64	66	68	70	72	74
MCW_CT_ROA_230_R1_trim	5.0	0.0	1.0	0.0	9.0	1.0	1.0	0.0	0.0	6.0	91.0	31.0	117.0	564.0	2285.0	4427.0	10376.0	11104.0	16290.0	31116.0	85917.0	150061.0	144885.0	89949.0	66663.0	113769.0	176920.0	174834.0	111319.0	69688.0	91446.0	154434.0	175714.0	113757.0	71516.0	121286.0	218736.0	6420984.0
	0	2	4	6	8	10	12	14	16	18	20	22	24	26	28	30	32	34	36	38	40	42	44	46	48	50	52	54	56	58	60	62	64	66	68	70	72	74
MCW_CT_ROA_230_R2_trim	5.0	0.0	1.0	0.0	9.0	2.0	1.0	0.0	0.0	5.0	90.0	30.0	115.0	570.0	2315.0	4485.0	10459.0	11191.0	16346.0	31214.0	86090.0	150388.0	144843.0	89778.0	66391.0	113451.0	176226.0	173841.0	111052.0	69339.0	91270.0	154605.0	176085.0	113855.0	71857.0	123106.0	220153.0	6419134.0
	0	2	4	6	8	10	12	14	16	18	20	22	24	26	28	30	32	34	36	38	40	42	44	46	48	50	52	54	56	58	60	62	64	66	68	70	72	74
MCW_CT_ROA_231_R1_trim	14.0	12.0	6.0	7.0	50.0	18.0	16.0	14.0	4.0	35.0	98.0	43.0	132.0	604.0	2145.0	4869.0	11856.0	10679.0	12884.0	21530.0	47904.0	87755.0	88724.0	63092.0	48118.0	71081.0	105241.0	110596.0	82542.0	57676.0	68312.0	112808.0	133151.0	100465.0	70841.0	110454.0	177089.0	5982150.0
	0	2	4	6	8	10	12	14	16	18	20	22	24	26	28	30	32	34	36	38	40	42	44	46	48	50	52	54	56	58	60	62	64	66	68	70	72	74
MCW_CT_ROA_231_R2_trim	14.0	12.0	9.0	7.0	50.0	18.0	14.0	14.0	4.0	35.0	92.0	43.0	132.0	605.0	2171.0	4928.0	11959.0	10758.0	12894.0	21619.0	48120.0	88281.0	88976.0	62847.0	47768.0	70646.0	104579.0	109543.0	81936.0	57073.0	68057.0	112966.0	133542.0	99290.0	70089.0	110288.0	176794.0	5986842.0
	0	2	4	6	8	10	12	14	16	18	20	22	24	26	28	30	32	34	36	38	40	42	44	46	48	50	52	54	56	58	60	62	64	66	68	70	72	74
MCW_CT_ROA_232_R1_trim	3.0	0.0	1.0	0.0	15.0	0.0	2.0	0.0	2.0	15.0	78.0	42.0	86.0	660.0	2901.0	5266.0	12580.0	13634.0	20106.0	35100.0	96425.0	166966.0	163907.0	105179.0	77716.0	133383.0	206568.0	203254.0	132072.0	83223.0	110423.0	189047.0	210441.0	134281.0	84521.0	133144.0	221380.0	6123565.0
	0	2	4	6	8	10	12	14	16	18	20	22	24	26	28	30	32	34	36	38	40	42	44	46	48	50	52	54	56	58	60	62	64	66	68	70	72	74
MCW_CT_ROA_232_R2_trim	3.0	0.0	1.0	1.0	14.0	0.0	2.0	1.0	1.0	16.0	76.0	46.0	91.0	665.0	2932.0	5330.0	12696.0	13691.0	20155.0	35171.0	96549.0	167502.0	163977.0	105014.0	77067.0	132481.0	205203.0	201558.0	131594.0	82818.0	110129.0	189107.0	210735.0	134675.0	85004.0	134584.0	223044.0	6124053.0
	0	2	4	6	8	10	12	14	16	18	20	22	24	26	28	30	32	34	36	38	40	42	44	46	48	50	52	54	56	58	60	62	64	66	68	70	72	74
MCW_CT_ROA_233_R1_trim	8.0	0.0	2.0	1.0	12.0	0.0	0.0	0.0	0.0	10.0	97.0	49.0	116.0	579.0	2701.0	4974.0	11817.0	12480.0	19062.0	36220.0	98596.0	175808.0	170950.0	104502.0	79821.0	138361.0	217491.0	215019.0	137806.0	86108.0	114793.0	192146.0	217318.0	138096.0	87275.0	154316.0	283254.0	8730390.0
	0	2	4	6	8	10	12	14	16	18	20	22	24	26	28	30	32	34	36	38	40	42	44	46	48	50	52	54	56	58	60	62	64	66	68	70	72	74
MCW_CT_ROA_233_R2_trim	8.0	2.0	2.0	1.0	12.0	1.0	0.0	2.0	6.0	12.0	99.0	49.0	119.0	600.0	2765.0	5072.0	12010.0	12620.0	19256.0	36449.0	98895.0	176510.0	171266.0	104492.0	79569.0	138309.0	217760.0	214884.0	138169.0	86135.0	114985.0	193180.0	218961.0	142245.0	90057.0	158618.0	287416.0	8709642.0
	0	2	4	6	8	10	12	14	16	18	20	22	24	26	28	30	32	34	36	38	40	42	44	46	48	50	52	54	56	58	60	62	64	66	68	70	72	74
MCW_CT_ROA_234_R1_trim	52.0	2.0	3.0	0.0	11.0	0.0	1.0	1.0	5.0	20.0	198.0	90.0	210.0	954.0	4137.0	8274.0	19760.0	20725.0	27387.0	47760.0	134198.0	236548.0	214851.0	118673.0	81679.0	138206.0	217666.0	211575.0	128937.0	74398.0	96254.0	165271.0	188560.0	119527.0	70839.0	118131.0	213611.0	6105150.0
	0	2	4	6	8	10	12	14	16	18	20	22	24	26	28	30	32	34	36	38	40	42	44	46	48	50	52	54	56	58	60	62	64	66	68	70	72	74
MCW_CT_ROA_234_R2_trim	51.0	2.0	4.0	0.0	11.0	0.0	1.0	1.0	7.0	20.0	195.0	91.0	211.0	949.0	4150.0	8298.0	19777.0	20597.0	27239.0	47247.0	133282.0	235943.0	213098.0	117288.0	80597.0	136661.0	215655.0	208698.0	127645.0	73649.0	95683.0	165167.0	188827.0	118842.0	70972.0	117835.0	213887.0	6121084.0
	0	2	4	6	8	10	12	14	16	18	20	22	24	26	28	30	32	34	36	38	40	42	44	46	48	50	52	54	56	58	60	62	64	66	68	70	72	74
MCW_CT_ROA_235_R1_trim	8.0	1.0	1.0	0.0	5.0	1.0	2.0	0.0	3.0	16.0	126.0	73.0	83.0	599.0	2211.0	4297.0	10068.0	10420.0	14039.0	26492.0	77381.0	138305.0	127794.0	70449.0	50001.0	96876.0	160659.0	158768.0	93163.0	54712.0	77863.0	140510.0	159652.0	96988.0	58986.0	140588.0	319845.0	10858603.0
	0	2	4	6	8	10	12	14	16	18	20	22	24	26	28	30	32	34	36	38	40	42	44	46	48	50	52	54	56	58	60	62	64	66	68	70	72	74
MCW_CT_ROA_235_R2_trim	9.0	1.0	1.0	0.0	5.0	1.0	2.0	1.0	4.0	16.0	127.0	73.0	87.0	608.0	2237.0	4359.0	10202.0	10512.0	14169.0	26674.0	77558.0	139165.0	128137.0	70374.0	49965.0	96804.0	160613.0	158503.0	93352.0	54647.0	77876.0	140951.0	160529.0	99060.0	60734.0	143372.0	323753.0	10845107.0
	2	4	6	8	10	12	14	16	18	20	22	24	26	28	30	32	34	36	38	40	42	44	46	48	50	52	54	56	58	60	62	64	66	68	70	72	74
MCW_CT_ROA_236_R1_trim	1.0	0.0	2.0	1.0	0.0	0.0	0.0	5.0	9.0	102.0	58.0	73.0	468.0	1893.0	3554.0	8445.0	8599.0	12620.0	22736.0	65816.0	116459.0	105506.0	58435.0	39857.0	72073.0	115130.0	108665.0	67431.0	40272.0	55901.0	97609.0	108404.0	65631.0	41283.0	102557.0	238306.0	8203228.0
	2	4	6	8	10	12	14	16	18	20	22	24	26	28	30	32	34	36	38	40	42	44	46	48	50	52	54	56	58	60	62	64	66	68	70	72	74
MCW_CT_ROA_236_R2_trim	1.0	0.0	1.0	2.0	1.0	0.0	3.0	7.0	10.0	101.0	59.0	72.0	470.0	1916.0	3633.0	8598.0	8739.0	12766.0	22915.0	66261.0	117390.0	105921.0	58485.0	39476.0	71366.0	114203.0	107549.0	67207.0	40136.0	55848.0	98126.0	109471.0	66041.0	42195.0	104819.0	239927.0	8197414.0
	0	2	4	6	8	10	12	14	16	18	20	22	24	26	28	30	32	34	36	38	40	42	44	46	48	50	52	54	56	58	60	62	64	66	68	70	72	74
MCW_CT_ROA_237_R1_trim	9.0	1.0	0.0	2.0	4.0	1.0	0.0	0.0	1.0	5.0	47.0	23.0	45.0	260.0	1251.0	2847.0	6733.0	6938.0	8193.0	14928.0	43694.0	80405.0	79462.0	45016.0	33517.0	62652.0	103336.0	102073.0	61036.0	36100.0	50476.0	91200.0	105242.0	62277.0	40694.0	123456.0	306206.0	11982340.0
	0	2	4	6	8	10	12	14	16	18	20	22	24	26	28	30	32	34	36	38	40	42	44	46	48	50	52	54	56	58	60	62	64	66	68	70	72	74
MCW_CT_ROA_237_R2_trim	9.0	1.0	0.0	2.0	5.0	0.0	0.0	2.0	1.0	9.0	46.0	23.0	50.0	268.0	1299.0	2950.0	6906.0	7043.0	8323.0	15146.0	44078.0	81338.0	80015.0	45219.0	33564.0	62937.0	103801.0	102481.0	61451.0	36264.0	50741.0	92370.0	106866.0	65612.0	42890.0	128192.0	314463.0	11956105.0
	0	2	4	6	8	10	12	14	16	18	20	22	24	26	28	30	32	34	36	38	40	42	44	46	48	50	52	54	56	58	60	62	64	66	68	70	72	74
MCW_CT_ROA_238_R1_trim	31.0	1.0	9.0	7.0	21.0	0.0	2.0	1.0	4.0	33.0	125.0	93.0	375.0	1710.0	8332.0	17692.0	43046.0	42811.0	52676.0	93979.0	263342.0	475561.0	437783.0	240277.0	169472.0	290740.0	455476.0	436885.0	257657.0	150010.0	198254.0	343870.0	387046.0	227298.0	131065.0	174256.0	237305.0	5211139.0
	0	2	4	6	8	10	12	14	16	18	20	22	24	26	28	30	32	34	36	38	40	42	44	46	48	50	52	54	56	58	60	62	64	66	68	70	72	74
MCW_CT_ROA_238_R2_trim	32.0	1.0	9.0	7.0	21.0	0.0	3.0	2.0	5.0	35.0	127.0	95.0	385.0	1716.0	8391.0	17811.0	43328.0	43032.0	52873.0	94300.0	264317.0	477665.0	439190.0	240705.0	168936.0	289813.0	453684.0	434358.0	257072.0	149233.0	197628.0	344073.0	387528.0	228973.0	132238.0	176121.0	240569.0	5204108.0
	0	2	4	6	8	10	12	14	16	18	20	22	24	26	28	30	32	34	36	38	40	42	44	46	48	50	52	54	56	58	60	62	64	66	68	70	72	74
MCW_CT_ROA_239_R1_trim	11.0	1.0	3.0	0.0	3.0	1.0	3.0	4.0	0.0	19.0	104.0	49.0	159.0	1156.0	4908.0	9425.0	23194.0	24972.0	35372.0	65753.0	181935.0	318297.0	314717.0	188169.0	140504.0	252202.0	398117.0	396732.0	247749.0	147654.0	206914.0	361517.0	411096.0	253258.0	149658.0	212582.0	300163.0	6766573.0
	0	2	4	6	8	10	12	14	16	18	20	22	24	26	28	30	32	34	36	38	40	42	44	46	48	50	52	54	56	58	60	62	64	66	68	70	72	74
MCW_CT_ROA_239_R2_trim	11.0	1.0	3.0	0.0	3.0	2.0	3.0	8.0	1.0	17.0	107.0	49.0	155.0	1159.0	4901.0	9477.0	23133.0	24873.0	35112.0	65341.0	180522.0	315955.0	312065.0	186360.0	138728.0	249102.0	392528.0	389919.0	244649.0	145728.0	204767.0	359461.0	409280.0	249351.0	148150.0	212892.0	302650.0	6806511.0
	0	2	4	6	8	10	12	14	16	18	20	22	24	26	28	30	32	34	36	38	40	42	44	46	48	50	52	54	56	58	60	62	64	66	68	70	72	74
MCW_CT_ROA_240_R1_trim	3.0	0.0	3.0	0.0	4.0	1.0	0.0	4.0	6.0	73.0	529.0	200.0	421.0	1970.0	9857.0	24003.0	56435.0	58524.0	60188.0	81845.0	196523.0	338547.0	295678.0	158317.0	101154.0	178092.0	321194.0	333685.0	231985.0	141196.0	174881.0	309485.0	374127.0	245132.0	152529.0	210922.0	328495.0	8692775.0
	0	2	4	6	8	10	12	14	16	18	20	22	24	26	28	30	32	34	36	38	40	42	44	46	48	50	52	54	56	58	60	62	64	66	68	70	72	74
MCW_CT_ROA_240_R2_trim	4.0	1.0	3.0	0.0	4.0	2.0	3.0	8.0	5.0	72.0	519.0	194.0	412.0	1941.0	9823.0	24046.0	56152.0	57742.0	59269.0	80517.0	193670.0	334020.0	286311.0	149978.0	94762.0	169636.0	311229.0	322116.0	226960.0	138114.0	172381.0	307878.0	372912.0	239962.0	150186.0	211139.0	333595.0	8773217.0
	0	2	4	6	8	10	12	14	16	18	20	22	24	26	28	30	32	34	36	38	40	42	44	46	48	50	52	54	56	58	60	62	64	66	68	70	72	74
MCW_CT_ROA_241_R1_trim	14.0	1.0	0.0	5.0	17.0	1.0	2.0	2.0	5.0	34.0	201.0	130.0	233.0	1728.0	5859.0	12306.0	32614.0	32824.0	44163.0	78376.0	217932.0	412488.0	394043.0	224769.0	172182.0	308927.0	510861.0	511799.0	310579.0	184206.0	246329.0	424379.0	478134.0	276938.0	160724.0	254904.0	420458.0	10936294.0
	0	2	4	6	8	10	12	14	16	18	20	22	24	26	28	30	32	34	36	38	40	42	44	46	48	50	52	54	56	58	60	62	64	66	68	70	72	74
MCW_CT_ROA_241_R2_trim	14.0	2.0	0.0	5.0	17.0	5.0	2.0	6.0	6.0	38.0	195.0	133.0	243.0	1731.0	5890.0	12409.0	32777.0	32953.0	44379.0	78671.0	218563.0	414850.0	395496.0	225117.0	172069.0	309108.0	510209.0	510680.0	311097.0	183837.0	246087.0	425611.0	480173.0	283357.0	165542.0	260647.0	429326.0	10903216.0
	0	2	4	6	8	10	12	14	16	18	20	22	24	26	28	30	32	34	36	38	40	42	44	46	48	50	52	54	56	58	60	62	64	66	68	70	72	74
MCW_CT_ROA_243_R1_trim	14.0	2.0	2.0	1.0	13.0	0.0	2.0	2.0	4.0	36.0	179.0	84.0	180.0	1023.0	4538.0	10946.0	25282.0	25291.0	25867.0	39962.0	117377.0	212747.0	199687.0	109120.0	76282.0	163555.0	292785.0	295175.0	174247.0	95931.0	145650.0	280806.0	324523.0	191645.0	102683.0	168693.0	287699.0	7548773.0
	0	2	4	6	8	10	12	14	16	18	20	22	24	26	28	30	32	34	36	38	40	42	44	46	48	50	52	54	56	58	60	62	64	66	68	70	72	74
MCW_CT_ROA_243_R2_trim	13.0	2.0	2.0	1.0	14.0	0.0	2.0	1.0	4.0	37.0	179.0	84.0	174.0	1031.0	4538.0	11017.0	25384.0	25350.0	25886.0	39973.0	117188.0	212633.0	199111.0	108529.0	75872.0	162963.0	291278.0	293758.0	173867.0	95664.0	145373.0	280627.0	324759.0	193260.0	103821.0	170767.0	290575.0	7547069.0
	0	2	4	6	8	10	12	14	16	18	20	22	24	26	28	30	32	34	36	38	40	42	44	46	48	50	52	54	56	58	60	62	64	66	68	70	72	74
MCW_CT_ROA_244_R1_trim	21.0	0.0	2.0	6.0	22.0	0.0	3.0	3.0	5.0	39.0	202.0	157.0	370.0	2322.0	8864.0	17714.0	47551.0	45813.0	58934.0	99012.0	257970.0	469114.0	424633.0	230913.0	161261.0	273005.0	465248.0	463173.0	272163.0	152658.0	188702.0	324733.0	363973.0	203621.0	110139.0	133349.0	165300.0	3158616.0
	0	2	4	6	8	10	12	14	16	18	20	22	24	26	28	30	32	34	36	38	40	42	44	46	48	50	52	54	56	58	60	62	64	66	68	70	72	74
MCW_CT_ROA_244_R2_trim	19.0	0.0	2.0	6.0	22.0	0.0	4.0	9.0	6.0	42.0	207.0	159.0	365.0	2318.0	8892.0	17812.0	47723.0	45854.0	58779.0	99006.0	257158.0	466290.0	420321.0	228081.0	158939.0	270487.0	462689.0	460023.0	271989.0	152192.0	188416.0	325196.0	364865.0	209663.0	113728.0	137493.0	170920.0	3159936.0
	0	2	4	6	8	10	12	14	16	18	20	22	24	26	28	30	32	34	36	38	40	42	44	46	48	50	52	54	56	58	60	62	64	66	68	70	72	74
MCW_CT_ROA_245_R1_trim	30.0	0.0	0.0	3.0	19.0	1.0	4.0	0.0	2.0	21.0	88.0	42.0	139.0	1037.0	4500.0	8767.0	22745.0	23579.0	30972.0	51802.0	143512.0	271732.0	256841.0	146286.0	109888.0	207196.0	365642.0	375200.0	228305.0	133541.0	186594.0	337462.0	386892.0	231680.0	130140.0	191759.0	290668.0	6686949.0
	0	2	4	6	8	10	12	14	16	18	20	22	24	26	28	30	32	34	36	38	40	42	44	46	48	50	52	54	56	58	60	62	64	66	68	70	72	74
MCW_CT_ROA_245_R2_trim	29.0	0.0	0.0	3.0	18.0	1.0	5.0	3.0	3.0	22.0	83.0	46.0	129.0	1019.0	4488.0	8769.0	22722.0	23433.0	30735.0	51243.0	142072.0	270146.0	254124.0	144332.0	108434.0	205058.0	362236.0	370851.0	226482.0	132418.0	185430.0	336268.0	385908.0	228656.0	128725.0	190448.0	289612.0	6720087.0
	0	2	4	6	8	10	12	14	16	18	20	22	24	26	28	30	32	34	36	38	40	42	44	46	48	50	52	54	56	58	60	62	64	66	68	70	72	74
MCW_CT_ROA_246_R1_trim	5.0	0.0	0.0	0.0	2.0	0.0	0.0	0.0	2.0	14.0	32.0	24.0	76.0	366.0	1395.0	3003.0	8064.0	8538.0	10654.0	18973.0	54015.0	104229.0	103749.0	59720.0	45933.0	92619.0	165865.0	176234.0	109670.0	65944.0	94626.0	173692.0	205317.0	123132.0	72887.0	157016.0	336946.0	10481706.0
	0	2	4	6	8	10	12	14	16	18	20	22	24	26	28	30	32	34	36	38	40	42	44	46	48	50	52	54	56	58	60	62	64	66	68	70	72	74
MCW_CT_ROA_246_R2_trim	5.0	0.0	0.0	0.0	2.0	2.0	1.0	3.0	2.0	17.0	33.0	29.0	79.0	374.0	1438.0	3121.0	8271.0	8651.0	10862.0	19227.0	54494.0	105360.0	104284.0	59986.0	46026.0	92870.0	166478.0	176430.0	110201.0	66098.0	95113.0	175011.0	207086.0	126905.0	75654.0	160121.0	339855.0	10460359.0
	0	2	4	6	8	10	12	14	16	18	20	22	24	26	28	30	32	34	36	38	40	42	44	46	48	50	52	54	56	58	60	62	64	66	68	70	72	74
MCW_CT_ROA_247_R1_trim	6.0	0.0	2.0	3.0	4.0	4.0	4.0	0.0	9.0	36.0	146.0	65.0	160.0	1338.0	3699.0	6905.0	16529.0	17824.0	24569.0	38305.0	97128.0	171307.0	157883.0	85338.0	62198.0	113308.0	193765.0	193992.0	118017.0	69569.0	97589.0	182312.0	212919.0	127706.0	76631.0	150348.0	315999.0	9096261.0
	0	2	4	6	8	10	12	14	16	18	20	22	24	26	28	30	32	34	36	38	40	42	44	46	48	50	52	54	56	58	60	62	64	66	68	70	72	74
MCW_CT_ROA_247_R2_trim	6.0	1.0	2.0	3.0	4.0	3.0	4.0	5.0	9.0	39.0	143.0	69.0	166.0	1337.0	3724.0	6994.0	16697.0	17917.0	24589.0	38409.0	97331.0	172075.0	157920.0	85053.0	61688.0	112604.0	192433.0	191927.0	117398.0	68977.0	97321.0	182668.0	213776.0	126421.0	76646.0	151734.0	316532.0	9099253.0
	0	2	4	6	8	10	12	14	16	18	20	22	24	26	28	30	32	34	36	38	40	42	44	46	48	50	52	54	56	58	60	62	64	66	68	70	72	74
MCW_CT_ROA_249_R1_trim	11.0	0.0	0.0	0.0	9.0	0.0	3.0	2.0	4.0	21.0	201.0	120.0	219.0	846.0	3647.0	8591.0	20078.0	22786.0	26716.0	39125.0	102546.0	179557.0	180606.0	110581.0	75450.0	128703.0	212656.0	221788.0	145226.0	89625.0	116009.0	205771.0	242065.0	157207.0	97869.0	152606.0	257875.0	6982439.0
	0	2	4	6	8	10	12	14	16	18	20	22	24	26	28	30	32	34	36	38	40	42	44	46	48	50	52	54	56	58	60	62	64	66	68	70	72	74
MCW_CT_ROA_249_R2_trim	11.0	0.0	0.0	0.0	9.0	0.0	3.0	5.0	8.0	25.0	198.0	120.0	220.0	842.0	3666.0	8664.0	20217.0	22796.0	26747.0	39092.0	102642.0	179974.0	180362.0	110007.0	74558.0	127410.0	210412.0	219018.0	144108.0	88853.0	115277.0	205608.0	242199.0	156750.0	98169.0	154161.0	258384.0	6990443.0
	0	2	4	6	8	10	12	14	16	18	20	22	24	26	28	30	32	34	36	38	40	42	44	46	48	50	52	54	56	58	60	62	64	66	68	70	72	74
MCW_CT_ROA_250_R1_trim	53.0	3.0	2.0	6.0	21.0	5.0	2.0	5.0	9.0	53.0	371.0	238.0	455.0	1656.0	6911.0	14810.0	32576.0	33269.0	48556.0	93740.0	276407.0	484767.0	396797.0	189661.0	121238.0	233907.0	405847.0	374081.0	224982.0	130079.0	180697.0	319442.0	349493.0	206203.0	118187.0	201172.0	354914.0	9776617.0
	0	2	4	6	8	10	12	14	16	18	20	22	24	26	28	30	32	34	36	38	40	42	44	46	48	50	52	54	56	58	60	62	64	66	68	70	72	74
MCW_CT_ROA_250_R2_trim	51.0	3.0	2.0	6.0	21.0	6.0	2.0	5.0	9.0	53.0	376.0	239.0	450.0	1640.0	6929.0	14863.0	32612.0	33048.0	48152.0	92780.0	273751.0	480848.0	388516.0	182960.0	115878.0	226277.0	397500.0	364958.0	221755.0	128128.0	179089.0	318771.0	349402.0	202867.0	117307.0	202989.0	358971.0	9836018.0
	0	2	4	6	8	10	12	14	16	18	20	22	24	26	28	30	32	34	36	38	40	42	44	46	48	50	52	54	56	58	60	62	64	66	68	70	72	74
MCW_CT_ROA_252_R1_trim	10.0	2.0	1.0	2.0	12.0	0.0	4.0	2.0	2.0	17.0	220.0	95.0	183.0	681.0	3025.0	6836.0	15503.0	15000.0	18480.0	32397.0	102286.0	180885.0	160114.0	82656.0	48360.0	91352.0	149154.0	145541.0	88689.0	47948.0	69243.0	125490.0	143351.0	85926.0	50118.0	116776.0	267854.0	9073336.0
	0	2	4	6	8	10	12	14	16	18	20	22	24	26	28	30	32	34	36	38	40	42	44	46	48	50	52	54	56	58	60	62	64	66	68	70	72	74
MCW_CT_ROA_252_R2_trim	10.0	2.0	1.0	2.0	13.0	0.0	3.0	5.0	2.0	18.0	217.0	97.0	183.0	682.0	3062.0	6953.0	15666.0	15051.0	18518.0	32312.0	102411.0	181352.0	159630.0	81850.0	47231.0	89513.0	146689.0	143102.0	88137.0	47556.0	69230.0	126407.0	145001.0	87467.0	51530.0	120874.0	271806.0	9068968.0
	0	2	4	6	8	10	12	14	16	18	20	22	24	26	28	30	32	34	36	38	40	42	44	46	48	50	52	54	56	58	60	62	64	66	68	70	72	74
MCW_CT_ROA_253_R1_trim	37.0	7.0	2.0	3.0	12.0	3.0	1.0	3.0	4.0	22.0	189.0	140.0	237.0	1043.0	4425.0	9074.0	20440.0	20975.0	28835.0	56319.0	169051.0	298487.0	269494.0	143093.0	94581.0	167531.0	260643.0	242756.0	142080.0	79352.0	111139.0	196665.0	220219.0	133025.0	77287.0	148052.0	289850.0	8922602.0
	0	2	4	6	8	10	12	14	16	18	20	22	24	26	28	30	32	34	36	38	40	42	44	46	48	50	52	54	56	58	60	62	64	66	68	70	72	74
MCW_CT_ROA_253_R2_trim	37.0	6.0	2.0	3.0	12.0	3.0	1.0	2.0	4.0	21.0	192.0	139.0	246.0	1037.0	4423.0	9102.0	20424.0	20866.0	28606.0	55846.0	167914.0	297285.0	267679.0	141706.0	93407.0	165593.0	257330.0	238624.0	140308.0	78306.0	110399.0	196763.0	220655.0	131906.0	77270.0	149554.0	293443.0	8938564.0
	0	2	4	6	8	10	12	14	16	18	20	22	24	26	28	30	32	34	36	38	40	42	44	46	48	50	52	54	56	58	60	62	64	66	68	70	72	74
MCW_CT_ROA_254_R1_trim	14.0	1.0	0.0	1.0	2.0	0.0	1.0	0.0	6.0	9.0	169.0	101.0	142.0	572.0	2484.0	5079.0	11463.0	12036.0	17470.0	32595.0	97958.0	168474.0	150387.0	79687.0	51854.0	97794.0	155576.0	147178.0	84955.0	47265.0	67773.0	120185.0	131910.0	79191.0	45233.0	86383.0	174192.0	5252657.0
	0	2	4	6	8	10	12	14	16	18	20	22	24	26	28	30	32	34	36	38	40	42	44	46	48	50	52	54	56	58	60	62	64	66	68	70	72	74
MCW_CT_ROA_254_R2_trim	13.0	1.0	0.0	1.0	2.0	0.0	1.0	0.0	6.0	7.0	170.0	101.0	142.0	576.0	2504.0	5114.0	11556.0	12081.0	17554.0	32635.0	98034.0	169034.0	150608.0	79670.0	51546.0	97310.0	154665.0	146113.0	84805.0	47065.0	67669.0	120330.0	132410.0	79663.0	45940.0	87598.0	175029.0	5250844.0
	0	2	4	6	8	10	12	14	16	18	20	22	24	26	28	30	32	34	36	38	40	42	44	46	48	50	52	54	56	58	60	62	64	66	68	70	72	74
MCW_CT_ROA_255_R1_trim	269.0	10.0	7.0	10.0	61.0	3.0	2.0	0.0	5.0	9.0	66.0	51.0	70.0	351.0	1446.0	2619.0	5738.0	6193.0	8756.0	15586.0	42580.0	75394.0	68305.0	39891.0	26985.0	46631.0	75094.0	73365.0	46687.0	27772.0	34844.0	60155.0	71773.0	49462.0	32402.0	72105.0	160341.0	6210661.0
	0	2	4	6	8	10	12	14	16	18	20	22	24	26	28	30	32	34	36	38	40	42	44	46	48	50	52	54	56	58	60	62	64	66	68	70	72	74
MCW_CT_ROA_255_R2_trim	266.0	10.0	7.0	9.0	65.0	2.0	2.0	0.0	5.0	7.0	68.0	49.0	67.0	356.0	1477.0	2668.0	5825.0	6282.0	8831.0	15723.0	42905.0	75911.0	68527.0	39780.0	26913.0	46682.0	75047.0	73245.0	46887.0	27725.0	35012.0	60722.0	72707.0	50818.0	33213.0	73534.0	163926.0	6200426.0
	0	2	4	6	8	10	12	14	16	18	20	22	24	26	28	30	32	34	36	38	40	42	44	46	48	50	52	54	56	58	60	62	64	66	68	70	72	74
MCW_CT_ROA_256_R1_trim	3.0	0.0	1.0	0.0	2.0	0.0	2.0	3.0	0.0	5.0	99.0	38.0	77.0	442.0	1817.0	3854.0	8835.0	8655.0	11143.0	19654.0	60163.0	112075.0	104151.0	57084.0	40049.0	72918.0	115502.0	108154.0	64784.0	37494.0	52898.0	91537.0	103776.0	63979.0	39830.0	95638.0	214946.0	7720114.0
	0	2	4	6	8	10	12	14	16	18	20	22	24	26	28	30	32	34	36	38	40	42	44	46	48	50	52	54	56	58	60	62	64	66	68	70	72	74
MCW_CT_ROA_256_R2_trim	3.0	0.0	1.0	0.0	1.0	0.0	3.0	3.0	0.0	4.0	99.0	41.0	71.0	441.0	1825.0	3904.0	8906.0	8644.0	11100.0	19478.0	59684.0	112007.0	103236.0	56222.0	39361.0	72008.0	114232.0	106299.0	64079.0	37048.0	52607.0	91779.0	104391.0	63796.0	40164.0	97168.0	217217.0	7723900.0
	0	2	4	6	8	10	12	14	16	18	20	22	24	26	28	30	32	34	36	38	40	42	44	46	48	50	52	54	56	58	60	62	64	66	68	70	72	74
MCW_CT_ROA_78_R1_trim	96.0	3.0	6.0	11.0	37.0	5.0	0.0	3.0	13.0	145.0	667.0	550.0	846.0	1159.0	7123.0	25355.0	59216.0	60596.0	41067.0	44697.0	160859.0	317091.0	287873.0	125593.0	52201.0	131965.0	267159.0	279571.0	147396.0	53667.0	80297.0	207282.0	272613.0	163768.0	64830.0	87444.0	166068.0	5407265.0
	0	2	4	6	8	10	12	14	16	18	20	22	24	26	28	30	32	34	36	38	40	42	44	46	48	50	52	54	56	58	60	62	64	66	68	70	72	74
MCW_CT_ROA_78_R2_trim	96.0	3.0	6.0	11.0	37.0	5.0	0.0	7.0	12.0	150.0	659.0	545.0	845.0	1156.0	7118.0	25378.0	59161.0	60533.0	41030.0	44651.0	160388.0	315716.0	286167.0	124515.0	51644.0	130661.0	263069.0	274716.0	145346.0	52877.0	79564.0	206279.0	271821.0	161851.0	64515.0	87845.0	167105.0	5429055.0
	0	2	4	6	8	10	12	14	16	18	20	22	24	26	28	30	32	34	36	38	40	42	44	46	48	50	52	54	56	58	60	62	64	66	68	70	72	74
MCW_CT_ROA_79_R1_trim	35.0	0.0	1.0	5.0	8.0	3.0	2.0	2.0	18.0	123.0	694.0	500.0	716.0	4982.0	19685.0	35136.0	76720.0	102520.0	161600.0	247138.0	721730.0	1199631.0	1011739.0	466756.0	257039.0	541553.0	899725.0	827701.0	428235.0	207553.0	322226.0	626594.0	693851.0	399247.0	184724.0	251289.0	342729.0	7198200.0
	0	2	4	6	8	10	12	14	16	18	20	22	24	26	28	30	32	34	36	38	40	42	44	46	48	50	52	54	56	58	60	62	64	66	68	70	72	74
MCW_CT_ROA_79_R2_trim	35.0	2.0	2.0	5.0	9.0	7.0	2.0	2.0	23.0	110.0	696.0	493.0	693.0	4976.0	19752.0	35240.0	76812.0	102328.0	160863.0	246397.0	719712.0	1197079.0	1008913.0	463938.0	254751.0	537429.0	891392.0	817207.0	423505.0	204881.0	319484.0	625065.0	693501.0	394146.0	182641.0	251528.0	343905.0	7252886.0
	0	2	4	6	8	10	12	14	16	18	20	22	24	26	28	30	32	34	36	38	40	42	44	46	48	50	52	54	56	58	60	62	64	66	68	70	72	74
MCW_CT_ROA_80_R1_trim	33.0	18.0	7.0	0.0	16.0	11.0	17.0	3.0	24.0	56.0	508.0	291.0	467.0	3198.0	10578.0	19250.0	41266.0	46920.0	72654.0	115135.0	324055.0	564286.0	492560.0	262007.0	166865.0	324096.0	551550.0	515230.0	289671.0	162693.0	239572.0	451076.0	499417.0	305202.0	158420.0	206090.0	245945.0	5004068.0
	0	2	4	6	8	10	12	14	16	18	20	22	24	26	28	30	32	34	36	38	40	42	44	46	48	50	52	54	56	58	60	62	64	66	68	70	72	74
MCW_CT_ROA_80_R2_trim	33.0	18.0	7.0	0.0	23.0	17.0	24.0	9.0	33.0	69.0	506.0	295.0	440.0	3193.0	10597.0	19328.0	41271.0	46822.0	72280.0	114620.0	322769.0	562394.0	489659.0	259025.0	164484.0	320582.0	545102.0	507307.0	285761.0	159925.0	236627.0	448272.0	497099.0	299315.0	155495.0	204716.0	245783.0	5059355.0
	0	2	4	6	8	10	12	14	16	18	20	22	24	26	28	30	32	34	36	38	40	42	44	46	48	50	52	54	56	58	60	62	64	66	68	70	72	74
MCW_CT_ROA_81_R1_trim	14.0	0.0	0.0	2.0	4.0	0.0	0.0	0.0	1.0	25.0	170.0	65.0	136.0	493.0	2887.0	10004.0	24107.0	26185.0	22200.0	28035.0	98746.0	189003.0	176262.0	85369.0	43730.0	105674.0	205080.0	210766.0	116152.0	51397.0	81432.0	188338.0	231278.0	138882.0	63423.0	114041.0	241398.0	7848862.0
	0	2	4	6	8	10	12	14	16	18	20	22	24	26	28	30	32	34	36	38	40	42	44	46	48	50	52	54	56	58	60	62	64	66	68	70	72	74
MCW_CT_ROA_81_R2_trim	14.0	0.0	0.0	2.0	4.0	0.0	0.0	0.0	3.0	25.0	177.0	65.0	141.0	513.0	2955.0	10158.0	24401.0	26497.0	22505.0	28494.0	100067.0	191769.0	178005.0	85823.0	43751.0	105956.0	205028.0	210088.0	116489.0	51452.0	81787.0	189965.0	233789.0	141095.0	65004.0	117542.0	243609.0	7826988.0
	0	2	4	6	8	10	12	14	16	18	20	22	24	26	28	30	32	34	36	38	40	42	44	46	48	50	52	54	56	58	60	62	64	66	68	70	72	74
MCW_CT_ROA_83_R1_trim	32.0	1.0	4.0	5.0	25.0	2.0	3.0	2.0	3.0	46.0	268.0	142.0	212.0	1009.0	3110.0	6557.0	14850.0	18742.0	29003.0	48790.0	151726.0	275356.0	248370.0	122024.0	72491.0	157118.0	275439.0	265114.0	145181.0	73616.0	120978.0	242215.0	277712.0	166094.0	85492.0	169487.0	342082.0	10560171.0
	0	2	4	6	8	10	12	14	16	18	20	22	24	26	28	30	32	34	36	38	40	42	44	46	48	50	52	54	56	58	60	62	64	66	68	70	72	74
MCW_CT_ROA_83_R2_trim	33.0	1.0	3.0	5.0	26.0	2.0	3.0	2.0	12.0	44.0	269.0	146.0	202.0	1016.0	3176.0	6730.0	15150.0	19031.0	29195.0	49205.0	152699.0	277730.0	249619.0	121963.0	72165.0	156679.0	274338.0	262995.0	144443.0	73037.0	120849.0	243764.0	280162.0	164725.0	85380.0	170375.0	339785.0	10558513.0
	0	2	4	6	8	10	12	14	16	18	20	22	24	26	28	30	32	34	36	38	40	42	44	46	48	50	52	54	56	58	60	62	64	66	68	70	72	74
MCW_CT_ROA_84_R1_trim	94.0	3.0	3.0	2.0	29.0	1.0	0.0	5.0	9.0	21.0	165.0	113.0	146.0	662.0	2056.0	4354.0	10674.0	12577.0	18642.0	31628.0	100935.0	189678.0	170229.0	84000.0	49955.0	109283.0	198251.0	192885.0	103379.0	52833.0	84632.0	173962.0	199429.0	118547.0	60243.0	114013.0	216697.0	7160694.0
	0	2	4	6	8	10	12	14	16	18	20	22	24	26	28	30	32	34	36	38	40	42	44	46	48	50	52	54	56	58	60	62	64	66	68	70	72	74
MCW_CT_ROA_84_R2_trim	92.0	4.0	3.0	3.0	31.0	4.0	0.0	8.0	4.0	21.0	170.0	112.0	153.0	665.0	2051.0	4457.0	10787.0	12651.0	18720.0	31858.0	101471.0	190922.0	170857.0	84035.0	49807.0	109051.0	197306.0	191397.0	102747.0	52397.0	84142.0	173756.0	199426.0	119043.0	60452.0	114718.0	217889.0	7159619.0
	0	2	4	6	8	10	12	14	16	18	20	22	24	26	28	30	32	34	36	38	40	42	44	46	48	50	52	54	56	58	60	62	64	66	68	70	72	74
MCW_CT_ROA_85_R1_trim	1.0	0.0	1.0	0.0	6.0	0.0	0.0	0.0	7.0	65.0	394.0	252.0	411.0	2417.0	8986.0	17867.0	38599.0	48381.0	75233.0	131553.0	401930.0	681994.0	606970.0	298746.0	188500.0	403674.0	679803.0	636577.0	350237.0	182517.0	300112.0	592994.0	657821.0	381095.0	190595.0	292674.0	457563.0	10243335.0
	0	2	4	6	8	10	12	14	16	18	20	22	24	26	28	30	32	34	36	38	40	42	44	46	48	50	52	54	56	58	60	62	64	66	68	70	72	74
MCW_CT_ROA_85_R2_trim	1.0	0.0	1.0	0.0	8.0	0.0	0.0	0.0	7.0	57.0	394.0	254.0	407.0	2426.0	9037.0	18041.0	38887.0	48566.0	75212.0	131524.0	401875.0	683330.0	606396.0	297166.0	186585.0	400287.0	673666.0	628450.0	346986.0	180338.0	297916.0	592634.0	658668.0	378094.0	189502.0	293424.0	457967.0	10273204.0
	0	2	4	6	8	10	12	14	16	18	20	22	24	26	28	30	32	34	36	38	40	42	44	46	48	50	52	54	56	58	60	62	64	66	68	70	72	74
MCW_CT_ROA_86_R1_trim	20.0	0.0	5.0	0.0	7.0	1.0	4.0	1.0	2.0	4.0	36.0	8.0	37.0	268.0	1027.0	1925.0	4730.0	5885.0	8490.0	13914.0	47446.0	89732.0	86224.0	44320.0	26535.0	61565.0	109379.0	107111.0	58010.0	29728.0	49479.0	98823.0	112178.0	64973.0	33493.0	76639.0	172868.0	5824855.0
	0	2	4	6	8	10	12	14	16	18	20	22	24	26	28	30	32	34	36	38	40	42	44	46	48	50	52	54	56	58	60	62	64	66	68	70	72	74
MCW_CT_ROA_86_R2_trim	20.0	0.0	5.0	0.0	8.0	1.0	3.0	1.0	1.0	5.0	42.0	10.0	32.0	273.0	1065.0	2038.0	4906.0	6069.0	8700.0	14183.0	48183.0	91298.0	87268.0	44383.0	26390.0	61412.0	108822.0	106130.0	57730.0	29583.0	49548.0	99828.0	113721.0	65485.0	34249.0	78201.0	172665.0	5817464.0
	0	2	4	6	8	10	12	14	16	18	20	22	24	26	28	30	32	34	36	38	40	42	44	46	48	50	52	54	56	58	60	62	64	66	68	70	72	74
MCW_CT_ROA_87_R1_trim	56.0	1.0	8.0	1.0	29.0	2.0	4.0	4.0	7.0	24.0	135.0	108.0	144.0	455.0	3452.0	13068.0	29201.0	31396.0	23217.0	23774.0	79598.0	152893.0	143010.0	72818.0	35188.0	85251.0	168424.0	176126.0	99475.0	43186.0	64447.0	149504.0	186065.0	117651.0	54934.0	106629.0	243632.0	8888098.0
	0	2	4	6	8	10	12	14	16	18	20	22	24	26	28	30	32	34	36	38	40	42	44	46	48	50	52	54	56	58	60	62	64	66	68	70	72	74
MCW_CT_ROA_87_R2_trim	57.0	1.0	8.0	1.0	30.0	2.0	3.0	3.0	3.0	22.0	138.0	109.0	151.0	476.0	3527.0	13235.0	29540.0	31700.0	23587.0	24344.0	80918.0	155729.0	144843.0	73505.0	35446.0	85909.0	169307.0	176370.0	99772.0	43309.0	64729.0	151209.0	188497.0	119631.0	56313.0	108838.0	243839.0	8866914.0
	0	2	4	6	8	10	12	14	16	18	20	22	24	26	28	30	32	34	36	38	40	42	44	46	48	50	52	54	56	58	60	62	64	66	68	70	72	74
MCW_CT_ROA_88_R1_trim	19.0	0.0	2.0	0.0	6.0	2.0	4.0	1.0	1.0	15.0	55.0	26.0	66.0	280.0	1128.0	2183.0	5194.0	6886.0	10031.0	16097.0	50514.0	90071.0	79408.0	37036.0	21554.0	49384.0	87750.0	81970.0	43628.0	21552.0	36763.0	74663.0	83678.0	48717.0	24901.0	61655.0	145218.0	5056443.0
	0	2	4	6	8	10	12	14	16	18	20	22	24	26	28	30	32	34	36	38	40	42	44	46	48	50	52	54	56	58	60	62	64	66	68	70	72	74
MCW_CT_ROA_88_R2_trim	19.0	0.0	2.0	0.0	6.0	3.0	2.0	2.0	1.0	13.0	56.0	26.0	67.0	293.0	1180.0	2319.0	5406.0	7074.0	10199.0	16352.0	51212.0	91596.0	79802.0	36857.0	21382.0	49313.0	87492.0	81129.0	43622.0	21459.0	36760.0	75726.0	85266.0	48571.0	25357.0	62206.0	144516.0	5051615.0
	0	2	4	6	8	10	12	14	16	18	20	22	24	26	28	30	32	34	36	38	40	42	44	46	48	50	52	54	56	58	60	62	64	66	68	70	72	74
MCW_CT_ROA_89_R1_trim	16.0	2.0	2.0	2.0	12.0	2.0	2.0	1.0	6.0	11.0	28.0	26.0	46.0	222.0	750.0	1397.0	3735.0	4816.0	8196.0	14545.0	47684.0	90157.0	82367.0	40575.0	24155.0	57234.0	104390.0	100707.0	53611.0	27253.0	46158.0	95324.0	109765.0	64644.0	33838.0	97938.0	244801.0	9122536.0
	0	2	4	6	8	10	12	14	16	18	20	22	24	26	28	30	32	34	36	38	40	42	44	46	48	50	52	54	56	58	60	62	64	66	68	70	72	74
MCW_CT_ROA_89_R2_trim	15.0	3.0	2.0	2.0	12.0	2.0	2.0	2.0	7.0	12.0	33.0	29.0	47.0	237.0	813.0	1543.0	3985.0	5087.0	8528.0	15051.0	49015.0	92878.0	84195.0	41230.0	24385.0	57968.0	105358.0	101101.0	54109.0	27322.0	46500.0	97039.0	112081.0	65600.0	34839.0	99628.0	245277.0	9103017.0
	0	2	4	6	8	10	12	14	16	18	20	22	24	26	28	30	32	34	36	38	40	42	44	46	48	50	52	54	56	58	60	62	64	66	68	70	72	74
MCW_CT_ROA_94_R1_trim	25.0	1.0	5.0	0.0	11.0	0.0	1.0	4.0	6.0	18.0	88.0	42.0	56.0	448.0	1467.0	2968.0	6642.0	7857.0	12520.0	20843.0	64798.0	114825.0	101176.0	50178.0	30255.0	66060.0	118213.0	113718.0	61935.0	31571.0	50323.0	99585.0	113094.0	66920.0	35215.0	78964.0	176208.0	5972444.0
	0	2	4	6	8	10	12	14	16	18	20	22	24	26	28	30	32	34	36	38	40	42	44	46	48	50	52	54	56	58	60	62	64	66	68	70	72	74
MCW_CT_ROA_94_R2_trim	25.0	3.0	5.0	0.0	5.0	0.0	3.0	5.0	4.0	17.0	89.0	42.0	59.0	455.0	1507.0	3035.0	6802.0	7984.0	12745.0	21105.0	65446.0	115876.0	101714.0	50198.0	30195.0	66210.0	118448.0	113630.0	62068.0	31576.0	50585.0	100496.0	114556.0	68187.0	36303.0	80746.0	176899.0	5961461.0
	0	2	4	6	8	10	12	14	16	18	20	22	24	26	28	30	32	34	36	38	40	42	44	46	48	50	52	54	56	58	60	62	64	66	68	70	72	74
MCW_CT_ROA_95_R1_trim	37.0	1.0	3.0	3.0	24.0	2.0	2.0	0.0	0.0	5.0	39.0	9.0	29.0	199.0	711.0	1581.0	3781.0	4362.0	6912.0	11153.0	38452.0	76419.0	70181.0	37077.0	21805.0	55064.0	105203.0	102720.0	57723.0	28912.0	50360.0	107605.0	126470.0	79192.0	39701.0	91893.0	208633.0	7918341.0
	0	2	4	6	8	10	12	14	16	18	20	22	24	26	28	30	32	34	36	38	40	42	44	46	48	50	52	54	56	58	60	62	64	66	68	70	72	74
MCW_CT_ROA_95_R2_trim	37.0	1.0	3.0	3.0	24.0	1.0	2.0	0.0	0.0	8.0	40.0	12.0	32.0	217.0	763.0	1737.0	4057.0	4625.0	7200.0	11566.0	39553.0	78688.0	71528.0	37137.0	21784.0	55218.0	105423.0	102093.0	57625.0	28775.0	50573.0	109329.0	128808.0	78555.0	39644.0	93046.0	205861.0	7910636.0
	0	2	4	6	8	10	12	14	16	18	20	22	24	26	28	30	32	34	36	38	40	42	44	46	48	50	52	54	56	58	60	62	64	66	68	70	72	74
MCW_CT_ROA_96_R1_trim	65.0	6.0	9.0	6.0	42.0	4.0	10.0	8.0	15.0	52.0	213.0	164.0	319.0	1832.0	4772.0	10639.0	22173.0	29366.0	36344.0	39923.0	86500.0	139140.0	123943.0	68222.0	41006.0	79832.0	146234.0	145449.0	84267.0	41856.0	60330.0	128755.0	155211.0	96155.0	46201.0	82102.0	173014.0	6353396.0
	0	2	4	6	8	10	12	14	16	18	20	22	24	26	28	30	32	34	36	38	40	42	44	46	48	50	52	54	56	58	60	62	64	66	68	70	72	74
MCW_CT_ROA_96_R2_trim	65.0	5.0	9.0	6.0	42.0	4.0	9.0	9.0	15.0	56.0	208.0	167.0	322.0	1849.0	4838.0	10818.0	22474.0	29613.0	36622.0	40345.0	87026.0	140683.0	124610.0	67993.0	40819.0	79942.0	146405.0	144955.0	84443.0	41907.0	60614.0	130170.0	157290.0	97395.0	47243.0	83716.0	173924.0	6340964.0
	0	2	4	6	8	10	12	14	16	18	20	22	24	26	28	30	32	34	36	38	40	42	44	46	48	50	52	54	56	58	60	62	64	66	68	70	72	74
MCW_CT_ROA_97_R1_trim	30.0	2.0	1.0	5.0	10.0	0.0	1.0	2.0	2.0	2.0	34.0	12.0	22.0	231.0	680.0	1361.0	3650.0	4072.0	6261.0	10093.0	32878.0	64656.0	61075.0	33370.0	19110.0	46174.0	86515.0	87089.0	49390.0	24476.0	40932.0	84200.0	98037.0	61356.0	30444.0	67916.0	152194.0	5672464.0
	0	2	4	6	8	10	12	14	16	18	20	22	24	26	28	30	32	34	36	38	40	42	44	46	48	50	52	54	56	58	60	62	64	66	68	70	72	74
MCW_CT_ROA_97_R2_trim	30.0	2.0	1.0	5.0	10.0	0.0	4.0	3.0	3.0	2.0	34.0	13.0	22.0	236.0	709.0	1458.0	3809.0	4245.0	6423.0	10385.0	33646.0	65986.0	61822.0	33500.0	19033.0	46313.0	86431.0	86610.0	49196.0	24346.0	40918.0	84827.0	99300.0	61766.0	31132.0	68802.0	152037.0	5665688.0
	0	2	4	6	8	10	12	14	16	18	20	22	24	26	28	30	32	34	36	38	40	42	44	46	48	50	52	54	56	58	60	62	64	66	68	70	72	74
MCW_CT_ROA_99_R1_trim	146.0	10.0	11.0	8.0	37.0	9.0	2.0	3.0	5.0	15.0	103.0	57.0	75.0	418.0	1430.0	3593.0	8159.0	9603.0	12426.0	18809.0	59626.0	110342.0	100965.0	50871.0	28808.0	64426.0	115944.0	113115.0	60879.0	30083.0	47581.0	98462.0	114104.0	70021.0	35928.0	78761.0	179170.0	6683521.0
	0	2	4	6	8	10	12	14	16	18	20	22	24	26	28	30	32	34	36	38	40	42	44	46	48	50	52	54	56	58	60	62	64	66	68	70	72	74
MCW_CT_ROA_99_R2_trim	144.0	10.0	11.0	8.0	40.0	9.0	2.0	2.0	9.0	16.0	107.0	59.0	80.0	429.0	1499.0	3753.0	8441.0	9927.0	12800.0	19361.0	61151.0	113638.0	103296.0	51707.0	29137.0	65339.0	117241.0	113849.0	61428.0	30272.0	48060.0	100469.0	116533.0	71334.0	36924.0	80560.0	178738.0	6661143.0

