[2025-07-02 12:35:49,673] multiqc                                            [DEBUG  ]  No MultiQC config found: /usr/local/lib/python3.6/site-packages/multiqc_config.yaml
[2025-07-02 12:35:49,673] multiqc                                            [DEBUG  ]  No MultiQC config found: /home1/10819/styu/.multiqc_config.yaml
[2025-07-02 12:35:49,673] multiqc                                            [DEBUG  ]  No MultiQC config found: multiqc_config.yaml
[2025-07-02 12:35:49,674] multiqc                                            [DEBUG  ]  Command used: /usr/local/bin/multiqc fastqc_trim/
[2025-07-02 12:35:50,707] multiqc                                            [WARNING]  MultiQC Version v1.29 now available!
[2025-07-02 12:35:50,707] multiqc                                            [INFO   ]  This is MultiQC v1.7
[2025-07-02 12:35:50,707] multiqc                                            [DEBUG  ]  Command     : /usr/local/bin/multiqc fastqc_trim/
[2025-07-02 12:35:50,707] multiqc                                            [DEBUG  ]  Working dir : /scratch/10819/styu/MW_multiQC
[2025-07-02 12:35:50,707] multiqc                                            [INFO   ]  Template    : default
[2025-07-02 12:35:50,707] multiqc                                            [INFO   ]  Searching 'fastqc_trim/'
[2025-07-02 12:35:50,707] multiqc                                            [DEBUG  ]  Analysing modules: custom_content, conpair, peddy, methylQA, phantompeakqualtools, qualimap, preseq, quast, qorts, rna_seqc, rsem, rseqc, busco, goleft_indexcov, disambiguate, supernova, deeptools, sargasso, verifybamid, mirtrace, happy, homer, macs2, theta2, snpeff, gatk, htseq, bcftools, featureCounts, dedup, damageprofiler, picard, prokka, samblaster, samtools, bamtools, jellyfish, vcftools, longranger, stacks, bbmap, bismark, biscuit, hicexplorer, hicup, hicpro, salmon, kallisto, slamdunk, star, hisat2, tophat, bowtie2, bowtie1, kat, leehom, adapterRemoval, clipandmerge, cutadapt, flexbar, trimmomatic, skewer, sortmerna, biobloomtools, fastq_screen, afterqc, fastp, fastqc, minionqc, clusterflow, bcl2fastq, interop, flash
[2025-07-02 12:35:50,707] multiqc                                            [DEBUG  ]  Using temporary directory for creating report: /tmp/tmp54ivr8pw
[2025-07-02 12:35:50,871] multiqc                                            [DEBUG  ]  Ignoring file as matched an ignore pattern: MCW_CT_ROA_146_R1_trim.fastq.gz
[2025-07-02 12:35:50,875] multiqc                                            [DEBUG  ]  Ignoring file as matched an ignore pattern: MCW_CT_ROA_146_R1_trim_fastqc.html
[2025-07-02 12:35:50,875] multiqc                                            [DEBUG  ]  Ignoring file as matched an ignore pattern: MCW_CT_ROA_146_R2_trim.fastq.gz
[2025-07-02 12:35:50,876] multiqc                                            [DEBUG  ]  Ignoring file as matched an ignore pattern: MCW_CT_ROA_146_R2_trim_fastqc.html
[2025-07-02 12:35:50,876] multiqc                                            [DEBUG  ]  Ignoring file as matched an ignore pattern: MCW_CT_ROA_172_R2_trim.fastq.gz
[2025-07-02 12:35:50,877] multiqc                                            [DEBUG  ]  Ignoring file as matched an ignore pattern: MCW_CT_ROA_172_R2_trim_fastqc.html
[2025-07-02 12:35:50,877] multiqc                                            [DEBUG  ]  Ignoring file as matched an ignore pattern: MCW_CT_ROA_172_R1_trim.fastq.gz
[2025-07-02 12:35:50,877] multiqc                                            [DEBUG  ]  Ignoring file as matched an ignore pattern: MCW_CT_ROA_172_R1_trim_fastqc.html
[2025-07-02 12:35:50,878] multiqc                                            [DEBUG  ]  Ignoring file as matched an ignore pattern: MCW_CT_ROA_145_R2_trim_fastqc.html
[2025-07-02 12:35:50,878] multiqc                                            [DEBUG  ]  Ignoring file as matched an ignore pattern: MCW_CT_ROA_145_R1_trim.fastq.gz
[2025-07-02 12:35:50,878] multiqc                                            [DEBUG  ]  Ignoring file as matched an ignore pattern: MCW_CT_ROA_145_R1_trim_fastqc.html
[2025-07-02 12:35:50,878] multiqc                                            [DEBUG  ]  Ignoring file as matched an ignore pattern: MCW_CT_ROA_145_R2_trim.fastq.gz
[2025-07-02 12:35:50,879] multiqc                                            [DEBUG  ]  Ignoring file as matched an ignore pattern: MCW_CT_ROA_229_R2_trim_fastqc.html
[2025-07-02 12:35:50,879] multiqc                                            [DEBUG  ]  Ignoring file as matched an ignore pattern: MCW_CT_ROA_229_R1_trim.fastq.gz
[2025-07-02 12:35:50,880] multiqc                                            [DEBUG  ]  Ignoring file as matched an ignore pattern: MCW_CT_ROA_229_R2_trim.fastq.gz
[2025-07-02 12:35:50,880] multiqc                                            [DEBUG  ]  Ignoring file as matched an ignore pattern: MCW_CT_ROA_229_R1_trim_fastqc.html
[2025-07-02 12:35:50,881] multiqc                                            [DEBUG  ]  Ignoring file as matched an ignore pattern: MCW_CT_ROA_247_R1_trim_fastqc.html
[2025-07-02 12:35:50,881] multiqc                                            [DEBUG  ]  Ignoring file as matched an ignore pattern: MCW_CT_ROA_247_R1_trim.fastq.gz
[2025-07-02 12:35:50,881] multiqc                                            [DEBUG  ]  Ignoring file as matched an ignore pattern: MCW_CT_ROA_247_R2_trim_fastqc.html
[2025-07-02 12:35:50,881] multiqc                                            [DEBUG  ]  Ignoring file as matched an ignore pattern: MCW_CT_ROA_247_R2_trim.fastq.gz
[2025-07-02 12:35:50,881] multiqc                                            [DEBUG  ]  Ignoring file as matched an ignore pattern: MCW_CT_ROA_97_R2_trim.fastq.gz
[2025-07-02 12:35:50,882] multiqc                                            [DEBUG  ]  Ignoring file as matched an ignore pattern: MCW_CT_ROA_97_R2_trim_fastqc.html
[2025-07-02 12:35:50,882] multiqc                                            [DEBUG  ]  Ignoring file as matched an ignore pattern: MCW_CT_ROA_97_R1_trim.fastq.gz
[2025-07-02 12:35:50,882] multiqc                                            [DEBUG  ]  Ignoring file as matched an ignore pattern: MCW_CT_ROA_97_R1_trim_fastqc.html
[2025-07-02 12:35:50,883] multiqc                                            [DEBUG  ]  Ignoring file as matched an ignore pattern: MCW_CT_ROA_85_R2_trim.fastq.gz
[2025-07-02 12:35:50,883] multiqc                                            [DEBUG  ]  Ignoring file as matched an ignore pattern: MCW_CT_ROA_85_R2_trim_fastqc.html
[2025-07-02 12:35:50,883] multiqc                                            [DEBUG  ]  Ignoring file as matched an ignore pattern: MCW_CT_ROA_85_R1_trim_fastqc.html
[2025-07-02 12:35:50,883] multiqc                                            [DEBUG  ]  Ignoring file as matched an ignore pattern: MCW_CT_ROA_85_R1_trim.fastq.gz
[2025-07-02 12:35:50,884] multiqc                                            [DEBUG  ]  Ignoring file as matched an ignore pattern: MCW_CT_ROA_127_R1_trim.fastq.gz
[2025-07-02 12:35:50,884] multiqc                                            [DEBUG  ]  Ignoring file as matched an ignore pattern: MCW_CT_ROA_127_R2_trim.fastq.gz
[2025-07-02 12:35:50,885] multiqc                                            [DEBUG  ]  Ignoring file as matched an ignore pattern: MCW_CT_ROA_127_R2_trim_fastqc.html
[2025-07-02 12:35:50,885] multiqc                                            [DEBUG  ]  Ignoring file as matched an ignore pattern: MCW_CT_ROA_127_R1_trim_fastqc.html
[2025-07-02 12:35:50,885] multiqc                                            [DEBUG  ]  Ignoring file as matched an ignore pattern: MCW_CT_ROA_108_R1_trim.fastq.gz
[2025-07-02 12:35:50,886] multiqc                                            [DEBUG  ]  Ignoring file as matched an ignore pattern: MCW_CT_ROA_108_R2_trim.fastq.gz
[2025-07-02 12:35:50,886] multiqc                                            [DEBUG  ]  Ignoring file as matched an ignore pattern: MCW_CT_ROA_108_R1_trim_fastqc.html
[2025-07-02 12:35:50,886] multiqc                                            [DEBUG  ]  Ignoring file as matched an ignore pattern: MCW_CT_ROA_108_R2_trim_fastqc.html
[2025-07-02 12:35:50,887] multiqc                                            [DEBUG  ]  Ignoring file as matched an ignore pattern: MCW_CT_ROA_157_R2_trim_fastqc.html
[2025-07-02 12:35:50,887] multiqc                                            [DEBUG  ]  Ignoring file as matched an ignore pattern: MCW_CT_ROA_157_R1_trim.fastq.gz
[2025-07-02 12:35:50,887] multiqc                                            [DEBUG  ]  Ignoring file as matched an ignore pattern: MCW_CT_ROA_157_R2_trim.fastq.gz
[2025-07-02 12:35:50,887] multiqc                                            [DEBUG  ]  Ignoring file as matched an ignore pattern: MCW_CT_ROA_157_R1_trim_fastqc.html
[2025-07-02 12:35:50,888] multiqc                                            [DEBUG  ]  Ignoring file as matched an ignore pattern: MCW_CT_ROA_194_R2_trim_fastqc.html
[2025-07-02 12:35:50,888] multiqc                                            [DEBUG  ]  Ignoring file as matched an ignore pattern: MCW_CT_ROA_194_R2_trim.fastq.gz
[2025-07-02 12:35:50,888] multiqc                                            [DEBUG  ]  Ignoring file as matched an ignore pattern: MCW_CT_ROA_194_R1_trim.fastq.gz
[2025-07-02 12:35:50,889] multiqc                                            [DEBUG  ]  Ignoring file as matched an ignore pattern: MCW_CT_ROA_194_R1_trim_fastqc.html
[2025-07-02 12:35:50,890] multiqc                                            [DEBUG  ]  Ignoring file as matched an ignore pattern: MCW_CT_ROA_87_R2_trim.fastq.gz
[2025-07-02 12:35:50,890] multiqc                                            [DEBUG  ]  Ignoring file as matched an ignore pattern: MCW_CT_ROA_87_R1_trim_fastqc.html
[2025-07-02 12:35:50,890] multiqc                                            [DEBUG  ]  Ignoring file as matched an ignore pattern: MCW_CT_ROA_87_R2_trim_fastqc.html
[2025-07-02 12:35:50,890] multiqc                                            [DEBUG  ]  Ignoring file as matched an ignore pattern: MCW_CT_ROA_87_R1_trim.fastq.gz
[2025-07-02 12:35:50,891] multiqc                                            [DEBUG  ]  Ignoring file as matched an ignore pattern: MCW_CT_ROA_226_R2_trim.fastq.gz
[2025-07-02 12:35:50,891] multiqc                                            [DEBUG  ]  Ignoring file as matched an ignore pattern: MCW_CT_ROA_226_R2_trim_fastqc.html
[2025-07-02 12:35:50,891] multiqc                                            [DEBUG  ]  Ignoring file as matched an ignore pattern: MCW_CT_ROA_226_R1_trim_fastqc.html
[2025-07-02 12:35:50,892] multiqc                                            [DEBUG  ]  Ignoring file as matched an ignore pattern: MCW_CT_ROA_226_R1_trim.fastq.gz
[2025-07-02 12:35:50,892] multiqc                                            [DEBUG  ]  Ignoring file as matched an ignore pattern: MCW_CT_ROA_135_R1_trim.fastq.gz
[2025-07-02 12:35:50,892] multiqc                                            [DEBUG  ]  Ignoring file as matched an ignore pattern: MCW_CT_ROA_135_R1_trim_fastqc.html
[2025-07-02 12:35:50,892] multiqc                                            [DEBUG  ]  Ignoring file as matched an ignore pattern: MCW_CT_ROA_135_R2_trim_fastqc.html
[2025-07-02 12:35:50,893] multiqc                                            [DEBUG  ]  Ignoring file as matched an ignore pattern: MCW_CT_ROA_135_R2_trim.fastq.gz
[2025-07-02 12:35:50,893] multiqc                                            [DEBUG  ]  Ignoring file as matched an ignore pattern: MCW_CT_ROA_243_R2_trim.fastq.gz
[2025-07-02 12:35:50,893] multiqc                                            [DEBUG  ]  Ignoring file as matched an ignore pattern: MCW_CT_ROA_243_R1_trim.fastq.gz
[2025-07-02 12:35:50,893] multiqc                                            [DEBUG  ]  Ignoring file as matched an ignore pattern: MCW_CT_ROA_243_R1_trim_fastqc.html
[2025-07-02 12:35:50,894] multiqc                                            [DEBUG  ]  Ignoring file as matched an ignore pattern: MCW_CT_ROA_243_R2_trim_fastqc.html
[2025-07-02 12:35:50,894] multiqc                                            [DEBUG  ]  Ignoring file as matched an ignore pattern: MCW_CT_ROA_199_R1_trim_fastqc.html
[2025-07-02 12:35:50,894] multiqc                                            [DEBUG  ]  Ignoring file as matched an ignore pattern: MCW_CT_ROA_199_R1_trim.fastq.gz
[2025-07-02 12:35:50,895] multiqc                                            [DEBUG  ]  Ignoring file as matched an ignore pattern: MCW_CT_ROA_199_R2_trim.fastq.gz
[2025-07-02 12:35:50,895] multiqc                                            [DEBUG  ]  Ignoring file as matched an ignore pattern: MCW_CT_ROA_199_R2_trim_fastqc.html
[2025-07-02 12:35:50,895] multiqc                                            [DEBUG  ]  Ignoring file as matched an ignore pattern: MCW_CT_ROA_208_R2_trim_fastqc.html
[2025-07-02 12:35:50,896] multiqc                                            [DEBUG  ]  Ignoring file as matched an ignore pattern: MCW_CT_ROA_208_R1_trim.fastq.gz
[2025-07-02 12:35:50,896] multiqc                                            [DEBUG  ]  Ignoring file as matched an ignore pattern: MCW_CT_ROA_208_R2_trim.fastq.gz
[2025-07-02 12:35:50,896] multiqc                                            [DEBUG  ]  Ignoring file as matched an ignore pattern: MCW_CT_ROA_208_R1_trim_fastqc.html
[2025-07-02 12:35:50,897] multiqc                                            [DEBUG  ]  Ignoring file as matched an ignore pattern: MCW_CT_ROA_116_R1_trim.fastq.gz
[2025-07-02 12:35:50,897] multiqc                                            [DEBUG  ]  Ignoring file as matched an ignore pattern: MCW_CT_ROA_116_R2_trim.fastq.gz
[2025-07-02 12:35:50,897] multiqc                                            [DEBUG  ]  Ignoring file as matched an ignore pattern: MCW_CT_ROA_116_R2_trim_fastqc.html
[2025-07-02 12:35:50,897] multiqc                                            [DEBUG  ]  Ignoring file as matched an ignore pattern: MCW_CT_ROA_116_R1_trim_fastqc.html
[2025-07-02 12:35:50,898] multiqc                                            [DEBUG  ]  Ignoring file as matched an ignore pattern: MCW_CT_ROA_156_R1_trim.fastq.gz
[2025-07-02 12:35:50,898] multiqc                                            [DEBUG  ]  Ignoring file as matched an ignore pattern: MCW_CT_ROA_156_R2_trim_fastqc.html
[2025-07-02 12:35:50,898] multiqc                                            [DEBUG  ]  Ignoring file as matched an ignore pattern: MCW_CT_ROA_156_R1_trim_fastqc.html
[2025-07-02 12:35:50,899] multiqc                                            [DEBUG  ]  Ignoring file as matched an ignore pattern: MCW_CT_ROA_156_R2_trim.fastq.gz
[2025-07-02 12:35:50,900] multiqc                                            [DEBUG  ]  Ignoring file as matched an ignore pattern: MCW_CT_ROA_78_R1_trim_fastqc.html
[2025-07-02 12:35:50,900] multiqc                                            [DEBUG  ]  Ignoring file as matched an ignore pattern: MCW_CT_ROA_78_R2_trim_fastqc.html
[2025-07-02 12:35:50,900] multiqc                                            [DEBUG  ]  Ignoring file as matched an ignore pattern: MCW_CT_ROA_78_R1_trim.fastq.gz
[2025-07-02 12:35:50,900] multiqc                                            [DEBUG  ]  Ignoring file as matched an ignore pattern: MCW_CT_ROA_78_R2_trim.fastq.gz
[2025-07-02 12:35:50,901] multiqc                                            [DEBUG  ]  Ignoring file as matched an ignore pattern: MCW_CT_ROA_221_R1_trim_fastqc.html
[2025-07-02 12:35:50,902] multiqc                                            [DEBUG  ]  Ignoring file as matched an ignore pattern: MCW_CT_ROA_221_R2_trim_fastqc.html
[2025-07-02 12:35:50,902] multiqc                                            [DEBUG  ]  Ignoring file as matched an ignore pattern: MCW_CT_ROA_221_R2_trim.fastq.gz
[2025-07-02 12:35:50,902] multiqc                                            [DEBUG  ]  Ignoring file as matched an ignore pattern: MCW_CT_ROA_221_R1_trim.fastq.gz
[2025-07-02 12:35:50,902] multiqc                                            [DEBUG  ]  Ignoring file as matched an ignore pattern: MCW_CT_ROA_102_R1_trim.fastq.gz
[2025-07-02 12:35:50,903] multiqc                                            [DEBUG  ]  Ignoring file as matched an ignore pattern: MCW_CT_ROA_102_R2_trim_fastqc.html
[2025-07-02 12:35:50,903] multiqc                                            [DEBUG  ]  Ignoring file as matched an ignore pattern: MCW_CT_ROA_102_R2_trim.fastq.gz
[2025-07-02 12:35:50,903] multiqc                                            [DEBUG  ]  Ignoring file as matched an ignore pattern: MCW_CT_ROA_102_R1_trim_fastqc.html
[2025-07-02 12:35:50,903] multiqc                                            [DEBUG  ]  Ignoring file as matched an ignore pattern: MCW_CT_ROA_214_R1_trim_fastqc.html
[2025-07-02 12:35:50,904] multiqc                                            [DEBUG  ]  Ignoring file as matched an ignore pattern: MCW_CT_ROA_214_R1_trim.fastq.gz
[2025-07-02 12:35:50,904] multiqc                                            [DEBUG  ]  Ignoring file as matched an ignore pattern: MCW_CT_ROA_214_R2_trim.fastq.gz
[2025-07-02 12:35:50,905] multiqc                                            [DEBUG  ]  Ignoring file as matched an ignore pattern: MCW_CT_ROA_214_R2_trim_fastqc.html
[2025-07-02 12:35:50,905] multiqc                                            [DEBUG  ]  Ignoring file as matched an ignore pattern: MCW_CT_ROA_184_R2_trim.fastq.gz
[2025-07-02 12:35:50,905] multiqc                                            [DEBUG  ]  Ignoring file as matched an ignore pattern: MCW_CT_ROA_184_R1_trim.fastq.gz
[2025-07-02 12:35:50,905] multiqc                                            [DEBUG  ]  Ignoring file as matched an ignore pattern: MCW_CT_ROA_184_R1_trim_fastqc.html
[2025-07-02 12:35:50,906] multiqc                                            [DEBUG  ]  Ignoring file as matched an ignore pattern: MCW_CT_ROA_184_R2_trim_fastqc.html
[2025-07-02 12:35:50,906] multiqc                                            [DEBUG  ]  Ignoring file as matched an ignore pattern: MCW_CT_ROA_256_R1_trim_fastqc.html
[2025-07-02 12:35:50,906] multiqc                                            [DEBUG  ]  Ignoring file as matched an ignore pattern: MCW_CT_ROA_256_R1_trim.fastq.gz
[2025-07-02 12:35:50,907] multiqc                                            [DEBUG  ]  Ignoring file as matched an ignore pattern: MCW_CT_ROA_256_R2_trim.fastq.gz
[2025-07-02 12:35:50,907] multiqc                                            [DEBUG  ]  Ignoring file as matched an ignore pattern: MCW_CT_ROA_256_R2_trim_fastqc.html
[2025-07-02 12:35:50,908] multiqc                                            [DEBUG  ]  Ignoring file as matched an ignore pattern: MCW_CT_ROA_141_R1_trim_fastqc.html
[2025-07-02 12:35:50,908] multiqc                                            [DEBUG  ]  Ignoring file as matched an ignore pattern: MCW_CT_ROA_141_R2_trim.fastq.gz
[2025-07-02 12:35:50,908] multiqc                                            [DEBUG  ]  Ignoring file as matched an ignore pattern: MCW_CT_ROA_141_R2_trim_fastqc.html
[2025-07-02 12:35:50,908] multiqc                                            [DEBUG  ]  Ignoring file as matched an ignore pattern: MCW_CT_ROA_141_R1_trim.fastq.gz
[2025-07-02 12:35:50,909] multiqc                                            [DEBUG  ]  Ignoring file as matched an ignore pattern: MCW_CT_ROA_253_R2_trim_fastqc.html
[2025-07-02 12:35:50,909] multiqc                                            [DEBUG  ]  Ignoring file as matched an ignore pattern: MCW_CT_ROA_253_R1_trim.fastq.gz
[2025-07-02 12:35:50,909] multiqc                                            [DEBUG  ]  Ignoring file as matched an ignore pattern: MCW_CT_ROA_253_R1_trim_fastqc.html
[2025-07-02 12:35:50,910] multiqc                                            [DEBUG  ]  Ignoring file as matched an ignore pattern: MCW_CT_ROA_253_R2_trim.fastq.gz
[2025-07-02 12:35:50,910] multiqc                                            [DEBUG  ]  Ignoring file as matched an ignore pattern: MCW_CT_ROA_225_R1_trim.fastq.gz
[2025-07-02 12:35:50,911] multiqc                                            [DEBUG  ]  Ignoring file as matched an ignore pattern: MCW_CT_ROA_225_R2_trim.fastq.gz
[2025-07-02 12:35:50,911] multiqc                                            [DEBUG  ]  Ignoring file as matched an ignore pattern: MCW_CT_ROA_225_R2_trim_fastqc.html
[2025-07-02 12:35:50,911] multiqc                                            [DEBUG  ]  Ignoring file as matched an ignore pattern: MCW_CT_ROA_225_R1_trim_fastqc.html
[2025-07-02 12:35:50,912] multiqc                                            [DEBUG  ]  Ignoring file as matched an ignore pattern: MCW_CT_ROA_215_R1_trim_fastqc.html
[2025-07-02 12:35:50,912] multiqc                                            [DEBUG  ]  Ignoring file as matched an ignore pattern: MCW_CT_ROA_215_R1_trim.fastq.gz
[2025-07-02 12:35:50,912] multiqc                                            [DEBUG  ]  Ignoring file as matched an ignore pattern: MCW_CT_ROA_215_R2_trim.fastq.gz
[2025-07-02 12:35:50,912] multiqc                                            [DEBUG  ]  Ignoring file as matched an ignore pattern: MCW_CT_ROA_215_R2_trim_fastqc.html
[2025-07-02 12:35:50,913] multiqc                                            [DEBUG  ]  Ignoring file as matched an ignore pattern: MCW_CT_ROA_123_R2_trim.fastq.gz
[2025-07-02 12:35:50,913] multiqc                                            [DEBUG  ]  Ignoring file as matched an ignore pattern: MCW_CT_ROA_123_R1_trim.fastq.gz
[2025-07-02 12:35:50,913] multiqc                                            [DEBUG  ]  Ignoring file as matched an ignore pattern: MCW_CT_ROA_123_R1_trim_fastqc.html
[2025-07-02 12:35:50,913] multiqc                                            [DEBUG  ]  Ignoring file as matched an ignore pattern: MCW_CT_ROA_123_R2_trim_fastqc.html
[2025-07-02 12:35:50,914] multiqc                                            [DEBUG  ]  Ignoring file as matched an ignore pattern: MCW_CT_ROA_114_R1_trim.fastq.gz
[2025-07-02 12:35:50,914] multiqc                                            [DEBUG  ]  Ignoring file as matched an ignore pattern: MCW_CT_ROA_114_R2_trim.fastq.gz
[2025-07-02 12:35:50,915] multiqc                                            [DEBUG  ]  Ignoring file as matched an ignore pattern: MCW_CT_ROA_114_R2_trim_fastqc.html
[2025-07-02 12:35:50,915] multiqc                                            [DEBUG  ]  Ignoring file as matched an ignore pattern: MCW_CT_ROA_114_R1_trim_fastqc.html
[2025-07-02 12:35:50,915] multiqc                                            [DEBUG  ]  Ignoring file as matched an ignore pattern: MCW_CT_ROA_158_R2_trim.fastq.gz
[2025-07-02 12:35:50,916] multiqc                                            [DEBUG  ]  Ignoring file as matched an ignore pattern: MCW_CT_ROA_158_R1_trim_fastqc.html
[2025-07-02 12:35:50,916] multiqc                                            [DEBUG  ]  Ignoring file as matched an ignore pattern: MCW_CT_ROA_158_R2_trim_fastqc.html
[2025-07-02 12:35:50,916] multiqc                                            [DEBUG  ]  Ignoring file as matched an ignore pattern: MCW_CT_ROA_158_R1_trim.fastq.gz
[2025-07-02 12:35:50,917] multiqc                                            [DEBUG  ]  Ignoring file as matched an ignore pattern: MCW_CT_ROA_100_R1_trim_fastqc.html
[2025-07-02 12:35:50,917] multiqc                                            [DEBUG  ]  Ignoring file as matched an ignore pattern: MCW_CT_ROA_100_R1_trim.fastq.gz
[2025-07-02 12:35:50,917] multiqc                                            [DEBUG  ]  Ignoring file as matched an ignore pattern: MCW_CT_ROA_100_R2_trim.fastq.gz
[2025-07-02 12:35:50,917] multiqc                                            [DEBUG  ]  Ignoring file as matched an ignore pattern: MCW_CT_ROA_100_R2_trim_fastqc.html
[2025-07-02 12:35:50,918] multiqc                                            [DEBUG  ]  Ignoring file as matched an ignore pattern: MCW_CT_ROA_192_R1_trim.fastq.gz
[2025-07-02 12:35:50,918] multiqc                                            [DEBUG  ]  Ignoring file as matched an ignore pattern: MCW_CT_ROA_192_R2_trim_fastqc.html
[2025-07-02 12:35:50,918] multiqc                                            [DEBUG  ]  Ignoring file as matched an ignore pattern: MCW_CT_ROA_192_R2_trim.fastq.gz
[2025-07-02 12:35:50,918] multiqc                                            [DEBUG  ]  Ignoring file as matched an ignore pattern: MCW_CT_ROA_192_R1_trim_fastqc.html
[2025-07-02 12:35:50,919] multiqc                                            [DEBUG  ]  Ignoring file as matched an ignore pattern: MCW_CT_ROA_175_R2_trim.fastq.gz
[2025-07-02 12:35:50,919] multiqc                                            [DEBUG  ]  Ignoring file as matched an ignore pattern: MCW_CT_ROA_175_R1_trim_fastqc.html
[2025-07-02 12:35:50,919] multiqc                                            [DEBUG  ]  Ignoring file as matched an ignore pattern: MCW_CT_ROA_175_R2_trim_fastqc.html
[2025-07-02 12:35:50,919] multiqc                                            [DEBUG  ]  Ignoring file as matched an ignore pattern: MCW_CT_ROA_175_R1_trim.fastq.gz
[2025-07-02 12:35:50,921] multiqc                                            [DEBUG  ]  Ignoring file as matched an ignore pattern: MCW_CT_ROA_115_R1_trim_fastqc.html
[2025-07-02 12:35:50,921] multiqc                                            [DEBUG  ]  Ignoring file as matched an ignore pattern: MCW_CT_ROA_115_R2_trim_fastqc.html
[2025-07-02 12:35:50,921] multiqc                                            [DEBUG  ]  Ignoring file as matched an ignore pattern: MCW_CT_ROA_115_R1_trim.fastq.gz
[2025-07-02 12:35:50,921] multiqc                                            [DEBUG  ]  Ignoring file as matched an ignore pattern: MCW_CT_ROA_115_R2_trim.fastq.gz
[2025-07-02 12:35:50,921] multiqc                                            [DEBUG  ]  Ignoring file as matched an ignore pattern: MCW_CT_ROA_151_R1_trim_fastqc.html
[2025-07-02 12:35:50,922] multiqc                                            [DEBUG  ]  Ignoring file as matched an ignore pattern: MCW_CT_ROA_151_R2_trim_fastqc.html
[2025-07-02 12:35:50,922] multiqc                                            [DEBUG  ]  Ignoring file as matched an ignore pattern: MCW_CT_ROA_151_R2_trim.fastq.gz
[2025-07-02 12:35:50,922] multiqc                                            [DEBUG  ]  Ignoring file as matched an ignore pattern: MCW_CT_ROA_151_R1_trim.fastq.gz
[2025-07-02 12:35:50,923] multiqc                                            [DEBUG  ]  Ignoring file as matched an ignore pattern: MCW_CT_ROA_236_R1_trim.fastq.gz
[2025-07-02 12:35:50,923] multiqc                                            [DEBUG  ]  Ignoring file as matched an ignore pattern: MCW_CT_ROA_236_R1_trim_fastqc.html
[2025-07-02 12:35:50,923] multiqc                                            [DEBUG  ]  Ignoring file as matched an ignore pattern: MCW_CT_ROA_236_R2_trim_fastqc.html
[2025-07-02 12:35:50,923] multiqc                                            [DEBUG  ]  Ignoring file as matched an ignore pattern: MCW_CT_ROA_236_R2_trim.fastq.gz
[2025-07-02 12:35:50,924] multiqc                                            [DEBUG  ]  Ignoring file as matched an ignore pattern: MCW_CT_ROA_166_R1_trim_fastqc.html
[2025-07-02 12:35:50,924] multiqc                                            [DEBUG  ]  Ignoring file as matched an ignore pattern: MCW_CT_ROA_166_R2_trim_fastqc.html
[2025-07-02 12:35:50,924] multiqc                                            [DEBUG  ]  Ignoring file as matched an ignore pattern: MCW_CT_ROA_166_R1_trim.fastq.gz
[2025-07-02 12:35:50,925] multiqc                                            [DEBUG  ]  Ignoring file as matched an ignore pattern: MCW_CT_ROA_166_R2_trim.fastq.gz
[2025-07-02 12:35:50,925] multiqc                                            [DEBUG  ]  Ignoring file as matched an ignore pattern: MCW_CT_ROA_101_R1_trim.fastq.gz
[2025-07-02 12:35:50,926] multiqc                                            [DEBUG  ]  Ignoring file as matched an ignore pattern: MCW_CT_ROA_101_R2_trim_fastqc.html
[2025-07-02 12:35:50,926] multiqc                                            [DEBUG  ]  Ignoring file as matched an ignore pattern: MCW_CT_ROA_101_R1_trim_fastqc.html
[2025-07-02 12:35:50,926] multiqc                                            [DEBUG  ]  Ignoring file as matched an ignore pattern: MCW_CT_ROA_101_R2_trim.fastq.gz
[2025-07-02 12:35:50,926] multiqc                                            [DEBUG  ]  Ignoring file as matched an ignore pattern: MCW_CT_ROA_140_R2_trim_fastqc.html
[2025-07-02 12:35:50,926] multiqc                                            [DEBUG  ]  Ignoring file as matched an ignore pattern: MCW_CT_ROA_140_R1_trim_fastqc.html
[2025-07-02 12:35:50,926] multiqc                                            [DEBUG  ]  Ignoring file as matched an ignore pattern: MCW_CT_ROA_140_R2_trim.fastq.gz
[2025-07-02 12:35:50,927] multiqc                                            [DEBUG  ]  Ignoring file as matched an ignore pattern: MCW_CT_ROA_140_R1_trim.fastq.gz
[2025-07-02 12:35:50,927] multiqc                                            [DEBUG  ]  Ignoring file as matched an ignore pattern: MCW_CT_ROA_154_R1_trim.fastq.gz
[2025-07-02 12:35:50,927] multiqc                                            [DEBUG  ]  Ignoring file as matched an ignore pattern: MCW_CT_ROA_154_R2_trim.fastq.gz
[2025-07-02 12:35:50,928] multiqc                                            [DEBUG  ]  Ignoring file as matched an ignore pattern: MCW_CT_ROA_154_R1_trim_fastqc.html
[2025-07-02 12:35:50,928] multiqc                                            [DEBUG  ]  Ignoring file as matched an ignore pattern: MCW_CT_ROA_154_R2_trim_fastqc.html
[2025-07-02 12:35:50,929] multiqc                                            [DEBUG  ]  Ignoring file as matched an ignore pattern: MCW_CT_ROA_149_R1_trim.fastq.gz
[2025-07-02 12:35:50,929] multiqc                                            [DEBUG  ]  Ignoring file as matched an ignore pattern: MCW_CT_ROA_149_R2_trim.fastq.gz
[2025-07-02 12:35:50,929] multiqc                                            [DEBUG  ]  Ignoring file as matched an ignore pattern: MCW_CT_ROA_149_R2_trim_fastqc.html
[2025-07-02 12:35:50,929] multiqc                                            [DEBUG  ]  Ignoring file as matched an ignore pattern: MCW_CT_ROA_149_R1_trim_fastqc.html
[2025-07-02 12:35:50,930] multiqc                                            [DEBUG  ]  Ignoring file as matched an ignore pattern: MCW_CT_ROA_169_R2_trim_fastqc.html
[2025-07-02 12:35:50,930] multiqc                                            [DEBUG  ]  Ignoring file as matched an ignore pattern: MCW_CT_ROA_169_R2_trim.fastq.gz
[2025-07-02 12:35:50,930] multiqc                                            [DEBUG  ]  Ignoring file as matched an ignore pattern: MCW_CT_ROA_169_R1_trim_fastqc.html
[2025-07-02 12:35:50,931] multiqc                                            [DEBUG  ]  Ignoring file as matched an ignore pattern: MCW_CT_ROA_169_R1_trim.fastq.gz
[2025-07-02 12:35:50,931] multiqc                                            [DEBUG  ]  Ignoring file as matched an ignore pattern: MCW_CT_ROA_148_R2_trim_fastqc.html
[2025-07-02 12:35:50,931] multiqc                                            [DEBUG  ]  Ignoring file as matched an ignore pattern: MCW_CT_ROA_148_R1_trim_fastqc.html
[2025-07-02 12:35:50,931] multiqc                                            [DEBUG  ]  Ignoring file as matched an ignore pattern: MCW_CT_ROA_148_R1_trim.fastq.gz
[2025-07-02 12:35:50,932] multiqc                                            [DEBUG  ]  Ignoring file as matched an ignore pattern: MCW_CT_ROA_148_R2_trim.fastq.gz
[2025-07-02 12:35:50,932] multiqc                                            [DEBUG  ]  Ignoring file as matched an ignore pattern: MCW_CT_ROA_163_R1_trim.fastq.gz
[2025-07-02 12:35:50,933] multiqc                                            [DEBUG  ]  Ignoring file as matched an ignore pattern: MCW_CT_ROA_163_R2_trim.fastq.gz
[2025-07-02 12:35:50,933] multiqc                                            [DEBUG  ]  Ignoring file as matched an ignore pattern: MCW_CT_ROA_163_R2_trim_fastqc.html
[2025-07-02 12:35:50,933] multiqc                                            [DEBUG  ]  Ignoring file as matched an ignore pattern: MCW_CT_ROA_163_R1_trim_fastqc.html
[2025-07-02 12:35:50,934] multiqc                                            [DEBUG  ]  Ignoring file as matched an ignore pattern: MCW_CT_ROA_126_R2_trim_fastqc.html
[2025-07-02 12:35:50,934] multiqc                                            [DEBUG  ]  Ignoring file as matched an ignore pattern: MCW_CT_ROA_126_R1_trim_fastqc.html
[2025-07-02 12:35:50,934] multiqc                                            [DEBUG  ]  Ignoring file as matched an ignore pattern: MCW_CT_ROA_126_R1_trim.fastq.gz
[2025-07-02 12:35:50,934] multiqc                                            [DEBUG  ]  Ignoring file as matched an ignore pattern: MCW_CT_ROA_126_R2_trim.fastq.gz
[2025-07-02 12:35:50,935] multiqc                                            [DEBUG  ]  Ignoring file as matched an ignore pattern: MCW_CT_ROA_177_R1_trim_fastqc.html
[2025-07-02 12:35:50,935] multiqc                                            [DEBUG  ]  Ignoring file as matched an ignore pattern: MCW_CT_ROA_177_R2_trim_fastqc.html
[2025-07-02 12:35:50,935] multiqc                                            [DEBUG  ]  Ignoring file as matched an ignore pattern: MCW_CT_ROA_177_R1_trim.fastq.gz
[2025-07-02 12:35:50,936] multiqc                                            [DEBUG  ]  Ignoring file as matched an ignore pattern: MCW_CT_ROA_177_R2_trim.fastq.gz
[2025-07-02 12:35:50,936] multiqc                                            [DEBUG  ]  Ignoring file as matched an ignore pattern: MCW_CT_ROA_201_R2_trim_fastqc.html
[2025-07-02 12:35:50,936] multiqc                                            [DEBUG  ]  Ignoring file as matched an ignore pattern: MCW_CT_ROA_201_R1_trim.fastq.gz
[2025-07-02 12:35:50,936] multiqc                                            [DEBUG  ]  Ignoring file as matched an ignore pattern: MCW_CT_ROA_201_R1_trim_fastqc.html
[2025-07-02 12:35:50,937] multiqc                                            [DEBUG  ]  Ignoring file as matched an ignore pattern: MCW_CT_ROA_201_R2_trim.fastq.gz
[2025-07-02 12:35:50,937] multiqc                                            [DEBUG  ]  Ignoring file as matched an ignore pattern: MCW_CT_ROA_252_R2_trim.fastq.gz
[2025-07-02 12:35:50,937] multiqc                                            [DEBUG  ]  Ignoring file as matched an ignore pattern: MCW_CT_ROA_252_R1_trim_fastqc.html
[2025-07-02 12:35:50,938] multiqc                                            [DEBUG  ]  Ignoring file as matched an ignore pattern: MCW_CT_ROA_252_R2_trim_fastqc.html
[2025-07-02 12:35:50,938] multiqc                                            [DEBUG  ]  Ignoring file as matched an ignore pattern: MCW_CT_ROA_252_R1_trim.fastq.gz
[2025-07-02 12:35:50,938] multiqc                                            [DEBUG  ]  Ignoring file as matched an ignore pattern: MCW_CT_ROA_150_R1_trim.fastq.gz
[2025-07-02 12:35:50,939] multiqc                                            [DEBUG  ]  Ignoring file as matched an ignore pattern: MCW_CT_ROA_150_R1_trim_fastqc.html
[2025-07-02 12:35:50,939] multiqc                                            [DEBUG  ]  Ignoring file as matched an ignore pattern: MCW_CT_ROA_150_R2_trim_fastqc.html
[2025-07-02 12:35:50,939] multiqc                                            [DEBUG  ]  Ignoring file as matched an ignore pattern: MCW_CT_ROA_150_R2_trim.fastq.gz
[2025-07-02 12:35:50,940] multiqc                                            [DEBUG  ]  Ignoring file as matched an ignore pattern: MCW_CT_ROA_103_R2_trim_fastqc.html
[2025-07-02 12:35:50,940] multiqc                                            [DEBUG  ]  Ignoring file as matched an ignore pattern: MCW_CT_ROA_103_R1_trim.fastq.gz
[2025-07-02 12:35:50,940] multiqc                                            [DEBUG  ]  Ignoring file as matched an ignore pattern: MCW_CT_ROA_103_R2_trim.fastq.gz
[2025-07-02 12:35:50,940] multiqc                                            [DEBUG  ]  Ignoring file as matched an ignore pattern: MCW_CT_ROA_103_R1_trim_fastqc.html
[2025-07-02 12:35:50,941] multiqc                                            [DEBUG  ]  Ignoring file as matched an ignore pattern: MCW_CT_ROA_202_R2_trim_fastqc.html
[2025-07-02 12:35:50,941] multiqc                                            [DEBUG  ]  Ignoring file as matched an ignore pattern: MCW_CT_ROA_202_R1_trim_fastqc.html
[2025-07-02 12:35:50,942] multiqc                                            [DEBUG  ]  Ignoring file as matched an ignore pattern: MCW_CT_ROA_202_R2_trim.fastq.gz
[2025-07-02 12:35:50,942] multiqc                                            [DEBUG  ]  Ignoring file as matched an ignore pattern: MCW_CT_ROA_202_R1_trim.fastq.gz
[2025-07-02 12:35:50,942] multiqc                                            [DEBUG  ]  Ignoring file as matched an ignore pattern: MCW_CT_ROA_113_R1_trim_fastqc.html
[2025-07-02 12:35:50,943] multiqc                                            [DEBUG  ]  Ignoring file as matched an ignore pattern: MCW_CT_ROA_113_R2_trim_fastqc.html
[2025-07-02 12:35:50,943] multiqc                                            [DEBUG  ]  Ignoring file as matched an ignore pattern: MCW_CT_ROA_113_R1_trim.fastq.gz
[2025-07-02 12:35:50,943] multiqc                                            [DEBUG  ]  Ignoring file as matched an ignore pattern: MCW_CT_ROA_113_R2_trim.fastq.gz
[2025-07-02 12:35:50,943] multiqc                                            [DEBUG  ]  Ignoring file as matched an ignore pattern: MCW_CT_ROA_227_R2_trim_fastqc.html
[2025-07-02 12:35:50,943] multiqc                                            [DEBUG  ]  Ignoring file as matched an ignore pattern: MCW_CT_ROA_227_R1_trim.fastq.gz
[2025-07-02 12:35:50,944] multiqc                                            [DEBUG  ]  Ignoring file as matched an ignore pattern: MCW_CT_ROA_227_R2_trim.fastq.gz
[2025-07-02 12:35:50,944] multiqc                                            [DEBUG  ]  Ignoring file as matched an ignore pattern: MCW_CT_ROA_227_R1_trim_fastqc.html
[2025-07-02 12:35:50,945] multiqc                                            [DEBUG  ]  Ignoring file as matched an ignore pattern: MCW_CT_ROA_80_R1_trim_fastqc.html
[2025-07-02 12:35:50,945] multiqc                                            [DEBUG  ]  Ignoring file as matched an ignore pattern: MCW_CT_ROA_80_R2_trim.fastq.gz
[2025-07-02 12:35:50,946] multiqc                                            [DEBUG  ]  Ignoring file as matched an ignore pattern: MCW_CT_ROA_80_R2_trim_fastqc.html
[2025-07-02 12:35:50,946] multiqc                                            [DEBUG  ]  Ignoring file as matched an ignore pattern: MCW_CT_ROA_80_R1_trim.fastq.gz
[2025-07-02 12:35:50,947] multiqc                                            [DEBUG  ]  Ignoring file as matched an ignore pattern: MCW_CT_ROA_111_R1_trim_fastqc.html
[2025-07-02 12:35:50,947] multiqc                                            [DEBUG  ]  Ignoring file as matched an ignore pattern: MCW_CT_ROA_111_R2_trim.fastq.gz
[2025-07-02 12:35:50,947] multiqc                                            [DEBUG  ]  Ignoring file as matched an ignore pattern: MCW_CT_ROA_111_R1_trim.fastq.gz
[2025-07-02 12:35:50,947] multiqc                                            [DEBUG  ]  Ignoring file as matched an ignore pattern: MCW_CT_ROA_111_R2_trim_fastqc.html
[2025-07-02 12:35:50,948] multiqc                                            [DEBUG  ]  Ignoring file as matched an ignore pattern: MCW_CT_ROA_124_R2_trim.fastq.gz
[2025-07-02 12:35:50,948] multiqc                                            [DEBUG  ]  Ignoring file as matched an ignore pattern: MCW_CT_ROA_124_R1_trim_fastqc.html
[2025-07-02 12:35:50,948] multiqc                                            [DEBUG  ]  Ignoring file as matched an ignore pattern: MCW_CT_ROA_124_R1_trim.fastq.gz
[2025-07-02 12:35:50,948] multiqc                                            [DEBUG  ]  Ignoring file as matched an ignore pattern: MCW_CT_ROA_124_R2_trim_fastqc.html
[2025-07-02 12:35:50,949] multiqc                                            [DEBUG  ]  Ignoring file as matched an ignore pattern: MCW_CT_ROA_132_R2_trim_fastqc.html
[2025-07-02 12:35:50,949] multiqc                                            [DEBUG  ]  Ignoring file as matched an ignore pattern: MCW_CT_ROA_132_R1_trim_fastqc.html
[2025-07-02 12:35:50,949] multiqc                                            [DEBUG  ]  Ignoring file as matched an ignore pattern: MCW_CT_ROA_132_R1_trim.fastq.gz
[2025-07-02 12:35:50,950] multiqc                                            [DEBUG  ]  Ignoring file as matched an ignore pattern: MCW_CT_ROA_132_R2_trim.fastq.gz
[2025-07-02 12:35:50,950] multiqc                                            [DEBUG  ]  Ignoring file as matched an ignore pattern: MCW_CT_ROA_246_R2_trim_fastqc.html
[2025-07-02 12:35:50,951] multiqc                                            [DEBUG  ]  Ignoring file as matched an ignore pattern: MCW_CT_ROA_246_R1_trim.fastq.gz
[2025-07-02 12:35:50,951] multiqc                                            [DEBUG  ]  Ignoring file as matched an ignore pattern: MCW_CT_ROA_246_R2_trim.fastq.gz
[2025-07-02 12:35:50,951] multiqc                                            [DEBUG  ]  Ignoring file as matched an ignore pattern: MCW_CT_ROA_246_R1_trim_fastqc.html
[2025-07-02 12:35:50,952] multiqc                                            [DEBUG  ]  Ignoring file as matched an ignore pattern: MCW_CT_ROA_220_R2_trim.fastq.gz
[2025-07-02 12:35:50,952] multiqc                                            [DEBUG  ]  Ignoring file as matched an ignore pattern: MCW_CT_ROA_220_R1_trim.fastq.gz
[2025-07-02 12:35:50,952] multiqc                                            [DEBUG  ]  Ignoring file as matched an ignore pattern: MCW_CT_ROA_220_R2_trim_fastqc.html
[2025-07-02 12:35:50,952] multiqc                                            [DEBUG  ]  Ignoring file as matched an ignore pattern: MCW_CT_ROA_220_R1_trim_fastqc.html
[2025-07-02 12:35:50,952] multiqc                                            [DEBUG  ]  Ignoring file as matched an ignore pattern: MCW_CT_ROA_222_R2_trim.fastq.gz
[2025-07-02 12:35:50,952] multiqc                                            [DEBUG  ]  Ignoring file as matched an ignore pattern: MCW_CT_ROA_222_R2_trim_fastqc.html
[2025-07-02 12:35:50,953] multiqc                                            [DEBUG  ]  Ignoring file as matched an ignore pattern: MCW_CT_ROA_222_R1_trim_fastqc.html
[2025-07-02 12:35:50,953] multiqc                                            [DEBUG  ]  Ignoring file as matched an ignore pattern: MCW_CT_ROA_222_R1_trim.fastq.gz
[2025-07-02 12:35:50,953] multiqc                                            [DEBUG  ]  Ignoring file as matched an ignore pattern: MCW_CT_ROA_250_R1_trim_fastqc.html
[2025-07-02 12:35:50,954] multiqc                                            [DEBUG  ]  Ignoring file as matched an ignore pattern: MCW_CT_ROA_250_R1_trim.fastq.gz
[2025-07-02 12:35:50,954] multiqc                                            [DEBUG  ]  Ignoring file as matched an ignore pattern: MCW_CT_ROA_250_R2_trim_fastqc.html
[2025-07-02 12:35:50,954] multiqc                                            [DEBUG  ]  Ignoring file as matched an ignore pattern: MCW_CT_ROA_250_R2_trim.fastq.gz
[2025-07-02 12:35:50,955] multiqc                                            [DEBUG  ]  Ignoring file as matched an ignore pattern: MCW_CT_ROA_165_R2_trim_fastqc.html
[2025-07-02 12:35:50,955] multiqc                                            [DEBUG  ]  Ignoring file as matched an ignore pattern: MCW_CT_ROA_165_R1_trim.fastq.gz
[2025-07-02 12:35:50,955] multiqc                                            [DEBUG  ]  Ignoring file as matched an ignore pattern: MCW_CT_ROA_165_R1_trim_fastqc.html
[2025-07-02 12:35:50,955] multiqc                                            [DEBUG  ]  Ignoring file as matched an ignore pattern: MCW_CT_ROA_165_R2_trim.fastq.gz
[2025-07-02 12:35:50,955] multiqc                                            [DEBUG  ]  Ignoring file as matched an ignore pattern: MCW_CT_ROA_195_R2_trim_fastqc.html
[2025-07-02 12:35:50,956] multiqc                                            [DEBUG  ]  Ignoring file as matched an ignore pattern: MCW_CT_ROA_195_R1_trim.fastq.gz
[2025-07-02 12:35:50,956] multiqc                                            [DEBUG  ]  Ignoring file as matched an ignore pattern: MCW_CT_ROA_195_R2_trim.fastq.gz
[2025-07-02 12:35:50,956] multiqc                                            [DEBUG  ]  Ignoring file as matched an ignore pattern: MCW_CT_ROA_195_R1_trim_fastqc.html
[2025-07-02 12:35:50,957] multiqc                                            [DEBUG  ]  Ignoring file as matched an ignore pattern: MCW_CT_ROA_142_R2_trim.fastq.gz
[2025-07-02 12:35:50,957] multiqc                                            [DEBUG  ]  Ignoring file as matched an ignore pattern: MCW_CT_ROA_142_R2_trim_fastqc.html
[2025-07-02 12:35:50,957] multiqc                                            [DEBUG  ]  Ignoring file as matched an ignore pattern: MCW_CT_ROA_142_R1_trim.fastq.gz
[2025-07-02 12:35:50,958] multiqc                                            [DEBUG  ]  Ignoring file as matched an ignore pattern: MCW_CT_ROA_142_R1_trim_fastqc.html
[2025-07-02 12:35:50,958] multiqc                                            [DEBUG  ]  Ignoring file as matched an ignore pattern: MCW_CT_ROA_213_R2_trim.fastq.gz
[2025-07-02 12:35:50,959] multiqc                                            [DEBUG  ]  Ignoring file as matched an ignore pattern: MCW_CT_ROA_213_R1_trim.fastq.gz
[2025-07-02 12:35:50,959] multiqc                                            [DEBUG  ]  Ignoring file as matched an ignore pattern: MCW_CT_ROA_213_R2_trim_fastqc.html
[2025-07-02 12:35:50,959] multiqc                                            [DEBUG  ]  Ignoring file as matched an ignore pattern: MCW_CT_ROA_213_R1_trim_fastqc.html
[2025-07-02 12:35:50,959] multiqc                                            [DEBUG  ]  Ignoring file as matched an ignore pattern: MCW_CT_ROA_107_R1_trim_fastqc.html
[2025-07-02 12:35:50,960] multiqc                                            [DEBUG  ]  Ignoring file as matched an ignore pattern: MCW_CT_ROA_107_R2_trim.fastq.gz
[2025-07-02 12:35:50,960] multiqc                                            [DEBUG  ]  Ignoring file as matched an ignore pattern: MCW_CT_ROA_107_R2_trim_fastqc.html
[2025-07-02 12:35:50,960] multiqc                                            [DEBUG  ]  Ignoring file as matched an ignore pattern: MCW_CT_ROA_107_R1_trim.fastq.gz
[2025-07-02 12:35:50,961] multiqc                                            [DEBUG  ]  Ignoring file as matched an ignore pattern: MCW_CT_ROA_95_R2_trim.fastq.gz
[2025-07-02 12:35:50,961] multiqc                                            [DEBUG  ]  Ignoring file as matched an ignore pattern: MCW_CT_ROA_95_R2_trim_fastqc.html
[2025-07-02 12:35:50,961] multiqc                                            [DEBUG  ]  Ignoring file as matched an ignore pattern: MCW_CT_ROA_95_R1_trim_fastqc.html
[2025-07-02 12:35:50,962] multiqc                                            [DEBUG  ]  Ignoring file as matched an ignore pattern: MCW_CT_ROA_95_R1_trim.fastq.gz
[2025-07-02 12:35:50,962] multiqc                                            [DEBUG  ]  Ignoring file as matched an ignore pattern: MCW_CT_ROA_173_R1_trim.fastq.gz
[2025-07-02 12:35:50,962] multiqc                                            [DEBUG  ]  Ignoring file as matched an ignore pattern: MCW_CT_ROA_173_R2_trim.fastq.gz
[2025-07-02 12:35:50,962] multiqc                                            [DEBUG  ]  Ignoring file as matched an ignore pattern: MCW_CT_ROA_173_R2_trim_fastqc.html
[2025-07-02 12:35:50,962] multiqc                                            [DEBUG  ]  Ignoring file as matched an ignore pattern: MCW_CT_ROA_173_R1_trim_fastqc.html
[2025-07-02 12:35:50,963] multiqc                                            [DEBUG  ]  Ignoring file as matched an ignore pattern: MCW_CT_ROA_185_R1_trim.fastq.gz
[2025-07-02 12:35:50,963] multiqc                                            [DEBUG  ]  Ignoring file as matched an ignore pattern: MCW_CT_ROA_185_R1_trim_fastqc.html
[2025-07-02 12:35:50,964] multiqc                                            [DEBUG  ]  Ignoring file as matched an ignore pattern: MCW_CT_ROA_185_R2_trim.fastq.gz
[2025-07-02 12:35:50,964] multiqc                                            [DEBUG  ]  Ignoring file as matched an ignore pattern: MCW_CT_ROA_185_R2_trim_fastqc.html
[2025-07-02 12:35:50,964] multiqc                                            [DEBUG  ]  Ignoring file as matched an ignore pattern: MCW_CT_ROA_120_R2_trim_fastqc.html
[2025-07-02 12:35:50,964] multiqc                                            [DEBUG  ]  Ignoring file as matched an ignore pattern: MCW_CT_ROA_120_R1_trim.fastq.gz
[2025-07-02 12:35:50,965] multiqc                                            [DEBUG  ]  Ignoring file as matched an ignore pattern: MCW_CT_ROA_120_R1_trim_fastqc.html
[2025-07-02 12:35:50,965] multiqc                                            [DEBUG  ]  Ignoring file as matched an ignore pattern: MCW_CT_ROA_120_R2_trim.fastq.gz
[2025-07-02 12:35:50,965] multiqc                                            [DEBUG  ]  Ignoring file as matched an ignore pattern: MCW_CT_ROA_125_R2_trim_fastqc.html
[2025-07-02 12:35:50,966] multiqc                                            [DEBUG  ]  Ignoring file as matched an ignore pattern: MCW_CT_ROA_125_R1_trim_fastqc.html
[2025-07-02 12:35:50,966] multiqc                                            [DEBUG  ]  Ignoring file as matched an ignore pattern: MCW_CT_ROA_125_R2_trim.fastq.gz
[2025-07-02 12:35:50,966] multiqc                                            [DEBUG  ]  Ignoring file as matched an ignore pattern: MCW_CT_ROA_125_R1_trim.fastq.gz
[2025-07-02 12:35:50,967] multiqc                                            [DEBUG  ]  Ignoring file as matched an ignore pattern: MCW_CT_ROA_206_R2_trim.fastq.gz
[2025-07-02 12:35:50,967] multiqc                                            [DEBUG  ]  Ignoring file as matched an ignore pattern: MCW_CT_ROA_206_R1_trim_fastqc.html
[2025-07-02 12:35:50,967] multiqc                                            [DEBUG  ]  Ignoring file as matched an ignore pattern: MCW_CT_ROA_206_R1_trim.fastq.gz
[2025-07-02 12:35:50,967] multiqc                                            [DEBUG  ]  Ignoring file as matched an ignore pattern: MCW_CT_ROA_206_R2_trim_fastqc.html
[2025-07-02 12:35:50,968] multiqc                                            [DEBUG  ]  Ignoring file as matched an ignore pattern: MCW_CT_ROA_189_R1_trim.fastq.gz
[2025-07-02 12:35:50,968] multiqc                                            [DEBUG  ]  Ignoring file as matched an ignore pattern: MCW_CT_ROA_189_R2_trim_fastqc.html
[2025-07-02 12:35:50,968] multiqc                                            [DEBUG  ]  Ignoring file as matched an ignore pattern: MCW_CT_ROA_189_R2_trim.fastq.gz
[2025-07-02 12:35:50,969] multiqc                                            [DEBUG  ]  Ignoring file as matched an ignore pattern: MCW_CT_ROA_189_R1_trim_fastqc.html
[2025-07-02 12:35:50,969] multiqc                                            [DEBUG  ]  Ignoring file as matched an ignore pattern: MCW_CT_ROA_211_R2_trim.fastq.gz
[2025-07-02 12:35:50,969] multiqc                                            [DEBUG  ]  Ignoring file as matched an ignore pattern: MCW_CT_ROA_211_R1_trim_fastqc.html
[2025-07-02 12:35:50,969] multiqc                                            [DEBUG  ]  Ignoring file as matched an ignore pattern: MCW_CT_ROA_211_R2_trim_fastqc.html
[2025-07-02 12:35:50,970] multiqc                                            [DEBUG  ]  Ignoring file as matched an ignore pattern: MCW_CT_ROA_211_R1_trim.fastq.gz
[2025-07-02 12:35:50,970] multiqc                                            [DEBUG  ]  Ignoring file as matched an ignore pattern: MCW_CT_ROA_209_R2_trim.fastq.gz
[2025-07-02 12:35:50,971] multiqc                                            [DEBUG  ]  Ignoring file as matched an ignore pattern: MCW_CT_ROA_209_R1_trim_fastqc.html
[2025-07-02 12:35:50,971] multiqc                                            [DEBUG  ]  Ignoring file as matched an ignore pattern: MCW_CT_ROA_209_R2_trim_fastqc.html
[2025-07-02 12:35:50,971] multiqc                                            [DEBUG  ]  Ignoring file as matched an ignore pattern: MCW_CT_ROA_209_R1_trim.fastq.gz
[2025-07-02 12:35:50,971] multiqc                                            [DEBUG  ]  Ignoring file as matched an ignore pattern: MCW_CT_ROA_232_R2_trim_fastqc.html
[2025-07-02 12:35:50,972] multiqc                                            [DEBUG  ]  Ignoring file as matched an ignore pattern: MCW_CT_ROA_232_R1_trim_fastqc.html
[2025-07-02 12:35:50,972] multiqc                                            [DEBUG  ]  Ignoring file as matched an ignore pattern: MCW_CT_ROA_232_R1_trim.fastq.gz
[2025-07-02 12:35:50,972] multiqc                                            [DEBUG  ]  Ignoring file as matched an ignore pattern: MCW_CT_ROA_232_R2_trim.fastq.gz
[2025-07-02 12:35:50,972] multiqc                                            [DEBUG  ]  Ignoring file as matched an ignore pattern: MCW_CT_ROA_240_R1_trim_fastqc.html
[2025-07-02 12:35:50,973] multiqc                                            [DEBUG  ]  Ignoring file as matched an ignore pattern: MCW_CT_ROA_240_R2_trim.fastq.gz
[2025-07-02 12:35:50,973] multiqc                                            [DEBUG  ]  Ignoring file as matched an ignore pattern: MCW_CT_ROA_240_R2_trim_fastqc.html
[2025-07-02 12:35:50,973] multiqc                                            [DEBUG  ]  Ignoring file as matched an ignore pattern: MCW_CT_ROA_240_R1_trim.fastq.gz
[2025-07-02 12:35:50,974] multiqc                                            [DEBUG  ]  Ignoring file as matched an ignore pattern: MCW_CT_ROA_89_R1_trim.fastq.gz
[2025-07-02 12:35:50,974] multiqc                                            [DEBUG  ]  Ignoring file as matched an ignore pattern: MCW_CT_ROA_89_R2_trim_fastqc.html
[2025-07-02 12:35:50,974] multiqc                                            [DEBUG  ]  Ignoring file as matched an ignore pattern: MCW_CT_ROA_89_R1_trim_fastqc.html
[2025-07-02 12:35:50,974] multiqc                                            [DEBUG  ]  Ignoring file as matched an ignore pattern: MCW_CT_ROA_89_R2_trim.fastq.gz
[2025-07-02 12:35:50,975] multiqc                                            [DEBUG  ]  Ignoring file as matched an ignore pattern: MCW_CT_ROA_234_R1_trim.fastq.gz
[2025-07-02 12:35:50,976] multiqc                                            [DEBUG  ]  Ignoring file as matched an ignore pattern: MCW_CT_ROA_234_R1_trim_fastqc.html
[2025-07-02 12:35:50,976] multiqc                                            [DEBUG  ]  Ignoring file as matched an ignore pattern: MCW_CT_ROA_234_R2_trim.fastq.gz
[2025-07-02 12:35:50,976] multiqc                                            [DEBUG  ]  Ignoring file as matched an ignore pattern: MCW_CT_ROA_234_R2_trim_fastqc.html
[2025-07-02 12:35:50,976] multiqc                                            [DEBUG  ]  Ignoring file as matched an ignore pattern: MCW_CT_ROA_118_R1_trim_fastqc.html
[2025-07-02 12:35:50,977] multiqc                                            [DEBUG  ]  Ignoring file as matched an ignore pattern: MCW_CT_ROA_118_R2_trim_fastqc.html
[2025-07-02 12:35:50,977] multiqc                                            [DEBUG  ]  Ignoring file as matched an ignore pattern: MCW_CT_ROA_118_R1_trim.fastq.gz
[2025-07-02 12:35:50,977] multiqc                                            [DEBUG  ]  Ignoring file as matched an ignore pattern: MCW_CT_ROA_118_R2_trim.fastq.gz
[2025-07-02 12:35:50,978] multiqc                                            [DEBUG  ]  Ignoring file as matched an ignore pattern: MCW_CT_ROA_239_R2_trim_fastqc.html
[2025-07-02 12:35:50,978] multiqc                                            [DEBUG  ]  Ignoring file as matched an ignore pattern: MCW_CT_ROA_239_R1_trim.fastq.gz
[2025-07-02 12:35:50,978] multiqc                                            [DEBUG  ]  Ignoring file as matched an ignore pattern: MCW_CT_ROA_239_R2_trim.fastq.gz
[2025-07-02 12:35:50,978] multiqc                                            [DEBUG  ]  Ignoring file as matched an ignore pattern: MCW_CT_ROA_239_R1_trim_fastqc.html
[2025-07-02 12:35:50,979] multiqc                                            [DEBUG  ]  Ignoring file as matched an ignore pattern: MCW_CT_ROA_233_R2_trim_fastqc.html
[2025-07-02 12:35:50,979] multiqc                                            [DEBUG  ]  Ignoring file as matched an ignore pattern: MCW_CT_ROA_233_R1_trim_fastqc.html
[2025-07-02 12:35:50,979] multiqc                                            [DEBUG  ]  Ignoring file as matched an ignore pattern: MCW_CT_ROA_233_R2_trim.fastq.gz
[2025-07-02 12:35:50,980] multiqc                                            [DEBUG  ]  Ignoring file as matched an ignore pattern: MCW_CT_ROA_233_R1_trim.fastq.gz
[2025-07-02 12:35:50,980] multiqc                                            [DEBUG  ]  Ignoring file as matched an ignore pattern: MCW_CT_ROA_255_R1_trim_fastqc.html
[2025-07-02 12:35:50,980] multiqc                                            [DEBUG  ]  Ignoring file as matched an ignore pattern: MCW_CT_ROA_255_R2_trim.fastq.gz
[2025-07-02 12:35:50,981] multiqc                                            [DEBUG  ]  Ignoring file as matched an ignore pattern: MCW_CT_ROA_255_R2_trim_fastqc.html
[2025-07-02 12:35:50,981] multiqc                                            [DEBUG  ]  Ignoring file as matched an ignore pattern: MCW_CT_ROA_255_R1_trim.fastq.gz
[2025-07-02 12:35:50,982] multiqc                                            [DEBUG  ]  Ignoring file as matched an ignore pattern: MCW_CT_ROA_204_R1_trim.fastq.gz
[2025-07-02 12:35:50,982] multiqc                                            [DEBUG  ]  Ignoring file as matched an ignore pattern: MCW_CT_ROA_204_R2_trim_fastqc.html
[2025-07-02 12:35:50,982] multiqc                                            [DEBUG  ]  Ignoring file as matched an ignore pattern: MCW_CT_ROA_204_R1_trim_fastqc.html
[2025-07-02 12:35:50,982] multiqc                                            [DEBUG  ]  Ignoring file as matched an ignore pattern: MCW_CT_ROA_204_R2_trim.fastq.gz
[2025-07-02 12:35:50,982] multiqc                                            [DEBUG  ]  Ignoring file as matched an ignore pattern: MCW_CT_ROA_219_R1_trim.fastq.gz
[2025-07-02 12:35:50,983] multiqc                                            [DEBUG  ]  Ignoring file as matched an ignore pattern: MCW_CT_ROA_219_R2_trim_fastqc.html
[2025-07-02 12:35:50,983] multiqc                                            [DEBUG  ]  Ignoring file as matched an ignore pattern: MCW_CT_ROA_219_R1_trim_fastqc.html
[2025-07-02 12:35:50,983] multiqc                                            [DEBUG  ]  Ignoring file as matched an ignore pattern: MCW_CT_ROA_219_R2_trim.fastq.gz
[2025-07-02 12:35:50,984] multiqc                                            [DEBUG  ]  Ignoring file as matched an ignore pattern: MCW_CT_ROA_79_R1_trim_fastqc.html
[2025-07-02 12:35:50,984] multiqc                                            [DEBUG  ]  Ignoring file as matched an ignore pattern: MCW_CT_ROA_79_R2_trim_fastqc.html
[2025-07-02 12:35:50,984] multiqc                                            [DEBUG  ]  Ignoring file as matched an ignore pattern: MCW_CT_ROA_79_R1_trim.fastq.gz
[2025-07-02 12:35:50,985] multiqc                                            [DEBUG  ]  Ignoring file as matched an ignore pattern: MCW_CT_ROA_79_R2_trim.fastq.gz
[2025-07-02 12:35:50,985] multiqc                                            [DEBUG  ]  Ignoring file as matched an ignore pattern: MCW_CT_ROA_180_R1_trim_fastqc.html
[2025-07-02 12:35:50,985] multiqc                                            [DEBUG  ]  Ignoring file as matched an ignore pattern: MCW_CT_ROA_180_R2_trim_fastqc.html
[2025-07-02 12:35:50,985] multiqc                                            [DEBUG  ]  Ignoring file as matched an ignore pattern: MCW_CT_ROA_180_R1_trim.fastq.gz
[2025-07-02 12:35:50,986] multiqc                                            [DEBUG  ]  Ignoring file as matched an ignore pattern: MCW_CT_ROA_180_R2_trim.fastq.gz
[2025-07-02 12:35:50,986] multiqc                                            [DEBUG  ]  Ignoring file as matched an ignore pattern: MCW_CT_ROA_254_R2_trim.fastq.gz
[2025-07-02 12:35:50,986] multiqc                                            [DEBUG  ]  Ignoring file as matched an ignore pattern: MCW_CT_ROA_254_R1_trim_fastqc.html
[2025-07-02 12:35:50,986] multiqc                                            [DEBUG  ]  Ignoring file as matched an ignore pattern: MCW_CT_ROA_254_R2_trim_fastqc.html
[2025-07-02 12:35:50,986] multiqc                                            [DEBUG  ]  Ignoring file as matched an ignore pattern: MCW_CT_ROA_254_R1_trim.fastq.gz
[2025-07-02 12:35:50,987] multiqc                                            [DEBUG  ]  Ignoring file as matched an ignore pattern: MCW_CT_ROA_84_R1_trim.fastq.gz
[2025-07-02 12:35:50,987] multiqc                                            [DEBUG  ]  Ignoring file as matched an ignore pattern: MCW_CT_ROA_84_R1_trim_fastqc.html
[2025-07-02 12:35:50,988] multiqc                                            [DEBUG  ]  Ignoring file as matched an ignore pattern: MCW_CT_ROA_84_R2_trim.fastq.gz
[2025-07-02 12:35:50,988] multiqc                                            [DEBUG  ]  Ignoring file as matched an ignore pattern: MCW_CT_ROA_84_R2_trim_fastqc.html
[2025-07-02 12:35:50,988] multiqc                                            [DEBUG  ]  Ignoring file as matched an ignore pattern: MCW_CT_ROA_153_R1_trim_fastqc.html
[2025-07-02 12:35:50,989] multiqc                                            [DEBUG  ]  Ignoring file as matched an ignore pattern: MCW_CT_ROA_153_R2_trim.fastq.gz
[2025-07-02 12:35:50,989] multiqc                                            [DEBUG  ]  Ignoring file as matched an ignore pattern: MCW_CT_ROA_153_R1_trim.fastq.gz
[2025-07-02 12:35:50,989] multiqc                                            [DEBUG  ]  Ignoring file as matched an ignore pattern: MCW_CT_ROA_153_R2_trim_fastqc.html
[2025-07-02 12:35:50,989] multiqc                                            [DEBUG  ]  Ignoring file as matched an ignore pattern: MCW_CT_ROA_138_R2_trim_fastqc.html
[2025-07-02 12:35:50,990] multiqc                                            [DEBUG  ]  Ignoring file as matched an ignore pattern: MCW_CT_ROA_138_R2_trim.fastq.gz
[2025-07-02 12:35:50,990] multiqc                                            [DEBUG  ]  Ignoring file as matched an ignore pattern: MCW_CT_ROA_138_R1_trim.fastq.gz
[2025-07-02 12:35:50,990] multiqc                                            [DEBUG  ]  Ignoring file as matched an ignore pattern: MCW_CT_ROA_138_R1_trim_fastqc.html
[2025-07-02 12:35:50,991] multiqc                                            [DEBUG  ]  Ignoring file as matched an ignore pattern: MCW_CT_ROA_224_R2_trim.fastq.gz
[2025-07-02 12:35:50,991] multiqc                                            [DEBUG  ]  Ignoring file as matched an ignore pattern: MCW_CT_ROA_224_R1_trim.fastq.gz
[2025-07-02 12:35:50,991] multiqc                                            [DEBUG  ]  Ignoring file as matched an ignore pattern: MCW_CT_ROA_224_R2_trim_fastqc.html
[2025-07-02 12:35:50,991] multiqc                                            [DEBUG  ]  Ignoring file as matched an ignore pattern: MCW_CT_ROA_224_R1_trim_fastqc.html
[2025-07-02 12:35:50,992] multiqc                                            [DEBUG  ]  Ignoring file as matched an ignore pattern: MCW_CT_ROA_83_R1_trim_fastqc.html
[2025-07-02 12:35:50,992] multiqc                                            [DEBUG  ]  Ignoring file as matched an ignore pattern: MCW_CT_ROA_83_R2_trim_fastqc.html
[2025-07-02 12:35:50,992] multiqc                                            [DEBUG  ]  Ignoring file as matched an ignore pattern: MCW_CT_ROA_83_R2_trim.fastq.gz
[2025-07-02 12:35:50,993] multiqc                                            [DEBUG  ]  Ignoring file as matched an ignore pattern: MCW_CT_ROA_83_R1_trim.fastq.gz
[2025-07-02 12:35:50,993] multiqc                                            [DEBUG  ]  Ignoring file as matched an ignore pattern: MCW_CT_ROA_237_R1_trim_fastqc.html
[2025-07-02 12:35:50,993] multiqc                                            [DEBUG  ]  Ignoring file as matched an ignore pattern: MCW_CT_ROA_237_R2_trim_fastqc.html
[2025-07-02 12:35:50,993] multiqc                                            [DEBUG  ]  Ignoring file as matched an ignore pattern: MCW_CT_ROA_237_R1_trim.fastq.gz
[2025-07-02 12:35:50,994] multiqc                                            [DEBUG  ]  Ignoring file as matched an ignore pattern: MCW_CT_ROA_237_R2_trim.fastq.gz
[2025-07-02 12:35:50,994] multiqc                                            [DEBUG  ]  Ignoring file as matched an ignore pattern: MCW_CT_ROA_193_R1_trim.fastq.gz
[2025-07-02 12:35:50,994] multiqc                                            [DEBUG  ]  Ignoring file as matched an ignore pattern: MCW_CT_ROA_193_R1_trim_fastqc.html
[2025-07-02 12:35:50,995] multiqc                                            [DEBUG  ]  Ignoring file as matched an ignore pattern: MCW_CT_ROA_193_R2_trim_fastqc.html
[2025-07-02 12:35:50,995] multiqc                                            [DEBUG  ]  Ignoring file as matched an ignore pattern: MCW_CT_ROA_193_R2_trim.fastq.gz
[2025-07-02 12:35:50,995] multiqc                                            [DEBUG  ]  Ignoring file as matched an ignore pattern: MCW_CT_ROA_144_R2_trim_fastqc.html
[2025-07-02 12:35:50,995] multiqc                                            [DEBUG  ]  Ignoring file as matched an ignore pattern: MCW_CT_ROA_144_R2_trim.fastq.gz
[2025-07-02 12:35:50,995] multiqc                                            [DEBUG  ]  Ignoring file as matched an ignore pattern: MCW_CT_ROA_144_R1_trim_fastqc.html
[2025-07-02 12:35:50,995] multiqc                                            [DEBUG  ]  Ignoring file as matched an ignore pattern: MCW_CT_ROA_144_R1_trim.fastq.gz
[2025-07-02 12:35:50,996] multiqc                                            [DEBUG  ]  Ignoring file as matched an ignore pattern: MCW_CT_ROA_88_R1_trim_fastqc.html
[2025-07-02 12:35:50,997] multiqc                                            [DEBUG  ]  Ignoring file as matched an ignore pattern: MCW_CT_ROA_88_R1_trim.fastq.gz
[2025-07-02 12:35:50,997] multiqc                                            [DEBUG  ]  Ignoring file as matched an ignore pattern: MCW_CT_ROA_88_R2_trim.fastq.gz
[2025-07-02 12:35:50,997] multiqc                                            [DEBUG  ]  Ignoring file as matched an ignore pattern: MCW_CT_ROA_88_R2_trim_fastqc.html
[2025-07-02 12:35:50,997] multiqc                                            [DEBUG  ]  Ignoring file as matched an ignore pattern: MCW_CT_ROA_238_R1_trim.fastq.gz
[2025-07-02 12:35:50,998] multiqc                                            [DEBUG  ]  Ignoring file as matched an ignore pattern: MCW_CT_ROA_238_R2_trim_fastqc.html
[2025-07-02 12:35:50,998] multiqc                                            [DEBUG  ]  Ignoring file as matched an ignore pattern: MCW_CT_ROA_238_R1_trim_fastqc.html
[2025-07-02 12:35:50,998] multiqc                                            [DEBUG  ]  Ignoring file as matched an ignore pattern: MCW_CT_ROA_238_R2_trim.fastq.gz
[2025-07-02 12:35:50,999] multiqc                                            [DEBUG  ]  Ignoring file as matched an ignore pattern: MCW_CT_ROA_86_R2_trim.fastq.gz
[2025-07-02 12:35:50,999] multiqc                                            [DEBUG  ]  Ignoring file as matched an ignore pattern: MCW_CT_ROA_86_R2_trim_fastqc.html
[2025-07-02 12:35:51,000] multiqc                                            [DEBUG  ]  Ignoring file as matched an ignore pattern: MCW_CT_ROA_86_R1_trim.fastq.gz
[2025-07-02 12:35:51,000] multiqc                                            [DEBUG  ]  Ignoring file as matched an ignore pattern: MCW_CT_ROA_86_R1_trim_fastqc.html
[2025-07-02 12:35:51,000] multiqc                                            [DEBUG  ]  Ignoring file as matched an ignore pattern: MCW_CT_ROA_130_R2_trim_fastqc.html
[2025-07-02 12:35:51,000] multiqc                                            [DEBUG  ]  Ignoring file as matched an ignore pattern: MCW_CT_ROA_130_R2_trim.fastq.gz
[2025-07-02 12:35:51,001] multiqc                                            [DEBUG  ]  Ignoring file as matched an ignore pattern: MCW_CT_ROA_130_R1_trim_fastqc.html
[2025-07-02 12:35:51,001] multiqc                                            [DEBUG  ]  Ignoring file as matched an ignore pattern: MCW_CT_ROA_130_R1_trim.fastq.gz
[2025-07-02 12:35:51,001] multiqc                                            [DEBUG  ]  Ignoring file as matched an ignore pattern: MCW_CT_ROA_241_R2_trim_fastqc.html
[2025-07-02 12:35:51,001] multiqc                                            [DEBUG  ]  Ignoring file as matched an ignore pattern: MCW_CT_ROA_241_R1_trim.fastq.gz
[2025-07-02 12:35:51,002] multiqc                                            [DEBUG  ]  Ignoring file as matched an ignore pattern: MCW_CT_ROA_241_R2_trim.fastq.gz
[2025-07-02 12:35:51,002] multiqc                                            [DEBUG  ]  Ignoring file as matched an ignore pattern: MCW_CT_ROA_241_R1_trim_fastqc.html
[2025-07-02 12:35:51,002] multiqc                                            [DEBUG  ]  Ignoring file as matched an ignore pattern: MCW_CT_ROA_223_R2_trim.fastq.gz
[2025-07-02 12:35:51,002] multiqc                                            [DEBUG  ]  Ignoring file as matched an ignore pattern: MCW_CT_ROA_223_R1_trim_fastqc.html
[2025-07-02 12:35:51,003] multiqc                                            [DEBUG  ]  Ignoring file as matched an ignore pattern: MCW_CT_ROA_223_R1_trim.fastq.gz
[2025-07-02 12:35:51,003] multiqc                                            [DEBUG  ]  Ignoring file as matched an ignore pattern: MCW_CT_ROA_223_R2_trim_fastqc.html
[2025-07-02 12:35:51,003] multiqc                                            [DEBUG  ]  Ignoring file as matched an ignore pattern: MCW_CT_ROA_121_R1_trim_fastqc.html
[2025-07-02 12:35:51,004] multiqc                                            [DEBUG  ]  Ignoring file as matched an ignore pattern: MCW_CT_ROA_121_R2_trim.fastq.gz
[2025-07-02 12:35:51,004] multiqc                                            [DEBUG  ]  Ignoring file as matched an ignore pattern: MCW_CT_ROA_121_R1_trim.fastq.gz
[2025-07-02 12:35:51,004] multiqc                                            [DEBUG  ]  Ignoring file as matched an ignore pattern: MCW_CT_ROA_121_R2_trim_fastqc.html
[2025-07-02 12:35:51,005] multiqc                                            [DEBUG  ]  Ignoring file as matched an ignore pattern: MCW_CT_ROA_171_R2_trim.fastq.gz
[2025-07-02 12:35:51,005] multiqc                                            [DEBUG  ]  Ignoring file as matched an ignore pattern: MCW_CT_ROA_171_R2_trim_fastqc.html
[2025-07-02 12:35:51,005] multiqc                                            [DEBUG  ]  Ignoring file as matched an ignore pattern: MCW_CT_ROA_171_R1_trim.fastq.gz
[2025-07-02 12:35:51,005] multiqc                                            [DEBUG  ]  Ignoring file as matched an ignore pattern: MCW_CT_ROA_171_R1_trim_fastqc.html
[2025-07-02 12:35:51,006] multiqc                                            [DEBUG  ]  Ignoring file as matched an ignore pattern: MCW_CT_ROA_249_R1_trim.fastq.gz
[2025-07-02 12:35:51,006] multiqc                                            [DEBUG  ]  Ignoring file as matched an ignore pattern: MCW_CT_ROA_249_R2_trim.fastq.gz
[2025-07-02 12:35:51,006] multiqc                                            [DEBUG  ]  Ignoring file as matched an ignore pattern: MCW_CT_ROA_249_R2_trim_fastqc.html
[2025-07-02 12:35:51,007] multiqc                                            [DEBUG  ]  Ignoring file as matched an ignore pattern: MCW_CT_ROA_249_R1_trim_fastqc.html
[2025-07-02 12:35:51,007] multiqc                                            [DEBUG  ]  Ignoring file as matched an ignore pattern: MCW_CT_ROA_082_R2_trim.fastq.gz
[2025-07-02 12:35:51,007] multiqc                                            [DEBUG  ]  Ignoring file as matched an ignore pattern: MCW_CT_ROA_082_R1_trim.fastq.gz
[2025-07-02 12:35:51,007] multiqc                                            [DEBUG  ]  Ignoring file as matched an ignore pattern: MCW_CT_ROA_082_R1_trim_fastqc.html
[2025-07-02 12:35:51,008] multiqc                                            [DEBUG  ]  Ignoring file as matched an ignore pattern: MCW_CT_ROA_082_R2_trim_fastqc.html
[2025-07-02 12:35:51,008] multiqc                                            [DEBUG  ]  Ignoring file as matched an ignore pattern: MCW_CT_ROA_218_R2_trim.fastq.gz
[2025-07-02 12:35:51,008] multiqc                                            [DEBUG  ]  Ignoring file as matched an ignore pattern: MCW_CT_ROA_218_R2_trim_fastqc.html
[2025-07-02 12:35:51,008] multiqc                                            [DEBUG  ]  Ignoring file as matched an ignore pattern: MCW_CT_ROA_218_R1_trim_fastqc.html
[2025-07-02 12:35:51,009] multiqc                                            [DEBUG  ]  Ignoring file as matched an ignore pattern: MCW_CT_ROA_218_R1_trim.fastq.gz
[2025-07-02 12:35:51,010] multiqc                                            [DEBUG  ]  Ignoring file as matched an ignore pattern: MCW_CT_ROA_198_R2_trim.fastq.gz
[2025-07-02 12:35:51,011] multiqc                                            [DEBUG  ]  Ignoring file as matched an ignore pattern: MCW_CT_ROA_198_R1_trim_fastqc.html
[2025-07-02 12:35:51,011] multiqc                                            [DEBUG  ]  Ignoring file as matched an ignore pattern: MCW_CT_ROA_198_R2_trim_fastqc.html
[2025-07-02 12:35:51,011] multiqc                                            [DEBUG  ]  Ignoring file as matched an ignore pattern: MCW_CT_ROA_198_R1_trim.fastq.gz
[2025-07-02 12:35:51,011] multiqc                                            [DEBUG  ]  Ignoring file as matched an ignore pattern: MCW_CT_ROA_245_R2_trim.fastq.gz
[2025-07-02 12:35:51,012] multiqc                                            [DEBUG  ]  Ignoring file as matched an ignore pattern: MCW_CT_ROA_245_R2_trim_fastqc.html
[2025-07-02 12:35:51,012] multiqc                                            [DEBUG  ]  Ignoring file as matched an ignore pattern: MCW_CT_ROA_245_R1_trim_fastqc.html
[2025-07-02 12:35:51,012] multiqc                                            [DEBUG  ]  Ignoring file as matched an ignore pattern: MCW_CT_ROA_245_R1_trim.fastq.gz
[2025-07-02 12:35:51,012] multiqc                                            [DEBUG  ]  Ignoring file as matched an ignore pattern: MCW_CT_ROA_94_R1_trim_fastqc.html
[2025-07-02 12:35:51,013] multiqc                                            [DEBUG  ]  Ignoring file as matched an ignore pattern: MCW_CT_ROA_94_R1_trim.fastq.gz
[2025-07-02 12:35:51,013] multiqc                                            [DEBUG  ]  Ignoring file as matched an ignore pattern: MCW_CT_ROA_94_R2_trim_fastqc.html
[2025-07-02 12:35:51,013] multiqc                                            [DEBUG  ]  Ignoring file as matched an ignore pattern: MCW_CT_ROA_94_R2_trim.fastq.gz
[2025-07-02 12:35:51,014] multiqc                                            [DEBUG  ]  Ignoring file as matched an ignore pattern: MCW_CT_ROA_117_R1_trim.fastq.gz
[2025-07-02 12:35:51,014] multiqc                                            [DEBUG  ]  Ignoring file as matched an ignore pattern: MCW_CT_ROA_117_R2_trim_fastqc.html
[2025-07-02 12:35:51,014] multiqc                                            [DEBUG  ]  Ignoring file as matched an ignore pattern: MCW_CT_ROA_117_R1_trim_fastqc.html
[2025-07-02 12:35:51,014] multiqc                                            [DEBUG  ]  Ignoring file as matched an ignore pattern: MCW_CT_ROA_117_R2_trim.fastq.gz
[2025-07-02 12:35:51,015] multiqc                                            [DEBUG  ]  Ignoring file as matched an ignore pattern: MCW_CT_ROA_186_R2_trim_fastqc.html
[2025-07-02 12:35:51,015] multiqc                                            [DEBUG  ]  Ignoring file as matched an ignore pattern: MCW_CT_ROA_186_R1_trim.fastq.gz
[2025-07-02 12:35:51,016] multiqc                                            [DEBUG  ]  Ignoring file as matched an ignore pattern: MCW_CT_ROA_186_R1_trim_fastqc.html
[2025-07-02 12:35:51,016] multiqc                                            [DEBUG  ]  Ignoring file as matched an ignore pattern: MCW_CT_ROA_186_R2_trim.fastq.gz
[2025-07-02 12:35:51,016] multiqc                                            [DEBUG  ]  Ignoring file as matched an ignore pattern: MCW_CT_ROA_205_R1_trim_fastqc.html
[2025-07-02 12:35:51,016] multiqc                                            [DEBUG  ]  Ignoring file as matched an ignore pattern: MCW_CT_ROA_205_R1_trim.fastq.gz
[2025-07-02 12:35:51,017] multiqc                                            [DEBUG  ]  Ignoring file as matched an ignore pattern: MCW_CT_ROA_205_R2_trim.fastq.gz
[2025-07-02 12:35:51,017] multiqc                                            [DEBUG  ]  Ignoring file as matched an ignore pattern: MCW_CT_ROA_205_R2_trim_fastqc.html
[2025-07-02 12:35:51,017] multiqc                                            [DEBUG  ]  Ignoring file as matched an ignore pattern: MCW_CT_ROA_81_R1_trim.fastq.gz
[2025-07-02 12:35:51,017] multiqc                                            [DEBUG  ]  Ignoring file as matched an ignore pattern: MCW_CT_ROA_81_R1_trim_fastqc.html
[2025-07-02 12:35:51,018] multiqc                                            [DEBUG  ]  Ignoring file as matched an ignore pattern: MCW_CT_ROA_81_R2_trim_fastqc.html
[2025-07-02 12:35:51,018] multiqc                                            [DEBUG  ]  Ignoring file as matched an ignore pattern: MCW_CT_ROA_81_R2_trim.fastq.gz
[2025-07-02 12:35:51,019] multiqc                                            [DEBUG  ]  Ignoring file as matched an ignore pattern: MCW_CT_ROA_235_R2_trim.fastq.gz
[2025-07-02 12:35:51,019] multiqc                                            [DEBUG  ]  Ignoring file as matched an ignore pattern: MCW_CT_ROA_235_R1_trim_fastqc.html
[2025-07-02 12:35:51,019] multiqc                                            [DEBUG  ]  Ignoring file as matched an ignore pattern: MCW_CT_ROA_235_R2_trim_fastqc.html
[2025-07-02 12:35:51,019] multiqc                                            [DEBUG  ]  Ignoring file as matched an ignore pattern: MCW_CT_ROA_235_R1_trim.fastq.gz
[2025-07-02 12:35:51,020] multiqc                                            [DEBUG  ]  Ignoring file as matched an ignore pattern: MCW_CT_ROA_196_R1_trim.fastq.gz
[2025-07-02 12:35:51,020] multiqc                                            [DEBUG  ]  Ignoring file as matched an ignore pattern: MCW_CT_ROA_196_R2_trim.fastq.gz
[2025-07-02 12:35:51,020] multiqc                                            [DEBUG  ]  Ignoring file as matched an ignore pattern: MCW_CT_ROA_196_R2_trim_fastqc.html
[2025-07-02 12:35:51,021] multiqc                                            [DEBUG  ]  Ignoring file as matched an ignore pattern: MCW_CT_ROA_196_R1_trim_fastqc.html
[2025-07-02 12:35:51,022] multiqc                                            [DEBUG  ]  Ignoring file as matched an ignore pattern: MCW_CT_ROA_207_R1_trim_fastqc.html
[2025-07-02 12:35:51,022] multiqc                                            [DEBUG  ]  Ignoring file as matched an ignore pattern: MCW_CT_ROA_207_R2_trim.fastq.gz
[2025-07-02 12:35:51,022] multiqc                                            [DEBUG  ]  Ignoring file as matched an ignore pattern: MCW_CT_ROA_207_R1_trim.fastq.gz
[2025-07-02 12:35:51,022] multiqc                                            [DEBUG  ]  Ignoring file as matched an ignore pattern: MCW_CT_ROA_207_R2_trim_fastqc.html
[2025-07-02 12:35:51,022] multiqc                                            [DEBUG  ]  Ignoring file as matched an ignore pattern: MCW_CT_ROA_231_R2_trim.fastq.gz
[2025-07-02 12:35:51,023] multiqc                                            [DEBUG  ]  Ignoring file as matched an ignore pattern: MCW_CT_ROA_231_R1_trim_fastqc.html
[2025-07-02 12:35:51,023] multiqc                                            [DEBUG  ]  Ignoring file as matched an ignore pattern: MCW_CT_ROA_231_R1_trim.fastq.gz
[2025-07-02 12:35:51,023] multiqc                                            [DEBUG  ]  Ignoring file as matched an ignore pattern: MCW_CT_ROA_231_R2_trim_fastqc.html
[2025-07-02 12:35:51,024] multiqc                                            [DEBUG  ]  Ignoring file as matched an ignore pattern: MCW_CT_ROA_139_R1_trim.fastq.gz
[2025-07-02 12:35:51,024] multiqc                                            [DEBUG  ]  Ignoring file as matched an ignore pattern: MCW_CT_ROA_139_R2_trim.fastq.gz
[2025-07-02 12:35:51,024] multiqc                                            [DEBUG  ]  Ignoring file as matched an ignore pattern: MCW_CT_ROA_139_R2_trim_fastqc.html
[2025-07-02 12:35:51,024] multiqc                                            [DEBUG  ]  Ignoring file as matched an ignore pattern: MCW_CT_ROA_139_R1_trim_fastqc.html
[2025-07-02 12:35:51,025] multiqc                                            [DEBUG  ]  Ignoring file as matched an ignore pattern: MCW_CT_ROA_174_R2_trim_fastqc.html
[2025-07-02 12:35:51,026] multiqc                                            [DEBUG  ]  Ignoring file as matched an ignore pattern: MCW_CT_ROA_174_R1_trim_fastqc.html
[2025-07-02 12:35:51,026] multiqc                                            [DEBUG  ]  Ignoring file as matched an ignore pattern: MCW_CT_ROA_174_R2_trim.fastq.gz
[2025-07-02 12:35:51,026] multiqc                                            [DEBUG  ]  Ignoring file as matched an ignore pattern: MCW_CT_ROA_174_R1_trim.fastq.gz
[2025-07-02 12:35:51,026] multiqc                                            [DEBUG  ]  Ignoring file as matched an ignore pattern: MCW_CT_ROA_119_R2_trim.fastq.gz
[2025-07-02 12:35:51,027] multiqc                                            [DEBUG  ]  Ignoring file as matched an ignore pattern: MCW_CT_ROA_119_R1_trim_fastqc.html
[2025-07-02 12:35:51,027] multiqc                                            [DEBUG  ]  Ignoring file as matched an ignore pattern: MCW_CT_ROA_119_R1_trim.fastq.gz
[2025-07-02 12:35:51,027] multiqc                                            [DEBUG  ]  Ignoring file as matched an ignore pattern: MCW_CT_ROA_119_R2_trim_fastqc.html
[2025-07-02 12:35:51,027] multiqc                                            [DEBUG  ]  Ignoring file as matched an ignore pattern: MCW_CT_ROA_136_R1_trim_fastqc.html
[2025-07-02 12:35:51,027] multiqc                                            [DEBUG  ]  Ignoring file as matched an ignore pattern: MCW_CT_ROA_136_R2_trim_fastqc.html
[2025-07-02 12:35:51,028] multiqc                                            [DEBUG  ]  Ignoring file as matched an ignore pattern: MCW_CT_ROA_136_R2_trim.fastq.gz
[2025-07-02 12:35:51,028] multiqc                                            [DEBUG  ]  Ignoring file as matched an ignore pattern: MCW_CT_ROA_136_R1_trim.fastq.gz
[2025-07-02 12:35:51,028] multiqc                                            [DEBUG  ]  Ignoring file as matched an ignore pattern: MCW_CT_ROA_112_R1_trim.fastq.gz
[2025-07-02 12:35:51,029] multiqc                                            [DEBUG  ]  Ignoring file as matched an ignore pattern: MCW_CT_ROA_112_R2_trim.fastq.gz
[2025-07-02 12:35:51,029] multiqc                                            [DEBUG  ]  Ignoring file as matched an ignore pattern: MCW_CT_ROA_112_R2_trim_fastqc.html
[2025-07-02 12:35:51,029] multiqc                                            [DEBUG  ]  Ignoring file as matched an ignore pattern: MCW_CT_ROA_112_R1_trim_fastqc.html
[2025-07-02 12:35:51,030] multiqc                                            [DEBUG  ]  Ignoring file as matched an ignore pattern: MCW_CT_ROA_183_R1_trim_fastqc.html
[2025-07-02 12:35:51,030] multiqc                                            [DEBUG  ]  Ignoring file as matched an ignore pattern: MCW_CT_ROA_183_R1_trim.fastq.gz
[2025-07-02 12:35:51,030] multiqc                                            [DEBUG  ]  Ignoring file as matched an ignore pattern: MCW_CT_ROA_183_R2_trim.fastq.gz
[2025-07-02 12:35:51,030] multiqc                                            [DEBUG  ]  Ignoring file as matched an ignore pattern: MCW_CT_ROA_183_R2_trim_fastqc.html
[2025-07-02 12:35:51,031] multiqc                                            [DEBUG  ]  Ignoring file as matched an ignore pattern: MCW_CT_ROA_093_R2_trim_fastqc.html
[2025-07-02 12:35:51,031] multiqc                                            [DEBUG  ]  Ignoring file as matched an ignore pattern: MCW_CT_ROA_093_R2_trim.fastq.gz
[2025-07-02 12:35:51,032] multiqc                                            [DEBUG  ]  Ignoring file as matched an ignore pattern: MCW_CT_ROA_093_R1_trim.fastq.gz
[2025-07-02 12:35:51,032] multiqc                                            [DEBUG  ]  Ignoring file as matched an ignore pattern: MCW_CT_ROA_093_R1_trim_fastqc.html
[2025-07-02 12:35:51,032] multiqc                                            [DEBUG  ]  Ignoring file as matched an ignore pattern: MCW_CT_ROA_105_R1_trim_fastqc.html
[2025-07-02 12:35:51,033] multiqc                                            [DEBUG  ]  Ignoring file as matched an ignore pattern: MCW_CT_ROA_105_R2_trim.fastq.gz
[2025-07-02 12:35:51,033] multiqc                                            [DEBUG  ]  Ignoring file as matched an ignore pattern: MCW_CT_ROA_105_R1_trim.fastq.gz
[2025-07-02 12:35:51,033] multiqc                                            [DEBUG  ]  Ignoring file as matched an ignore pattern: MCW_CT_ROA_105_R2_trim_fastqc.html
[2025-07-02 12:35:51,033] multiqc                                            [DEBUG  ]  Ignoring file as matched an ignore pattern: MCW_CT_ROA_217_R2_trim_fastqc.html
[2025-07-02 12:35:51,034] multiqc                                            [DEBUG  ]  Ignoring file as matched an ignore pattern: MCW_CT_ROA_217_R1_trim.fastq.gz
[2025-07-02 12:35:51,034] multiqc                                            [DEBUG  ]  Ignoring file as matched an ignore pattern: MCW_CT_ROA_217_R1_trim_fastqc.html
[2025-07-02 12:35:51,034] multiqc                                            [DEBUG  ]  Ignoring file as matched an ignore pattern: MCW_CT_ROA_217_R2_trim.fastq.gz
[2025-07-02 12:35:51,034] multiqc                                            [DEBUG  ]  Ignoring file as matched an ignore pattern: MCW_CT_ROA_210_R1_trim_fastqc.html
[2025-07-02 12:35:51,034] multiqc                                            [DEBUG  ]  Ignoring file as matched an ignore pattern: MCW_CT_ROA_210_R2_trim.fastq.gz
[2025-07-02 12:35:51,034] multiqc                                            [DEBUG  ]  Ignoring file as matched an ignore pattern: MCW_CT_ROA_210_R1_trim.fastq.gz
[2025-07-02 12:35:51,035] multiqc                                            [DEBUG  ]  Ignoring file as matched an ignore pattern: MCW_CT_ROA_210_R2_trim_fastqc.html
[2025-07-02 12:35:51,036] multiqc                                            [DEBUG  ]  Ignoring file as matched an ignore pattern: MCW_CT_ROA_160_R1_trim_fastqc.html
[2025-07-02 12:35:51,036] multiqc                                            [DEBUG  ]  Ignoring file as matched an ignore pattern: MCW_CT_ROA_160_R2_trim.fastq.gz
[2025-07-02 12:35:51,037] multiqc                                            [DEBUG  ]  Ignoring file as matched an ignore pattern: MCW_CT_ROA_160_R2_trim_fastqc.html
[2025-07-02 12:35:51,037] multiqc                                            [DEBUG  ]  Ignoring file as matched an ignore pattern: MCW_CT_ROA_160_R1_trim.fastq.gz
[2025-07-02 12:35:51,037] multiqc                                            [DEBUG  ]  Ignoring file as matched an ignore pattern: MCW_CT_ROA_178_R1_trim.fastq.gz
[2025-07-02 12:35:51,038] multiqc                                            [DEBUG  ]  Ignoring file as matched an ignore pattern: MCW_CT_ROA_178_R1_trim_fastqc.html
[2025-07-02 12:35:51,038] multiqc                                            [DEBUG  ]  Ignoring file as matched an ignore pattern: MCW_CT_ROA_178_R2_trim.fastq.gz
[2025-07-02 12:35:51,038] multiqc                                            [DEBUG  ]  Ignoring file as matched an ignore pattern: MCW_CT_ROA_178_R2_trim_fastqc.html
[2025-07-02 12:35:51,038] multiqc                                            [DEBUG  ]  Ignoring file as matched an ignore pattern: MCW_CT_ROA_181_R1_trim_fastqc.html
[2025-07-02 12:35:51,039] multiqc                                            [DEBUG  ]  Ignoring file as matched an ignore pattern: MCW_CT_ROA_181_R2_trim.fastq.gz
[2025-07-02 12:35:51,039] multiqc                                            [DEBUG  ]  Ignoring file as matched an ignore pattern: MCW_CT_ROA_181_R1_trim.fastq.gz
[2025-07-02 12:35:51,039] multiqc                                            [DEBUG  ]  Ignoring file as matched an ignore pattern: MCW_CT_ROA_181_R2_trim_fastqc.html
[2025-07-02 12:35:51,040] multiqc                                            [DEBUG  ]  Ignoring file as matched an ignore pattern: MCW_CT_ROA_99_R2_trim_fastqc.html
[2025-07-02 12:35:51,041] multiqc                                            [DEBUG  ]  Ignoring file as matched an ignore pattern: MCW_CT_ROA_99_R1_trim_fastqc.html
[2025-07-02 12:35:51,041] multiqc                                            [DEBUG  ]  Ignoring file as matched an ignore pattern: MCW_CT_ROA_99_R1_trim.fastq.gz
[2025-07-02 12:35:51,041] multiqc                                            [DEBUG  ]  Ignoring file as matched an ignore pattern: MCW_CT_ROA_99_R2_trim.fastq.gz
[2025-07-02 12:35:51,041] multiqc                                            [DEBUG  ]  Ignoring file as matched an ignore pattern: MCW_CT_ROA_147_R1_trim.fastq.gz
[2025-07-02 12:35:51,041] multiqc                                            [DEBUG  ]  Ignoring file as matched an ignore pattern: MCW_CT_ROA_147_R2_trim.fastq.gz
[2025-07-02 12:35:51,042] multiqc                                            [DEBUG  ]  Ignoring file as matched an ignore pattern: MCW_CT_ROA_147_R2_trim_fastqc.html
[2025-07-02 12:35:51,042] multiqc                                            [DEBUG  ]  Ignoring file as matched an ignore pattern: MCW_CT_ROA_147_R1_trim_fastqc.html
[2025-07-02 12:35:51,042] multiqc                                            [DEBUG  ]  Ignoring file as matched an ignore pattern: MCW_CT_ROA_091_R2_trim.fastq.gz
[2025-07-02 12:35:51,043] multiqc                                            [DEBUG  ]  Ignoring file as matched an ignore pattern: MCW_CT_ROA_091_R1_trim.fastq.gz
[2025-07-02 12:35:51,043] multiqc                                            [DEBUG  ]  Ignoring file as matched an ignore pattern: MCW_CT_ROA_091_R1_trim_fastqc.html
[2025-07-02 12:35:51,043] multiqc                                            [DEBUG  ]  Ignoring file as matched an ignore pattern: MCW_CT_ROA_091_R2_trim_fastqc.html
[2025-07-02 12:35:51,043] multiqc                                            [DEBUG  ]  Ignoring file as matched an ignore pattern: MCW_CT_ROA_109_R1_trim.fastq.gz
[2025-07-02 12:35:51,044] multiqc                                            [DEBUG  ]  Ignoring file as matched an ignore pattern: MCW_CT_ROA_109_R2_trim.fastq.gz
[2025-07-02 12:35:51,044] multiqc                                            [DEBUG  ]  Ignoring file as matched an ignore pattern: MCW_CT_ROA_109_R1_trim_fastqc.html
[2025-07-02 12:35:51,044] multiqc                                            [DEBUG  ]  Ignoring file as matched an ignore pattern: MCW_CT_ROA_109_R2_trim_fastqc.html
[2025-07-02 12:35:51,046] multiqc                                            [DEBUG  ]  Ignoring file as matched an ignore pattern: MCW_CT_ROA_244_R2_trim_fastqc.html
[2025-07-02 12:35:51,046] multiqc                                            [DEBUG  ]  Ignoring file as matched an ignore pattern: MCW_CT_ROA_244_R1_trim_fastqc.html
[2025-07-02 12:35:51,046] multiqc                                            [DEBUG  ]  Ignoring file as matched an ignore pattern: MCW_CT_ROA_244_R1_trim.fastq.gz
[2025-07-02 12:35:51,046] multiqc                                            [DEBUG  ]  Ignoring file as matched an ignore pattern: MCW_CT_ROA_244_R2_trim.fastq.gz
[2025-07-02 12:35:51,047] multiqc                                            [DEBUG  ]  Ignoring file as matched an ignore pattern: MCW_CT_ROA_162_R2_trim_fastqc.html
[2025-07-02 12:35:51,047] multiqc                                            [DEBUG  ]  Ignoring file as matched an ignore pattern: MCW_CT_ROA_162_R1_trim.fastq.gz
[2025-07-02 12:35:51,047] multiqc                                            [DEBUG  ]  Ignoring file as matched an ignore pattern: MCW_CT_ROA_162_R1_trim_fastqc.html
[2025-07-02 12:35:51,047] multiqc                                            [DEBUG  ]  Ignoring file as matched an ignore pattern: MCW_CT_ROA_162_R2_trim.fastq.gz
[2025-07-02 12:35:51,048] multiqc                                            [DEBUG  ]  Ignoring file as matched an ignore pattern: MCW_CT_ROA_090_R1_trim_fastqc.html
[2025-07-02 12:35:51,048] multiqc                                            [DEBUG  ]  Ignoring file as matched an ignore pattern: MCW_CT_ROA_090_R2_trim.fastq.gz
[2025-07-02 12:35:51,048] multiqc                                            [DEBUG  ]  Ignoring file as matched an ignore pattern: MCW_CT_ROA_090_R2_trim_fastqc.html
[2025-07-02 12:35:51,048] multiqc                                            [DEBUG  ]  Ignoring file as matched an ignore pattern: MCW_CT_ROA_090_R1_trim.fastq.gz
[2025-07-02 12:35:51,049] multiqc                                            [DEBUG  ]  Ignoring file as matched an ignore pattern: MCW_CT_ROA_96_R1_trim_fastqc.html
[2025-07-02 12:35:51,049] multiqc                                            [DEBUG  ]  Ignoring file as matched an ignore pattern: MCW_CT_ROA_96_R1_trim.fastq.gz
[2025-07-02 12:35:51,049] multiqc                                            [DEBUG  ]  Ignoring file as matched an ignore pattern: MCW_CT_ROA_96_R2_trim_fastqc.html
[2025-07-02 12:35:51,050] multiqc                                            [DEBUG  ]  Ignoring file as matched an ignore pattern: MCW_CT_ROA_96_R2_trim.fastq.gz
[2025-07-02 12:35:51,050] multiqc                                            [DEBUG  ]  Ignoring file as matched an ignore pattern: MCW_CT_ROA_159_R1_trim_fastqc.html
[2025-07-02 12:35:51,050] multiqc                                            [DEBUG  ]  Ignoring file as matched an ignore pattern: MCW_CT_ROA_159_R2_trim.fastq.gz
[2025-07-02 12:35:51,050] multiqc                                            [DEBUG  ]  Ignoring file as matched an ignore pattern: MCW_CT_ROA_159_R1_trim.fastq.gz
[2025-07-02 12:35:51,051] multiqc                                            [DEBUG  ]  Ignoring file as matched an ignore pattern: MCW_CT_ROA_159_R2_trim_fastqc.html
[2025-07-02 12:35:51,051] multiqc                                            [DEBUG  ]  Ignoring file as matched an ignore pattern: MCW_CT_ROA_106_R2_trim_fastqc.html
[2025-07-02 12:35:51,052] multiqc                                            [DEBUG  ]  Ignoring file as matched an ignore pattern: MCW_CT_ROA_106_R1_trim.fastq.gz
[2025-07-02 12:35:51,052] multiqc                                            [DEBUG  ]  Ignoring file as matched an ignore pattern: MCW_CT_ROA_106_R2_trim.fastq.gz
[2025-07-02 12:35:51,052] multiqc                                            [DEBUG  ]  Ignoring file as matched an ignore pattern: MCW_CT_ROA_106_R1_trim_fastqc.html
[2025-07-02 12:35:51,053] multiqc                                            [DEBUG  ]  Ignoring file as matched an ignore pattern: MCW_CT_ROA_133_R1_trim_fastqc.html
[2025-07-02 12:35:51,053] multiqc                                            [DEBUG  ]  Ignoring file as matched an ignore pattern: MCW_CT_ROA_133_R2_trim.fastq.gz
[2025-07-02 12:35:51,053] multiqc                                            [DEBUG  ]  Ignoring file as matched an ignore pattern: MCW_CT_ROA_133_R2_trim_fastqc.html
[2025-07-02 12:35:51,054] multiqc                                            [DEBUG  ]  Ignoring file as matched an ignore pattern: MCW_CT_ROA_133_R1_trim.fastq.gz
[2025-07-02 12:35:51,054] multiqc                                            [DEBUG  ]  Ignoring file as matched an ignore pattern: MCW_CT_ROA_230_R2_trim.fastq.gz
[2025-07-02 12:35:51,054] multiqc                                            [DEBUG  ]  Ignoring file as matched an ignore pattern: MCW_CT_ROA_230_R1_trim.fastq.gz
[2025-07-02 12:35:51,055] multiqc                                            [DEBUG  ]  Ignoring file as matched an ignore pattern: MCW_CT_ROA_230_R1_trim_fastqc.html
[2025-07-02 12:35:51,055] multiqc                                            [DEBUG  ]  Ignoring file as matched an ignore pattern: MCW_CT_ROA_230_R2_trim_fastqc.html
[2025-07-02 12:35:51,056] multiqc                                            [DEBUG  ]  Ignoring file as matched an ignore pattern: MCW_CT_ROA_228_R1_trim_fastqc.html
[2025-07-02 12:35:51,056] multiqc                                            [DEBUG  ]  Ignoring file as matched an ignore pattern: MCW_CT_ROA_228_R1_trim.fastq.gz
[2025-07-02 12:35:51,057] multiqc                                            [DEBUG  ]  Ignoring file as matched an ignore pattern: MCW_CT_ROA_228_R2_trim.fastq.gz
[2025-07-02 12:35:51,057] multiqc                                            [DEBUG  ]  Ignoring file as matched an ignore pattern: MCW_CT_ROA_228_R2_trim_fastqc.html
[2025-07-02 12:35:51,057] multiqc                                            [DEBUG  ]  Ignoring file as matched an ignore pattern: MCW_CT_ROA_167_R2_trim.fastq.gz
[2025-07-02 12:35:51,057] multiqc                                            [DEBUG  ]  Ignoring file as matched an ignore pattern: MCW_CT_ROA_167_R1_trim_fastqc.html
[2025-07-02 12:35:51,057] multiqc                                            [DEBUG  ]  Ignoring file as matched an ignore pattern: MCW_CT_ROA_167_R2_trim_fastqc.html
[2025-07-02 12:35:51,058] multiqc                                            [DEBUG  ]  Ignoring file as matched an ignore pattern: MCW_CT_ROA_167_R1_trim.fastq.gz
[2025-07-02 12:35:51,058] multiqc                                            [DEBUG  ]  Ignoring file as matched an ignore pattern: MCW_CT_ROA_190_R2_trim_fastqc.html
[2025-07-02 12:35:51,059] multiqc                                            [DEBUG  ]  Ignoring file as matched an ignore pattern: MCW_CT_ROA_190_R1_trim_fastqc.html
[2025-07-02 12:35:51,059] multiqc                                            [DEBUG  ]  Ignoring file as matched an ignore pattern: MCW_CT_ROA_190_R2_trim.fastq.gz
[2025-07-02 12:35:51,059] multiqc                                            [DEBUG  ]  Ignoring file as matched an ignore pattern: MCW_CT_ROA_190_R1_trim.fastq.gz
[2025-07-02 12:35:51,753] multiqc                                            [DEBUG  ]  No samples found: custom_content
[2025-07-02 12:35:51,756] multiqc                                            [DEBUG  ]  No samples found: conpair
[2025-07-02 12:35:51,761] multiqc                                            [DEBUG  ]  No samples found: peddy
[2025-07-02 12:35:51,764] multiqc                                            [DEBUG  ]  No samples found: methylQA
[2025-07-02 12:35:51,766] multiqc                                            [DEBUG  ]  No samples found: phantompeakqualtools
[2025-07-02 12:35:51,785] multiqc                                            [DEBUG  ]  No samples found: qualimap
[2025-07-02 12:35:51,792] multiqc                                            [DEBUG  ]  No samples found: preseq
[2025-07-02 12:35:51,795] multiqc                                            [DEBUG  ]  No samples found: quast
[2025-07-02 12:35:51,797] multiqc                                            [DEBUG  ]  No samples found: qorts
[2025-07-02 12:35:51,809] multiqc                                            [DEBUG  ]  No samples found: rna_seqc
[2025-07-02 12:35:51,812] multiqc                                            [DEBUG  ]  No samples found: rsem
[2025-07-02 12:35:51,816] multiqc                                            [DEBUG  ]  No samples found: rseqc
[2025-07-02 12:35:51,825] multiqc                                            [DEBUG  ]  No samples found: busco
[2025-07-02 12:35:51,832] multiqc                                            [DEBUG  ]  No samples found: goleft_indexcov
[2025-07-02 12:35:51,835] multiqc                                            [DEBUG  ]  No samples found: disambiguate
[2025-07-02 12:35:51,854] multiqc                                            [DEBUG  ]  No samples found: supernova
[2025-07-02 12:35:51,859] multiqc                                            [DEBUG  ]  No samples found: deeptools
[2025-07-02 12:35:51,868] multiqc                                            [DEBUG  ]  No samples found: sargasso
[2025-07-02 12:35:51,871] multiqc                                            [DEBUG  ]  No samples found: verifybamid
[2025-07-02 12:35:51,874] multiqc                                            [DEBUG  ]  No samples found: mirtrace
[2025-07-02 12:35:51,877] multiqc                                            [DEBUG  ]  No samples found: happy
[2025-07-02 12:35:51,881] multiqc                                            [DEBUG  ]  No samples found: homer
[2025-07-02 12:35:51,883] multiqc                                            [DEBUG  ]  No samples found: macs2
[2025-07-02 12:35:51,886] multiqc                                            [DEBUG  ]  No samples found: theta2
[2025-07-02 12:35:51,889] multiqc                                            [DEBUG  ]  No samples found: snpeff
[2025-07-02 12:35:51,892] multiqc                                            [DEBUG  ]  No samples found: gatk
[2025-07-02 12:35:51,895] multiqc                                            [DEBUG  ]  No samples found: htseq
[2025-07-02 12:35:51,917] multiqc                                            [DEBUG  ]  No samples found: bcftools
[2025-07-02 12:35:51,922] multiqc                                            [DEBUG  ]  No samples found: featureCounts
[2025-07-02 12:35:51,925] multiqc                                            [DEBUG  ]  No samples found: dedup
[2025-07-02 12:35:51,927] multiqc                                            [DEBUG  ]  No samples found: damageprofiler
[2025-07-02 12:35:51,933] multiqc                                            [DEBUG  ]  No samples found: picard
[2025-07-02 12:35:51,936] multiqc                                            [DEBUG  ]  No samples found: prokka
[2025-07-02 12:35:51,938] multiqc                                            [DEBUG  ]  No samples found: samblaster
[2025-07-02 12:35:51,942] multiqc                                            [DEBUG  ]  No samples found: samtools
[2025-07-02 12:35:51,945] multiqc                                            [DEBUG  ]  No samples found: bamtools
[2025-07-02 12:35:51,948] multiqc                                            [DEBUG  ]  No samples found: jellyfish
[2025-07-02 12:35:51,952] multiqc                                            [DEBUG  ]  No samples found: vcftools
[2025-07-02 12:35:51,954] multiqc                                            [DEBUG  ]  No samples found: longranger
[2025-07-02 12:35:51,957] multiqc                                            [DEBUG  ]  No samples found: stacks
[2025-07-02 12:35:51,962] multiqc                                            [DEBUG  ]  No samples found: bbmap
[2025-07-02 12:35:51,965] multiqc                                            [DEBUG  ]  No samples found: bismark
[2025-07-02 12:35:51,969] multiqc                                            [DEBUG  ]  No samples found: biscuit
[2025-07-02 12:35:51,971] multiqc                                            [DEBUG  ]  No samples found: hicexplorer
[2025-07-02 12:35:51,974] multiqc                                            [DEBUG  ]  No samples found: hicup
[2025-07-02 12:35:51,977] multiqc                                            [DEBUG  ]  No samples found: hicpro
[2025-07-02 12:35:51,980] multiqc                                            [DEBUG  ]  No samples found: salmon
[2025-07-02 12:35:51,982] multiqc                                            [DEBUG  ]  No samples found: kallisto
[2025-07-02 12:35:51,985] multiqc                                            [DEBUG  ]  No samples found: slamdunk
[2025-07-02 12:35:51,988] multiqc                                            [DEBUG  ]  No samples found: star
[2025-07-02 12:35:51,991] multiqc                                            [DEBUG  ]  No samples found: hisat2
[2025-07-02 12:35:51,993] multiqc                                            [DEBUG  ]  No samples found: tophat
[2025-07-02 12:35:51,996] multiqc                                            [DEBUG  ]  No samples found: bowtie2
[2025-07-02 12:35:51,998] multiqc                                            [DEBUG  ]  No samples found: bowtie1
[2025-07-02 12:35:52,001] multiqc                                            [DEBUG  ]  No samples found: kat
[2025-07-02 12:35:52,003] multiqc                                            [DEBUG  ]  No samples found: leehom
[2025-07-02 12:35:52,006] multiqc                                            [DEBUG  ]  No samples found: adapterRemoval
[2025-07-02 12:35:52,008] multiqc                                            [DEBUG  ]  No samples found: clipandmerge
[2025-07-02 12:35:52,011] multiqc                                            [DEBUG  ]  No samples found: cutadapt
[2025-07-02 12:35:52,014] multiqc                                            [DEBUG  ]  No samples found: flexbar
[2025-07-02 12:35:52,017] multiqc                                            [DEBUG  ]  No samples found: trimmomatic
[2025-07-02 12:35:52,019] multiqc                                            [DEBUG  ]  No samples found: skewer
[2025-07-02 12:35:52,021] multiqc                                            [DEBUG  ]  No samples found: sortmerna
[2025-07-02 12:35:52,024] multiqc                                            [DEBUG  ]  No samples found: biobloomtools
[2025-07-02 12:35:52,027] multiqc                                            [DEBUG  ]  No samples found: fastq_screen
[2025-07-02 12:35:52,030] multiqc                                            [DEBUG  ]  No samples found: afterqc
[2025-07-02 12:35:52,032] multiqc                                            [DEBUG  ]  No samples found: fastp
[2025-07-02 12:36:32,947] multiqc.modules.fastqc.fastqc                      [INFO   ]  Found 296 reports
[2025-07-02 12:36:51,660] multiqc                                            [DEBUG  ]  No samples found: minionqc
[2025-07-02 12:36:51,663] multiqc                                            [DEBUG  ]  No samples found: clusterflow
[2025-07-02 12:36:51,666] multiqc                                            [DEBUG  ]  No samples found: bcl2fastq
[2025-07-02 12:36:51,669] multiqc                                            [DEBUG  ]  No samples found: interop
[2025-07-02 12:36:51,672] multiqc                                            [DEBUG  ]  No samples found: flash
[2025-07-02 12:36:51,946] multiqc                                            [INFO   ]  Compressing plot data
[2025-07-02 12:36:51,967] multiqc                                            [INFO   ]  Report      : multiqc_report.html
[2025-07-02 12:36:51,967] multiqc                                            [INFO   ]  Data        : multiqc_data
[2025-07-02 12:36:51,967] multiqc                                            [DEBUG  ]  Moving data file from '/tmp/tmp54ivr8pw/multiqc_data/multiqc_fastqc.txt' to '/scratch/10819/styu/MW_multiQC/multiqc_data'
[2025-07-02 12:36:51,990] multiqc                                            [DEBUG  ]  Moving data file from '/tmp/tmp54ivr8pw/multiqc_data/mqc_fastqc_sequence_counts_plot_1.txt' to '/scratch/10819/styu/MW_multiQC/multiqc_data'
[2025-07-02 12:36:52,032] multiqc                                            [DEBUG  ]  Moving data file from '/tmp/tmp54ivr8pw/multiqc_data/mqc_fastqc_per_base_sequence_quality_plot_1.txt' to '/scratch/10819/styu/MW_multiQC/multiqc_data'
[2025-07-02 12:36:52,123] multiqc                                            [DEBUG  ]  Moving data file from '/tmp/tmp54ivr8pw/multiqc_data/mqc_fastqc_per_sequence_quality_scores_plot_1.txt' to '/scratch/10819/styu/MW_multiQC/multiqc_data'
[2025-07-02 12:36:52,154] multiqc                                            [DEBUG  ]  Moving data file from '/tmp/tmp54ivr8pw/multiqc_data/mqc_fastqc_per_sequence_gc_content_plot_Percentages.txt' to '/scratch/10819/styu/MW_multiQC/multiqc_data'
[2025-07-02 12:36:52,260] multiqc                                            [DEBUG  ]  Moving data file from '/tmp/tmp54ivr8pw/multiqc_data/mqc_fastqc_per_sequence_gc_content_plot_Counts.txt' to '/scratch/10819/styu/MW_multiQC/multiqc_data'
[2025-07-02 12:36:52,301] multiqc                                            [DEBUG  ]  Moving data file from '/tmp/tmp54ivr8pw/multiqc_data/mqc_fastqc_per_base_n_content_plot_1.txt' to '/scratch/10819/styu/MW_multiQC/multiqc_data'
[2025-07-02 12:36:52,316] multiqc                                            [DEBUG  ]  Moving data file from '/tmp/tmp54ivr8pw/multiqc_data/mqc_fastqc_sequence_length_distribution_plot_1.txt' to '/scratch/10819/styu/MW_multiQC/multiqc_data'
[2025-07-02 12:36:52,384] multiqc                                            [DEBUG  ]  Moving data file from '/tmp/tmp54ivr8pw/multiqc_data/mqc_fastqc_sequence_duplication_levels_plot_1.txt' to '/scratch/10819/styu/MW_multiQC/multiqc_data'
[2025-07-02 12:36:52,505] multiqc                                            [DEBUG  ]  Moving data file from '/tmp/tmp54ivr8pw/multiqc_data/mqc_fastqc_overrepresented_sequencesi_plot_1.txt' to '/scratch/10819/styu/MW_multiQC/multiqc_data'
[2025-07-02 12:36:52,546] multiqc                                            [DEBUG  ]  Moving data file from '/tmp/tmp54ivr8pw/multiqc_data/multiqc_general_stats.txt' to '/scratch/10819/styu/MW_multiQC/multiqc_data'
[2025-07-02 12:36:52,548] multiqc                                            [DEBUG  ]  Moving data file from '/tmp/tmp54ivr8pw/multiqc_data/multiqc_sources.txt' to '/scratch/10819/styu/MW_multiQC/multiqc_data'
[2025-07-02 12:36:52,656] multiqc                                            [DEBUG  ]  Moving data file from '/tmp/tmp54ivr8pw/multiqc_data/multiqc_data.json' to '/scratch/10819/styu/MW_multiQC/multiqc_data'
[2025-07-02 12:36:53,242] multiqc                                            [INFO   ]  MultiQC complete
